"wallet","chain","asset","raw_value_in","raw_value_out","value_unit","value_in_usd_est","distinct_senders","distinct_recipients","out_cnt","active_days","hours_of_day_active","night_share","round100_share","pass_through","is_accumulator","informal_score","anomaly_score","is_anomaly","is_sanctioned","hops_to_sanctioned","risk_score","attributability","risk_attribution_score","risk_tags","risk_categories","risk_source_count","is_known_risk","confirmed","label_name","label_tags"
"bc1qpqv6qa6jngqc6wz2dcmxh2f74qxycktedayd2g","bitcoin","BTC",43.8077776,15.26166594,"BTC",2847505.544,1710,0,17,8,24,0.04858727224716134,0.0,0.3483779998919644,True,0.4679255999783929,-0.3320107142098554,True,False,"",60.2,"",0,"[]","[]",0,False,False,"",""
"bc1qthg00j0p3tmp7ev3ut8535492lurc7g06ended","bitcoin","BTC",15.26303884,0.08823387,"BTC",992097.5246,1893,0,12,6,10,0.5939655172413794,0.0,0.005780884850319886,True,0.39985617697006404,-0.31590307682427055,True,False,"",58.2,"",0,"[]","[]",0,False,False,"",""
"bc1qahqft2as8v8l0k65kpzrjknzvv47mntrqnda03","bitcoin","BTC",23.26843065,0.53862086,"BTC",1512447.99225,652,0,24,7,12,0.3118355776045358,0.0,0.02314813869924657,True,0.39957962773984934,-0.30682826105344996,True,False,"",57.1,"",0,"[]","[]",0,False,False,"",""
"bc1qjz9knklkhvlmtcx9t03fvlpupxx3jx4xvduuak","bitcoin","BTC",7.9673154,0.01909163,"BTC",517875.50100000005,2523,0,3,3,4,0.3329369797859691,0.0,0.002396243783696576,True,0.39962924875673933,-0.30513958994728363,True,False,"",56.9,"",0,"[]","[]",0,False,False,"",""
"bc1q40cu967upywc7034t02delyj0lfak5dudf59ae","bitcoin","BTC",41.53068184,1.17375906,"BTC",2699494.3196,674,0,11,6,10,0.4821958456973294,0.0,0.02826245580368733,True,0.40075249116073747,-0.29935649690854793,True,False,"",56.2,"",0,"[]","[]",0,False,False,"",""
"bc1qkdp8sgp38jykr55yh02uh8f84nj23aq9ugvn3c","bitcoin","BTC",5.55823062,0.0251511,"BTC",361284.9903,1011,0,3,4,6,0.4669576059850374,0.0,0.004525019150788673,True,0.3973550038301577,-0.29925582773693704,True,False,"",56.1,"",0,"[]","[]",0,False,False,"",""
"bc1qyzpmne0777dumstckgzzhxamyvul3qj72z76uy","bitcoin","BTC",2.90204593,1.61503315,"BTC",188632.98544999998,553,0,2,8,24,0.37850467289719625,0.0,0.5565153650066454,False,0.6053530730013291,-0.2934205457071336,True,False,"",55.4,"",0,"[]","[]",0,False,False,"",""
"bc1qtfcnuueaxzpwylug8vl9w6aexfv8j8342ks4xz","bitcoin","BTC",1.6300126,0.16824399,"BTC",105950.81899999999,1114,0,4,8,22,0.11101766190075694,0.0,0.10321637391023848,True,0.4178432747820477,-0.2934822948124759,True,False,"",55.4,"",0,"[]","[]",0,False,False,"",""
"bc1qxt2hjdmzl2jescnrlvtsu0lp9fd6rlfkswag9q","bitcoin","BTC",8.65674993,20.00757213,"BTC",562688.74545,592,0,1,8,24,0.28732747804265996,0.0,2.311210591940941,False,0.49434999999999996,-0.2926060508411591,True,False,"",55.3,"",0,"[]","[]",0,False,False,"",""
"bc1q3yq5uhsmnlwrpejywhcufd6mh8zhtvxleu9m64","bitcoin","BTC",5.59967641,1.11927604,"BTC",363978.96665,761,0,3,8,24,0.37711313394018203,0.0,0.19988227141146536,True,0.43522645428229306,-0.2923858052940598,True,False,"",55.3,"",0,"[]","[]",0,False,False,"",""
"bc1qhgqqm9zaxp3rdvqpfjna8r7eun8hv30k0wxr9x","bitcoin","BTC",0.57425407,0.00394916,"BTC",37326.51455,1359,0,1,3,4,0.015418502202643172,0.0,0.0068770257039710665,True,0.5491754051407942,-0.28779042606763006,True,False,"",54.7,"",0,"[]","[]",0,False,False,"",""
"bc1qg4ltfdg8mc7f7uxkk5jufaklx8dur7qq44argy","bitcoin","BTC",0.7876622,0.15038,"BTC",51198.043,887,0,1,8,22,0.18977384464110128,0.0,0.1909194068218584,True,0.4341838813643717,-0.2852831937376844,True,False,"",54.4,"",0,"[]","[]",0,False,False,"",""
"bc1q0l5e7cn4kj3y9wnu964zr2ayeky7df2hyejf65","bitcoin","BTC",3.73259628,0.12708434,"BTC",242618.7582,517,0,4,8,22,0.5433212996389891,0.0,0.034047169976818385,True,0.4004094339953636,-0.28071266971436926,True,False,"",53.9,"",0,"[]","[]",0,False,False,"",""
"bc1qxdpsshvzapqf5txyrz9k5ek2mhj3ysajhlz78c","bitcoin","BTC",24.1094374,1.223899,"BTC",1567113.431,4379,0,12,8,24,0.10940107546819952,0.0,0.05076431190385222,True,0.41020286238077047,-0.2801669641878254,True,False,"",53.8,"",0,"[]","[]",0,False,False,"",""
"bc1qwctfjys6g2aj5tftk9gf2emqe4kmjwqrqecd8s","bitcoin","BTC",17.253737,0.11457176,"BTC",1121492.905,2415,0,4,8,22,0.24978317432784042,0.0,0.006640402597999495,True,0.4001780805195999,-0.27638204181295145,True,False,"",53.4,"",0,"[]","[]",0,False,False,"",""
"bc1q4r4hcqvw70r37m7wpf7597nmvc7c9zrsp9x5c5","bitcoin","BTC",3.8544098,0.9308196,"BTC",250536.637,3779,0,2,8,24,0.12706270627062707,0.0,0.24149471600035885,True,0.4481989432000718,-0.27047040589446514,True,False,"",52.6,"",0,"[]","[]",0,False,False,"",""
"bc1qt40uwskakmw4vze299khx4n6tea4xc6satfl0w","bitcoin","BTC",0.60456025,0.19293571,"BTC",39296.41625,1729,0,9,8,24,0.2453020134228188,0.0,0.31913396555595575,True,0.4623767931111911,-0.2648432983512389,True,False,"",51.9,"",0,"[]","[]",0,False,False,"",""
"bc1q4tqadq8d5h8qn996f9apnr63qelezyxhcnjan5","bitcoin","BTC",4.8820448,0.0,"BTC",317332.912,3120,0,0,8,24,0.09557314570507183,0.0,0.0,True,0.39974999999999994,-0.26460260371005784,True,False,"",51.9,"",0,"[]","[]",0,False,False,"",""
"bc1qtsyvr635yql0ampkqn00faj0lp6tyl3scrh4al","bitcoin","BTC",1.2398527,0.83632218,"BTC",80590.4255,1725,0,4,8,24,0.21595598349381018,0.0,0.674533499019682,False,0.6333066998039364,-0.2627521761609476,True,False,"",51.7,"",0,"[]","[]",0,False,False,"",""
"bc1qg4s6r2pm38hw5jezws85wcsd6np747at830lr3","bitcoin","BTC",7.1126404,0.3509628,"BTC",462321.626,2928,0,3,8,24,0.13150684931506848,0.0,0.04934353211502159,True,0.40946870642300426,-0.2601634270420293,True,False,"",51.4,"",0,"[]","[]",0,False,False,"",""
"bc1qj6vk2mugehm0v90tjsrymems8kh6usvjj9c8xy","bitcoin","BTC",3.4008438,0.0581054,"BTC",221054.847,2559,0,2,8,24,0.15043695380774033,0.0,0.017085583289652997,True,0.4027171166579306,-0.2595815778454609,True,False,"",51.3,"",0,"[]","[]",0,False,False,"",""
"bc1q9uc0j5kl5ncwzwla6p4qjwc6ra6fpx7c5lmkhe","bitcoin","BTC",2.9898974,0.1916052,"BTC",194343.33099999998,2562,0,7,8,23,0.06188034188034188,0.0,0.064084205698831,True,0.4122668411397662,-0.2589219827408663,True,False,"",51.2,"",0,"[]","[]",0,False,False,"",""
"bc1pz4lqymzsckn5dlndreg3fectz2wd4fe5ma0t4062ayr2e49qxewqggkj6r","bitcoin","BTC",0.7879494,0.0,"BTC",51216.711,2520,0,0,3,3,0.3333333333333333,0.0,0.0,True,0.399,-0.25183890089009753,True,False,"",50.4,"",0,"[]","[]",0,False,False,"",""
"bc1q58m3vyvkmcpfvdxq9gsztuezjn4putvv4cv4a4","bitcoin","BTC",3.05112172,0.0,"BTC",198322.9118,1415,0,0,8,11,0.401541695865452,0.0,0.0,True,0.39795,-0.23165473959670424,True,False,"",47.9,"",0,"[]","[]",0,False,False,"",""
"bc1qr8e4qn9rz2qdyrr7p2enkulvd40kzzdx4pmw97","bitcoin","BTC",33.51762432,0.03080664,"BTC",2178645.5808,1088,0,1,1,1,1.0,0.0,0.0009191176470588235,True,0.3970838235294118,-0.2249273931402943,True,False,"",47.1,"",0,"[]","[]",0,False,False,"",""
"bc1qlck5stwval5t0t4k2peerv757xalyvl3df4p8s","bitcoin","BTC",0.67839283,0.0,"BTC",44095.53395,1057,0,0,8,24,0.09069767441860466,0.0,0.0,True,0.39674999999999994,-0.2252554271949011,True,False,"",47.1,"",0,"[]","[]",0,False,False,"",""
"bc1qpvsxc27np5tswzek6eevhflhnk8r2dm78wlwny","bitcoin","BTC",2.04026945,0.14913165,"BTC",132617.51424999998,1523,0,6,8,22,0.09090909090909091,0.0,0.07309409548822093,True,0.4127188190976442,-0.22279572241633838,True,False,"",46.8,"",0,"[]","[]",0,False,False,"",""
"bc1qq263lw7d65u58hd7myg5yxxfeymmpsxzq2hd64","bitcoin","BTC",1.9297596,0.0,"BTC",125434.374,1298,0,0,8,23,0.10410958904109589,0.0,0.0,True,0.39764999999999995,-0.20689394505659608,True,False,"",44.9,"",0,"[]","[]",0,False,False,"",""
"bc1qq0zfkservtxwfnx0g6dh37nqwa3zsrqhu6ufkg","bitcoin","BTC",0.55829182,0.00065723,"BTC",36288.9683,823,0,1,2,3,0.3119072708113804,0.0,0.0011772158868457,True,0.3959354431773692,-0.20747488295288585,True,False,"",44.9,"",0,"[]","[]",0,False,False,"",""
"bc1qnkv55zpm302kl8w0xmxatxpkjqdultp0r5lw88","bitcoin","BTC",4.38063126,5.02331334,"BTC",284741.0319,974,0,5,8,24,0.3158974358974359,0.0,1.1467099241765444,False,0.6669580151646911,-0.20539803048580352,True,False,"",44.7,"",0,"[]","[]",0,False,False,"",""
"bc1qrmgzm369ym4mulwvgrp06xnjrnfj2hu7kgs0yk","bitcoin","BTC",6.1895218,0.0,"BTC",402318.91699999996,1119,0,0,7,23,0.1185243328100471,0.0,0.0,True,0.39735,-0.19939657570755953,True,False,"",43.9,"",0,"[]","[]",0,False,False,"",""
"bc1qvzjj6d9vfmpr0ewhwglsrehcnt0x350mu6mkrt","bitcoin","BTC",1.0223162,0.01128,"BTC",66450.553,1153,0,1,8,22,0.07530312699425654,0.0,0.011033768221612844,True,0.3997067536443225,-0.19653345153232904,True,False,"",43.6,"",0,"[]","[]",0,False,False,"",""
"bc1q8rf5tn78m04geq24mm9j0d8cdmxhu27ncensq0","bitcoin","BTC",2.03026,0.2053848,"BTC",131966.90000000002,1104,0,1,7,21,0.09771473601260836,0.0,0.10116182163860786,True,0.4172823643277216,-0.19166362712534346,True,False,"",43.0,"",0,"[]","[]",0,False,False,"",""
"bc1q6j0p839gf8eznkurd85fs6rgkpdt4wyel60wy7","bitcoin","BTC",0.9310414,0.0434252,"BTC",60517.691,1014,0,1,8,21,0.0776,0.0,0.04664153495215143,True,0.40592830699043025,-0.19116515923850685,True,False,"",42.9,"",0,"[]","[]",0,False,False,"",""
"1AA43Sa6ofsNCEDRJWv6zBdCkvmH987Wq2","bitcoin","BTC",0.592852,0.0,"BTC",38535.380000000005,633,0,0,1,1,1.0,0.0,0.0,True,0.39464999999999995,-0.18908696598746744,True,False,"",42.7,"",0,"[]","[]",0,False,False,"",""
"1FNfN9LKxq2bQf7EPGGQdvaVxtkTDMjAbt","bitcoin","BTC",3.32976305,0.0,"BTC",216434.59825,765,0,0,8,24,0.27054361567635904,0.0,0.0,True,0.3954,-0.1822705701972268,True,False,"",41.8,"",0,"[]","[]",0,False,False,"",""
"bc1q3gasxxmds5q8hdmd9tpudhnx50rs9en67jk8lw","bitcoin","BTC",48.43059902,0.39211414,"BTC",3147988.9363,487,0,2,5,5,0.4702258726899384,0.0,0.008096413175440423,True,0.3949192826350881,-0.18183848047488438,True,False,"",41.8,"",0,"[]","[]",0,False,False,"",""
"bc1q22800ppkneqv3a5lplzttwssm5qxc7t4saua8g","bitcoin","BTC",0.9412134,0.021488,"BTC",61178.871,932,0,2,8,19,0.04431438127090301,0.0,0.022830104203786304,True,0.40071602084075725,-0.1813096989923152,True,False,"",41.7,"",0,"[]","[]",0,False,False,"",""
"bc1q8563zrr583rfm7m80azeq3a33pnr7zk0pfrt47","bitcoin","BTC",0.7205088,0.0,"BTC",46833.072,837,0,0,7,19,0.0192102454642476,0.0,0.0,True,0.39585000000000004,-0.1695262634515502,True,False,"",40.3,"",0,"[]","[]",0,False,False,"",""
"bc1q4ratcnmd72q86spt5t53gk3g5ela0pqcgnny9h","bitcoin","BTC",0.66415371,0.0,"BTC",43169.99115,515,0,0,1,1,1.0,0.0,0.0,True,0.39344999999999997,-0.1696484194161758,True,False,"",40.3,"",0,"[]","[]",0,False,False,"",""
"bc1qvhvvnqdhsvj0796eccnzr4spsx73y4n5a7zx9m","bitcoin","BTC",0.6126006,0.0714066,"BTC",39819.039000000004,787,0,3,8,20,0.09728033472803348,0.0,0.11656305919386954,True,0.4188626118387739,-0.16625643840128368,True,False,"",39.9,"",0,"[]","[]",0,False,False,"",""
"bc1qctfz483lm5gjgmnlmvkfahycptzllljprpctd9","bitcoin","BTC",0.54317582,0.0517123,"BTC",35306.4283,617,0,1,8,19,0.07901907356948229,0.0,0.09520361197227079,True,0.4135407223944541,-0.15009483798900003,True,False,"",37.9,"",0,"[]","[]",0,False,False,"",""
"bc1qn2uwpsd5ekatlapf63waljsnh4pyxdv2rl9g3s","bitcoin","BTC",3.52304217,0.02775826,"BTC",228997.74105,545,0,4,8,24,0.3695652173913043,0.0,0.007879059818350116,True,0.39547581196367004,-0.14951819469730276,True,False,"",37.8,"",0,"[]","[]",0,False,False,"",""
"bc1qvjcvqu9w9fn3xjczdr03lw9x3x2vw5ygnkuvq7","bitcoin","BTC",1.199509,0.0,"BTC",77968.08499999999,645,0,0,6,14,0.02157164869029276,0.0,0.0,True,0.5448000000000001,-0.1446970006107604,True,False,"",37.3,"",0,"[]","[]",0,False,False,"",""
"bc1qja094vwxw3j5udrqm99gxpqnjgka8nneu0c6cx","bitcoin","BTC",0.5257682,0.0,"BTC",34174.933000000005,574,0,0,8,18,0.08294930875576037,0.0,0.0,True,0.5442,-0.13673025893016844,True,False,"",36.3,"",0,"[]","[]",0,False,False,"",""
"bc1qekpjlvrr8qpxm46zgj0nr3dspqzwuscem3l5z3","bitcoin","BTC",10.10206798,0.0,"BTC",656634.4186999999,386,0,0,8,24,0.141804788213628,0.0,0.0,True,0.39285000000000003,-0.12684651384240964,True,False,"",35.1,"",0,"[]","[]",0,False,False,"",""
"bc1qhlv6ehq67dk9zkhqnkk7mjf8fsndcy8l9e9wxl","bitcoin","BTC",1.01897488,0.0,"BTC",66233.36720000001,398,0,0,1,1,1.0,0.0,0.0,True,0.393,-0.12323927359001008,True,False,"",34.6,"",0,"[]","[]",0,False,False,"",""
"bc1q6ktyfj38x6mueeyrh7tnkplh224fl5qtmlfval","bitcoin","BTC",0.551054,0.0,"BTC",35818.51,478,0,0,8,17,0.08793456032719836,0.0,0.0,True,0.54315,-0.11456963689776589,True,False,"",33.6,"",0,"[]","[]",0,False,False,"",""
"bc1q47dnczpzkvl5nl5uhz2843wv44gdeslgqxmwan","bitcoin","BTC",0.8289042,0.0,"BTC",53878.773,525,0,0,7,17,0.109375,0.0,0.0,True,0.54375,-0.10851018476428675,True,False,"",32.8,"",0,"[]","[]",0,False,False,"",""
"3JpedXhEZ4QHeVkh4QdxytNTBo3geE2Lnt","bitcoin","BTC",2.15781325,0.0,"BTC",140257.86125,376,0,0,1,1,1.0,0.0,0.0,True,0.39270000000000005,-0.10802954590715075,True,False,"",32.8,"",0,"[]","[]",0,False,False,"",""
"bc1qmtemxrkr7lvdvkjx043elp4cfvcjte76ulghvp","bitcoin","BTC",39.35853558,0.0,"BTC",2558304.8127,186,0,0,1,1,1.0,0.0,0.0,True,0.10905,-0.10256835682498211,True,False,"",32.1,"",0,"[]","[]",0,False,False,"",""
"bc1qvycnanxf6qkjtt773tzun973rwqn5lnsadwcrt","bitcoin","BTC",2.81581377,0.0,"BTC",183027.89505000002,267,0,0,8,24,0.2601626016260163,0.0,0.0,True,0.28275,-0.09475501217182025,True,False,"",31.2,"",0,"[]","[]",0,False,False,"",""
"bc1qux3g8rrpmeevmyl37k32mwvj9z0rpejxkp9q4n","bitcoin","BTC",6.04076396,0.0,"BTC",392649.65739999997,357,0,0,2,1,1.0,0.0,0.0,True,0.39254999999999995,-0.07939880181205539,True,False,"",29.3,"",0,"[]","[]",0,False,False,"",""
"bc1q4g2c74l42xwdvxjd92ftd43ndcn6kun8xpc38d","bitcoin","BTC",4.2383573,0.0,"BTC",275493.22449999995,192,0,0,8,24,0.16101694915254236,0.0,0.0,True,0.10935,-0.07740482985036246,True,False,"",29.0,"",0,"[]","[]",0,False,False,"",""
"bc1qj56keegnqsegrpx009fl4lllf4kvprk0x7l0eh","bitcoin","BTC",1.32027477,0.0,"BTC",85817.86004999999,168,0,0,7,18,0.5773809523809523,0.0,0.0,True,0.1005,-0.07610223750765743,True,False,"",28.9,"",0,"[]","[]",0,False,False,"",""
"bc1qsc45yw64lr0n95390h89msfgf8atku8adgrpz9","bitcoin","BTC",0.57321619,0.0,"BTC",37259.05235,117,0,0,4,1,1.0,0.0,0.0,True,0.1002,-0.07598237862749746,True,False,"",28.9,"",0,"[]","[]",0,False,False,"",""
"bc1q25xr2t9jzk7j8qv9hnjtph78vqwx0ppx6lkfkn","bitcoin","BTC",0.50398857,0.0,"BTC",32759.257049999997,201,0,0,8,23,0.3564356435643564,0.0,0.0,True,0.1185,-0.07206379391234818,True,False,"",28.4,"",0,"[]","[]",0,False,False,"",""
"bc1q0sjnddgx2z8pdxwl6gqzpa0jn8hhv2v88h33cl","bitcoin","BTC",5.77144926,0.0,"BTC",375144.2019,181,0,0,1,1,1.0,0.0,0.0,True,0.100725,-0.0668780409509353,True,False,"",27.7,"",0,"[]","[]",0,False,False,"",""
"bc1qu68k3z6dlp78fv7sj0q8q298p5dha9xd9gfjrl","bitcoin","BTC",1.42359522,0.0,"BTC",92533.6893,348,0,0,6,22,0.34173669467787116,0.0,0.0,True,0.39225,-0.0629662228142357,True,False,"",27.3,"",0,"[]","[]",0,False,False,"",""
"bc1pk4ej7vwhphwwlrnp7h32z90n8hvuwvysggcc037a258vlzphj82sld5nfy","bitcoin","BTC",33.05111552,0.0,"BTC",2148322.5088000004,197,0,0,1,1,1.0,0.0,0.0,True,0.109575,-0.06337373008144487,True,False,"",27.3,"",0,"[]","[]",0,False,False,"",""
"bc1q0x308uhk5kjykmk99g53q5lwmqwu7gfmxk0jeytta6zj6wsg53ssfh94dj","bitcoin","BTC",2.20995999,0.0,"BTC",143647.39935000002,189,0,0,1,1,1.0,0.0,0.0,True,0.1092,-0.05920576744509887,True,False,"",26.8,"",0,"[]","[]",0,False,False,"",""
"bc1qek0gpedpmqtdqyeu9es3uejrwpe6j7jt0x99f7","bitcoin","BTC",36.4,0.0,"BTC",2366000.0,182,0,0,1,1,1.0,0.0,0.0,True,0.10245,-0.05940951200688138,True,False,"",26.8,"",0,"[]","[]",0,False,False,"",""
"3H8S3TBxLN3J78MMLh9j6FWohPvkR73uv8","bitcoin","BTC",2.57178852,0.0,"BTC",167166.2538,324,0,0,1,1,1.0,0.0,0.0,True,0.381375,-0.05643571449170215,True,False,"",26.5,"",0,"[]","[]",0,False,False,"",""
"bc1qyv8zjx7k4vcxdewj9z5g2qncy4lkat8xy3kqse","bitcoin","BTC",49.3291948,0.0,"BTC",3206397.662,228,0,0,1,1,1.0,0.0,0.0,True,0.16935,-0.05576191352985571,True,False,"",26.4,"",0,"[]","[]",0,False,False,"",""
"bc1qasd4e6m70dkdvp972mqeh4cywx3a29s2afr28m","bitcoin","BTC",2.02368905,0.0,"BTC",131539.78825,349,0,0,7,23,0.2541436464088398,0.0,0.0,True,0.39239999999999997,-0.05420707958709736,True,False,"",26.2,"",0,"[]","[]",0,False,False,"",""
"bc1qs9prcpt8v6ud0keav5ezmvjp7az4l5rnv8ea43","bitcoin","BTC",17.25993283,0.0,"BTC",1121895.63395,205,0,0,2,8,0.848780487804878,0.0,0.0,True,0.1206,-0.049945405381170094,True,False,"",25.7,"",0,"[]","[]",0,False,False,"",""
"bc1qt0vjrq9lkzztw48c03wxrm3ngad2wtea2ye0df","bitcoin","BTC",3.32498195,0.0,"BTC",216123.82675,125,0,0,3,2,1.0,0.0,0.0,True,0.10035,-0.04739800884795775,True,False,"",25.4,"",0,"[]","[]",0,False,False,"",""
"bc1qfm9vhzdujsxwcknnssdcf39mmftkym5g5c3e3l","bitcoin","BTC",23.762,0.0,"BTC",1544530.0,218,0,0,1,1,1.0,0.0,0.0,True,0.13845,-0.037263446382427845,True,False,"",24.1,"",0,"[]","[]",0,False,False,"",""
"bc1q9p8dffsgue82ne7vpmelh5jem4e5persdct9ua","bitcoin","BTC",31.76921253,0.0,"BTC",2064998.81445,250,0,0,1,1,1.0,0.0,0.0,True,0.233175,-0.03513592628194606,True,False,"",23.9,"",0,"[]","[]",0,False,False,"",""
"bc1qkr3a0zy9n0lvpnyeknwnq43w6j8z9df069gnxe","bitcoin","BTC",2.04269298,0.0,"BTC",132775.0437,207,0,0,7,2,1.0,0.0,0.0,True,0.12075,-0.03560915641818119,True,False,"",23.9,"",0,"[]","[]",0,False,False,"",""
"bc1q9shjlwkpqjsmndm4flhcckquejaa4kl3sj4k06","bitcoin","BTC",1.62334115,0.0,"BTC",105517.17474999999,324,0,0,6,24,0.25225225225225223,0.0,0.0,True,0.381375,-0.03343152221722945,True,False,"",23.7,"",0,"[]","[]",0,False,False,"",""
"1LDfacDCkukPWMpaEWAicQfWHNo4vzSuPJ","bitcoin","BTC",1.0245487,0.0,"BTC",66595.6655,222,0,0,3,3,0.2398843930635838,0.0,0.0,True,0.294825,-0.030462363148148763,True,False,"",23.3,"",0,"[]","[]",0,False,False,"",""
"bc1q6hmkmekg62ed9af45yldkp9q0305vjp8x35kwh","bitcoin","BTC",8.7697832,0.0,"BTC",570035.9079999999,305,0,0,2,4,0.29411764705882354,0.0,0.0,True,0.37170000000000003,-0.029888847939304797,True,False,"",23.2,"",0,"[]","[]",0,False,False,"",""
"bc1pfer6l9msjnmnjwhknxarejqy7p4v38pty2ke0ultju6jm2jsvzeqanm9vm","bitcoin","BTC",31.70893824,0.0,"BTC",2061080.9855999998,184,0,0,1,1,1.0,0.0,0.0,True,0.107475,-0.028813627429386868,True,False,"",23.1,"",0,"[]","[]",0,False,False,"",""
"bc1pz78yjtzjmyncghzqjh94l9jwmre25rgmf7xanmrehs9v8rjqzr3ss4puvv","bitcoin","BTC",31.70893824,0.0,"BTC",2061080.9855999998,184,0,0,1,1,1.0,0.0,0.0,True,0.107475,-0.028813627429386868,True,False,"",23.1,"",0,"[]","[]",0,False,False,"",""
"bc1qlnmarq5atnflqkgj8kxtekeewx7cajp8xdlwup","bitcoin","BTC",0.64127214,0.0,"BTC",41682.689099999996,181,0,0,1,1,1.0,0.0,0.0,True,0.100725,-0.02545035483585889,True,False,"",22.7,"",0,"[]","[]",0,False,False,"",""
"bc1qx3g7247ka27a7vyp8mnym904ufkg092uefks7m","bitcoin","BTC",32.6,0.0,"BTC",2119000.0,326,0,0,1,1,1.0,0.0,0.0,True,0.38407499999999994,-0.023190790804654138,True,False,"",22.4,"",0,"[]","[]",0,False,False,"",""
"bc1pjwu4zxkldu4lvn2u2ls9nj80rcnkl08j8lplcm52usn2zvdldkhsnq3s6e","bitcoin","BTC",32.6,0.0,"BTC",2119000.0,326,0,0,1,1,1.0,0.0,0.0,True,0.38407499999999994,-0.023190790804654138,True,False,"",22.4,"",0,"[]","[]",0,False,False,"",""
"bc1q5mxk08cnuem2vmlutmwypx8uck9k533k6ayhg9","bitcoin","BTC",19.131876,0.0,"BTC",1243571.94,200,0,0,1,1,1.0,0.0,0.0,True,0.11624999999999999,-0.022088364021436324,True,False,"",22.3,"",0,"[]","[]",0,False,False,"",""
"bc1qd7rqcxvr3zfavrun7gm6du9p9mjd3dkym3dtuc","bitcoin","BTC",21.80137613,0.0,"BTC",1417089.44845,273,0,0,3,3,0.4673913043478261,0.0,0.0,True,0.31425,-0.020774747095539725,True,False,"",22.1,"",0,"[]","[]",0,False,False,"",""
"bc1pvdz442gpuhaj0sf2uxk0pqz9yjh2z0ppa45t845j32sjhunj6qns5j6dm3","bitcoin","BTC",49.15724288,0.0,"BTC",3195220.7871999997,293,0,0,1,1,1.0,0.0,0.0,True,0.35475,-0.019593732036991884,True,False,"",22.0,"",0,"[]","[]",0,False,False,"",""
"bc1qscct8sr7er6cp8876rnepegmnzf29n2aup7ha8","bitcoin","BTC",22.62718656,0.0,"BTC",1470767.1264,264,0,0,1,1,1.0,0.0,0.0,True,0.27585,-0.018527080117878292,True,False,"",21.8,"",0,"[]","[]",0,False,False,"",""
"bc1qar7lkwft6x4mgtf7ywurf6pvewfplgwrs5wcak","bitcoin","BTC",33.2,0.0,"BTC",2158000.0,332,0,0,1,1,1.0,0.0,0.0,True,0.38939999999999997,-0.015936944827060873,True,False,"",21.5,"",0,"[]","[]",0,False,False,"",""
"bc1px4e6vfkyv85v5vhl8talpejyeg3q9732q6yvlhka8pu6h2s8zk3q73tl6f","bitcoin","BTC",33.2,0.0,"BTC",2158000.0,332,0,0,1,1,1.0,0.0,0.0,True,0.38939999999999997,-0.015936944827060873,True,False,"",21.5,"",0,"[]","[]",0,False,False,"",""
"bc1ql8xuzvkc0p7tvva66ke9gu4m8scj6wm6lyet9q","bitcoin","BTC",33.2,0.0,"BTC",2158000.0,332,0,0,1,1,1.0,0.0,0.0,True,0.38939999999999997,-0.015936944827060873,True,False,"",21.5,"",0,"[]","[]",0,False,False,"",""
"bc1p4cln93j4pmxxu0s9mqc95f3854glkr4ptm4lzl5gjvxt45hg4jzsqcs4nu","bitcoin","BTC",33.2,0.0,"BTC",2158000.0,332,0,0,1,1,1.0,0.0,0.0,True,0.38939999999999997,-0.015936944827060873,True,False,"",21.5,"",0,"[]","[]",0,False,False,"",""
"bc1qylmzy2agvplv8lxu04yzzwq9xuwhzdqfcpfq44","bitcoin","BTC",33.2,0.0,"BTC",2158000.0,332,0,0,1,1,1.0,0.0,0.0,True,0.38939999999999997,-0.015936944827060873,True,False,"",21.5,"",0,"[]","[]",0,False,False,"",""
"3HJ2dog6rUXmbbX94t52hpGhWSRQ6schCZ","bitcoin","BTC",2.87131159,0.0,"BTC",186635.25334999998,286,0,0,1,1,1.0,0.0,0.0,True,0.346725,-0.014752157874564964,True,False,"",21.4,"",0,"[]","[]",0,False,False,"",""
"bc1p53mqnt5gdygg38yj8hdzeyp6gv86plzu44eumujtx4vpyxhdaqaqrjyqh2","bitcoin","BTC",8.75283327,0.0,"BTC",568934.16255,183,0,0,1,1,1.0,0.0,0.0,True,0.105,-0.010412961284776978,True,False,"",20.8,"",0,"[]","[]",0,False,False,"",""
"bc1pcqzmv55453qlcqv5ruyfs8m46a3s7h6ysfskp4qz33r3r0dyvkgsuwtknz","bitcoin","BTC",8.75283327,0.0,"BTC",568934.16255,183,0,0,1,1,1.0,0.0,0.0,True,0.105,-0.010412961284776978,True,False,"",20.8,"",0,"[]","[]",0,False,False,"",""
"bc1qwyfuf7ppzseq7y7f22aj3pqprf7tdvchqmdd79","bitcoin","BTC",14.51024265,0.0,"BTC",943165.77225,242,0,0,1,1,1.0,0.0,0.0,True,0.19740000000000002,-0.0070807879054473055,True,False,"",20.4,"",0,"[]","[]",0,False,False,"",""
"bc1pxcjhvtkwvpnrahta8e73rh76fw06rk6xuu3yql0fe9v7s0da8gkqd00gq5","bitcoin","BTC",32.3,0.0,"BTC",2099500.0,323,0,0,1,1,1.0,0.0,0.0,True,0.37829999999999997,-0.005590992352554558,True,False,"",20.3,"",0,"[]","[]",0,False,False,"",""
"bc1qwq6qkcnfjj0ukky7jx0yha0cwgn7dwv7adnxz0","bitcoin","BTC",32.3,0.0,"BTC",2099500.0,323,0,0,1,1,1.0,0.0,0.0,True,0.37829999999999997,-0.005590992352554558,True,False,"",20.3,"",0,"[]","[]",0,False,False,"",""
"bc1p5syvxtdkvyp68f4yt02xlkhkk3wr695u8t6pleqpzr9knh39r74s7tqx2s","bitcoin","BTC",45.46625536,0.0,"BTC",2955306.5984,271,0,0,1,1,1.0,0.0,0.0,True,0.30555,-0.00376689206326819,True,False,"",20.0,"",0,"[]","[]",0,False,False,"",""
"bc1pyuzg3ckju5upw79vlckve4ct7yu5mlma4ejazhmej2g0yygffwpsag3q62","bitcoin","BTC",5.83522218,0.0,"BTC",379289.44169999997,183,0,0,1,1,1.0,0.0,0.0,True,0.105,-0.0038284307168251486,True,False,"",20.0,"",0,"[]","[]",0,False,False,"",""
"bc1q8770wa8xmzw642wahunpycl9dtlcfs9dn8dq3k","bitcoin","BTC",0.93906504,0.0,"BTC",61039.2276,202,0,0,2,7,0.7931034482758621,0.0,0.0,True,0.12045,-0.0023838902513275695,True,False,"",19.9,"",0,"[]","[]",0,False,False,"",""
"bc1qfs20caemjgsyq03j57q6k68xc5dhe2zpexulkf","bitcoin","BTC",1.41816408,0.0,"BTC",92180.6652,262,0,0,1,1,1.0,0.0,0.0,True,0.2733,-0.0014141143689544444,True,False,"",19.7,"",0,"[]","[]",0,False,False,"",""
"bc1pvuy2nt7sdlkttwv0ey5u2zd6ra84p95qhexute63dc070uua9zjqkxsg0v","bitcoin","BTC",33.21888768,0.0,"BTC",2159227.6992,198,0,0,1,1,1.0,0.0,0.0,True,0.1128,-3.746609679888824e-05,True,False,"",19.6,"",0,"[]","[]",0,False,False,"",""
"bc1pwdg332s9we8pnhle2hcptlsxvuul8703ckyp0pzuw8ey80maas8qp0u4mw","bitcoin","BTC",8.70500358,0.0,"BTC",565825.2326999999,182,0,0,1,1,1.0,0.0,0.0,True,0.10245,0.0,False,False,"",19.6,"",0,"[]","[]",0,False,False,"",""
"bc1pq4da96kd9vf6r2czx3h72f3kkacc6xjrnc94g0sgvyc8plcegygqspnzme","bitcoin","BTC",8.70500358,0.0,"BTC",565825.2326999999,182,0,0,1,1,1.0,0.0,0.0,True,0.10245,0.0,False,False,"",19.6,"",0,"[]","[]",0,False,False,"",""
"bc1p6nfgrddlyczg5d22vuv6sv6umcjrzezvfalqvfvn5esu4urcdv6sd9zmka","bitcoin","BTC",8.70500358,0.0,"BTC",565825.2326999999,182,0,0,1,1,1.0,0.0,0.0,True,0.10245,0.0,False,False,"",19.6,"",0,"[]","[]",0,False,False,"",""
"bc1pm8xns8szwudc9gslj0rt8amhax35saachg9qf4uxm05fk0s2dxwq3kfv5l","bitcoin","BTC",18.9,0.0,"BTC",1228500.0,184,0,0,1,1,1.0,0.0,0.0,True,0.107475,0.0006273064179687093,False,False,"",19.5,"",0,"[]","[]",0,False,False,"",""
"bc1q2yvnrefq2w86y6827muy28lya4826cz8czkplm","bitcoin","BTC",0.64835802,0.0,"BTC",42143.2713,183,0,0,1,1,1.0,0.0,0.0,True,0.105,0.004826981666627872,False,False,"",19.0,"",0,"[]","[]",0,False,False,"",""
"bc1q8q6chut2lp6vxzlstdqegygjtsqh2utcghg5s0","bitcoin","BTC",0.64835802,0.0,"BTC",42143.2713,183,0,0,1,1,1.0,0.0,0.0,True,0.105,0.004826981666627872,False,False,"",19.0,"",0,"[]","[]",0,False,False,"",""
"bc1pm7pjq2cmmr0x0xssde2dz8yeuvw0gt8t59kppzdgmnlpsvqq0yzslf4g6c","bitcoin","BTC",0.64835802,0.0,"BTC",42143.2713,183,0,0,1,1,1.0,0.0,0.0,True,0.105,0.004826981666627872,False,False,"",19.0,"",0,"[]","[]",0,False,False,"",""
"bc1pdumalxpuveakqpanmz04vjuj73v89rryh9l4ql0ykfgc36vjueys4km2rl","bitcoin","BTC",3.83778816,0.0,"BTC",249456.2304,183,0,0,1,1,1.0,0.0,0.0,True,0.105,0.0068267188319725,False,False,"",18.7,"",0,"[]","[]",0,False,False,"",""
"bc1pll85d4rk695hqa7fmmrjc3za6llvkrdveelxpy0guq9h50sczvys9uzru0","bitcoin","BTC",3.83778816,0.0,"BTC",249456.2304,183,0,0,1,1,1.0,0.0,0.0,True,0.105,0.0068267188319725,False,False,"",18.7,"",0,"[]","[]",0,False,False,"",""
"bc1pqfn6lvvepuw7h3kkrys5eqx7juqgm2rj3l2pyjpzc0ve44870s2s9vp0cw","bitcoin","BTC",3.83778816,0.0,"BTC",249456.2304,183,0,0,1,1,1.0,0.0,0.0,True,0.105,0.0068267188319725,False,False,"",18.7,"",0,"[]","[]",0,False,False,"",""
"bc1pc4hsxkcyqh06m55r2cd5466dahw8ev2psuav8h2k6xkx5knrjf7qqcr0cf","bitcoin","BTC",3.83778816,0.0,"BTC",249456.2304,183,0,0,1,1,1.0,0.0,0.0,True,0.105,0.0068267188319725,False,False,"",18.7,"",0,"[]","[]",0,False,False,"",""
"bc1p3cjpd5xl9nyw0qku2qt7mfd8k026w8hzf3gn09vgrn6ds66wwl4sng4d4f","bitcoin","BTC",0.97253703,0.0,"BTC",63214.906950000004,183,0,0,1,1,1.0,0.0,0.0,True,0.105,0.008632331384906378,False,False,"",18.5,"",0,"[]","[]",0,False,False,"",""
"bc1plq8awa4g54x6dr4tt6cfad60jfrel8t6wg9vftfemgmnf5mh2ejq5hxm5j","bitcoin","BTC",0.97253703,0.0,"BTC",63214.906950000004,183,0,0,1,1,1.0,0.0,0.0,True,0.105,0.008632331384906378,False,False,"",18.5,"",0,"[]","[]",0,False,False,"",""
"bc1p5el430jlt2lc9gyjmcs3z8vtrd6cc3rm08ussv4fyg8m65mxgruqrc44z7","bitcoin","BTC",0.97253703,0.0,"BTC",63214.906950000004,183,0,0,1,1,1.0,0.0,0.0,True,0.105,0.008632331384906378,False,False,"",18.5,"",0,"[]","[]",0,False,False,"",""
"bc1pnplnngtfftxsjk7a420stl9n6tv3xy5tn825nmwevyuduekz70zqtg5uhg","bitcoin","BTC",0.64481508,0.0,"BTC",41912.9802,182,0,0,1,1,1.0,0.0,0.0,True,0.10245,0.00918321262262467,False,False,"",18.4,"",0,"[]","[]",0,False,False,"",""
"bc1pep7mmlenp5f8x37d2fh74qrqa5dnp6gp0m4t04rxs04qz2wuntqs3spwq8","bitcoin","BTC",0.64481508,0.0,"BTC",41912.9802,182,0,0,1,1,1.0,0.0,0.0,True,0.10245,0.00918321262262467,False,False,"",18.4,"",0,"[]","[]",0,False,False,"",""
"bc1phwlycx2yfvaduaa56kptwyeewle3hygmqsu0el96v9e5mrn6my8sv4n60w","bitcoin","BTC",0.64481508,0.0,"BTC",41912.9802,182,0,0,1,1,1.0,0.0,0.0,True,0.10245,0.00918321262262467,False,False,"",18.4,"",0,"[]","[]",0,False,False,"",""
"bc1p5zlgsuuwd2zvr4sdy7gngmdyzsvzy82nx4w5w66patytxwmz8w2sf47en7","bitcoin","BTC",0.64481508,0.0,"BTC",41912.9802,182,0,0,1,1,1.0,0.0,0.0,True,0.10245,0.00918321262262467,False,False,"",18.4,"",0,"[]","[]",0,False,False,"",""
"bc1pg8t3zfh968j8y9h95may62rxv8kg7x0pypeaml6d8qxdm09ad2xqmgq9xg","bitcoin","BTC",0.64481508,0.0,"BTC",41912.9802,182,0,0,1,1,1.0,0.0,0.0,True,0.10245,0.00918321262262467,False,False,"",18.4,"",0,"[]","[]",0,False,False,"",""
"bc1pevcykmc9y9l9gsquwfzkur0mjl7phyukcxav2avdhr3drhxsnntqdd3sat","bitcoin","BTC",27.35858268,0.0,"BTC",1778307.8742000002,286,0,0,1,1,1.0,0.0,0.0,True,0.346725,0.010226869700337038,False,False,"",18.3,"",0,"[]","[]",0,False,False,"",""
"bc1qg5jncz7vhd8epnxs5tdd35wnt8ky3k7el5zs9f","bitcoin","BTC",1.43800205,0.0,"BTC",93470.13325,250,0,0,6,24,0.34782608695652173,0.0,0.0,True,0.233175,0.009975930896453433,False,False,"",18.3,"",0,"[]","[]",0,False,False,"",""
"bc1p6h6ltc6g0d8ckts3eeved5n787t5m8ghm6s70sztw8xarnv7djys65h9tk","bitcoin","BTC",1.93444524,0.0,"BTC",125738.9406,182,0,0,1,1,1.0,0.0,0.0,True,0.10245,0.011056605557268728,False,False,"",18.2,"",0,"[]","[]",0,False,False,"",""
"bc1pvzuph59dk5g6fwpw900xn44hkg33d2kfps5pesrf7uvy7lzxgq2sws2fn7","bitcoin","BTC",1.93444524,0.0,"BTC",125738.9406,182,0,0,1,1,1.0,0.0,0.0,True,0.10245,0.011056605557268728,False,False,"",18.2,"",0,"[]","[]",0,False,False,"",""
"bc1pvqzpuk40w7kzy2gslwlx03hf4rhxzgpmn72qgyqxjchmvxzagf6qccs6nf","bitcoin","BTC",3.81681664,0.0,"BTC",248093.0816,182,0,0,1,1,1.0,0.0,0.0,True,0.10245,0.012967681397830222,False,False,"",18.0,"",0,"[]","[]",0,False,False,"",""
"bc1pwah75dpwz40hpdel07syav82p2jallr0633vxeclpkga7rhrtrxs20la00","bitcoin","BTC",3.81681664,0.0,"BTC",248093.0816,182,0,0,1,1,1.0,0.0,0.0,True,0.10245,0.012967681397830222,False,False,"",18.0,"",0,"[]","[]",0,False,False,"",""
"bc1pa99ptmaty35gjs9wc3fyngex0zes4gansz5w5u2v568g3fxlqxss5d9g3k","bitcoin","BTC",3.81681664,0.0,"BTC",248093.0816,182,0,0,1,1,1.0,0.0,0.0,True,0.10245,0.012967681397830222,False,False,"",18.0,"",0,"[]","[]",0,False,False,"",""
"bc1p2kte65ty3lr64p0gsmlhepc3u5tlyf0dky9u8whf7cmfl4zr9ffqtxxaha","bitcoin","BTC",3.81681664,0.0,"BTC",248093.0816,182,0,0,1,1,1.0,0.0,0.0,True,0.10245,0.012967681397830222,False,False,"",18.0,"",0,"[]","[]",0,False,False,"",""
"bc1pgeem8wks7r99me2wx93ak4qa6haqjctxz75decj2jdugm9h4ww5smxaese","bitcoin","BTC",3.81681664,0.0,"BTC",248093.0816,182,0,0,1,1,1.0,0.0,0.0,True,0.10245,0.012967681397830222,False,False,"",18.0,"",0,"[]","[]",0,False,False,"",""
"bc1qe5wh6n582ew5adaxhsvsuwzf8t5jdc2h3pqs5e","bitcoin","BTC",3.1901454,0.0,"BTC",207359.451,261,0,0,8,23,0.17346938775510204,0.0,0.0,True,0.26175000000000004,0.013657138072857844,False,False,"",17.9,"",0,"[]","[]",0,False,False,"",""
"bc1psne5h8sl6njf4s3c2xa5wncm5rwyak2lfg39q95zez64qxk70pfsqxt85e","bitcoin","BTC",0.96722262,0.0,"BTC",62869.4703,182,0,0,1,1,1.0,0.0,0.0,True,0.10245,0.013969347273672494,False,False,"",17.9,"",0,"[]","[]",0,False,False,"",""
"bc1pzkrk9rkjmzshz0v4aqz36velektljt27v7wgms7ax5drrt4se9wq5kq4ug","bitcoin","BTC",0.96722262,0.0,"BTC",62869.4703,182,0,0,1,1,1.0,0.0,0.0,True,0.10245,0.013969347273672494,False,False,"",17.9,"",0,"[]","[]",0,False,False,"",""
"bc1q0stq6w29hpy3hdx8gkzkl525pt5wv5w932829a","bitcoin","BTC",0.96722262,0.0,"BTC",62869.4703,182,0,0,1,1,1.0,0.0,0.0,True,0.10245,0.013969347273672494,False,False,"",17.9,"",0,"[]","[]",0,False,False,"",""
"bc1ppg9f6my4gwp3hvzqlhde5kdz4fssq0lyp007qt7ymltmuhe0q6nqxdtlry","bitcoin","BTC",0.96722262,0.0,"BTC",62869.4703,182,0,0,1,1,1.0,0.0,0.0,True,0.10245,0.013969347273672494,False,False,"",17.9,"",0,"[]","[]",0,False,False,"",""
"bc1pm73gxzzxmvnw6gfzn480my6p7mge43cktz47p8aw87upf3ngj58qfcty3f","bitcoin","BTC",0.96722262,0.0,"BTC",62869.4703,182,0,0,1,1,1.0,0.0,0.0,True,0.10245,0.013969347273672494,False,False,"",17.9,"",0,"[]","[]",0,False,False,"",""
"bc1pwhanh40xjj0hunhyhaachny5p27hn7wghx6zclc33n9rgwu2jlaq628hln","bitcoin","BTC",48.2,0.0,"BTC",3133000.0,241,0,0,1,1,1.0,0.0,0.0,True,0.194625,0.015183152225641594,False,False,"",17.7,"",0,"[]","[]",0,False,False,"",""
"bc1pnrmxsk08gp26daj3ls8hn3su965jy5003q788f7cvnsskuxqqdsqjq08x9","bitcoin","BTC",9.45,0.0,"BTC",614250.0,184,0,0,1,1,1.0,0.0,0.0,True,0.107475,0.016488266984697852,False,False,"",17.6,"",0,"[]","[]",0,False,False,"",""
"bc1p6xdddghu8gwuqlyvpe4nghcmq4s2r9p3nunqcsglxane5326469qus7w4p","bitcoin","BTC",9.45,0.0,"BTC",614250.0,184,0,0,1,1,1.0,0.0,0.0,True,0.107475,0.016488266984697852,False,False,"",17.6,"",0,"[]","[]",0,False,False,"",""
"bc1p3f4t0wcwg7nzsqjlgs7evhhtyeywy8pcmefur6da8ec835cpfx0qfsr36j","bitcoin","BTC",29.46308904,0.0,"BTC",1915100.7876,308,0,0,1,1,1.0,0.0,0.0,True,0.373575,0.01713337724604025,False,False,"",17.5,"",0,"[]","[]",0,False,False,"",""
"bc1pxgd4na97c3td2hjjrelzhansfjkqmvrgxxtm9sjtkxszvz7vde3suvzdlv","bitcoin","BTC",29.46308904,0.0,"BTC",1915100.7876,308,0,0,1,1,1.0,0.0,0.0,True,0.373575,0.01713337724604025,False,False,"",17.5,"",0,"[]","[]",0,False,False,"",""
"bc1qphtd0pc8qjcxr7m7a7ct7ysv2ndxjhyyppvkmy","bitcoin","BTC",0.66961566,0.0,"BTC",43525.0179,184,0,0,1,1,1.0,0.0,0.0,True,0.107475,0.01848829283236464,False,False,"",17.3,"",0,"[]","[]",0,False,False,"",""
"bc1pcx8t9l8pt7hg56vw8wxmhzxgmzdwwwz8y906dqz678cxgu9z02pq8jtw00","bitcoin","BTC",0.66961566,0.0,"BTC",43525.0179,184,0,0,1,1,1.0,0.0,0.0,True,0.107475,0.01848829283236464,False,False,"",17.3,"",0,"[]","[]",0,False,False,"",""
"bc1qf834zen28u7fljcymqpxtvfcqy6a7ertmkcm7q","bitcoin","BTC",10.0,0.0,"BTC",650000.0,200,0,0,1,1,1.0,0.0,0.0,True,0.11624999999999999,0.021429826325321533,False,False,"",16.9,"",0,"[]","[]",0,False,False,"",""
"bc1psv5dx26aeqal4dthpmrm88lq4c57z6vaf56vj3tar4ttl2t0zk6q5q7yhg","bitcoin","BTC",1.00442349,0.0,"BTC",65287.526849999995,184,0,0,1,1,1.0,0.0,0.0,True,0.107475,0.024306588378050387,False,False,"",16.6,"",0,"[]","[]",0,False,False,"",""
"bc1p63ffxpww4c2rdyjp3hk93dzpfnamh6qt8rpa4lu2m2cpy3u3g39qh4s6nw","bitcoin","BTC",1.00442349,0.0,"BTC",65287.526849999995,184,0,0,1,1,1.0,0.0,0.0,True,0.107475,0.024306588378050387,False,False,"",16.6,"",0,"[]","[]",0,False,False,"",""
"bc1pu5sr53zguxfwv8qg36hgjg8xcuten5deuhmzsdaf8nyjwa07knjq47y77h","bitcoin","BTC",1.00442349,0.0,"BTC",65287.526849999995,184,0,0,1,1,1.0,0.0,0.0,True,0.107475,0.024306588378050387,False,False,"",16.6,"",0,"[]","[]",0,False,False,"",""
"bc1p9ge4pg9vq50hc4ysaqeguxdhnrmwgjcz4df3qs49nqfq7w87w4ysx9hr7p","bitcoin","BTC",6.02654094,0.0,"BTC",391725.1611,184,0,0,1,1,1.0,0.0,0.0,True,0.107475,0.024479305940682095,False,False,"",16.6,"",0,"[]","[]",0,False,False,"",""
"bc1p9lgy2vvrw9gl0vsagyml0zurv3kvmexvzz3anc7t3r29rgwvp2kqu3vq56","bitcoin","BTC",6.02654094,0.0,"BTC",391725.1611,184,0,0,1,1,1.0,0.0,0.0,True,0.107475,0.024479305940682095,False,False,"",16.6,"",0,"[]","[]",0,False,False,"",""
"bc1p79776jt7mv3kzr6spx4k8hjumx7ean68c6en6796qzwjwmdzx5yqlt50xz","bitcoin","BTC",1.00442349,0.0,"BTC",65287.526849999995,184,0,0,1,1,1.0,0.0,0.0,True,0.107475,0.024306588378050387,False,False,"",16.6,"",0,"[]","[]",0,False,False,"",""
"bc1pxcl8mug7fww47e26fntraayl3m645fhc7g56pgym5t99tzq9sewst9leze","bitcoin","BTC",6.02654094,0.0,"BTC",391725.1611,184,0,0,1,1,1.0,0.0,0.0,True,0.107475,0.024479305940682095,False,False,"",16.6,"",0,"[]","[]",0,False,False,"",""
"bc1pul54hf2sv9zx9p5hts3la3309w62cn2jj84g690pf89h0e5g5qgqkgf27x","bitcoin","BTC",1.00442349,0.0,"BTC",65287.526849999995,184,0,0,1,1,1.0,0.0,0.0,True,0.107475,0.024306588378050387,False,False,"",16.6,"",0,"[]","[]",0,False,False,"",""
"bc1patmk7uj7rzyvlvfexqtufdy3grnpnvts3d6ef7mvcxlm575l8fps4lw9xs","bitcoin","BTC",16.6,0.0,"BTC",1079000.0,332,0,0,1,1,1.0,0.0,0.0,True,0.38939999999999997,0.025488742001388398,False,False,"",16.5,"",0,"[]","[]",0,False,False,"",""
"bc1p9t7gtduheldaszhnp2slv4yl8k57hgn0p9798zrz7kt7xqq8p3ps0pdrp2","bitcoin","BTC",16.6,0.0,"BTC",1079000.0,332,0,0,1,1,1.0,0.0,0.0,True,0.38939999999999997,0.025488742001388398,False,False,"",16.5,"",0,"[]","[]",0,False,False,"",""
"bc1pzspp7p3dxkkgr30ehss5s4f69y0f2lau5k5sv5k2um3y9hpku58qmtxvqc","bitcoin","BTC",16.6,0.0,"BTC",1079000.0,332,0,0,1,1,1.0,0.0,0.0,True,0.38939999999999997,0.025488742001388398,False,False,"",16.5,"",0,"[]","[]",0,False,False,"",""
"bc1pnjevn87lmpwnr3859s3cd8jjf6xdnu2yh8sgpj95vn0ssnwlelvs7qske0","bitcoin","BTC",2.00884698,0.0,"BTC",130575.05369999999,184,0,0,1,1,1.0,0.0,0.0,True,0.107475,0.02587208889141107,False,False,"",16.4,"",0,"[]","[]",0,False,False,"",""
"bc1p5f2v9qad6h5pm678twfk89vq9d22g5c6jz42wwaty9ts0vk3vzuslq32hz","bitcoin","BTC",2.00884698,0.0,"BTC",130575.05369999999,184,0,0,1,1,1.0,0.0,0.0,True,0.107475,0.02587208889141107,False,False,"",16.4,"",0,"[]","[]",0,False,False,"",""
"bc1pttz7dt5p72jskde5pknzzsuztce627sjw9nzc2du3f6gj8y83qcq38r55p","bitcoin","BTC",9.85,0.0,"BTC",640250.0,197,0,0,1,1,1.0,0.0,0.0,True,0.109575,0.026666076153422147,False,False,"",16.3,"",0,"[]","[]",0,False,False,"",""
"bc1pd0kz4a2hquylhgzn2sn0qw038wnrfvwvgkfpukhkska5axhqnk6qscw2r7","bitcoin","BTC",0.524288,0.0,"BTC",34078.72,200,0,0,1,1,1.0,0.0,0.0,True,0.11624999999999999,0.029535882996065355,False,False,"",16.0,"",0,"[]","[]",0,False,False,"",""
"bc1pgcyrjnfa0k0fla6uvu82944mlt0k2rtmg9f0dp49ms4fef0a3ylqtle338","bitcoin","BTC",0.524288,0.0,"BTC",34078.72,200,0,0,1,1,1.0,0.0,0.0,True,0.11624999999999999,0.029535882996065355,False,False,"",16.0,"",0,"[]","[]",0,False,False,"",""
"bc1pv6qlggw0mpamudav7jhpk4kkts04hwram7qx9d9rvektvy5a3p6s8lpksv","bitcoin","BTC",0.51904512,0.0,"BTC",33737.9328,198,0,0,1,1,1.0,0.0,0.0,True,0.1128,0.029495688386756813,False,False,"",16.0,"",0,"[]","[]",0,False,False,"",""
"bc1py6y64p5jx6dxnpsyr89dss0tf9hv0mjgt3xdylxxffgcj3k2shqqtf6xy6","bitcoin","BTC",0.51904512,0.0,"BTC",33737.9328,198,0,0,1,1,1.0,0.0,0.0,True,0.1128,0.029495688386756813,False,False,"",16.0,"",0,"[]","[]",0,False,False,"",""
"bc1pnqlcstx94trnveucq2s2cpky0sehsmlrgmg6yd49vq5ty5alagdq6taa93","bitcoin","BTC",9.47027862,0.0,"BTC",615568.1103000001,198,0,0,1,1,1.0,0.0,0.0,True,0.1128,0.028869577253435585,False,False,"",16.0,"",0,"[]","[]",0,False,False,"",""
"bc1plzpdkxrmrf95y8ccg84l3az80t58tn3j2uck2quy5gfwtwvng2wqf2vhr8","bitcoin","BTC",0.51904512,0.0,"BTC",33737.9328,198,0,0,1,1,1.0,0.0,0.0,True,0.1128,0.029495688386756813,False,False,"",16.0,"",0,"[]","[]",0,False,False,"",""
"bc1q2g8jea7c4zacp5dccl4mjx82tjrzvn3jgnlg72","bitcoin","BTC",37.91650816,0.0,"BTC",2464573.0304,226,0,0,1,1,1.0,0.0,0.0,True,0.16297499999999998,0.031052007049370056,False,False,"",15.8,"",0,"[]","[]",0,False,False,"",""
"bc1pal8zc87n6490c2f6x5pq2x9lj20whddke6kmj6fqpxpqaxe2wdys0fnxr3","bitcoin","BTC",3.96361728,0.0,"BTC",257635.12319999997,184,0,0,1,1,1.0,0.0,0.0,True,0.107475,0.030565984216088637,False,False,"",15.8,"",0,"[]","[]",0,False,False,"",""
"bc1pjjsyp4wlw93lfa3f79x4f8q0lsnqmq6v7tpfz0lqhcmcsq4zaf7q6jazhl","bitcoin","BTC",3.96361728,0.0,"BTC",257635.12319999997,184,0,0,1,1,1.0,0.0,0.0,True,0.107475,0.030565984216088637,False,False,"",15.8,"",0,"[]","[]",0,False,False,"",""
"bc1p5ntf76uv2zjnher607nnrvugyu0z6dp8nc88usvyknp0f77vnzasejvxxe","bitcoin","BTC",3.96361728,0.0,"BTC",257635.12319999997,184,0,0,1,1,1.0,0.0,0.0,True,0.107475,0.030565984216088637,False,False,"",15.8,"",0,"[]","[]",0,False,False,"",""
"bc1p9vd8t0sql4ghhf7r4pxw7y9gutzpxny40v7tul54th4q7m420xssz3kcjq","bitcoin","BTC",36.23878656,0.0,"BTC",2355521.1264,216,0,0,1,1,1.0,0.0,0.0,True,0.134025,0.03238136718775064,False,False,"",15.6,"",0,"[]","[]",0,False,False,"",""
"bc1pv6zcfm6n2t2fne76k2rg3s7tlw3c30d766mhmks6gq4e8pzpwtcqdjcaav","bitcoin","BTC",36.23878656,0.0,"BTC",2355521.1264,216,0,0,1,1,1.0,0.0,0.0,True,0.134025,0.03238136718775064,False,False,"",15.6,"",0,"[]","[]",0,False,False,"",""
"bc1p7u4lrc6eqgrvr2shwue2v8lqwdqtjkdpgrutufugexz6qcdydkvsfrqnwj","bitcoin","BTC",0.51904512,0.0,"BTC",33737.9328,198,0,0,1,1,1.0,0.0,0.0,True,0.1128,0.0330051491943284,False,False,"",15.5,"",0,"[]","[]",0,False,False,"",""
"bc1pg36xl42tcwuwpymkac4ac5z9mqzalee6sjg9ly6yrnu0p4qf9jwqzkg39z","bitcoin","BTC",0.51904512,0.0,"BTC",33737.9328,198,0,0,1,1,1.0,0.0,0.0,True,0.1128,0.0330051491943284,False,False,"",15.5,"",0,"[]","[]",0,False,False,"",""
"bc1pjdck60vtk2x7pd0337qzk5z8ez4hym7dwak0qsgtyg0ngsnzpuhqm4zh2j","bitcoin","BTC",0.51904512,0.0,"BTC",33737.9328,198,0,0,1,1,1.0,0.0,0.0,True,0.1128,0.0330051491943284,False,False,"",15.5,"",0,"[]","[]",0,False,False,"",""
"bc1p4zv5rp06wk364hysl04un6d9jaujd9na4etjq6aj65p9pnv7pajsnhvwat","bitcoin","BTC",0.51904512,0.0,"BTC",33737.9328,198,0,0,1,1,1.0,0.0,0.0,True,0.1128,0.0330051491943284,False,False,"",15.5,"",0,"[]","[]",0,False,False,"",""
"bc1parla2k2wjwu7an39ak6z4u58ds46u4fn4z2yaxc48e8sflg8w3nqwtga7w","bitcoin","BTC",0.51904512,0.0,"BTC",33737.9328,198,0,0,1,1,1.0,0.0,0.0,True,0.1128,0.0330051491943284,False,False,"",15.5,"",0,"[]","[]",0,False,False,"",""
"bc1pe5jzucpvfa47dax52axh3zt2kdlcl69dqlxdkw4nvh7hygryv9tsejnmup","bitcoin","BTC",29.84572656,0.0,"BTC",1939972.2264,208,0,0,1,1,1.0,0.0,0.0,True,0.12345,0.03391637042638346,False,False,"",15.4,"",0,"[]","[]",0,False,False,"",""
"bc1qt4pv3hs7vvgjd5ut8y94p8029ta5jd4dmk2ze8","bitcoin","BTC",48.6,0.0,"BTC",3159000.0,243,0,0,1,1,1.0,0.0,0.0,True,0.20182499999999998,0.037167643721254584,False,False,"",15.0,"",0,"[]","[]",0,False,False,"",""
"bc1pjky6lsua7cwc9nsnl5rp7myuen5ngna9anpq3zp5jg4xnan4kndqenacq6","bitcoin","BTC",10.58630472,0.0,"BTC",688109.8067999999,332,0,0,1,1,1.0,0.0,0.0,True,0.38939999999999997,0.03888422100082878,False,False,"",14.8,"",0,"[]","[]",0,False,False,"",""
"bc1pgt9c673zhgdeyyd3pp6733cgun42z84zd0yucmn5g5gplkwhrr8qywxqh3","bitcoin","BTC",10.58630472,0.0,"BTC",688109.8067999999,332,0,0,1,1,1.0,0.0,0.0,True,0.38939999999999997,0.03888422100082878,False,False,"",14.8,"",0,"[]","[]",0,False,False,"",""
"bc1pykc5st04jlefd3scm06ejqrpgxmq9n7jq0yuzjm08m4c2vw0nzeq2se235","bitcoin","BTC",10.58630472,0.0,"BTC",688109.8067999999,332,0,0,1,1,1.0,0.0,0.0,True,0.38939999999999997,0.03888422100082878,False,False,"",14.8,"",0,"[]","[]",0,False,False,"",""
"bc1qhwdal0gf8pamgge7xty2099tywmv4hzaklh36e","bitcoin","BTC",16.15,0.0,"BTC",1049750.0,323,0,0,1,1,1.0,0.0,0.0,True,0.37829999999999997,0.03918634958760736,False,False,"",14.8,"",0,"[]","[]",0,False,False,"",""
"bc1qh4t9lprjz4qw25f77wnv756umy2d8vqc84w6yr","bitcoin","BTC",16.15,0.0,"BTC",1049750.0,323,0,0,1,1,1.0,0.0,0.0,True,0.37829999999999997,0.03918634958760736,False,False,"",14.8,"",0,"[]","[]",0,False,False,"",""
"bc1payatkfdnrjmg6vt98jnu57t73f3th4fuxpx9jn5p2aaesz65ejjqdc7gxx","bitcoin","BTC",0.52690944,0.0,"BTC",34249.1136,201,0,0,1,1,1.0,0.0,0.0,True,0.1185,0.03903860860181052,False,False,"",14.8,"",0,"[]","[]",0,False,False,"",""
"bc1pweemld4z5mgcjex9k4d40mu8sdc3gajqdq899em9m7gcgw8z5z7sd5qwkv","bitcoin","BTC",0.52690944,0.0,"BTC",34249.1136,201,0,0,1,1,1.0,0.0,0.0,True,0.1185,0.03903860860181052,False,False,"",14.8,"",0,"[]","[]",0,False,False,"",""
"bc1pj9l3272a0z9wzg74l3rv9sgc97969ev52nwegsxgw8vxqftxxp6s75aqus","bitcoin","BTC",0.52690944,0.0,"BTC",34249.1136,201,0,0,1,1,1.0,0.0,0.0,True,0.1185,0.03903860860181052,False,False,"",14.8,"",0,"[]","[]",0,False,False,"",""
"bc1pg8nh3etau4s5xrp2rlxgpmet3952s3mjfh78d2rl3kz5rcv22tasc8zsp7","bitcoin","BTC",0.664,0.0,"BTC",43160.0,332,0,0,1,1,1.0,0.0,0.0,True,0.38939999999999997,0.03989233781527418,False,False,"",14.7,"",0,"[]","[]",0,False,False,"",""
"bc1p39gnqmx95842deekfvj9x3eqx6d2d8uqsh7jxddh7e4980a33wjqnlzarr","bitcoin","BTC",0.664,0.0,"BTC",43160.0,332,0,0,1,1,1.0,0.0,0.0,True,0.38939999999999997,0.03989233781527418,False,False,"",14.7,"",0,"[]","[]",0,False,False,"",""
"bc1p34jel9s3vc5acl2luh3hfrfsymyrsx48z4899cq07wmy6c0hhqcss3u6f2","bitcoin","BTC",0.664,0.0,"BTC",43160.0,332,0,0,1,1,1.0,0.0,0.0,True,0.38939999999999997,0.03989233781527418,False,False,"",14.7,"",0,"[]","[]",0,False,False,"",""
"bc1phus5uva0me0jfhrrzsjkqejcueglk9dpxltte3fqvaayrn6jwp8sv2yewy","bitcoin","BTC",0.664,0.0,"BTC",43160.0,332,0,0,1,1,1.0,0.0,0.0,True,0.38939999999999997,0.03989233781527418,False,False,"",14.7,"",0,"[]","[]",0,False,False,"",""
"bc1pde9402g2rl87fgzpc8fau9cu86ua9av72e99utxz34q6q9dds3jqtsn3xf","bitcoin","BTC",30.0,0.0,"BTC",1950000.0,300,0,0,1,1,1.0,0.0,0.0,True,0.3639,0.04087887783378363,False,False,"",14.6,"",0,"[]","[]",0,False,False,"",""
"bc1pqekrtlkmxfvfyq4urkfyfkjrxn6rr0g7mcyat5xwh60g0mhmrvhqhxhz7a","bitcoin","BTC",18.94055724,0.0,"BTC",1231136.2206000001,198,0,0,1,1,1.0,0.0,0.0,True,0.1128,0.04079777847835303,False,False,"",14.6,"",0,"[]","[]",0,False,False,"",""
"bc1p7mx7zwzj3525pwxm9qupgrqkvjq4dap653f3gsscdq7teqr5ywyswz80y0","bitcoin","BTC",20.66242608,0.0,"BTC",1343057.6952,216,0,0,1,1,1.0,0.0,0.0,True,0.134025,0.041357446677776355,False,False,"",14.5,"",0,"[]","[]",0,False,False,"",""
"bc1pvw35hfp7t66cdfw72cqeq26rwwd8w97aynmzfn6uwhhsj0xd6rpq84kfk7","bitcoin","BTC",20.1,0.0,"BTC",1306500.0,201,0,0,1,1,1.0,0.0,0.0,True,0.1185,0.04252779596443923,False,False,"",14.4,"",0,"[]","[]",0,False,False,"",""
"bc1qjhk4gpnr2w5m88a74a6ek4lvgd6xczdwum94m2","bitcoin","BTC",20.1,0.0,"BTC",1306500.0,201,0,0,1,1,1.0,0.0,0.0,True,0.1185,0.04252779596443923,False,False,"",14.4,"",0,"[]","[]",0,False,False,"",""
"bc1q8vnzdk40lntfj6wdx0224ld7qgucxa3zcas7yx","bitcoin","BTC",20.1,0.0,"BTC",1306500.0,201,0,0,1,1,1.0,0.0,0.0,True,0.1185,0.04252779596443923,False,False,"",14.4,"",0,"[]","[]",0,False,False,"",""
"bc1p8n9xdzfu9dzgr4cfxz3t3m84ya43ls49fm3f9jeyf6a7gd2xr42swcekh8","bitcoin","BTC",10.39498596,0.0,"BTC",675674.0874,326,0,0,1,1,1.0,0.0,0.0,True,0.38407499999999994,0.043948582118961965,False,False,"",14.2,"",0,"[]","[]",0,False,False,"",""
"bc1p7spztkz72lfu8s3pcale4zsd50rl3dpha4prystekf0hd3gfu6ysl2etpv","bitcoin","BTC",6.31351908,0.0,"BTC",410378.7402,198,0,0,1,1,1.0,0.0,0.0,True,0.1128,0.043951028929247515,False,False,"",14.2,"",0,"[]","[]",0,False,False,"",""
"bc1pd0gfu8u7qh2ujyn9838c2qdlwnq7h3jwqqlkh0ksev0zcl4y5d7s3hxpk4","bitcoin","BTC",6.31351908,0.0,"BTC",410378.7402,198,0,0,1,1,1.0,0.0,0.0,True,0.1128,0.043951028929247515,False,False,"",14.2,"",0,"[]","[]",0,False,False,"",""
"bc1pmtzy0pdd4r020g6zznkczw3jx5ya52082zn6jqpnp85cjgvnqheshcw870","bitcoin","BTC",6.31351908,0.0,"BTC",410378.7402,198,0,0,1,1,1.0,0.0,0.0,True,0.1128,0.043951028929247515,False,False,"",14.2,"",0,"[]","[]",0,False,False,"",""
"bc1py7w9fy9h9wvhcr87vdy7srrpurqmjf4vagx665hv2d42churn7hsl954re","bitcoin","BTC",48.4,0.0,"BTC",3146000.0,242,0,0,1,1,1.0,0.0,0.0,True,0.19740000000000002,0.0444185159466598,False,False,"",14.1,"",0,"[]","[]",0,False,False,"",""
"bc1q8hay499fn57wtcgz999suttnkf8krtuvnryvy7","bitcoin","BTC",48.4,0.0,"BTC",3146000.0,242,0,0,1,1,1.0,0.0,0.0,True,0.19740000000000002,0.0444185159466598,False,False,"",14.1,"",0,"[]","[]",0,False,False,"",""
"bc1pyac44peqg28g7r4hm3nrp6r7u04jg5myrwv55rzkv0gqjqrkxjmqqa4jcr","bitcoin","BTC",48.4,0.0,"BTC",3146000.0,242,0,0,1,1,1.0,0.0,0.0,True,0.19740000000000002,0.0444185159466598,False,False,"",14.1,"",0,"[]","[]",0,False,False,"",""
"bc1pctjcwg84f26htjtx3m4a54d0snm4xvjs8j5n3ps59gsd0lrlfvsqgcqkym","bitcoin","BTC",46.0,0.0,"BTC",2990000.0,230,0,0,1,1,1.0,0.0,0.0,True,0.18015,0.045102647715725086,False,False,"",14.1,"",0,"[]","[]",0,False,False,"",""
"bc1pceq33pj86jgx32pu97ytlkh59x4a8ayc8xwyc2ks78fj9w3d9gkqdvcnuj","bitcoin","BTC",44.6,0.0,"BTC",2899000.0,223,0,0,1,1,1.0,0.0,0.0,True,0.1482,0.0446311999250914,False,False,"",14.1,"",0,"[]","[]",0,False,False,"",""
"bc1plmt2mpvdp4g8mf6tpjssgnn8lzynac22p05ndaujzggv2ry84hpsqarvj6","bitcoin","BTC",44.6,0.0,"BTC",2899000.0,223,0,0,1,1,1.0,0.0,0.0,True,0.1482,0.0446311999250914,False,False,"",14.1,"",0,"[]","[]",0,False,False,"",""
"bc1pmswukw5tesy87r8mtn8c9dkh9wst8ffq48mp8kdy6qvcfmnv5u5s6lardw","bitcoin","BTC",44.6,0.0,"BTC",2899000.0,223,0,0,1,1,1.0,0.0,0.0,True,0.1482,0.0446311999250914,False,False,"",14.1,"",0,"[]","[]",0,False,False,"",""
"bc1p5e2xw4cn9pdf8su75jvpl3t63asthgcqz7v6jqvqpav6jcy4vgasvwu47e","bitcoin","BTC",36.23878656,0.0,"BTC",2355521.1264,216,0,0,1,1,1.0,0.0,0.0,True,0.134025,0.045016921271127275,False,False,"",14.1,"",0,"[]","[]",0,False,False,"",""
"bc1pxytv02akkgz0teuwk95mc9usmza62czhrf4z4352yt50cqscx82qtnrccw","bitcoin","BTC",36.23878656,0.0,"BTC",2355521.1264,216,0,0,1,1,1.0,0.0,0.0,True,0.134025,0.045016921271127275,False,False,"",14.1,"",0,"[]","[]",0,False,False,"",""
"bc1pxeey5ww9kaup3h0ycjrg07rzm7h62rtqwmesxjt2fgkq9zrtt3tqv9nsjx","bitcoin","BTC",6.96254464,0.0,"BTC",452565.4016,332,0,0,1,1,1.0,0.0,0.0,True,0.38939999999999997,0.04813992019911928,False,False,"",13.7,"",0,"[]","[]",0,False,False,"",""
"bc1pc9ghkz7cr0pfw7weyq3ng8fzrr4v7swy6q9ls9j6dt8zx3chu45swrcxvt","bitcoin","BTC",49.0,0.0,"BTC",3185000.0,245,0,0,1,1,1.0,0.0,0.0,True,0.21247500000000002,0.048435144426335675,False,False,"",13.6,"",0,"[]","[]",0,False,False,"",""
"bc1pykjfqazq0ey8euqm8yjj4f5q93hf3n3z6vwf2lulqqxkglqpdj0qg83yay","bitcoin","BTC",22.7,0.0,"BTC",1475500.0,227,0,0,1,1,1.0,0.0,0.0,True,0.16605,0.04891444780853399,False,False,"",13.6,"",0,"[]","[]",0,False,False,"",""
"bc1pnjpwu5dpjq6e0cdd4jnxl5ja8ctq08jq0jknqe46ytqed2jxwreqehq4zc","bitcoin","BTC",22.7,0.0,"BTC",1475500.0,227,0,0,1,1,1.0,0.0,0.0,True,0.16605,0.04891444780853399,False,False,"",13.6,"",0,"[]","[]",0,False,False,"",""
"bc1putw9utzwyvjn3vx9ruqsujh0nwktnv7n40tnhpafkm0lwvgy8thqa5vrd8","bitcoin","BTC",6.0124536,0.0,"BTC",390809.484,332,0,0,1,1,1.0,0.0,0.0,True,0.38939999999999997,0.051095173747142286,False,False,"",13.3,"",0,"[]","[]",0,False,False,"",""
"bc1pak0rcf2huzjal9nvw5frysprr9ztzcy4kxm0873xkhe2z80zld3spnf6qw","bitcoin","BTC",36.74210304,0.0,"BTC",2388236.6976,219,0,0,1,1,1.0,0.0,0.0,True,0.14085,0.05135675967336112,False,False,"",13.3,"",0,"[]","[]",0,False,False,"",""
"bc1p49hwt3s7e9lu4l2znanzgvacdqsjy47ajc8c3fkgmt4mpl3ktj6symtema","bitcoin","BTC",36.74210304,0.0,"BTC",2388236.6976,219,0,0,1,1,1.0,0.0,0.0,True,0.14085,0.05135675967336112,False,False,"",13.3,"",0,"[]","[]",0,False,False,"",""
"bc1pauf2za380vshrfcg58n6whgy3fvtctxms3qdjvs5pfnfvteenyssvgdjgm","bitcoin","BTC",36.74210304,0.0,"BTC",2388236.6976,219,0,0,1,1,1.0,0.0,0.0,True,0.14085,0.05135675967336112,False,False,"",13.3,"",0,"[]","[]",0,False,False,"",""
"bc1pfun5tfthw673vez0cghlnu0zmt0uj7j4dvvxxqjs09zsfcjmuhmqcsepun","bitcoin","BTC",36.74210304,0.0,"BTC",2388236.6976,219,0,0,1,1,1.0,0.0,0.0,True,0.14085,0.05135675967336112,False,False,"",13.3,"",0,"[]","[]",0,False,False,"",""
"bc1pxuhzru527f6tlzs5tlma8mh4dajfuc864jqxgezzgpazj8hr2gjqg6nj6s","bitcoin","BTC",5.29315236,0.0,"BTC",344054.90339999995,332,0,0,1,1,1.0,0.0,0.0,True,0.38939999999999997,0.05231632297082345,False,False,"",13.2,"",0,"[]","[]",0,False,False,"",""
"bc1pdeanqgsm04cxkfe6mgta7cn0f4s4ze3jfljtc99arzl9en26a6nq5c5g3y","bitcoin","BTC",25.3497357,0.0,"BTC",1647732.8205,265,0,0,1,1,1.0,0.0,0.0,True,0.28049999999999997,0.052581226910543344,False,False,"",13.1,"",0,"[]","[]",0,False,False,"",""
"bc1prhlamvmcmmxx8p6eyvldc3ndk3hf6ch95atykh9z6v96juuams9qn878e0","bitcoin","BTC",0.70150212,0.0,"BTC",45597.637800000004,198,0,0,1,1,1.0,0.0,0.0,True,0.1128,0.05320125558666233,False,False,"",13.1,"",0,"[]","[]",0,False,False,"",""
"bc1pesxv9av0axcyyphfgpp470dqgefysx2kk4klwfdpu5n8aq62n8eqcrs4hg","bitcoin","BTC",0.70150212,0.0,"BTC",45597.637800000004,198,0,0,1,1,1.0,0.0,0.0,True,0.1128,0.05320125558666233,False,False,"",13.1,"",0,"[]","[]",0,False,False,"",""
"bc1pqrpz7fjv8xgelmu8fhee9n0mnp8wjte4yxz7xne20w4g66u70xescg3rr7","bitcoin","BTC",0.87031808,0.0,"BTC",56570.6752,332,0,0,1,1,1.0,0.0,0.0,True,0.38939999999999997,0.053471367751839416,False,False,"",13.0,"",0,"[]","[]",0,False,False,"",""
"bc1pfcjj9nxjq3th8kyfc7hlqgv3ycg8vvn5kz4hekdt6gmeghmma5dqxfufkh","bitcoin","BTC",0.87031808,0.0,"BTC",56570.6752,332,0,0,1,1,1.0,0.0,0.0,True,0.38939999999999997,0.053471367751839416,False,False,"",13.0,"",0,"[]","[]",0,False,False,"",""
"bc1pyfpqe5eszpr7yzwc3v6f34f3es0770ctfsm384lw24vhap7cwcds8jx7ln","bitcoin","BTC",0.87031808,0.0,"BTC",56570.6752,332,0,0,1,1,1.0,0.0,0.0,True,0.38939999999999997,0.053471367751839416,False,False,"",13.0,"",0,"[]","[]",0,False,False,"",""
"bc1pzv6ulxyxn69mgcmwac3skdcak2pp3wc94dcgnjrqh4lmwnheqs7qzzh9k3","bitcoin","BTC",0.87031808,0.0,"BTC",56570.6752,332,0,0,1,1,1.0,0.0,0.0,True,0.38939999999999997,0.053471367751839416,False,False,"",13.0,"",0,"[]","[]",0,False,False,"",""
"bc1pr6a5ua63wchjx59vk98fz4udmg0efujx6lq6lven5culaltden4s77t3kj","bitcoin","BTC",0.87031808,0.0,"BTC",56570.6752,332,0,0,1,1,1.0,0.0,0.0,True,0.38939999999999997,0.053471367751839416,False,False,"",13.0,"",0,"[]","[]",0,False,False,"",""
"bc1pzc6nrl6g7d5ecv997kynkmjnxepu227070crg5zyzqd7s5crpt6s2h6vx6","bitcoin","BTC",0.87031808,0.0,"BTC",56570.6752,332,0,0,1,1,1.0,0.0,0.0,True,0.38939999999999997,0.053471367751839416,False,False,"",13.0,"",0,"[]","[]",0,False,False,"",""
"bc1plq9jsd4gm02mxs5dr0quuwy68320f9lrtdxupnp4qkf99dqzywcqf98ue3","bitcoin","BTC",0.87031808,0.0,"BTC",56570.6752,332,0,0,1,1,1.0,0.0,0.0,True,0.38939999999999997,0.053471367751839416,False,False,"",13.0,"",0,"[]","[]",0,False,False,"",""
"bc1p2ltf9nnk4fx5w5lnw2dw2yvwuuagvmmvn3nsfx0mka2790wcmvss9j3yvm","bitcoin","BTC",13.85,0.0,"BTC",900250.0,277,0,0,1,1,1.0,0.0,0.0,True,0.325275,0.05348997872370709,False,False,"",13.0,"",0,"[]","[]",0,False,False,"",""
"bc1p2rheffax076ywqusd6na8c8qkrezsueckntgg9zy0lsngfwlmgysmn3cx2","bitcoin","BTC",37.748736,0.0,"BTC",2453667.84,225,0,0,1,1,1.0,0.0,0.0,True,0.159075,0.05397323852620983,False,False,"",13.0,"",0,"[]","[]",0,False,False,"",""
"bc1pjjfdqdpzea9wgcunp2hc0m2msfjls0susgs3tuwudlhhyfgv5masvy8jyf","bitcoin","BTC",37.748736,0.0,"BTC",2453667.84,225,0,0,1,1,1.0,0.0,0.0,True,0.159075,0.05397323852620983,False,False,"",13.0,"",0,"[]","[]",0,False,False,"",""
"bc1ptmugalxd3t26fk357glrgqv5r3me76crumf4nlqfvzzu09tvzgts7hky4j","bitcoin","BTC",37.748736,0.0,"BTC",2453667.84,225,0,0,1,1,1.0,0.0,0.0,True,0.159075,0.05397323852620983,False,False,"",13.0,"",0,"[]","[]",0,False,False,"",""
"bc1q5vqyg35cyfgz0aj6aqxxgwzae2qxwmzkl32dkw","bitcoin","BTC",45.8,0.0,"BTC",2977000.0,229,0,0,1,1,1.0,0.0,0.0,True,0.17407499999999998,0.05477368301723251,False,False,"",12.9,"",0,"[]","[]",0,False,False,"",""
"bc1pkj09klt062t8s006vcz90f48mewm9cpjhe237wf0kz4t3grxuupq4t5pfd","bitcoin","BTC",45.8,0.0,"BTC",2977000.0,229,0,0,1,1,1.0,0.0,0.0,True,0.17407499999999998,0.05477368301723251,False,False,"",12.9,"",0,"[]","[]",0,False,False,"",""
"bc1pfyzzef4585ecs0wxuzzsp0s2xqec9zdrjtnm2fgaz0knue6sjwzq4h8vge","bitcoin","BTC",46.9762048,0.0,"BTC",3053453.312,280,0,0,1,1,1.0,0.0,0.0,True,0.33089999999999997,0.05577050216643786,False,False,"",12.8,"",0,"[]","[]",0,False,False,"",""
"bc1ps5xgrktr2jx8exx8ykh4j39px33hg6ktv3u0qqpeczsxt25e5l4svedx4c","bitcoin","BTC",46.9762048,0.0,"BTC",3053453.312,280,0,0,1,1,1.0,0.0,0.0,True,0.33089999999999997,0.05577050216643786,False,False,"",12.8,"",0,"[]","[]",0,False,False,"",""
"bc1pta0sueq0zllj73gx52czkfxt9whwnmqzs3zp4ync4kmrwyhl79jshfcydh","bitcoin","BTC",46.9762048,0.0,"BTC",3053453.312,280,0,0,1,1,1.0,0.0,0.0,True,0.33089999999999997,0.05577050216643786,False,False,"",12.8,"",0,"[]","[]",0,False,False,"",""
"bc1pnlrwhjntn8630kqe8acpqkzu3mcnmtwdq08kn97ax0vs0vcw29vqd4af25","bitcoin","BTC",6.83671552,0.0,"BTC",444386.5088,326,0,0,1,1,1.0,0.0,0.0,True,0.38407499999999994,0.0565061859341669,False,False,"",12.7,"",0,"[]","[]",0,False,False,"",""
"bc1p44pym6hcen3pdu7qct3ve8vnle7968ydgnk2f2kyqvejpwqpv9fswm2hqx","bitcoin","BTC",6.83671552,0.0,"BTC",444386.5088,326,0,0,1,1,1.0,0.0,0.0,True,0.38407499999999994,0.0565061859341669,False,False,"",12.7,"",0,"[]","[]",0,False,False,"",""
"bc1pc65d8mn5lu06v5f590xudwmxlw32t4egtzdfc5qnqznu8lpafress98xxh","bitcoin","BTC",6.83671552,0.0,"BTC",444386.5088,326,0,0,1,1,1.0,0.0,0.0,True,0.38407499999999994,0.0565061859341669,False,False,"",12.7,"",0,"[]","[]",0,False,False,"",""
"bc1p5xs4gs6gkep5qvant8p9ddm4h0n36qk98aw9gwrtjf6wglsttpks2ag2ef","bitcoin","BTC",6.83671552,0.0,"BTC",444386.5088,326,0,0,1,1,1.0,0.0,0.0,True,0.38407499999999994,0.0565061859341669,False,False,"",12.7,"",0,"[]","[]",0,False,False,"",""
"bc1py3agddc6eu7hngsrk0ymm8yxjasmqf9rc3cja9q2m4m5hv2r77ssmk33k6","bitcoin","BTC",44.29185024,0.0,"BTC",2878970.2656,264,0,0,1,1,1.0,0.0,0.0,True,0.27585,0.05650574589725543,False,False,"",12.7,"",0,"[]","[]",0,False,False,"",""
"bc1pn785yrf2m4yed9qa2dkamrrfxn0sfenqa8z3rnncy39ksqxhp75qvnxxel","bitcoin","BTC",44.29185024,0.0,"BTC",2878970.2656,264,0,0,1,1,1.0,0.0,0.0,True,0.27585,0.05650574589725543,False,False,"",12.7,"",0,"[]","[]",0,False,False,"",""
"bc1pc5trk5q9azuteu67zur08xup8dvlx0vg77aj59vj8zdz7dskmgpqn389sw","bitcoin","BTC",1.17625608,0.0,"BTC",76456.6452,332,0,0,1,1,1.0,0.0,0.0,True,0.38939999999999997,0.05676358964712508,False,False,"",12.6,"",0,"[]","[]",0,False,False,"",""
"bc1pth6pl4za8j6uz3m77c5luumezfwnepva9tdkham693dswjmlzv0qq2gpm6","bitcoin","BTC",1.17625608,0.0,"BTC",76456.6452,332,0,0,1,1,1.0,0.0,0.0,True,0.38939999999999997,0.05676358964712508,False,False,"",12.6,"",0,"[]","[]",0,False,False,"",""
"bc1p7n5vyexkrwxek480eza99el0ex7ecmu09gxzftprk43z6ldq6vtqwmsp0r","bitcoin","BTC",1.17625608,0.0,"BTC",76456.6452,332,0,0,1,1,1.0,0.0,0.0,True,0.38939999999999997,0.05676358964712508,False,False,"",12.6,"",0,"[]","[]",0,False,False,"",""
"bc1p8sx3rn9efr3z83hwrnvhapx7wncd9sqqak6l2hmy4lslc254t8psh66u50","bitcoin","BTC",4.15236096,0.0,"BTC",269903.4624,198,0,0,1,1,1.0,0.0,0.0,True,0.1128,0.0566111643829485,False,False,"",12.6,"",0,"[]","[]",0,False,False,"",""
"bc1pckhepz3f6kgnpl250hgs796n6ncfj4v3um984ew4l7s7gjvhx7uqekf6gp","bitcoin","BTC",44.8,0.0,"BTC",2912000.0,224,0,0,1,1,1.0,0.0,0.0,True,0.152925,0.057463574692064034,False,False,"",12.5,"",0,"[]","[]",0,False,False,"",""
"bc1pn0pm9lhd5plx6htfup57xj72k7ne5fpj96carah6z5r3nwmaaxkqm5addw","bitcoin","BTC",44.8,0.0,"BTC",2912000.0,224,0,0,1,1,1.0,0.0,0.0,True,0.152925,0.057463574692064034,False,False,"",12.5,"",0,"[]","[]",0,False,False,"",""
"bc1pw58v5usdmhrsqqztt408qulatgpukp5azne5204vzqanx08g0glq2dw0lf","bitcoin","BTC",0.708588,0.0,"BTC",46058.22,200,0,0,1,1,1.0,0.0,0.0,True,0.11624999999999999,0.05786091102797153,False,False,"",12.5,"",0,"[]","[]",0,False,False,"",""
"bc1plarmfce9kvqvadd7vqerp8rr05xcc8xrf6myrfwrs79eakqs7ysqyhadqc","bitcoin","BTC",1.76438412,0.0,"BTC",114684.9678,332,0,0,1,1,1.0,0.0,0.0,True,0.38939999999999997,0.05913824234282894,False,False,"",12.3,"",0,"[]","[]",0,False,False,"",""
"bc1pqlfxg66y5yefjh7xed4arzrc76vd89yufsdg3s7387npafqcnsaqkmcrv0","bitcoin","BTC",1.76438412,0.0,"BTC",114684.9678,332,0,0,1,1,1.0,0.0,0.0,True,0.38939999999999997,0.05913824234282894,False,False,"",12.3,"",0,"[]","[]",0,False,False,"",""
"bc1prlqxg6h5x886u5eakhkg5vq3j48sml039ph9ww9mfumkwdjmcwds8gm4rn","bitcoin","BTC",3.52876824,0.0,"BTC",229369.9356,332,0,0,1,1,1.0,0.0,0.0,True,0.38939999999999997,0.05932160132677888,False,False,"",12.3,"",0,"[]","[]",0,False,False,"",""
"bc1p26t9lqxmw25avqg9rh4jlm3gzfykcjtj6d8x0laqy325k3cxpyks6js54w","bitcoin","BTC",1.76438412,0.0,"BTC",114684.9678,332,0,0,1,1,1.0,0.0,0.0,True,0.38939999999999997,0.05913824234282894,False,False,"",12.3,"",0,"[]","[]",0,False,False,"",""
"bc1pp57qmnryuhwzyzcwpxtyn6k9s8am049wttzzytd4cydn6qvpxcvq0pr8zh","bitcoin","BTC",3.52876824,0.0,"BTC",229369.9356,332,0,0,1,1,1.0,0.0,0.0,True,0.38939999999999997,0.05932160132677888,False,False,"",12.3,"",0,"[]","[]",0,False,False,"",""
"bc1pvmfufdzagyp2gqyprfpy9kezcfacl6wt9u8h7pqfjuvk4ferfwxstvzjky","bitcoin","BTC",1.76438412,0.0,"BTC",114684.9678,332,0,0,1,1,1.0,0.0,0.0,True,0.38939999999999997,0.05913824234282894,False,False,"",12.3,"",0,"[]","[]",0,False,False,"",""
"bc1pc2wpdtq4tvyz0cczx9yey8c0c375tc80w7vh98wey52ffjs2hecq0wehwq","bitcoin","BTC",1.76438412,0.0,"BTC",114684.9678,332,0,0,1,1,1.0,0.0,0.0,True,0.38939999999999997,0.05913824234282894,False,False,"",12.3,"",0,"[]","[]",0,False,False,"",""
"bc1p9gafpfar6x8ruzdrw6kvepj9967lgd2gw80v8ftf3kzlmch6ffkscar9aw","bitcoin","BTC",1.76438412,0.0,"BTC",114684.9678,332,0,0,1,1,1.0,0.0,0.0,True,0.38939999999999997,0.05913824234282894,False,False,"",12.3,"",0,"[]","[]",0,False,False,"",""
"bc1pjklrldj02z0jmg3u9hhc0n0d0qnhp7nqa8l6j07fgeweaxphckus3pv3zn","bitcoin","BTC",1.76438412,0.0,"BTC",114684.9678,332,0,0,1,1,1.0,0.0,0.0,True,0.38939999999999997,0.05913824234282894,False,False,"",12.3,"",0,"[]","[]",0,False,False,"",""
"bc1q5mf0uz5u39wug0mwyz9a2fhtkgkqw82ee7aegh","bitcoin","BTC",15.4,0.0,"BTC",1001000.0,308,0,0,1,1,1.0,0.0,0.0,True,0.373575,0.059555917854699214,False,False,"",12.3,"",0,"[]","[]",0,False,False,"",""
"bc1pp4dfwc50hnjucfsqfd3gx47v08gn0tqjh0sqqn4pmhnw4swd94dskq7z8v","bitcoin","BTC",15.4,0.0,"BTC",1001000.0,308,0,0,1,1,1.0,0.0,0.0,True,0.373575,0.059555917854699214,False,False,"",12.3,"",0,"[]","[]",0,False,False,"",""
"bc1qx8ffeg6p7a70ncw53qhred0ww2ag6a704qlaez","bitcoin","BTC",15.4,0.0,"BTC",1001000.0,308,0,0,1,1,1.0,0.0,0.0,True,0.373575,0.059555917854699214,False,False,"",12.3,"",0,"[]","[]",0,False,False,"",""
"bc1pw5s7xtgeftrjnxpnlx29t7gvqt59zcrextxn5vawehkncm40jccqejr8g9","bitcoin","BTC",0.54525952,0.0,"BTC",35441.8688,208,0,0,1,1,1.0,0.0,0.0,True,0.12345,0.06034609205810676,False,False,"",12.2,"",0,"[]","[]",0,False,False,"",""
"bc1pf0kxy0wply72889g379zazp95g4jk7llqkrr62067ggfcentj3jqpm7zx3","bitcoin","BTC",0.54525952,0.0,"BTC",35441.8688,208,0,0,1,1,1.0,0.0,0.0,True,0.12345,0.06034609205810676,False,False,"",12.2,"",0,"[]","[]",0,False,False,"",""
"bc1p55apk92q7tqwvcvxckzpaquaqcw3qj3a5pdetw3rjaf6xuhu7tzssp440e","bitcoin","BTC",0.54525952,0.0,"BTC",35441.8688,208,0,0,1,1,1.0,0.0,0.0,True,0.12345,0.06034609205810676,False,False,"",12.2,"",0,"[]","[]",0,False,False,"",""
"bc1pwnvflkmj6wf3fvts68d9hvxjvty7cckthzl06a24tx6m4ld06ttq7d498c","bitcoin","BTC",0.54525952,0.0,"BTC",35441.8688,208,0,0,1,1,1.0,0.0,0.0,True,0.12345,0.06034609205810676,False,False,"",12.2,"",0,"[]","[]",0,False,False,"",""
"bc1pqrq9jlpe2zj0r2yhrekcxnnkx9q84jdzwuwjsrl74hpd2swn7pes7q6hpx","bitcoin","BTC",0.54525952,0.0,"BTC",35441.8688,208,0,0,1,1,1.0,0.0,0.0,True,0.12345,0.06034609205810676,False,False,"",12.2,"",0,"[]","[]",0,False,False,"",""
"bc1pyg4xyjua2ycmqcd3n083e4wqxsvqea4k3xl74lfsdj7cc2n4xs3qkuufts","bitcoin","BTC",0.54525952,0.0,"BTC",35441.8688,208,0,0,1,1,1.0,0.0,0.0,True,0.12345,0.06034609205810676,False,False,"",12.2,"",0,"[]","[]",0,False,False,"",""
"bc1ptufvaqau05q025w7t2uxen5978plkgj2pzrp5h6g4m9c70538smsz0tz9k","bitcoin","BTC",0.54525952,0.0,"BTC",35441.8688,208,0,0,1,1,1.0,0.0,0.0,True,0.12345,0.06034609205810676,False,False,"",12.2,"",0,"[]","[]",0,False,False,"",""
"bc1pwq95trp88phlyeryga4rzqnft3adg8hec5f4tm6p2p2f43euwykq53yfph","bitcoin","BTC",2.10450636,0.0,"BTC",136792.9134,198,0,0,1,1,1.0,0.0,0.0,True,0.1128,0.060103364936543335,False,False,"",12.2,"",0,"[]","[]",0,False,False,"",""
"bc1pgzd4pzmdlt6jhatkuwvr6692gyfhfzarlda4804kyc75wwak59kqec75ag","bitcoin","BTC",9.9,0.0,"BTC",643500.0,198,0,0,1,1,1.0,0.0,0.0,True,0.1128,0.05989812962379909,False,False,"",12.2,"",0,"[]","[]",0,False,False,"",""
"bc1qqhcjhfxphh73nlv7lwjz8n57fqx4dm9vz6lwuv","bitcoin","BTC",9.9,0.0,"BTC",643500.0,198,0,0,1,1,1.0,0.0,0.0,True,0.1128,0.05989812962379909,False,False,"",12.2,"",0,"[]","[]",0,False,False,"",""
"bc1qkkqz2vnazhf5wthwr9gm9eg743amwnhk5wtgv5","bitcoin","BTC",1.05225318,0.0,"BTC",68396.4567,198,0,0,1,1,1.0,0.0,0.0,True,0.1128,0.06095204794131365,False,False,"",12.1,"",0,"[]","[]",0,False,False,"",""
"bc1ptjs3cml78rv39e2aewtwlpv4ceqp69z6ccp639zf0wua2s0ktyfqk88f0q","bitcoin","BTC",1.05225318,0.0,"BTC",68396.4567,198,0,0,1,1,1.0,0.0,0.0,True,0.1128,0.06095204794131365,False,False,"",12.1,"",0,"[]","[]",0,False,False,"",""
"bc1p49ps5sjv97gzwycfs6kjh8x7677qcuxuafsvgz6l5vphmkvmrthqhvdp0w","bitcoin","BTC",0.652,0.0,"BTC",42380.0,326,0,0,1,1,1.0,0.0,0.0,True,0.38407499999999994,0.0621539583357994,False,False,"",12.0,"",0,"[]","[]",0,False,False,"",""
"bc1pypz0pq02nwu0j686a0rcl24a4j8yx63mcf6fsngxf244gk8eempqzxcsrg","bitcoin","BTC",0.652,0.0,"BTC",42380.0,326,0,0,1,1,1.0,0.0,0.0,True,0.38407499999999994,0.0621539583357994,False,False,"",12.0,"",0,"[]","[]",0,False,False,"",""
"bc1prnam72htfj7sy7asp7uunf69ksaks5mlj893jrunehhe2qazqzgqtese02","bitcoin","BTC",0.652,0.0,"BTC",42380.0,326,0,0,1,1,1.0,0.0,0.0,True,0.38407499999999994,0.0621539583357994,False,False,"",12.0,"",0,"[]","[]",0,False,False,"",""
"bc1ppd25v7vq6n4unfkn8gdryju70n5fed5h99nmmu5u07ek2l424kvq7h35cq","bitcoin","BTC",0.652,0.0,"BTC",42380.0,326,0,0,1,1,1.0,0.0,0.0,True,0.38407499999999994,0.0621539583357994,False,False,"",12.0,"",0,"[]","[]",0,False,False,"",""
"bc1qgjakyuapekhnt9vk4a7cfd2gfh9d29aj4n4086","bitcoin","BTC",43.11744512,0.0,"BTC",2802633.9328,257,0,0,1,1,1.0,0.0,0.0,True,0.247875,0.06227447323464119,False,False,"",12.0,"",0,"[]","[]",0,False,False,"",""
"bc1p9lf98s2amplmhk8slm3a6qkdc9sp3tp5z2lpwh7nknxs4xpt33esckufst","bitcoin","BTC",47.14397696,0.0,"BTC",3064358.5024,281,0,0,1,1,1.0,0.0,0.0,True,0.33757499999999996,0.06270846191867663,False,False,"",11.9,"",0,"[]","[]",0,False,False,"",""
"bc1qxmupv2mc8kge805ll3ewy2a6tn6ttscvny6ela","bitcoin","BTC",47.14397696,0.0,"BTC",3064358.5024,281,0,0,1,1,1.0,0.0,0.0,True,0.33757499999999996,0.06270846191867663,False,False,"",11.9,"",0,"[]","[]",0,False,False,"",""
"bc1pexqxdsat4nw34l9s9kht7thgcs0dfd5r44254jmq5levzgh4pqgqw8clgx","bitcoin","BTC",47.14397696,0.0,"BTC",3064358.5024,281,0,0,1,1,1.0,0.0,0.0,True,0.33757499999999996,0.06270846191867663,False,False,"",11.9,"",0,"[]","[]",0,False,False,"",""
"bc1pjunn82dz2z8a7tz5j655xmr637nupfnzeaejgdrz3fu2n4swgssqwpvv5j","bitcoin","BTC",47.14397696,0.0,"BTC",3064358.5024,281,0,0,1,1,1.0,0.0,0.0,True,0.33757499999999996,0.06270846191867663,False,False,"",11.9,"",0,"[]","[]",0,False,False,"",""
"bc1pgj0uzv0ehuj30tax7kpywdhctq80whnehhr9qgfrh9fgn0l93nps0pa0q7","bitcoin","BTC",23.914845,0.0,"BTC",1554464.925,250,0,0,1,1,1.0,0.0,0.0,True,0.233175,0.06280986916640185,False,False,"",11.9,"",0,"[]","[]",0,False,False,"",""
"bc1pex7qq4cphwuqxpn9vlq7y6cqg53l63lz0v9lk96f46x80dz4yxdqqfulzm","bitcoin","BTC",23.914845,0.0,"BTC",1554464.925,250,0,0,1,1,1.0,0.0,0.0,True,0.233175,0.06280986916640185,False,False,"",11.9,"",0,"[]","[]",0,False,False,"",""
"bc1pzkm8ka6na9kmk2vwqe3spzgser3fhn34rdfrnpy2jaa0nj978evs43lf9l","bitcoin","BTC",49.8,0.0,"BTC",3237000.0,249,0,0,1,1,1.0,0.0,0.0,True,0.228825,0.06252915404047638,False,False,"",11.9,"",0,"[]","[]",0,False,False,"",""
"bc1qhpf4ym2nt9mnyx4u2qtrka67lk2lzmuaky3q72","bitcoin","BTC",49.8,0.0,"BTC",3237000.0,249,0,0,1,1,1.0,0.0,0.0,True,0.228825,0.06252915404047638,False,False,"",11.9,"",0,"[]","[]",0,False,False,"",""
"bc1q2u7z5y3v4e4kngfcradxr9yvl7fcvrdjr2r7n4","bitcoin","BTC",49.8,0.0,"BTC",3237000.0,249,0,0,1,1,1.0,0.0,0.0,True,0.228825,0.06252915404047638,False,False,"",11.9,"",0,"[]","[]",0,False,False,"",""
"bc1pf7t4u63c8va07kmqln8rcecxmytfa34tf8ruezh23r3w3rmkzyjqwdk7x2","bitcoin","BTC",49.8,0.0,"BTC",3237000.0,249,0,0,1,1,1.0,0.0,0.0,True,0.228825,0.06252915404047638,False,False,"",11.9,"",0,"[]","[]",0,False,False,"",""
"bc1pjvq3f7nzddnm336k6gzxq7fsr86p52n6ns4pdc8pygs3qycsgl9q7weey3","bitcoin","BTC",40.60086272,0.0,"BTC",2639056.0768,242,0,0,1,1,1.0,0.0,0.0,True,0.19740000000000002,0.06333874288672442,False,False,"",11.8,"",0,"[]","[]",0,False,False,"",""
"bc1qlwf5zrw89hwxes6kqdcd69fwelm4neam86elw4","bitcoin","BTC",26.5,0.0,"BTC",1722500.0,265,0,0,1,1,1.0,0.0,0.0,True,0.28049999999999997,0.0647702603916131,False,False,"",11.7,"",0,"[]","[]",0,False,False,"",""
"bc1qd3hhwe6szqk8pama8gdsauprr5y3l8khaq7yt6","bitcoin","BTC",26.5,0.0,"BTC",1722500.0,265,0,0,1,1,1.0,0.0,0.0,True,0.28049999999999997,0.0647702603916131,False,False,"",11.7,"",0,"[]","[]",0,False,False,"",""
"bc1p5k64r5vnj93jq03rwdamryn4wlhctwzqn5dgl6z0596jemestjus3pm6qe","bitcoin","BTC",10.05,0.0,"BTC",653250.0,201,0,0,1,1,1.0,0.0,0.0,True,0.1185,0.06538343982180428,False,False,"",11.6,"",0,"[]","[]",0,False,False,"",""
"bc1ps0zv3p958lyq2aa2w7frjpxqkx22gedrkca0jjnq5es7qufhtdpqcrvvsp","bitcoin","BTC",6.77380096,0.0,"BTC",440297.0624,323,0,0,1,1,1.0,0.0,0.0,True,0.37829999999999997,0.06608476787518613,False,False,"",11.5,"",0,"[]","[]",0,False,False,"",""
"bc1pz3jr6x4gx3lh3yta2v5q7u5d3vavkuec0wugzawjrmw4g4a8vc6qexlvme","bitcoin","BTC",6.77380096,0.0,"BTC",440297.0624,323,0,0,1,1,1.0,0.0,0.0,True,0.37829999999999997,0.06608476787518613,False,False,"",11.5,"",0,"[]","[]",0,False,False,"",""
"bc1p9vsx07ykly72rsmd4pfmzmzhsz5l5c6q7ecv57na89hlne72qnjq98ssce","bitcoin","BTC",6.77380096,0.0,"BTC",440297.0624,323,0,0,1,1,1.0,0.0,0.0,True,0.37829999999999997,0.06608476787518613,False,False,"",11.5,"",0,"[]","[]",0,False,False,"",""
"bc1pnngsfw9g8vzh02gpah6pf43cn54kfs7ypzm38hs34as9w8e6jy0q8p983y","bitcoin","BTC",6.77380096,0.0,"BTC",440297.0624,323,0,0,1,1,1.0,0.0,0.0,True,0.37829999999999997,0.06608476787518613,False,False,"",11.5,"",0,"[]","[]",0,False,False,"",""
"bc1pjxqzqdgntpc5y7jrtmpugl8lynwsp7609xhjngyn8fgdhpkhk4uss56vzs","bitcoin","BTC",6.77380096,0.0,"BTC",440297.0624,323,0,0,1,1,1.0,0.0,0.0,True,0.37829999999999997,0.06608476787518613,False,False,"",11.5,"",0,"[]","[]",0,False,False,"",""
"bc1prfyrey993h6q4zh3w3fv6z6k0d9n96fvj60x22lkganuhgqlf59sz055aj","bitcoin","BTC",6.77380096,0.0,"BTC",440297.0624,323,0,0,1,1,1.0,0.0,0.0,True,0.37829999999999997,0.06608476787518613,False,False,"",11.5,"",0,"[]","[]",0,False,False,"",""
"bc1pecphr7dj0memvzvvdrrux54h32c666063t5zh25fspfusdlkkz6qh6sncu","bitcoin","BTC",6.77380096,0.0,"BTC",440297.0624,323,0,0,1,1,1.0,0.0,0.0,True,0.37829999999999997,0.06608476787518613,False,False,"",11.5,"",0,"[]","[]",0,False,False,"",""
"bc1pdja5pdy4nkqagygsvh6zdu6rvj3yuf6dln28juycr7gntr5pyj6su02w9n","bitcoin","BTC",3.46499532,0.0,"BTC",225224.6958,326,0,0,1,1,1.0,0.0,0.0,True,0.38407499999999994,0.06642966436025732,False,False,"",11.4,"",0,"[]","[]",0,False,False,"",""
"bc1pdpapxk9zzx3kfcn909qlnqqld8q5mc3r653l6803wqz95majw3cq70cmtc","bitcoin","BTC",3.46499532,0.0,"BTC",225224.6958,326,0,0,1,1,1.0,0.0,0.0,True,0.38407499999999994,0.06642966436025732,False,False,"",11.4,"",0,"[]","[]",0,False,False,"",""
"bc1pjewvxy4nyaru32y0f7t3d0m9c6e304u59jlcqar6s5llk2jq40rsahlfr8","bitcoin","BTC",3.46499532,0.0,"BTC",225224.6958,326,0,0,1,1,1.0,0.0,0.0,True,0.38407499999999994,0.06642966436025732,False,False,"",11.4,"",0,"[]","[]",0,False,False,"",""
"bc1pwksdhf5hc3s68fkdrg5nzdvr0hctdll8hxu7chuear74en4fqtwsqsgfqw","bitcoin","BTC",3.46499532,0.0,"BTC",225224.6958,326,0,0,1,1,1.0,0.0,0.0,True,0.38407499999999994,0.06642966436025732,False,False,"",11.4,"",0,"[]","[]",0,False,False,"",""
"bc1pqrpktgknj6sztn6taz3mcjxd5qkss7vjrv6ymjfj67mdqrxlds9s8tcrl6","bitcoin","BTC",17.44830464,0.0,"BTC",1134139.8016,208,0,0,1,1,1.0,0.0,0.0,True,0.12345,0.06666155629748266,False,False,"",11.4,"",0,"[]","[]",0,False,False,"",""
"bc1phkw0rz0rt856sg9fpgxz9w5vmsq5e9q5pazpgtps42c7nhw5dd6q6vv9lw","bitcoin","BTC",17.44830464,0.0,"BTC",1134139.8016,208,0,0,1,1,1.0,0.0,0.0,True,0.12345,0.06666155629748266,False,False,"",11.4,"",0,"[]","[]",0,False,False,"",""
"bc1ptgns2v0rugj8z7f9gsehx3aghdlpv2884w3sqrzu6g3qjkh683vswh0rgl","bitcoin","BTC",17.44830464,0.0,"BTC",1134139.8016,208,0,0,1,1,1.0,0.0,0.0,True,0.12345,0.06666155629748266,False,False,"",11.4,"",0,"[]","[]",0,False,False,"",""
"bc1p50u7t8fzdmd33w9kuh6h8647zc69dw3yugmrmucsle6a5gvawa7sxdwkrd","bitcoin","BTC",17.44830464,0.0,"BTC",1134139.8016,208,0,0,1,1,1.0,0.0,0.0,True,0.12345,0.06666155629748266,False,False,"",11.4,"",0,"[]","[]",0,False,False,"",""
"bc1p4nlqv86y4adf6n8ucx7lwrtg5kf3k0pua2jtw4mvqfue4kh4349sk2h2kw","bitcoin","BTC",17.44830464,0.0,"BTC",1134139.8016,208,0,0,1,1,1.0,0.0,0.0,True,0.12345,0.06666155629748266,False,False,"",11.4,"",0,"[]","[]",0,False,False,"",""
"bc1pjqpty5p0s7r767d7962tnhg2axr0xpgx0ztkzl8d6vw87lx22twqcw86zn","bitcoin","BTC",17.44830464,0.0,"BTC",1134139.8016,208,0,0,1,1,1.0,0.0,0.0,True,0.12345,0.06666155629748266,False,False,"",11.4,"",0,"[]","[]",0,False,False,"",""
"bc1pzgh4wl68yqws8sz5stdezjgscffkek55ng5s0su8vfyx29crzxsqx75569","bitcoin","BTC",0.71213094,0.0,"BTC",46288.511099999996,201,0,0,1,1,1.0,0.0,0.0,True,0.1185,0.06718627670073091,False,False,"",11.4,"",0,"[]","[]",0,False,False,"",""
"bc1pa5ds6535r2llksc4yetgv0jn7cjvu2c8f9vjse9zpaar6yyuag5sa5sn0l","bitcoin","BTC",0.71213094,0.0,"BTC",46288.511099999996,201,0,0,1,1,1.0,0.0,0.0,True,0.1185,0.06718627670073091,False,False,"",11.4,"",0,"[]","[]",0,False,False,"",""
"bc1pygq77swvzwsmkvhe2n0v5wajmzffpj8qcph98e5euceetchwdh4snrda83","bitcoin","BTC",45.2984832,0.0,"BTC",2944401.408,270,0,0,1,1,1.0,0.0,0.0,True,0.292275,0.06753766903524316,False,False,"",11.3,"",0,"[]","[]",0,False,False,"",""
"bc1p73wh9lu37q0qa853g6w9pcjuqsvdfzjg72seyrea4nrjgjtpts5q3q40ff","bitcoin","BTC",45.2984832,0.0,"BTC",2944401.408,270,0,0,1,1,1.0,0.0,0.0,True,0.292275,0.06753766903524316,False,False,"",11.3,"",0,"[]","[]",0,False,False,"",""
"bc1pcem4r2st6xapg2vjf7cqzrhvcwnv82w442qeezhl5xahreva2r0q0mk42f","bitcoin","BTC",45.2984832,0.0,"BTC",2944401.408,270,0,0,1,1,1.0,0.0,0.0,True,0.292275,0.06753766903524316,False,False,"",11.3,"",0,"[]","[]",0,False,False,"",""
"bc1q9z3gqdj8vy0nqv4lq7mmx5dgunfrxzfgywr3cm","bitcoin","BTC",1.05225318,0.0,"BTC",68396.4567,198,0,0,1,1,1.0,0.0,0.0,True,0.1128,0.06831330806362568,False,False,"",11.2,"",0,"[]","[]",0,False,False,"",""
"bc1pn74pep0chqz70qm0dxurmw2fpmsk3t7rs70p9ww6cc7rw8c73juqwerph5","bitcoin","BTC",0.646,0.0,"BTC",41990.0,323,0,0,1,1,1.0,0.0,0.0,True,0.37829999999999997,0.06904519453716834,False,False,"",11.1,"",0,"[]","[]",0,False,False,"",""
"bc1pgw73u4dd75nwel0f8lcwls8zy94373jl3hgvt3s6pxqkkgsjh8aqpgu2ts","bitcoin","BTC",0.646,0.0,"BTC",41990.0,323,0,0,1,1,1.0,0.0,0.0,True,0.37829999999999997,0.06904519453716834,False,False,"",11.1,"",0,"[]","[]",0,False,False,"",""
"bc1py8xutt8fprdsqfypqfcrps282nr6u04jctpdc9yexlgrjug2va4qfccd6z","bitcoin","BTC",0.646,0.0,"BTC",41990.0,323,0,0,1,1,1.0,0.0,0.0,True,0.37829999999999997,0.06904519453716834,False,False,"",11.1,"",0,"[]","[]",0,False,False,"",""
"bc1pg5csvs9rvh8rs867g3upea6m6ytdkr99akv6jtwpgmmhsfkcvlcsp4aty7","bitcoin","BTC",0.646,0.0,"BTC",41990.0,323,0,0,1,1,1.0,0.0,0.0,True,0.37829999999999997,0.06904519453716834,False,False,"",11.1,"",0,"[]","[]",0,False,False,"",""
"bc1ph2nhtjrusvlr94jkqe9nlq5fz3zlytjqk2xdnm3h2galswc5hsqs9ahm6w","bitcoin","BTC",13.67929134,0.0,"BTC",889153.9371000001,286,0,0,1,1,1.0,0.0,0.0,True,0.346725,0.07000249604917291,False,False,"",11.0,"",0,"[]","[]",0,False,False,"",""
"bc1plkmrul0zzhn6m6hgygyzkpa802zussgm7cgsa0v8l6utt7k6clzqm5jwgl","bitcoin","BTC",28.3,0.0,"BTC",1839500.0,283,0,0,1,1,1.0,0.0,0.0,True,0.34365,0.07051330420266816,False,False,"",11.0,"",0,"[]","[]",0,False,False,"",""
"bc1pq3k0ajr0sespq6urf309zkh7lafplgu49fn6yqsgyew0xyzf5mqsmjlflz","bitcoin","BTC",41.27195136,0.0,"BTC",2682676.8384000002,246,0,0,1,1,1.0,0.0,0.0,True,0.2229,0.07016639977620753,False,False,"",11.0,"",0,"[]","[]",0,False,False,"",""
"bc1p3tqngtrr9prqt2fvrj26uk2rlvrynuenzmstt3sfa9nnxql9sy8q5lvd0c","bitcoin","BTC",41.27195136,0.0,"BTC",2682676.8384000002,246,0,0,1,1,1.0,0.0,0.0,True,0.2229,0.07016639977620753,False,False,"",11.0,"",0,"[]","[]",0,False,False,"",""
"bc1prd3lpcc9qv8cm2mnrl8kcxmacrzcp3xcrlzyg66sc57xw6y7an8slycy5f","bitcoin","BTC",41.27195136,0.0,"BTC",2682676.8384000002,246,0,0,1,1,1.0,0.0,0.0,True,0.2229,0.07016639977620753,False,False,"",11.0,"",0,"[]","[]",0,False,False,"",""
"bc1ps8f6ew8f8zu0cehk22pd4tfclghw6jqrug8gj62v4nnprlxm73sqhldm6m","bitcoin","BTC",41.27195136,0.0,"BTC",2682676.8384000002,246,0,0,1,1,1.0,0.0,0.0,True,0.2229,0.07016639977620753,False,False,"",11.0,"",0,"[]","[]",0,False,False,"",""
"bc1pezesrrscvg6u4dns7k6zqm2hr050l6cmd3futmqna54fcvr03kds8msfk7","bitcoin","BTC",21.23638236,0.0,"BTC",1380364.8534000001,222,0,0,1,1,1.0,0.0,0.0,True,0.14482499999999998,0.07197052053071923,False,False,"",10.8,"",0,"[]","[]",0,False,False,"",""
"bc1pr0ql8zachezk7mydjsj6cqrrc5qj0hz45ue5s92fev7wq2usgtqssra8pj","bitcoin","BTC",6.31351908,0.0,"BTC",410378.7402,198,0,0,1,1,1.0,0.0,0.0,True,0.1128,0.0715668494126015,False,False,"",10.8,"",0,"[]","[]",0,False,False,"",""
"bc1pluamltk0j23qj7rhjh6v8ulj4xfpxjxc40e4ysmfeg4essvcx54q5jdnyy","bitcoin","BTC",6.31351908,0.0,"BTC",410378.7402,198,0,0,1,1,1.0,0.0,0.0,True,0.1128,0.0715668494126015,False,False,"",10.8,"",0,"[]","[]",0,False,False,"",""
"bc1p76r22anylugg3rfcz2ymtzq3fux9zx5ju2k9ht829nnhs5k534as0y2s36","bitcoin","BTC",6.31351908,0.0,"BTC",410378.7402,198,0,0,1,1,1.0,0.0,0.0,True,0.1128,0.0715668494126015,False,False,"",10.8,"",0,"[]","[]",0,False,False,"",""
"bc1p4sytwnfvuuzh7t07zzrps7hgksrn358l7ymwznn48dxs470w4duq3vczte","bitcoin","BTC",6.31351908,0.0,"BTC",410378.7402,198,0,0,1,1,1.0,0.0,0.0,True,0.1128,0.0715668494126015,False,False,"",10.8,"",0,"[]","[]",0,False,False,"",""
"bc1p36rckthr74e3c5ccvu348x7gy5w3ngywza85eudcpsc0spysj5tsfpqms0","bitcoin","BTC",6.31351908,0.0,"BTC",410378.7402,198,0,0,1,1,1.0,0.0,0.0,True,0.1128,0.0715668494126015,False,False,"",10.8,"",0,"[]","[]",0,False,False,"",""
"bc1qzqvchyxkvs7nvwlg4pesu06lm8ndl9qj3mgekz","bitcoin","BTC",25.06275756,0.0,"BTC",1629079.2414000002,261,0,0,1,1,1.0,0.0,0.0,True,0.26175000000000004,0.07254378599953609,False,False,"",10.7,"",0,"[]","[]",0,False,False,"",""
"bc1p2ack9cyyssapyrahgm66qgthjtpp7zyesckkjy5f70nmyrw026ys40sr2f","bitcoin","BTC",20.94940422,0.0,"BTC",1361711.2743000002,214,0,0,1,1,1.0,0.0,0.0,True,0.127875,0.07256514485837412,False,False,"",10.7,"",0,"[]","[]",0,False,False,"",""
"bc1plxrdq7x40kuczlctuvn3u4clypeslvyssnc02p70rczj25xcnnuqe4ud52","bitcoin","BTC",20.94940422,0.0,"BTC",1361711.2743000002,214,0,0,1,1,1.0,0.0,0.0,True,0.127875,0.07256514485837412,False,False,"",10.7,"",0,"[]","[]",0,False,False,"",""
"bc1pw2expvmtuzx6qqr7lzw733cux0k85jhsjs2jw9kudpr4v5d8stcqt80wuu","bitcoin","BTC",20.94940422,0.0,"BTC",1361711.2743000002,214,0,0,1,1,1.0,0.0,0.0,True,0.127875,0.07256514485837412,False,False,"",10.7,"",0,"[]","[]",0,False,False,"",""
"bc1p95cepy0hhsa9vu8zlsfrnpwdr4qqasyrasphgu5ulkaqhprmdetsdkvznh","bitcoin","BTC",2.10450636,0.0,"BTC",136792.9134,198,0,0,1,1,1.0,0.0,0.0,True,0.1128,0.07236972230198757,False,False,"",10.7,"",0,"[]","[]",0,False,False,"",""
"bc1pj8fwet87vztfgpg5lqsg4t5tcfy43222atu9qv7wckpc45rlf7dqp5fr90","bitcoin","BTC",2.10450636,0.0,"BTC",136792.9134,198,0,0,1,1,1.0,0.0,0.0,True,0.1128,0.07236972230198757,False,False,"",10.7,"",0,"[]","[]",0,False,False,"",""
"bc1p6lumklugfaesenpf2cu26llgp66vyvly28n3f3xwtkx2cpywcfmszdygda","bitcoin","BTC",2.10450636,0.0,"BTC",136792.9134,198,0,0,1,1,1.0,0.0,0.0,True,0.1128,0.07236972230198757,False,False,"",10.7,"",0,"[]","[]",0,False,False,"",""
"bc1p2g8l3zp9fekkx56x0jg2vryxytcradtcatzzx3raxkr2rtg55prsexjr0p","bitcoin","BTC",2.10450636,0.0,"BTC",136792.9134,198,0,0,1,1,1.0,0.0,0.0,True,0.1128,0.07236972230198757,False,False,"",10.7,"",0,"[]","[]",0,False,False,"",""
"bc1p76xqn7ffdluuv2g2qxzcmtq75yazvm7ksnw9w9rs8508y8wp25fq8ky6eg","bitcoin","BTC",2.10450636,0.0,"BTC",136792.9134,198,0,0,1,1,1.0,0.0,0.0,True,0.1128,0.07236972230198757,False,False,"",10.7,"",0,"[]","[]",0,False,False,"",""
"bc1ph5vfmxe7zjqyjx0snsan6ahncu6wk9fwynu2pnsvjuw2srm2ve3qg65ah6","bitcoin","BTC",1.73249766,0.0,"BTC",112612.3479,326,0,0,1,1,1.0,0.0,0.0,True,0.38407499999999994,0.07367796566096452,False,False,"",10.6,"",0,"[]","[]",0,False,False,"",""
"bc1q9kl20lf509sg26aeztu8a6d43yg7hgn9q4tg2p","bitcoin","BTC",1.73249766,0.0,"BTC",112612.3479,326,0,0,1,1,1.0,0.0,0.0,True,0.38407499999999994,0.07367796566096452,False,False,"",10.6,"",0,"[]","[]",0,False,False,"",""
"bc1p04c79cjee88vhn54hzlk9692cxxfp9axk3vsmvwmcfkqmu0acf9sdgqwsz","bitcoin","BTC",1.73249766,0.0,"BTC",112612.3479,326,0,0,1,1,1.0,0.0,0.0,True,0.38407499999999994,0.07367796566096452,False,False,"",10.6,"",0,"[]","[]",0,False,False,"",""
"bc1p50ntdk92dsyxd24kkaj47wtsmj8y829fx6cft0swt9jwmgs6e2jsvrev6q","bitcoin","BTC",1.73249766,0.0,"BTC",112612.3479,326,0,0,1,1,1.0,0.0,0.0,True,0.38407499999999994,0.07367796566096452,False,False,"",10.6,"",0,"[]","[]",0,False,False,"",""
"bc1p95m73dqjrfahx0eyggxkxz9ckmcl6780940f9vre8vn9j0n599cs4dlxl9","bitcoin","BTC",1.73249766,0.0,"BTC",112612.3479,326,0,0,1,1,1.0,0.0,0.0,True,0.38407499999999994,0.07367796566096452,False,False,"",10.6,"",0,"[]","[]",0,False,False,"",""
"bc1qyxaqhrx7yshwkenx26f8ucpyl3u73r8yjf2hw5","bitcoin","BTC",1.73249766,0.0,"BTC",112612.3479,326,0,0,1,1,1.0,0.0,0.0,True,0.38407499999999994,0.07367796566096452,False,False,"",10.6,"",0,"[]","[]",0,False,False,"",""
"bc1qq7zevck34dnrwe0ud0ehxfj0ha3p9tz0dnn4pk","bitcoin","BTC",43.78853376,0.0,"BTC",2846254.6944,261,0,0,1,1,1.0,0.0,0.0,True,0.26175000000000004,0.07319494735846405,False,False,"",10.6,"",0,"[]","[]",0,False,False,"",""
"bc1pm99tssdqxy6n9etmyrevug77640v3wqfy7gd5gd3zxaw686khh8s78f5dq","bitcoin","BTC",43.78853376,0.0,"BTC",2846254.6944,261,0,0,1,1,1.0,0.0,0.0,True,0.26175000000000004,0.07319494735846405,False,False,"",10.6,"",0,"[]","[]",0,False,False,"",""
"bc1qf9gmyul6gx8zg3c476e2snqyyh9kknxp9ak0gr","bitcoin","BTC",38.75536896,0.0,"BTC",2519098.9824,231,0,0,1,1,1.0,0.0,0.0,True,0.1851,0.07333653815852631,False,False,"",10.6,"",0,"[]","[]",0,False,False,"",""
"bc1qydr77rl5hqmed06dtx7xel307d6f5yphtdyw52","bitcoin","BTC",38.75536896,0.0,"BTC",2519098.9824,231,0,0,1,1,1.0,0.0,0.0,True,0.1851,0.07333653815852631,False,False,"",10.6,"",0,"[]","[]",0,False,False,"",""
"bc1p8za6jpgv647mya9nynpfdgjlhk2kpx67mg0c76q9yrzrq7mrmhjqmujs4d","bitcoin","BTC",38.75536896,0.0,"BTC",2519098.9824,231,0,0,1,1,1.0,0.0,0.0,True,0.1851,0.07333653815852631,False,False,"",10.6,"",0,"[]","[]",0,False,False,"",""
"bc1qk0wpkwnl55pajx7vuwpzru7p0tfn47j0kxmh8k","bitcoin","BTC",38.75536896,0.0,"BTC",2519098.9824,231,0,0,1,1,1.0,0.0,0.0,True,0.1851,0.07333653815852631,False,False,"",10.6,"",0,"[]","[]",0,False,False,"",""
"bc1pzxycgj7az9w4nwf3sxnflwwf8yppdstwvlg2d6lwfqsw0nh0w0ks030lyl","bitcoin","BTC",38.75536896,0.0,"BTC",2519098.9824,231,0,0,1,1,1.0,0.0,0.0,True,0.1851,0.07333653815852631,False,False,"",10.6,"",0,"[]","[]",0,False,False,"",""
"bc1q72ukhsgr9hyprzz7r23twzcdy3tnh4lqcnyuw3","bitcoin","BTC",28.79347338,0.0,"BTC",1871575.7696999998,300,0,0,1,1,1.0,0.0,0.0,True,0.3639,0.0743964144823957,False,False,"",10.5,"",0,"[]","[]",0,False,False,"",""
"bc1p8887xvcwldshwhghfsyp79t5umczfax8z76efmcjjmezc7w92sas59h3xz","bitcoin","BTC",28.79347338,0.0,"BTC",1871575.7696999998,300,0,0,1,1,1.0,0.0,0.0,True,0.3639,0.0743964144823957,False,False,"",10.5,"",0,"[]","[]",0,False,False,"",""
"bc1qp0kt8aw8vsau34mr7x5m0d5tpj543sgt0durdq","bitcoin","BTC",28.79347338,0.0,"BTC",1871575.7696999998,300,0,0,1,1,1.0,0.0,0.0,True,0.3639,0.0743964144823957,False,False,"",10.5,"",0,"[]","[]",0,False,False,"",""
"bc1pxy4xq6jxka355c0mk3zzkqeftr52u86e5ughsgqr63ndt8fppt0qhetde7","bitcoin","BTC",28.79347338,0.0,"BTC",1871575.7696999998,300,0,0,1,1,1.0,0.0,0.0,True,0.3639,0.0743964144823957,False,False,"",10.5,"",0,"[]","[]",0,False,False,"",""
"bc1q39nzq2h2hrzgkrna88sx770ejgjhmn3d7s2cz0","bitcoin","BTC",28.79347338,0.0,"BTC",1871575.7696999998,300,0,0,1,1,1.0,0.0,0.0,True,0.3639,0.0743964144823957,False,False,"",10.5,"",0,"[]","[]",0,False,False,"",""
"bc1p9wguc6skzgmel25xcpyyx0ms56v34jwm8l235ygnvwwah3pxpsusp9xshy","bitcoin","BTC",28.79347338,0.0,"BTC",1871575.7696999998,300,0,0,1,1,1.0,0.0,0.0,True,0.3639,0.0743964144823957,False,False,"",10.5,"",0,"[]","[]",0,False,False,"",""
"bc1p62j79jnh895pxp5stvu5vt246lclpzczllz8w0ja94tc7qmd678se44xp5","bitcoin","BTC",28.79347338,0.0,"BTC",1871575.7696999998,300,0,0,1,1,1.0,0.0,0.0,True,0.3639,0.0743964144823957,False,False,"",10.5,"",0,"[]","[]",0,False,False,"",""
"bc1qqruaqhyx3dvynmzj2f4tv62u9k62duuzk5t0ml","bitcoin","BTC",28.79347338,0.0,"BTC",1871575.7696999998,300,0,0,1,1,1.0,0.0,0.0,True,0.3639,0.0743964144823957,False,False,"",10.5,"",0,"[]","[]",0,False,False,"",""
"bc1pyvgjg7lgjrpg0zsl5qjqlmz5mm47tp6zzlcsr6cx97lwwfflzyxscn25pe","bitcoin","BTC",28.79347338,0.0,"BTC",1871575.7696999998,300,0,0,1,1,1.0,0.0,0.0,True,0.3639,0.0743964144823957,False,False,"",10.5,"",0,"[]","[]",0,False,False,"",""
"bc1pdr3wktjfu6uanxvkk6zslxzv0lvs3wsvfchtu00hahqrr0ccec6qfl38yz","bitcoin","BTC",28.79347338,0.0,"BTC",1871575.7696999998,300,0,0,1,1,1.0,0.0,0.0,True,0.3639,0.0743964144823957,False,False,"",10.5,"",0,"[]","[]",0,False,False,"",""
"bc1qfunfck3h8vxcd34h0p36gklyuqg94xqetu45yh","bitcoin","BTC",1.06819641,0.0,"BTC",69432.76665,201,0,0,1,1,1.0,0.0,0.0,True,0.1185,0.07381920060096187,False,False,"",10.5,"",0,"[]","[]",0,False,False,"",""
"bc1q2z9pvdrwejr2rgf7z2lgf8ua0379fv63spx5lz","bitcoin","BTC",1.06819641,0.0,"BTC",69432.76665,201,0,0,1,1,1.0,0.0,0.0,True,0.1185,0.07381920060096187,False,False,"",10.5,"",0,"[]","[]",0,False,False,"",""
"bc1p8zdtf2lt2a0qtkk69usqjuxhga5pnwa4ht70y0d3tlfd7kz2k56q5vgncf","bitcoin","BTC",4.15236096,0.0,"BTC",269903.4624,198,0,0,1,1,1.0,0.0,0.0,True,0.1128,0.07514862888664653,False,False,"",10.4,"",0,"[]","[]",0,False,False,"",""
"bc1p09ssgfxdtuftltepwx26hsekvfewj9h6qg4x0yttlz3cgvfhfhtqza7xz2","bitcoin","BTC",4.15236096,0.0,"BTC",269903.4624,198,0,0,1,1,1.0,0.0,0.0,True,0.1128,0.07514862888664653,False,False,"",10.4,"",0,"[]","[]",0,False,False,"",""
"bc1pdzr6dtam3jhmsewpkktfkrpsy9fawh5mtvdnnndh7fhvjs5s43dsv4zz89","bitcoin","BTC",4.15236096,0.0,"BTC",269903.4624,198,0,0,1,1,1.0,0.0,0.0,True,0.1128,0.07514862888664653,False,False,"",10.4,"",0,"[]","[]",0,False,False,"",""
"bc1pzxnkglt8pds5sg99f3ucxjqeuphgw5e4e4jveqnqzycy5g2cr0lq87z02u","bitcoin","BTC",4.15236096,0.0,"BTC",269903.4624,198,0,0,1,1,1.0,0.0,0.0,True,0.1128,0.07514862888664653,False,False,"",10.4,"",0,"[]","[]",0,False,False,"",""
"bc1pmj0xrg3a7cw5n2ka5jqffp0f0kj4cqmvtxf4rc2qla5549tcshesj7cfqn","bitcoin","BTC",4.15236096,0.0,"BTC",269903.4624,198,0,0,1,1,1.0,0.0,0.0,True,0.1128,0.07514862888664653,False,False,"",10.4,"",0,"[]","[]",0,False,False,"",""
"bc1p9angw80taq9wqq3nplkwuwgpu0wp0d6g9k5ve5wunsausknzyj3q95a052","bitcoin","BTC",4.15236096,0.0,"BTC",269903.4624,198,0,0,1,1,1.0,0.0,0.0,True,0.1128,0.07514862888664653,False,False,"",10.4,"",0,"[]","[]",0,False,False,"",""
"bc1p6xutxdjvn6c78v25w5amuw6zuzjtm2a53xeducwkauqfsw4cz0rsz2yuwj","bitcoin","BTC",4.15236096,0.0,"BTC",269903.4624,198,0,0,1,1,1.0,0.0,0.0,True,0.1128,0.07514862888664653,False,False,"",10.4,"",0,"[]","[]",0,False,False,"",""
"bc1p98w0vuehvu3ydcdy3hxaf7efj8xt2x6csfy3m9rxwf6dq0sltkqsk65wea","bitcoin","BTC",4.15236096,0.0,"BTC",269903.4624,198,0,0,1,1,1.0,0.0,0.0,True,0.1128,0.07514862888664653,False,False,"",10.4,"",0,"[]","[]",0,False,False,"",""
"bc1psuwvdks9zscvwymyryln8jpjghpz2vn5ce096s5eqkmm89azlazqs4vrax","bitcoin","BTC",0.85458944,0.0,"BTC",55548.3136,326,0,0,1,1,1.0,0.0,0.0,True,0.38407499999999994,0.07555769144711644,False,False,"",10.3,"",0,"[]","[]",0,False,False,"",""
"bc1pyqnt9my63azsew793apvwc399ptkgwsjl60ped86xnn44mguvs9smr57sg","bitcoin","BTC",0.85458944,0.0,"BTC",55548.3136,326,0,0,1,1,1.0,0.0,0.0,True,0.38407499999999994,0.07555769144711644,False,False,"",10.3,"",0,"[]","[]",0,False,False,"",""
"bc1p9yx377gg22lfftzlw8n4mmj9f6txrelz6pq8s0l0l5xj4yj0j3dqa0y84s","bitcoin","BTC",0.85458944,0.0,"BTC",55548.3136,326,0,0,1,1,1.0,0.0,0.0,True,0.38407499999999994,0.07555769144711644,False,False,"",10.3,"",0,"[]","[]",0,False,False,"",""
"bc1pqv0f6ulqqkj4dap4v6s78upr9pg6n7p045r8zu5regd927guxahsru9fds","bitcoin","BTC",0.85458944,0.0,"BTC",55548.3136,326,0,0,1,1,1.0,0.0,0.0,True,0.38407499999999994,0.07555769144711644,False,False,"",10.3,"",0,"[]","[]",0,False,False,"",""
"bc1ppvfj20ewscrn258at83jgylsuxdwzw7a4y98e7prt6twavmfqj2sp9vsm3","bitcoin","BTC",0.85458944,0.0,"BTC",55548.3136,326,0,0,1,1,1.0,0.0,0.0,True,0.38407499999999994,0.07555769144711644,False,False,"",10.3,"",0,"[]","[]",0,False,False,"",""
"bc1p8c502arkvzkx530w4n2wevj5tnma3wz9fpuw4zgxm2hyfv3q7u6s6ca4vs","bitcoin","BTC",0.85458944,0.0,"BTC",55548.3136,326,0,0,1,1,1.0,0.0,0.0,True,0.38407499999999994,0.07555769144711644,False,False,"",10.3,"",0,"[]","[]",0,False,False,"",""
"bc1p48cred9r4gvrz9rk55jhr9yhxdr2lqr68lz2wqws5c8eeh9n2q4q6l6nxp","bitcoin","BTC",0.85458944,0.0,"BTC",55548.3136,326,0,0,1,1,1.0,0.0,0.0,True,0.38407499999999994,0.07555769144711644,False,False,"",10.3,"",0,"[]","[]",0,False,False,"",""
"bc1p8vvhz5pyhj3t9lxtzkc4hxgzcyrzypxx07vp985ssf5rfhf5hk3sv7unhx","bitcoin","BTC",0.85458944,0.0,"BTC",55548.3136,326,0,0,1,1,1.0,0.0,0.0,True,0.38407499999999994,0.07555769144711644,False,False,"",10.3,"",0,"[]","[]",0,False,False,"",""
"bc1pwpjssh3etfwghjq9wgmm7cqc40j6mk8ugcx53hgjqnqwgwnj85uq5jlqpp","bitcoin","BTC",0.85458944,0.0,"BTC",55548.3136,326,0,0,1,1,1.0,0.0,0.0,True,0.38407499999999994,0.07555769144711644,False,False,"",10.3,"",0,"[]","[]",0,False,False,"",""
"bc1pw76h6qtecpry6cxzh4yun6rrngvtl4whh46j4ge80jpmdd3hyxxqntm68c","bitcoin","BTC",0.85458944,0.0,"BTC",55548.3136,326,0,0,1,1,1.0,0.0,0.0,True,0.38407499999999994,0.07555769144711644,False,False,"",10.3,"",0,"[]","[]",0,False,False,"",""
"bc1pck5xxxnqwqmsqsjyhr6jz70e9gmw7lmcgav9eczsxlvenlrreamqkmtchg","bitcoin","BTC",0.85458944,0.0,"BTC",55548.3136,326,0,0,1,1,1.0,0.0,0.0,True,0.38407499999999994,0.07555769144711644,False,False,"",10.3,"",0,"[]","[]",0,False,False,"",""
"bc1p0hefwnye8zzahk7y9tf98um3fegx7fl7p48tad23ceh4qd8m2klq23cdrp","bitcoin","BTC",9.82102968,0.0,"BTC",638366.9292,308,0,0,1,1,1.0,0.0,0.0,True,0.373575,0.0755673253896531,False,False,"",10.3,"",0,"[]","[]",0,False,False,"",""
"bc1pp5n2ew5r4zz7972v36q6aslkree880l9else3e23dw8ehl9zwvaqkgta0k","bitcoin","BTC",9.82102968,0.0,"BTC",638366.9292,308,0,0,1,1,1.0,0.0,0.0,True,0.373575,0.0755673253896531,False,False,"",10.3,"",0,"[]","[]",0,False,False,"",""
"bc1p4fl3yjdkaxzczg64eyj4vh85m5w5n7xycq3n7p7x34tmtm92gr3szff8na","bitcoin","BTC",2.13639282,0.0,"BTC",138865.5333,201,0,0,1,1,1.0,0.0,0.0,True,0.1185,0.07588369642138088,False,False,"",10.3,"",0,"[]","[]",0,False,False,"",""
"bc1p0yhu6rl0spa25rx8zxe0as35kmxwe7fhzx9xxdehw49kl5easlws9kjgkf","bitcoin","BTC",6.40917846,0.0,"BTC",416596.5999,201,0,0,1,1,1.0,0.0,0.0,True,0.1185,0.07577179675378559,False,False,"",10.3,"",0,"[]","[]",0,False,False,"",""
"bc1p0qmeaed5zl8elv0c604a8tyjprfxwt9c0y4tfs8en76hynrtwrfspa9wfu","bitcoin","BTC",6.40917846,0.0,"BTC",416596.5999,201,0,0,1,1,1.0,0.0,0.0,True,0.1185,0.07577179675378559,False,False,"",10.3,"",0,"[]","[]",0,False,False,"",""
"bc1pkd4mqcr2gt3xza6mhnnk6mgs48sfu2tp68m3r9nup79053gzrtlqyh4u6e","bitcoin","BTC",2.13639282,0.0,"BTC",138865.5333,201,0,0,1,1,1.0,0.0,0.0,True,0.1185,0.07588369642138088,False,False,"",10.3,"",0,"[]","[]",0,False,False,"",""
"bc1pm59jf2v6gxruantj67yt4g86p3l66w55nkew9rpgs0muf6z35fmq6926lx","bitcoin","BTC",6.40917846,0.0,"BTC",416596.5999,201,0,0,1,1,1.0,0.0,0.0,True,0.1185,0.07577179675378559,False,False,"",10.3,"",0,"[]","[]",0,False,False,"",""
"bc1pwrm3qn9g9aym8hlu5z6wxtg4spara66sew0cdvuza38s4w6jltaqnp420d","bitcoin","BTC",2.13639282,0.0,"BTC",138865.5333,201,0,0,1,1,1.0,0.0,0.0,True,0.1185,0.07588369642138088,False,False,"",10.3,"",0,"[]","[]",0,False,False,"",""
"bc1pkunxsz3qd3af5829hl4wr9kh2p9cqkg8pqwtlzwpcf4vt750p92st56885","bitcoin","BTC",27.07160454,0.0,"BTC",1759654.2951,283,0,0,1,1,1.0,0.0,0.0,True,0.34365,0.07784677453397376,False,False,"",10.1,"",0,"[]","[]",0,False,False,"",""
"bc1pu3hrvkj3gud0l0fr5kucnryewa3eug6e63x28ykg0938d94nqknqak0f24","bitcoin","BTC",1.15499844,0.0,"BTC",75074.8986,326,0,0,1,1,1.0,0.0,0.0,True,0.38407499999999994,0.07820714214793995,False,False,"",10.0,"",0,"[]","[]",0,False,False,"",""
"bc1pk359w4fm5kayu8cl03u5jc5xmatlmv5athaz0jkt7rvjja7k6agsv74c8m","bitcoin","BTC",1.15499844,0.0,"BTC",75074.8986,326,0,0,1,1,1.0,0.0,0.0,True,0.38407499999999994,0.07820714214793995,False,False,"",10.0,"",0,"[]","[]",0,False,False,"",""
"bc1pld8kmplnlhm04cvqvq6hteam9tzl9nh98dsvayl6w806933rdjesd0v0ez","bitcoin","BTC",0.616,0.0,"BTC",40040.0,308,0,0,1,1,1.0,0.0,0.0,True,0.373575,0.07840082317161479,False,False,"",10.0,"",0,"[]","[]",0,False,False,"",""
"bc1p023uh9gxq273qj7fk9dzk6f5ru36n4440mrzhqwdmav5l9k2w6cqe690s6","bitcoin","BTC",0.616,0.0,"BTC",40040.0,308,0,0,1,1,1.0,0.0,0.0,True,0.373575,0.07840082317161479,False,False,"",10.0,"",0,"[]","[]",0,False,False,"",""
"bc1pa72utgd9ukn7hs75enm8gfy6nxmegms4l4ejfsvsnrm9vlf7qulsdgylsk","bitcoin","BTC",3.43310886,0.0,"BTC",223152.0759,323,0,0,1,1,1.0,0.0,0.0,True,0.37829999999999997,0.07895597922138609,False,False,"",9.9,"",0,"[]","[]",0,False,False,"",""
"bc1pyy43gv3dcf2qwjlnmdnpccnpna9gzm4dwrtczqf90hlpdzwmd46smwh85w","bitcoin","BTC",3.43310886,0.0,"BTC",223152.0759,323,0,0,1,1,1.0,0.0,0.0,True,0.37829999999999997,0.07895597922138609,False,False,"",9.9,"",0,"[]","[]",0,False,False,"",""
"bc1p6arfjxm23ktjlelyd09fj457qju7h0pkvhmk8yw2r0m9rncaspcqre2u2r","bitcoin","BTC",3.43310886,0.0,"BTC",223152.0759,323,0,0,1,1,1.0,0.0,0.0,True,0.37829999999999997,0.07895597922138609,False,False,"",9.9,"",0,"[]","[]",0,False,False,"",""
"bc1pes9zjaunxtejqd5tw2cs07gdtrf22jyhwmpvjlqm4cs6u7xl5kvq27q9er","bitcoin","BTC",3.43310886,0.0,"BTC",223152.0759,323,0,0,1,1,1.0,0.0,0.0,True,0.37829999999999997,0.07895597922138609,False,False,"",9.9,"",0,"[]","[]",0,False,False,"",""
"bc1pcuqu8gvrz2qq8ax4x7nn9lcu8d6s2yqypcvh0qwrgkdkxe70nccqqx5vg6","bitcoin","BTC",3.43310886,0.0,"BTC",223152.0759,323,0,0,1,1,1.0,0.0,0.0,True,0.37829999999999997,0.07895597922138609,False,False,"",9.9,"",0,"[]","[]",0,False,False,"",""
"bc1p00ys43u69nnqkcjnsl588enqetncyxwa5rdcfepcmde5nxuwzdgsetf2p3","bitcoin","BTC",3.43310886,0.0,"BTC",223152.0759,323,0,0,1,1,1.0,0.0,0.0,True,0.37829999999999997,0.07895597922138609,False,False,"",9.9,"",0,"[]","[]",0,False,False,"",""
"bc1pfg4mlcx74ytyea4ph6f0lsjez2lmc8dvvg95j5caz5qs9730fwxq4up6n6","bitcoin","BTC",3.43310886,0.0,"BTC",223152.0759,323,0,0,1,1,1.0,0.0,0.0,True,0.37829999999999997,0.07895597922138609,False,False,"",9.9,"",0,"[]","[]",0,False,False,"",""
"bc1pvv7dmh39m25y9seu95zr2zvmtne7rwr52atvf03k0e9uuqgj22yq93pszq","bitcoin","BTC",14.65,0.0,"BTC",952250.0,293,0,0,1,1,1.0,0.0,0.0,True,0.35475,0.07969852830473806,False,False,"",9.8,"",0,"[]","[]",0,False,False,"",""
"bc1qkpk08yxzlpnc06lfnwasrjy6g9kwjshed4stm6","bitcoin","BTC",14.65,0.0,"BTC",952250.0,293,0,0,1,1,1.0,0.0,0.0,True,0.35475,0.07969852830473806,False,False,"",9.8,"",0,"[]","[]",0,False,False,"",""
"bc1q6ujae5k2pxk7j06gef6vg5glhtp8fqnkkzpnwx","bitcoin","BTC",41.1041792,0.0,"BTC",2671771.648,245,0,0,1,1,1.0,0.0,0.0,True,0.21247500000000002,0.08099664268863516,False,False,"",9.7,"",0,"[]","[]",0,False,False,"",""
"bc1pv8w6jrrmq44st4e5pydgrpkfkep5r35cz6t6ehet0dgrtvxr6z0ss509ka","bitcoin","BTC",0.73693152,0.0,"BTC",47900.5488,208,0,0,1,1,1.0,0.0,0.0,True,0.12345,0.08094984015587642,False,False,"",9.7,"",0,"[]","[]",0,False,False,"",""
"bc1pzmwt0g5fszlww8vt2xm3spm2g9a3lgfxw74erqt0kxqvl53ujphszylkrd","bitcoin","BTC",0.73693152,0.0,"BTC",47900.5488,208,0,0,1,1,1.0,0.0,0.0,True,0.12345,0.08094984015587642,False,False,"",9.7,"",0,"[]","[]",0,False,False,"",""
"bc1psg8eu9gy84ryffrpxvjlasysy70wq6x5ns5597nhct80gvfaldjqcxfdyt","bitcoin","BTC",4.21527552,0.0,"BTC",273992.9088,201,0,0,1,1,1.0,0.0,0.0,True,0.1185,0.08100863664920999,False,False,"",9.7,"",0,"[]","[]",0,False,False,"",""
"bc1ph80djya29ptfdaaqn8yw42mzq59y7qqh7cdazh7rratntn03dk0s8q794v","bitcoin","BTC",4.21527552,0.0,"BTC",273992.9088,201,0,0,1,1,1.0,0.0,0.0,True,0.1185,0.08100863664920999,False,False,"",9.7,"",0,"[]","[]",0,False,False,"",""
"bc1pu97c492udzu87lmdjx20dfn90tf23624kuneh08agwn8w4dy82tqll8jty","bitcoin","BTC",4.21527552,0.0,"BTC",273992.9088,201,0,0,1,1,1.0,0.0,0.0,True,0.1185,0.08100863664920999,False,False,"",9.7,"",0,"[]","[]",0,False,False,"",""
"bc1p9nmwtwtjgm4y5vvlna7yfk70yxamjtawem82v25kspa9sl8078vqe9enzs","bitcoin","BTC",4.21527552,0.0,"BTC",273992.9088,201,0,0,1,1,1.0,0.0,0.0,True,0.1185,0.08100863664920999,False,False,"",9.7,"",0,"[]","[]",0,False,False,"",""
"bc1px4rg36ds4g8v0vn7zyypv3pvfgka9xfevl2wl7tsy8wu0cwjln7qm83mgw","bitcoin","BTC",4.21527552,0.0,"BTC",273992.9088,201,0,0,1,1,1.0,0.0,0.0,True,0.1185,0.08100863664920999,False,False,"",9.7,"",0,"[]","[]",0,False,False,"",""
"bc1psdlnyak85xz53fejzqfjcz8s9hu859ku7hr8ss9zu74rkwhf50yslg8z48","bitcoin","BTC",4.21527552,0.0,"BTC",273992.9088,201,0,0,1,1,1.0,0.0,0.0,True,0.1185,0.08100863664920999,False,False,"",9.7,"",0,"[]","[]",0,False,False,"",""
"bc1pkkg7qnrevfg6rl2f06mtr8p8ft4nr5tz97la670f24mv2z8g0dysxl3xug","bitcoin","BTC",4.21527552,0.0,"BTC",273992.9088,201,0,0,1,1,1.0,0.0,0.0,True,0.1185,0.08100863664920999,False,False,"",9.7,"",0,"[]","[]",0,False,False,"",""
"bc1p9dzpds0lxwdwc3wlwe2crhzdcejg6vkg006x2afsras7rgw6cncqhsyqjv","bitcoin","BTC",0.84672512,0.0,"BTC",55037.1328,323,0,0,1,1,1.0,0.0,0.0,True,0.37829999999999997,0.08165042259214889,False,False,"",9.6,"",0,"[]","[]",0,False,False,"",""
"bc1p2n3s5tq6k8vrunuu96vfewatp296tuyfhfggym3dn09xw04quthqtr28ap","bitcoin","BTC",0.84672512,0.0,"BTC",55037.1328,323,0,0,1,1,1.0,0.0,0.0,True,0.37829999999999997,0.08165042259214889,False,False,"",9.6,"",0,"[]","[]",0,False,False,"",""
"bc1pse0ywfclxll6ayx3q6t9fvqxq5lgq0jml7g3vy9ql49rdz9nknpqtlq0dd","bitcoin","BTC",0.84672512,0.0,"BTC",55037.1328,323,0,0,1,1,1.0,0.0,0.0,True,0.37829999999999997,0.08165042259214889,False,False,"",9.6,"",0,"[]","[]",0,False,False,"",""
"bc1pwp0h3a8wxst5zt9agy67h2z7vlmznwze6gsqcuejt9ggkzczslgqenjvax","bitcoin","BTC",0.84672512,0.0,"BTC",55037.1328,323,0,0,1,1,1.0,0.0,0.0,True,0.37829999999999997,0.08165042259214889,False,False,"",9.6,"",0,"[]","[]",0,False,False,"",""
"bc1pfmecglyfjpnym87qznepg6gs8t5ahuaf2dqh9j3mmcehjx3xeunsfmgy5d","bitcoin","BTC",20.66242608,0.0,"BTC",1343057.6952,216,0,0,1,1,1.0,0.0,0.0,True,0.134025,0.08170290348987419,False,False,"",9.6,"",0,"[]","[]",0,False,False,"",""
"bc1pw2nudx6ctg745yv4mtepmaygf8y23uyxqq5n7kr9nxlnutm8en7qx344gd","bitcoin","BTC",20.66242608,0.0,"BTC",1343057.6952,216,0,0,1,1,1.0,0.0,0.0,True,0.134025,0.08170290348987419,False,False,"",9.6,"",0,"[]","[]",0,False,False,"",""
"bc1pyjtmlfh9p4xedrfakrkgc0vlkw580esu22wfxy2env70qjct2m6s727fmh","bitcoin","BTC",10.4,0.0,"BTC",676000.0,208,0,0,1,1,1.0,0.0,0.0,True,0.12345,0.08186671819719354,False,False,"",9.6,"",0,"[]","[]",0,False,False,"",""
"bc1pxdyqrygwy8ye6xj3njakvyp3q4vxlswuzev9h0r0vq04000x6ysqha8yxq","bitcoin","BTC",10.4,0.0,"BTC",676000.0,208,0,0,1,1,1.0,0.0,0.0,True,0.12345,0.08186671819719354,False,False,"",9.6,"",0,"[]","[]",0,False,False,"",""
"bc1pqy5n3ah2htwn4ryzysntm59nvzj4vtyn037k3q4szw77pyymevyqkrz6q5","bitcoin","BTC",10.4,0.0,"BTC",676000.0,208,0,0,1,1,1.0,0.0,0.0,True,0.12345,0.08186671819719354,False,False,"",9.6,"",0,"[]","[]",0,False,False,"",""
"bc1qry6tmd4dzxk7alkpzsvz8pes85x495pz5znffn","bitcoin","BTC",1.71655443,0.0,"BTC",111576.03795,323,0,0,1,1,1.0,0.0,0.0,True,0.37829999999999997,0.0821224768440385,False,False,"",9.5,"",0,"[]","[]",0,False,False,"",""
"bc1pak6gwapf5n5rwlq3hv00vy687kaldu94yx8xzkk8st09sd632y8sn8nwvd","bitcoin","BTC",1.71655443,0.0,"BTC",111576.03795,323,0,0,1,1,1.0,0.0,0.0,True,0.37829999999999997,0.0821224768440385,False,False,"",9.5,"",0,"[]","[]",0,False,False,"",""
"bc1pu5p0yswhxq2d6ey46979u9txlx45jptd650zv68ns0xvxvs5pyqqzm3hmn","bitcoin","BTC",1.71655443,0.0,"BTC",111576.03795,323,0,0,1,1,1.0,0.0,0.0,True,0.37829999999999997,0.0821224768440385,False,False,"",9.5,"",0,"[]","[]",0,False,False,"",""
"bc1prznpgsu50sdzuged2h4n4pq049qykrfeyfk2zjdwlqtt3j6vqy3scuy2sl","bitcoin","BTC",1.71655443,0.0,"BTC",111576.03795,323,0,0,1,1,1.0,0.0,0.0,True,0.37829999999999997,0.0821224768440385,False,False,"",9.5,"",0,"[]","[]",0,False,False,"",""
"bc1p5t3ujudvx25twa7wp7pdvn4knh0jfyuxuv8gf0kxwdaltrcffj8qnv3vzv","bitcoin","BTC",1.71655443,0.0,"BTC",111576.03795,323,0,0,1,1,1.0,0.0,0.0,True,0.37829999999999997,0.0821224768440385,False,False,"",9.5,"",0,"[]","[]",0,False,False,"",""
"bc1q9up43myn9pp0fc82sr76wrsqkm4hfd6nlkqye4","bitcoin","BTC",22.9582512,0.0,"BTC",1492286.328,240,0,0,1,1,1.0,0.0,0.0,True,0.190725,0.08269487333657483,False,False,"",9.5,"",0,"[]","[]",0,False,False,"",""
"bc1qpg7dycr7nunmszdf33z7esuh2hsstfecf04j4g","bitcoin","BTC",20.66242608,0.0,"BTC",1343057.6952,216,0,0,1,1,1.0,0.0,0.0,True,0.134025,0.08417999834986506,False,False,"",9.3,"",0,"[]","[]",0,False,False,"",""
"bc1pnfrv0c72zglxjgj2ufxgpvkr3j7qsh2v7e5xdwq5mrsu8530wp3q57v0xv","bitcoin","BTC",10.8,0.0,"BTC",702000.0,216,0,0,1,1,1.0,0.0,0.0,True,0.134025,0.08441678000150732,False,False,"",9.3,"",0,"[]","[]",0,False,False,"",""
"bc1peg0xw89kk55hqxpnlqjxv9avcr4x739jpauz3klqehnvjnrfc76qm5d55s","bitcoin","BTC",20.66242608,0.0,"BTC",1343057.6952,216,0,0,1,1,1.0,0.0,0.0,True,0.134025,0.08417999834986506,False,False,"",9.3,"",0,"[]","[]",0,False,False,"",""
"bc1qvtlm5jc3fk2e53udxk2zurz8kvy3vq5ez6mugc","bitcoin","BTC",20.66242608,0.0,"BTC",1343057.6952,216,0,0,1,1,1.0,0.0,0.0,True,0.134025,0.08417999834986506,False,False,"",9.3,"",0,"[]","[]",0,False,False,"",""
"bc1pemc8mzpkcdpct0hcazvlmlf2aq9wlzzx9yl7j7jhvws5e5laexxqdmnaw4","bitcoin","BTC",20.66242608,0.0,"BTC",1343057.6952,216,0,0,1,1,1.0,0.0,0.0,True,0.134025,0.08417999834986506,False,False,"",9.3,"",0,"[]","[]",0,False,False,"",""
"bc1pzcma4jefj6kngzqnapald7a4dllm4wtyd5vm4lyukr4jv776q8zq8mk9jq","bitcoin","BTC",8.83254942,0.0,"BTC",574115.7123,277,0,0,1,1,1.0,0.0,0.0,True,0.325275,0.08447398972528875,False,False,"",9.2,"",0,"[]","[]",0,False,False,"",""
"bc1pppd9465v9nrh06p7wvl2c744gg5qtx7ml9485249z0p39h3medysruhpz4","bitcoin","BTC",6.45922816,0.0,"BTC",419849.83040000004,308,0,0,1,1,1.0,0.0,0.0,True,0.373575,0.08581440018248815,False,False,"",9.1,"",0,"[]","[]",0,False,False,"",""
"bc1pjwq65np8af6k7tqxv7s2c9hneg9sxa9ctu8pa9jm847skwpnkxuq0d4x2x","bitcoin","BTC",1.14436962,0.0,"BTC",74384.0253,323,0,0,1,1,1.0,0.0,0.0,True,0.37829999999999997,0.08625708523035508,False,False,"",9.0,"",0,"[]","[]",0,False,False,"",""
"bc1pcnvcxy5ctr8et0sc34yv8fcrj407e5qfdha42jt3r2z872u85tlqm9z7u2","bitcoin","BTC",1.14436962,0.0,"BTC",74384.0253,323,0,0,1,1,1.0,0.0,0.0,True,0.37829999999999997,0.08625708523035508,False,False,"",9.0,"",0,"[]","[]",0,False,False,"",""
"bc1prr7ngxxue3nk964zp4m2ku7tw7l9gxdntty9tpjrmfa6r40gn2astsm9va","bitcoin","BTC",1.14436962,0.0,"BTC",74384.0253,323,0,0,1,1,1.0,0.0,0.0,True,0.37829999999999997,0.08625708523035508,False,False,"",9.0,"",0,"[]","[]",0,False,False,"",""
"bc1p2ck4zk7ycvuvlj94608c2pr8mf8ywlhf9pu9peqx3gslrgmt6pssh60d0k","bitcoin","BTC",1.14436962,0.0,"BTC",74384.0253,323,0,0,1,1,1.0,0.0,0.0,True,0.37829999999999997,0.08625708523035508,False,False,"",9.0,"",0,"[]","[]",0,False,False,"",""
"bc1pncku5atu2tnjfrvrgcswlfy9p0w0r8pg3zrn5r7r3cg77g9h20rqfqurfm","bitcoin","BTC",1.14436962,0.0,"BTC",74384.0253,323,0,0,1,1,1.0,0.0,0.0,True,0.37829999999999997,0.08625708523035508,False,False,"",9.0,"",0,"[]","[]",0,False,False,"",""
"bc1pdn076mllejknjmsnj4wrq48jac0dxf705xc930cjlhee9y7t3a4qckqvlq","bitcoin","BTC",1.14436962,0.0,"BTC",74384.0253,323,0,0,1,1,1.0,0.0,0.0,True,0.37829999999999997,0.08625708523035508,False,False,"",9.0,"",0,"[]","[]",0,False,False,"",""
"bc1pqfy007p3gtlncf0jhha4lxfm7ey7shmh5a2zwxv4r8j46mzmk2zsgmylwe","bitcoin","BTC",1.14436962,0.0,"BTC",74384.0253,323,0,0,1,1,1.0,0.0,0.0,True,0.37829999999999997,0.08625708523035508,False,False,"",9.0,"",0,"[]","[]",0,False,False,"",""
"bc1phy96pm3lwhz3d38gkhqstnnggltp4nly9e4ucj05pr6aw79ezrlqz8vsf0","bitcoin","BTC",1.14436962,0.0,"BTC",74384.0253,323,0,0,1,1,1.0,0.0,0.0,True,0.37829999999999997,0.08625708523035508,False,False,"",9.0,"",0,"[]","[]",0,False,False,"",""
"bc1ptuzjxn635gnd3kfzf9ux4qr5j7aecuclmt9ec6pr70h6exqm4hrsn2lwr9","bitcoin","BTC",26.1,0.0,"BTC",1696500.0,261,0,0,1,1,1.0,0.0,0.0,True,0.26175000000000004,0.08841691994314288,False,False,"",8.8,"",0,"[]","[]",0,False,False,"",""
"bc1pc7hz6hyvj80unnj47v6jm0sy4d0l6hhf66jcl0zshjq7mql6afaq3jphkg","bitcoin","BTC",26.1,0.0,"BTC",1696500.0,261,0,0,1,1,1.0,0.0,0.0,True,0.26175000000000004,0.08841691994314288,False,False,"",8.8,"",0,"[]","[]",0,False,False,"",""
"bc1qulyk9gw29rk5nzeekta0nyg29zzhze0gapk34s","bitcoin","BTC",26.1,0.0,"BTC",1696500.0,261,0,0,1,1,1.0,0.0,0.0,True,0.26175000000000004,0.08841691994314288,False,False,"",8.8,"",0,"[]","[]",0,False,False,"",""
"bc1phygzgmqsly8g234n27e74c8znatlc36d7r5nraekaea58furswtqqj8p45","bitcoin","BTC",1.10539728,0.0,"BTC",71850.8232,208,0,0,1,1,1.0,0.0,0.0,True,0.12345,0.08771100741448212,False,False,"",8.8,"",0,"[]","[]",0,False,False,"",""
"bc1pe3e334mgs0xpyuj393yejmrkwg78l63y55k922vz6w8pq8n9cnvqaqes48","bitcoin","BTC",2.21079456,0.0,"BTC",143701.6464,208,0,0,1,1,1.0,0.0,0.0,True,0.12345,0.08829161476747427,False,False,"",8.8,"",0,"[]","[]",0,False,False,"",""
"bc1pmql0z6eh6ghn09k03exz29z4aar05s9vv3epjyanr5lm6yeg2cxsh7eall","bitcoin","BTC",2.21079456,0.0,"BTC",143701.6464,208,0,0,1,1,1.0,0.0,0.0,True,0.12345,0.08829161476747427,False,False,"",8.8,"",0,"[]","[]",0,False,False,"",""
"bc1pnqm9p2a6xfddzel477kelffmgrryugh4m06k8eza7q7ec99ysxcshxrnms","bitcoin","BTC",2.21079456,0.0,"BTC",143701.6464,208,0,0,1,1,1.0,0.0,0.0,True,0.12345,0.08829161476747427,False,False,"",8.8,"",0,"[]","[]",0,False,False,"",""
"bc1p4axys69wdh8ez8jwd6yv63xfpqkek9z5u7jsgn9mvdnxy96rtdlqud3kef","bitcoin","BTC",2.21079456,0.0,"BTC",143701.6464,208,0,0,1,1,1.0,0.0,0.0,True,0.12345,0.08829161476747427,False,False,"",8.8,"",0,"[]","[]",0,False,False,"",""
"bc1pe9xxduu25zv05zrva5afjlrsayu7ux27nvn925uegr6edaj45z3sz8x43a","bitcoin","BTC",2.21079456,0.0,"BTC",143701.6464,208,0,0,1,1,1.0,0.0,0.0,True,0.12345,0.08829161476747427,False,False,"",8.8,"",0,"[]","[]",0,False,False,"",""
"bc1pcyglx4fdv5dakyzkaayz95jn8qwepd935c7r85mspfgzvsfl4d6stslkre","bitcoin","BTC",2.21079456,0.0,"BTC",143701.6464,208,0,0,1,1,1.0,0.0,0.0,True,0.12345,0.08829161476747427,False,False,"",8.8,"",0,"[]","[]",0,False,False,"",""
"bc1qkx83vqkegwhwpdehdlpzqfc32h59m7jncfkyua","bitcoin","BTC",1.10539728,0.0,"BTC",71850.8232,208,0,0,1,1,1.0,0.0,0.0,True,0.12345,0.08771100741448212,False,False,"",8.8,"",0,"[]","[]",0,False,False,"",""
"bc1pctyw0uyu3uuxtggxdln3etywvcgqaq2u36j3tm2jdtcqezna7hhq8glwav","bitcoin","BTC",2.21079456,0.0,"BTC",143701.6464,208,0,0,1,1,1.0,0.0,0.0,True,0.12345,0.08829161476747427,False,False,"",8.8,"",0,"[]","[]",0,False,False,"",""
"bc1p597mqmzf4tngz6uuzyq87tnudrzlgu74ntnc3358a55t2yp2hvrsj4tzpt","bitcoin","BTC",2.21079456,0.0,"BTC",143701.6464,208,0,0,1,1,1.0,0.0,0.0,True,0.12345,0.08829161476747427,False,False,"",8.8,"",0,"[]","[]",0,False,False,"",""
"bc1qs3ckcvtvtasa39s7h0t88g7klqzkfe4ttyzffh","bitcoin","BTC",6.63238368,0.0,"BTC",431104.9392,208,0,0,1,1,1.0,0.0,0.0,True,0.12345,0.08884013089784526,False,False,"",8.7,"",0,"[]","[]",0,False,False,"",""
"bc1pvlp6y6avx8x469fztdd39z3r57kpq9g4vz4ytlgc53vn9t2ggqds3nkgwj","bitcoin","BTC",0.56623104,0.0,"BTC",36805.0176,216,0,0,1,1,1.0,0.0,0.0,True,0.134025,0.08978641989867997,False,False,"",8.6,"",0,"[]","[]",0,False,False,"",""
"bc1pquckasa2vklyvtye0wrulh3e72cjkaqc5x9jl0hpdzffw937wgjsflu6u9","bitcoin","BTC",0.56623104,0.0,"BTC",36805.0176,216,0,0,1,1,1.0,0.0,0.0,True,0.134025,0.08978641989867997,False,False,"",8.6,"",0,"[]","[]",0,False,False,"",""
"bc1pex94wnf6ldys7df4vvcm60m4pv3cauhruv2y2rvcpqy2szwrkl3qu7hwgr","bitcoin","BTC",0.57409536,0.0,"BTC",37316.1984,214,0,0,1,1,1.0,0.0,0.0,True,0.127875,0.09014352215074933,False,False,"",8.6,"",0,"[]","[]",0,False,False,"",""
"bc1pt3av52ylc7xlyggt29vfhucv6g6gewwe4md83f3ulrn8nqadxfnspraswu","bitcoin","BTC",12.8,0.0,"BTC",832000.0,256,0,0,1,1,1.0,0.0,0.0,True,0.2397,0.09068651210028406,False,False,"",8.5,"",0,"[]","[]",0,False,False,"",""
"bc1pph7cj0ryzl7uqdaq8xg87mlfmvfyeq4a7xlmy4n6jgum9uhh4a9qw0s45g","bitcoin","BTC",12.8,0.0,"BTC",832000.0,256,0,0,1,1,1.0,0.0,0.0,True,0.2397,0.09068651210028406,False,False,"",8.5,"",0,"[]","[]",0,False,False,"",""
"bc1q2vlhkn9t3wgksn55nhsv7ek2gnvz7j2kfaej5z","bitcoin","BTC",23.05391058,0.0,"BTC",1498504.1877000001,241,0,0,1,1,1.0,0.0,0.0,True,0.194625,0.09045346685494327,False,False,"",8.5,"",0,"[]","[]",0,False,False,"",""
"bc1qcdt0ay2t4vt6lr4w7pj99355xy2l3j8q75qkj3","bitcoin","BTC",23.05391058,0.0,"BTC",1498504.1877000001,241,0,0,1,1,1.0,0.0,0.0,True,0.194625,0.09045346685494327,False,False,"",8.5,"",0,"[]","[]",0,False,False,"",""
"bc1pqzx7ggchfzpnxs0rjnt4ay3qmagftqd3zdhw9tu2yzyh4ee32qhqrfj69q","bitcoin","BTC",11.5,0.0,"BTC",747500.0,228,0,0,1,1,1.0,0.0,0.0,True,0.16935,0.09142555409268638,False,False,"",8.4,"",0,"[]","[]",0,False,False,"",""
"bc1pvtg72ve7nhd5kw6gq3xgy9dcnsrrql6cjvafvj3paa9j8y2u3arq2ccmft","bitcoin","BTC",20.94940422,0.0,"BTC",1361711.2743000002,219,0,0,1,1,1.0,0.0,0.0,True,0.14085,0.09106953588871264,False,False,"",8.4,"",0,"[]","[]",0,False,False,"",""
"bc1pnqqyaswua2qsv82lxe5cdm0yexadt2xkvdn7y3vkll52n5w7uyvqt4m3de","bitcoin","BTC",14.348907,0.0,"BTC",932678.9550000001,300,0,0,1,1,1.0,0.0,0.0,True,0.3639,0.09190565904201575,False,False,"",8.3,"",0,"[]","[]",0,False,False,"",""
"bc1pfem7g5ae0zljg6qw5d3hjgexc7ytgqhffpguht0z8c3n0yazdt7s66vlpf","bitcoin","BTC",14.348907,0.0,"BTC",932678.9550000001,300,0,0,1,1,1.0,0.0,0.0,True,0.3639,0.09190565904201575,False,False,"",8.3,"",0,"[]","[]",0,False,False,"",""
"bc1pegzsyjnjavkwe9gfkydy6dtaerp4yp2lth9un47xeyq0k98jze2sf5kmnn","bitcoin","BTC",14.348907,0.0,"BTC",932678.9550000001,300,0,0,1,1,1.0,0.0,0.0,True,0.3639,0.09190565904201575,False,False,"",8.3,"",0,"[]","[]",0,False,False,"",""
"bc1pxrzcjc5345kmjz4xhe2dtddatdr6xdf7fkm5enh0cvxrnf9pelcs46w2vh","bitcoin","BTC",14.348907,0.0,"BTC",932678.9550000001,300,0,0,1,1,1.0,0.0,0.0,True,0.3639,0.09190565904201575,False,False,"",8.3,"",0,"[]","[]",0,False,False,"",""
"bc1pnhfv8d9kame4wng5qz3hhexzhgvtsdutwpyn8jrsnxl6grcr8sqsuy8777","bitcoin","BTC",11.4791256,0.0,"BTC",746143.164,240,0,0,1,1,1.0,0.0,0.0,True,0.190725,0.09192513438622651,False,False,"",8.3,"",0,"[]","[]",0,False,False,"",""
"bc1p9w8gjkvgdsype4cjmkdng05cgth6av780phds2d0k6ppvx3sjrdskn2028","bitcoin","BTC",11.4791256,0.0,"BTC",746143.164,240,0,0,1,1,1.0,0.0,0.0,True,0.190725,0.09192513438622651,False,False,"",8.3,"",0,"[]","[]",0,False,False,"",""
"bc1pzzcfa9auq3prgz6m89raecsvwgfx85s4gplsa7zvym4p9n8vtjkq9w0rdp","bitcoin","BTC",4.36207616,0.0,"BTC",283534.9504,208,0,0,1,1,1.0,0.0,0.0,True,0.12345,0.09193356056684643,False,False,"",8.3,"",0,"[]","[]",0,False,False,"",""
"bc1prmx880w5my3fqt677fh4qm45h0hk9sw85g3aam6wfeex6t4kjlfq9mhvwh","bitcoin","BTC",4.36207616,0.0,"BTC",283534.9504,208,0,0,1,1,1.0,0.0,0.0,True,0.12345,0.09193356056684643,False,False,"",8.3,"",0,"[]","[]",0,False,False,"",""
"bc1pvhec93yfs5yuq92j5lpgfeqxyzyramazk7ywg3mrzvm3gamvz0lszu88l3","bitcoin","BTC",4.36207616,0.0,"BTC",283534.9504,208,0,0,1,1,1.0,0.0,0.0,True,0.12345,0.09193356056684643,False,False,"",8.3,"",0,"[]","[]",0,False,False,"",""
"bc1pe23y05zp4qqvuar4rq7szqwgpdktuy8y34ktess3vtls7a4u7leqk7fu90","bitcoin","BTC",4.36207616,0.0,"BTC",283534.9504,208,0,0,1,1,1.0,0.0,0.0,True,0.12345,0.09193356056684643,False,False,"",8.3,"",0,"[]","[]",0,False,False,"",""
"bc1pd7ntymyqz7phcw6pfejulehzu68729j6dakkrsmgnv2xazgtp57q3p4ha8","bitcoin","BTC",4.36207616,0.0,"BTC",283534.9504,208,0,0,1,1,1.0,0.0,0.0,True,0.12345,0.09193356056684643,False,False,"",8.3,"",0,"[]","[]",0,False,False,"",""
"bc1pupwfurxzgsw5exvpcf2gpxqtkwzep24dpswukrqgj5dla6kjkp6spl9w0n","bitcoin","BTC",19.04214016,0.0,"BTC",1237739.1104,227,0,0,1,1,1.0,0.0,0.0,True,0.16605,0.09271236061080668,False,False,"",8.2,"",0,"[]","[]",0,False,False,"",""
"bc1ptvcd7v84sm94g52yzf7j7qywzulguzrghh3e7pkxp7vf8plf88cqp64w5f","bitcoin","BTC",0.56623104,0.0,"BTC",36805.0176,216,0,0,1,1,1.0,0.0,0.0,True,0.134025,0.09338323772637747,False,False,"",8.2,"",0,"[]","[]",0,False,False,"",""
"bc1pz8aj8cqtqmy380zrgvvmgddc9klxtq8g3azrak59yeuakdhw002qlcpd4y","bitcoin","BTC",0.56623104,0.0,"BTC",36805.0176,216,0,0,1,1,1.0,0.0,0.0,True,0.134025,0.09338323772637747,False,False,"",8.2,"",0,"[]","[]",0,False,False,"",""
"bc1pc0kj2atuz9767plazcelc20tjqnsmp7y9h8e73jac6dh88k7y40qnf6stk","bitcoin","BTC",0.56623104,0.0,"BTC",36805.0176,216,0,0,1,1,1.0,0.0,0.0,True,0.134025,0.09338323772637747,False,False,"",8.2,"",0,"[]","[]",0,False,False,"",""
"bc1pqhm0hxj0hy5mhzshy8dpqujhgp3s2td08n0sa0eneeuegyfdk3qsyrnu2r","bitcoin","BTC",35.15482215,0.0,"BTC",2285063.43975,245,0,0,1,1,1.0,0.0,0.0,True,0.21247500000000002,0.0936519249426509,False,False,"",8.1,"",0,"[]","[]",0,False,False,"",""
"bc1pa232q8xqgg9f42fk3cjeg90grvl0se09mqk08xkwzyq3djm768eqle4wns","bitcoin","BTC",35.15482215,0.0,"BTC",2285063.43975,245,0,0,1,1,1.0,0.0,0.0,True,0.21247500000000002,0.0936519249426509,False,False,"",8.1,"",0,"[]","[]",0,False,False,"",""
"bc1pvlhzy0q3msd4jhztqh7c3pfd8l92kms45whug3vd2uh3yus6uyvqmq5lfy","bitcoin","BTC",35.15482215,0.0,"BTC",2285063.43975,245,0,0,1,1,1.0,0.0,0.0,True,0.21247500000000002,0.0936519249426509,False,False,"",8.1,"",0,"[]","[]",0,False,False,"",""
"bc1pdrq6fsxggadvz8ep66vyjcn24fmzste4xh3sg9phkr9vjp73mz8snwwgfl","bitcoin","BTC",35.15482215,0.0,"BTC",2285063.43975,245,0,0,1,1,1.0,0.0,0.0,True,0.21247500000000002,0.0936519249426509,False,False,"",8.1,"",0,"[]","[]",0,False,False,"",""
"bc1p4y8wypc3kmj3c4446vzwmgy46ugfsya2mv5dv5mg5m89zsq5rq5s3trphm","bitcoin","BTC",35.15482215,0.0,"BTC",2285063.43975,245,0,0,1,1,1.0,0.0,0.0,True,0.21247500000000002,0.0936519249426509,False,False,"",8.1,"",0,"[]","[]",0,False,False,"",""
"bc1p5jh3nxuywvu65namaxx0m203nxcuxwpsrcrx3genw6h9w5q6hrksj9faax","bitcoin","BTC",35.15482215,0.0,"BTC",2285063.43975,245,0,0,1,1,1.0,0.0,0.0,True,0.21247500000000002,0.0936519249426509,False,False,"",8.1,"",0,"[]","[]",0,False,False,"",""
"bc1psywu3ydzx7wmvpnvqe0yjsggf99mxju0cf89v4myaxv2kw3jrl2shcm09c","bitcoin","BTC",35.15482215,0.0,"BTC",2285063.43975,245,0,0,1,1,1.0,0.0,0.0,True,0.21247500000000002,0.0936519249426509,False,False,"",8.1,"",0,"[]","[]",0,False,False,"",""
"bc1pqyvmmdh7567veuyhfuvs4jmm3aq5c9hj3ed384zvchyuxsdzhxdsff2m7m","bitcoin","BTC",0.56623104,0.0,"BTC",36805.0176,216,0,0,1,1,1.0,0.0,0.0,True,0.134025,0.09357602468799497,False,False,"",8.1,"",0,"[]","[]",0,False,False,"",""
"bc1p0nqdnnj7d2f5yzrhu0skqhlh2m0t64rxvu6ss7zemecm8jdn2hlsnt323q","bitcoin","BTC",3.27367656,0.0,"BTC",212788.9764,308,0,0,1,1,1.0,0.0,0.0,True,0.373575,0.094588954102646,False,False,"",8.0,"",0,"[]","[]",0,False,False,"",""
"bc1pq6j3gsep9x28vthruck0xfpdvhnju4qzs8sva7ryp2j5uear6w8svhwupp","bitcoin","BTC",1.63683828,0.0,"BTC",106394.4882,308,0,0,1,1,1.0,0.0,0.0,True,0.373575,0.09550891285354485,False,False,"",7.9,"",0,"[]","[]",0,False,False,"",""
"bc1p0dpmm2gm8c29h3hp73y0pfcz96m5afc86xexu6uteq2wesspumvqamqcdd","bitcoin","BTC",0.80740352,0.0,"BTC",52481.228800000004,308,0,0,1,1,1.0,0.0,0.0,True,0.373575,0.09598677143894685,False,False,"",7.8,"",0,"[]","[]",0,False,False,"",""
"bc1pt2dvmcz0umwhn4l39zxu4q7tgv8h048mveecr9rcnxnn5030qjhsuuh4pn","bitcoin","BTC",0.80740352,0.0,"BTC",52481.228800000004,308,0,0,1,1,1.0,0.0,0.0,True,0.373575,0.09598677143894685,False,False,"",7.8,"",0,"[]","[]",0,False,False,"",""
"bc1prkmny6ceagfvpy9kt7ej9ymcxnqzz0k6uw92ry793zm4xxxu7lzsdjxzwq","bitcoin","BTC",0.80740352,0.0,"BTC",52481.228800000004,308,0,0,1,1,1.0,0.0,0.0,True,0.373575,0.09598677143894685,False,False,"",7.8,"",0,"[]","[]",0,False,False,"",""
"bc1pe5cmkuahqee98nyh5mqpve6ajqdc0c7c53ree00f5n8c03h8sscqfq9j43","bitcoin","BTC",0.80740352,0.0,"BTC",52481.228800000004,308,0,0,1,1,1.0,0.0,0.0,True,0.373575,0.09598677143894685,False,False,"",7.8,"",0,"[]","[]",0,False,False,"",""
"bc1pzju27l7m0w384z607hvrnssplqwfqutgwhr8ua8v4k973wu7kulslxj5ry","bitcoin","BTC",0.80740352,0.0,"BTC",52481.228800000004,308,0,0,1,1,1.0,0.0,0.0,True,0.373575,0.09598677143894685,False,False,"",7.8,"",0,"[]","[]",0,False,False,"",""
"bc1pd3crg64dvlwkeczs2waljnw280rypcdvzmw4mmxmxfeag6w3l7eqmr8d8r","bitcoin","BTC",0.80740352,0.0,"BTC",52481.228800000004,308,0,0,1,1,1.0,0.0,0.0,True,0.373575,0.09598677143894685,False,False,"",7.8,"",0,"[]","[]",0,False,False,"",""
"bc1qgechqcp83x95scmkxlwdpsgjpdygd4d7rya4as","bitcoin","BTC",0.602,0.0,"BTC",39130.0,300,0,0,1,1,1.0,0.0,0.0,True,0.3639,0.0978811799983289,False,False,"",7.6,"",0,"[]","[]",0,False,False,"",""
"bc1p3r2a08scv2xthp5cy55pmknjxn80zv5cj8ang7ttq7qmldd0w8jq72vy7g","bitcoin","BTC",0.602,0.0,"BTC",39130.0,300,0,0,1,1,1.0,0.0,0.0,True,0.3639,0.0978811799983289,False,False,"",7.6,"",0,"[]","[]",0,False,False,"",""
"bc1pcjhufj3x6l4a6j37n9ut40jhfkwu64qp69vmmwx6sh89xuwswezqzxqzqe","bitcoin","BTC",0.602,0.0,"BTC",39130.0,300,0,0,1,1,1.0,0.0,0.0,True,0.3639,0.0978811799983289,False,False,"",7.6,"",0,"[]","[]",0,False,False,"",""
"bc1qmfs3dwgwhpj7chrmhtczn0q87h6e752l8jmjhg","bitcoin","BTC",0.602,0.0,"BTC",39130.0,300,0,0,1,1,1.0,0.0,0.0,True,0.3639,0.0978811799983289,False,False,"",7.6,"",0,"[]","[]",0,False,False,"",""
"bc1pw7sfteppulmpq94ktvxc9xald6yeq6ep256f0lt9a7r5rshn5cusekml38","bitcoin","BTC",0.602,0.0,"BTC",39130.0,300,0,0,1,1,1.0,0.0,0.0,True,0.3639,0.0978811799983289,False,False,"",7.6,"",0,"[]","[]",0,False,False,"",""
"bc1p5c3dac8u3l060eth5jh6a8pz4wp9wzqzmcd9464vas2hh3w7hcnq6dw3d5","bitcoin","BTC",6.88747536,0.0,"BTC",447685.8984,216,0,0,1,1,1.0,0.0,0.0,True,0.134025,0.09778779737824567,False,False,"",7.6,"",0,"[]","[]",0,False,False,"",""
"bc1pd5qv6w20u60hsmp6nreu59kur674ek0xwhg6vdpj4tjvp7myxggqedzhtu","bitcoin","BTC",6.88747536,0.0,"BTC",447685.8984,216,0,0,1,1,1.0,0.0,0.0,True,0.134025,0.09778779737824567,False,False,"",7.6,"",0,"[]","[]",0,False,False,"",""
"bc1pgh8xrszr48vy2t0h67ejyjscxagdph5g73t98zgaame0gmu9f3hqrqnz63","bitcoin","BTC",1.09122552,0.0,"BTC",70929.6588,308,0,0,1,1,1.0,0.0,0.0,True,0.373575,0.09895775521951927,False,False,"",7.5,"",0,"[]","[]",0,False,False,"",""
"bc1p6djthpx3d4ducv3w7f78tzffuyeteefy2p6vap8nkxdhd26wuxxspfpq7j","bitcoin","BTC",1.09122552,0.0,"BTC",70929.6588,308,0,0,1,1,1.0,0.0,0.0,True,0.373575,0.09895775521951927,False,False,"",7.5,"",0,"[]","[]",0,False,False,"",""
"bc1pz3jn6stzagrmsu0fak998wq88kv7le02sy0nrql7k5a25u45jmqsqsglu8","bitcoin","BTC",1.09122552,0.0,"BTC",70929.6588,308,0,0,1,1,1.0,0.0,0.0,True,0.373575,0.09895775521951927,False,False,"",7.5,"",0,"[]","[]",0,False,False,"",""
"bc1pwx8x6wf7493srulytdte4d3p2255gc0kvjxs6d3t50yc560yreuq4w2ltd","bitcoin","BTC",1.09122552,0.0,"BTC",70929.6588,308,0,0,1,1,1.0,0.0,0.0,True,0.373575,0.09895775521951927,False,False,"",7.5,"",0,"[]","[]",0,False,False,"",""
"bc1pw67tvn8pp7defke26vnrujk46fd6hwn5gkf374qglm6mdvj4083qw5shcf","bitcoin","BTC",1.09122552,0.0,"BTC",70929.6588,308,0,0,1,1,1.0,0.0,0.0,True,0.373575,0.09895775521951927,False,False,"",7.5,"",0,"[]","[]",0,False,False,"",""
"bc1pxqp2jckxz70f7qssdgalpqye24j9ndmaehy2j9hxdyvxvu29q4yqnee5l0","bitcoin","BTC",1.09122552,0.0,"BTC",70929.6588,308,0,0,1,1,1.0,0.0,0.0,True,0.373575,0.09895775521951927,False,False,"",7.5,"",0,"[]","[]",0,False,False,"",""
"bc1p58pa9axefuhh8s7u7xa8t099qztt0hlnwm6qvlmn2n7h58duxlmszn2sh9","bitcoin","BTC",10.95,0.0,"BTC",711750.0,214,0,0,1,1,1.0,0.0,0.0,True,0.127875,0.09844652477401045,False,False,"",7.5,"",0,"[]","[]",0,False,False,"",""
"bc1q2h97jpzp8l0e7ahxx3x05ydc292ln4a3av506e","bitcoin","BTC",10.95,0.0,"BTC",711750.0,214,0,0,1,1,1.0,0.0,0.0,True,0.127875,0.09844652477401045,False,False,"",7.5,"",0,"[]","[]",0,False,False,"",""
"bc1pwzxmhqzm4mlnmztcx40q2s42gawpsu2dy36200m5q5z3hjqyxgqq9vvve4","bitcoin","BTC",10.95,0.0,"BTC",711750.0,214,0,0,1,1,1.0,0.0,0.0,True,0.127875,0.09844652477401045,False,False,"",7.5,"",0,"[]","[]",0,False,False,"",""
"bc1pmquq3r9pmtx0jgz66zdqplmwj96zpmu59z4skv20vdtylx7gn8msq4k0uj","bitcoin","BTC",10.95,0.0,"BTC",711750.0,214,0,0,1,1,1.0,0.0,0.0,True,0.127875,0.09844652477401045,False,False,"",7.5,"",0,"[]","[]",0,False,False,"",""
"bc1p9da0m3wpgqrjumjt7jp5uss7m2s6fs0mnc6urck6xr74dshcqpwsru9j72","bitcoin","BTC",27.7,0.0,"BTC",1800500.0,277,0,0,1,1,1.0,0.0,0.0,True,0.325275,0.0993873488402498,False,False,"",7.4,"",0,"[]","[]",0,False,False,"",""
"bc1q0x2grdvu7f5jjcmf88wsc5f37ypxt3df9t9k54","bitcoin","BTC",27.7,0.0,"BTC",1800500.0,277,0,0,1,1,1.0,0.0,0.0,True,0.325275,0.0993873488402498,False,False,"",7.4,"",0,"[]","[]",0,False,False,"",""
"bc1pewfwgtzlx2fed73vlten2vee3zkpn92hjagkzss0xw5wt70xg8ts5g4tnr","bitcoin","BTC",0.6,0.0,"BTC",39000.0,300,0,0,1,1,1.0,0.0,0.0,True,0.3639,0.10065002999069744,False,False,"",7.3,"",0,"[]","[]",0,False,False,"",""
"bc1psdeqpx883ljgm0ulj8wzys4h9s4hasrsygt843g4v0ym2lquf5gs9hw95d","bitcoin","BTC",15.05,0.0,"BTC",978250.0,300,0,0,1,1,1.0,0.0,0.0,True,0.3639,0.10032986715946668,False,False,"",7.3,"",0,"[]","[]",0,False,False,"",""
"bc1png34j7f8y2edvtyfk9lsm032a8uvkqzm80llxac2spqeq2u898xq2p5mfl","bitcoin","BTC",15.05,0.0,"BTC",978250.0,300,0,0,1,1,1.0,0.0,0.0,True,0.3639,0.10032986715946668,False,False,"",7.3,"",0,"[]","[]",0,False,False,"",""
"bc1puccwe5ldss8pzqu8xmjljsqez85jnypryns42n079fmvm0ay6xnq4dzlv8","bitcoin","BTC",0.586,0.0,"BTC",38090.0,293,0,0,1,1,1.0,0.0,0.0,True,0.35475,0.10020370446927918,False,False,"",7.3,"",0,"[]","[]",0,False,False,"",""
"bc1pzax0l37wrf2y8634stmlq364am4h8xyhhw362sy4pjl25yxh0e0qfgqv5a","bitcoin","BTC",0.586,0.0,"BTC",38090.0,293,0,0,1,1,1.0,0.0,0.0,True,0.35475,0.10020370446927918,False,False,"",7.3,"",0,"[]","[]",0,False,False,"",""
"bc1pu8azzjseg3dwzna9jjv4lr9dquw3g5ys2d6hp2qxdqjmd0c92y5sydt5c7","bitcoin","BTC",0.586,0.0,"BTC",38090.0,293,0,0,1,1,1.0,0.0,0.0,True,0.35475,0.10020370446927918,False,False,"",7.3,"",0,"[]","[]",0,False,False,"",""
"bc1p83jlx2sackjqf8sva5aqexa67etl6c58vww7ruf5szhttz3en3ksp32elm","bitcoin","BTC",0.586,0.0,"BTC",38090.0,293,0,0,1,1,1.0,0.0,0.0,True,0.35475,0.10020370446927918,False,False,"",7.3,"",0,"[]","[]",0,False,False,"",""
"bc1pl9uyecdz2lzx0kayk9ufmpaljwzh8rvly9jfx0dnz4cvm9mun3yqamedd4","bitcoin","BTC",18.95825408,0.0,"BTC",1232286.5152,226,0,0,1,1,1.0,0.0,0.0,True,0.16297499999999998,0.10008305869362677,False,False,"",7.3,"",0,"[]","[]",0,False,False,"",""
"bc1pandguczze650netcnjt69c2mn2lgc20ehnvlzc2sqfwn29v95r2qrlc7v9","bitcoin","BTC",18.95825408,0.0,"BTC",1232286.5152,226,0,0,1,1,1.0,0.0,0.0,True,0.16297499999999998,0.10008305869362677,False,False,"",7.3,"",0,"[]","[]",0,False,False,"",""
"bc1p52kq02742fczwzvx05e5nkpj3673qdfghm2tqeu4ycvqkj8u8zhs75067y","bitcoin","BTC",0.572,0.0,"BTC",37180.0,286,0,0,1,1,1.0,0.0,0.0,True,0.346725,0.10095626716517275,False,False,"",7.2,"",0,"[]","[]",0,False,False,"",""
"bc1ppjlw6htd75makaj8ekmxzf0jjuk6tcge65gm7vqguu359v8gjdzskeuq6e","bitcoin","BTC",27.6,0.0,"BTC",1794000.0,276,0,0,1,1,1.0,0.0,0.0,True,0.31845,0.10139246572742933,False,False,"",7.2,"",0,"[]","[]",0,False,False,"",""
"bc1q9dlsele9g6h58v9hx5yahkd4xea0xcp40sjr4j","bitcoin","BTC",27.6,0.0,"BTC",1794000.0,276,0,0,1,1,1.0,0.0,0.0,True,0.31845,0.10139246572742933,False,False,"",7.2,"",0,"[]","[]",0,False,False,"",""
"bc1prxfgyv099z9a8ruja739f7q30usjc3axfzuwvfq68gp5la3jmvjswm27kq","bitcoin","BTC",0.57409536,0.0,"BTC",37316.1984,219,0,0,1,1,1.0,0.0,0.0,True,0.14085,0.10120849254397091,False,False,"",7.2,"",0,"[]","[]",0,False,False,"",""
"bc1p6xe5wxxw5nsnm3fkfh7e4n4msd3nt7xpamjlhynq88zrqxx9k7ks8762yg","bitcoin","BTC",0.57409536,0.0,"BTC",37316.1984,219,0,0,1,1,1.0,0.0,0.0,True,0.14085,0.10120849254397091,False,False,"",7.2,"",0,"[]","[]",0,False,False,"",""
"bc1p8859ar3u7n6guyl98cu7py3xwtw4hgqwskt84whr6t8yh9av8ckqtzrlv2","bitcoin","BTC",0.57409536,0.0,"BTC",37316.1984,219,0,0,1,1,1.0,0.0,0.0,True,0.14085,0.10120849254397091,False,False,"",7.2,"",0,"[]","[]",0,False,False,"",""
"bc1pa779tfdsmqh9utqztzuwvfeceqh4qlz2yws0errygfylecmun5hsh5ufpq","bitcoin","BTC",0.57409536,0.0,"BTC",37316.1984,219,0,0,1,1,1.0,0.0,0.0,True,0.14085,0.10120849254397091,False,False,"",7.2,"",0,"[]","[]",0,False,False,"",""
"bc1pjtg7w4u3u2z8et2cvr8aft8mggn9p68prexzvst7yxsclzrqzkpsndjwuu","bitcoin","BTC",0.57409536,0.0,"BTC",37316.1984,219,0,0,1,1,1.0,0.0,0.0,True,0.14085,0.10120849254397091,False,False,"",7.2,"",0,"[]","[]",0,False,False,"",""
"bc1pg4dly7p9tj8a34x99fw00rjj4pdwqcq5ez7rsj495acacskmdzqqhy5fat","bitcoin","BTC",9.34273278,0.0,"BTC",607277.6307,293,0,0,1,1,1.0,0.0,0.0,True,0.35475,0.1018873402164514,False,False,"",7.1,"",0,"[]","[]",0,False,False,"",""
"bc1p07w4hhjf5cyq680qjt659cft3lrcd0apyp89608ygu6xau5gek7qlv9xcj","bitcoin","BTC",9.34273278,0.0,"BTC",607277.6307,293,0,0,1,1,1.0,0.0,0.0,True,0.35475,0.1018873402164514,False,False,"",7.1,"",0,"[]","[]",0,False,False,"",""
"bc1p7gex9l29ua2m9km8tgcy7r89twzn5wh9jcw9tuj3fqze6s928a4sndey6q","bitcoin","BTC",5.80911104,0.0,"BTC",377592.21760000003,277,0,0,1,1,1.0,0.0,0.0,True,0.325275,0.10166582056280188,False,False,"",7.1,"",0,"[]","[]",0,False,False,"",""
"bc1p59j59vwhj5s4j98mh02zjmkz3jyvxskmxmvyrekw5e9rghrwv76qhasen0","bitcoin","BTC",14.45,0.0,"BTC",939250.0,289,0,0,1,1,1.0,0.0,0.0,True,0.35040000000000004,0.10355609992855491,False,False,"",6.9,"",0,"[]","[]",0,False,False,"",""
"bc1pgkn9gpyf5uxk2gdumn7tjazcaqractcyr5jlctmacmrr0sk9qeeqkqpvkk","bitcoin","BTC",14.45,0.0,"BTC",939250.0,289,0,0,1,1,1.0,0.0,0.0,True,0.35040000000000004,0.10355609992855491,False,False,"",6.9,"",0,"[]","[]",0,False,False,"",""
"bc1q35675fhn6lvr88kgecg70cv8mvs5mm9qnpztzu","bitcoin","BTC",24.3,0.0,"BTC",1579500.0,243,0,0,1,1,1.0,0.0,0.0,True,0.20182499999999998,0.10345065499640166,False,False,"",6.9,"",0,"[]","[]",0,False,False,"",""
"bc1pt7mtgpyhet6jq7a64x7cryr2ugr38wsanwkxdgdlczgenerzhtss7jrqfv","bitcoin","BTC",24.3,0.0,"BTC",1579500.0,243,0,0,1,1,1.0,0.0,0.0,True,0.20182499999999998,0.10345065499640166,False,False,"",6.9,"",0,"[]","[]",0,False,False,"",""
"bc1psv4u2rhurpgg8hx9vgukhtrdftdfxcwaq2yea6m2xxk0naevds0s4mtdhh","bitcoin","BTC",22.5,0.0,"BTC",1462500.0,225,0,0,1,1,1.0,0.0,0.0,True,0.159075,0.10400184519644323,False,False,"",6.9,"",0,"[]","[]",0,False,False,"",""
"bc1pm4hrsaltusy0vcw3mnfd32hl8592sauaq5t95vrly3f9styvz4rsuy4wy8","bitcoin","BTC",21.33204174,0.0,"BTC",1386582.7131,223,0,0,1,1,1.0,0.0,0.0,True,0.1482,0.10358266659567733,False,False,"",6.9,"",0,"[]","[]",0,False,False,"",""
"bc1pfjp5phkyudxlsz3ym3h4j4kl24dut6xmq4v2m0smsszdh27c9lsqvcf6md","bitcoin","BTC",21.33204174,0.0,"BTC",1386582.7131,223,0,0,1,1,1.0,0.0,0.0,True,0.1482,0.10358266659567733,False,False,"",6.9,"",0,"[]","[]",0,False,False,"",""
"bc1pn4pyspvv8tedknst4wvaw2ekxpqmtmhfdrfl7y92u25nhwaeqdyqneyf48","bitcoin","BTC",4.52984832,0.0,"BTC",294440.1408,216,0,0,1,1,1.0,0.0,0.0,True,0.134025,0.10333018918096398,False,False,"",6.9,"",0,"[]","[]",0,False,False,"",""
"bc1pvahrkc3dtrhlk9e4df6zwjrytvq6uqz2fq6ulzwtnfqz32uq5n0s33fsk7","bitcoin","BTC",4.52984832,0.0,"BTC",294440.1408,216,0,0,1,1,1.0,0.0,0.0,True,0.134025,0.10333018918096398,False,False,"",6.9,"",0,"[]","[]",0,False,False,"",""
"bc1pgmr54djf5pzh90ptxhyz8xwcdvemq9sr9zwuhzhmwjv6hzkfkkes8yyu2w","bitcoin","BTC",12.67486785,0.0,"BTC",823866.41025,265,0,0,1,1,1.0,0.0,0.0,True,0.28049999999999997,0.10528085673027882,False,False,"",6.7,"",0,"[]","[]",0,False,False,"",""
"bc1pvz5rayl4p7de4ag5ul0zswsx6ru975at7ysrh2kdvmt6qx4lha9q6fk7gj","bitcoin","BTC",0.512,0.0,"BTC",33280.0,256,0,0,1,1,1.0,0.0,0.0,True,0.2397,0.10505773822797465,False,False,"",6.7,"",0,"[]","[]",0,False,False,"",""
"bc1p4j3sj9tec4rq2gp820flpxfuyhyq3n0y7057tcn22f9tuszvyecsg5cqv3","bitcoin","BTC",0.512,0.0,"BTC",33280.0,256,0,0,1,1,1.0,0.0,0.0,True,0.2397,0.10505773822797465,False,False,"",6.7,"",0,"[]","[]",0,False,False,"",""
"bc1pxrddm3w5u7nrh9k5w3fjvufzqa6lx9s62a28t5ne3533wdkl29qqrtkxnd","bitcoin","BTC",0.512,0.0,"BTC",33280.0,256,0,0,1,1,1.0,0.0,0.0,True,0.2397,0.10505773822797465,False,False,"",6.7,"",0,"[]","[]",0,False,False,"",""
"bc1p6e3htm796vc3wgwa7q927jvagf4z7xjm0rsk960gf6jfdhrdaueq736j59","bitcoin","BTC",0.512,0.0,"BTC",33280.0,256,0,0,1,1,1.0,0.0,0.0,True,0.2397,0.10505773822797465,False,False,"",6.7,"",0,"[]","[]",0,False,False,"",""
"bc1pvjlh4cs8uf50a9u2au8ksnju00fqy6vkmwmwrrfx6k0zxtmzahgsk5fdwc","bitcoin","BTC",0.512,0.0,"BTC",33280.0,256,0,0,1,1,1.0,0.0,0.0,True,0.2397,0.10505773822797465,False,False,"",6.7,"",0,"[]","[]",0,False,False,"",""
"bc1qx25mh2zhsmmpfjk2y6pemkmry8v6dwn05s5cyg","bitcoin","BTC",12.5,0.0,"BTC",812500.0,250,0,0,1,1,1.0,0.0,0.0,True,0.233175,0.10559516371922367,False,False,"",6.7,"",0,"[]","[]",0,False,False,"",""
"bc1pl0zw5rvpjmjyzqk2tvpftvutrlkr0vjzn85mm640ckm8kqmm8kts82j6k7","bitcoin","BTC",12.5,0.0,"BTC",812500.0,250,0,0,1,1,1.0,0.0,0.0,True,0.233175,0.10559516371922367,False,False,"",6.7,"",0,"[]","[]",0,False,False,"",""
"bc1phcz90k8kgevhtjdwn7ne7ug2f8fa2g62rxrzxymy2shgwcv2f9sqhcz4h4","bitcoin","BTC",2.29582512,0.0,"BTC",149228.6328,216,0,0,1,1,1.0,0.0,0.0,True,0.134025,0.10490054597602816,False,False,"",6.7,"",0,"[]","[]",0,False,False,"",""
"bc1p9hmy95tuw698vkzy50kh0t8843gmwkx225d7cvk8vfw8jsdu5h6sqz8gae","bitcoin","BTC",2.29582512,0.0,"BTC",149228.6328,216,0,0,1,1,1.0,0.0,0.0,True,0.134025,0.10490054597602816,False,False,"",6.7,"",0,"[]","[]",0,False,False,"",""
"bc1plkmp337g3fk908nuqmn5pj7zp4m9k6652deuw70gw5q6qxf6earqt4ffnw","bitcoin","BTC",26.7846264,0.0,"BTC",1741000.716,280,0,0,1,1,1.0,0.0,0.0,True,0.33089999999999997,0.10578913987692995,False,False,"",6.6,"",0,"[]","[]",0,False,False,"",""
"bc1pjzqjxs72svcnhc3skqcu2y4ytvv4l4mmxmms6h5jrvve470mg5gqxkau0g","bitcoin","BTC",26.7846264,0.0,"BTC",1741000.716,280,0,0,1,1,1.0,0.0,0.0,True,0.33089999999999997,0.10578913987692995,False,False,"",6.6,"",0,"[]","[]",0,False,False,"",""
"bc1pmrxxk38asu8hjd055yncf7pdhurmws9gcfpe03a8fs5j8cwahhgqjt9dxv","bitcoin","BTC",26.7846264,0.0,"BTC",1741000.716,280,0,0,1,1,1.0,0.0,0.0,True,0.33089999999999997,0.10578913987692995,False,False,"",6.6,"",0,"[]","[]",0,False,False,"",""
"bc1psnjuzkym6jhs8ma9aql3ajwz8eurn78h3unnhd4mvqx4qjyf0ensp6lc78","bitcoin","BTC",0.76527504,0.0,"BTC",49742.8776,216,0,0,1,1,1.0,0.0,0.0,True,0.134025,0.1058923940958979,False,False,"",6.6,"",0,"[]","[]",0,False,False,"",""
"bc1pvp4cqypyhx3hq0fxyphvlyz7ewdtaccnzypkp7enzln9gqwe4a4skplapt","bitcoin","BTC",0.76527504,0.0,"BTC",49742.8776,216,0,0,1,1,1.0,0.0,0.0,True,0.134025,0.1058923940958979,False,False,"",6.6,"",0,"[]","[]",0,False,False,"",""
"bc1p8d4ppgj0r0h8p8ks78lspae8fxvje6rp88ed3fmz5s4auvxqd79qeuxrfh","bitcoin","BTC",10.8,0.0,"BTC",702000.0,216,0,0,1,1,1.0,0.0,0.0,True,0.134025,0.10606848442202954,False,False,"",6.6,"",0,"[]","[]",0,False,False,"",""
"bc1px6g6y4ktn07jgg8gzdxmuju68dh02l7yy83x3uhu44qdxukt0pkq3ejkd8","bitcoin","BTC",9.565938,0.0,"BTC",621785.97,300,0,0,1,1,1.0,0.0,0.0,True,0.3639,0.1067289300912192,False,False,"",6.5,"",0,"[]","[]",0,False,False,"",""
"bc1p2l5sd5t88anqmk66hv6ucd9lfqkczjmvqlkd56pyjnv9px3sy9kstktmd0","bitcoin","BTC",9.565938,0.0,"BTC",621785.97,300,0,0,1,1,1.0,0.0,0.0,True,0.3639,0.1067289300912192,False,False,"",6.5,"",0,"[]","[]",0,False,False,"",""
"bc1pvd3r4r9dcu4m5mekayqtuc88sul38j7ehfmjzwxx8gckez3mtstsvpapth","bitcoin","BTC",9.565938,0.0,"BTC",621785.97,300,0,0,1,1,1.0,0.0,0.0,True,0.3639,0.1067289300912192,False,False,"",6.5,"",0,"[]","[]",0,False,False,"",""
"bc1pwel3kkz6vg9vun7ckhe4tymdhhkj8wlckdxx7g2zpfknwvtr0u9qg374zf","bitcoin","BTC",6.98313474,0.0,"BTC",453903.7581,214,0,0,1,1,1.0,0.0,0.0,True,0.127875,0.10669674620473835,False,False,"",6.5,"",0,"[]","[]",0,False,False,"",""
"bc1plggajlwapykfz8fyxt39unzd288kj2adv86q2pnfl7v92ghmt5ls9nl9j5","bitcoin","BTC",6.98313474,0.0,"BTC",453903.7581,214,0,0,1,1,1.0,0.0,0.0,True,0.127875,0.10669674620473835,False,False,"",6.5,"",0,"[]","[]",0,False,False,"",""
"bc1p78jm6ktdmje6466wmn2uwjtmw23jhlrzq4t538r84elfxek487nqpx6f8q","bitcoin","BTC",6.98313474,0.0,"BTC",453903.7581,214,0,0,1,1,1.0,0.0,0.0,True,0.127875,0.10669674620473835,False,False,"",6.5,"",0,"[]","[]",0,False,False,"",""
"bc1p0dcxcaz5cyh72uvpyu42ttzd0uw0rx2wtmqcdu0e9zgwmx928qzqlh0ara","bitcoin","BTC",0.578,0.0,"BTC",37570.0,289,0,0,1,1,1.0,0.0,0.0,True,0.35040000000000004,0.10757625984385849,False,False,"",6.4,"",0,"[]","[]",0,False,False,"",""
"bc1pzl2077dqd62qydt3hg36aqlj336vpq8gdcadpx9htqa8zm2pzx8s8mvtkf","bitcoin","BTC",0.578,0.0,"BTC",37570.0,289,0,0,1,1,1.0,0.0,0.0,True,0.35040000000000004,0.10757625984385849,False,False,"",6.4,"",0,"[]","[]",0,False,False,"",""
"bc1pfvq5ny09dj7wn2p4jv6dghv95a64k3qeye3mtvf6n2r6v97zajcqhcgllx","bitcoin","BTC",0.578,0.0,"BTC",37570.0,289,0,0,1,1,1.0,0.0,0.0,True,0.35040000000000004,0.10757625984385849,False,False,"",6.4,"",0,"[]","[]",0,False,False,"",""
"bc1pfyrrgphhlr502jvvvs9laehtwltdlr802u60hwh00ef9yljnr8xqe3qgj5","bitcoin","BTC",0.578,0.0,"BTC",37570.0,289,0,0,1,1,1.0,0.0,0.0,True,0.35040000000000004,0.10757625984385849,False,False,"",6.4,"",0,"[]","[]",0,False,False,"",""
"bc1pjgrljs3e8rmsq36dsyz4npkyw77ldk776sv2t9j607t3vdalgccqpsa06n","bitcoin","BTC",0.578,0.0,"BTC",37570.0,289,0,0,1,1,1.0,0.0,0.0,True,0.35040000000000004,0.10757625984385849,False,False,"",6.4,"",0,"[]","[]",0,False,False,"",""
"bc1pn78qsdg8u7lyww23lcw7m74njclg8mg0seg4xcjhfhgzfke06zms98ygzs","bitcoin","BTC",0.578,0.0,"BTC",37570.0,289,0,0,1,1,1.0,0.0,0.0,True,0.35040000000000004,0.10757625984385849,False,False,"",6.4,"",0,"[]","[]",0,False,False,"",""
"bc1p9eha64ctxpal2a657r9rj6vm8lp6g5xps6nucc5exjv0m7f54l0skhxfvw","bitcoin","BTC",0.578,0.0,"BTC",37570.0,289,0,0,1,1,1.0,0.0,0.0,True,0.35040000000000004,0.10757625984385849,False,False,"",6.4,"",0,"[]","[]",0,False,False,"",""
"bc1p9dxl04du5z5us79298cu8c9zj96c4xmgjkcy0and5xec7lclpjus9c00ph","bitcoin","BTC",5.99785472,0.0,"BTC",389860.5568,286,0,0,1,1,1.0,0.0,0.0,True,0.346725,0.1076668503901832,False,False,"",6.4,"",0,"[]","[]",0,False,False,"",""
"bc1p64hpzvnan35fxmmfcc4r9mmup734rkqlt4rv3s5ltuax7wjmqm4qshknx7","bitcoin","BTC",5.99785472,0.0,"BTC",389860.5568,286,0,0,1,1,1.0,0.0,0.0,True,0.346725,0.1076668503901832,False,False,"",6.4,"",0,"[]","[]",0,False,False,"",""
"bc1qyhshpmpvkuzlyypgkmyy5n03rm7uqzjc6pzkv0","bitcoin","BTC",27.0,0.0,"BTC",1755000.0,269,0,0,1,1,1.0,0.0,0.0,True,0.28522499999999995,0.10810958673522814,False,False,"",6.4,"",0,"[]","[]",0,False,False,"",""
"bc1pejxl6afudvsd9k5j4hgmksraremgmy52nya59uzat6xva45fl8dsg3khrv","bitcoin","BTC",27.0,0.0,"BTC",1755000.0,269,0,0,1,1,1.0,0.0,0.0,True,0.28522499999999995,0.10810958673522814,False,False,"",6.4,"",0,"[]","[]",0,False,False,"",""
"bc1pg6xcd92gcnjxqfta5kk62t9xcpjc4922gnc3myw4speylvdsszssvgruhc","bitcoin","BTC",27.0,0.0,"BTC",1755000.0,269,0,0,1,1,1.0,0.0,0.0,True,0.28522499999999995,0.10810958673522814,False,False,"",6.4,"",0,"[]","[]",0,False,False,"",""
"bc1pwl5huu5v2cwcjf5yyt30vtrfa2p4fjya0hfc50cfg5389aqx3s5s2g8y2d","bitcoin","BTC",27.0,0.0,"BTC",1755000.0,269,0,0,1,1,1.0,0.0,0.0,True,0.28522499999999995,0.10810958673522814,False,False,"",6.4,"",0,"[]","[]",0,False,False,"",""
"bc1px6axdwwu6ds0ltpkfnuh8p8re87x4h4elupzmvrggu6smlel4m5spey6h9","bitcoin","BTC",22.0016574,0.0,"BTC",1430107.731,230,0,0,1,1,1.0,0.0,0.0,True,0.18015,0.10773661151251662,False,False,"",6.4,"",0,"[]","[]",0,False,False,"",""
"bc1p8zvudey2997dd8lteq0e0rtddx5dz3s8607n52pns6kw5kd70azqartwpg","bitcoin","BTC",22.0016574,0.0,"BTC",1430107.731,230,0,0,1,1,1.0,0.0,0.0,True,0.18015,0.10773661151251662,False,False,"",6.4,"",0,"[]","[]",0,False,False,"",""
"bc1pmqdpwy2kzjgvks7rflv908d036yvtedlyvjeczp9pcv2h6lu8lwq6zeysy","bitcoin","BTC",22.0016574,0.0,"BTC",1430107.731,230,0,0,1,1,1.0,0.0,0.0,True,0.18015,0.10773661151251662,False,False,"",6.4,"",0,"[]","[]",0,False,False,"",""
"bc1pm3fgpjs6p0aks9j0n2k67eecp4uce3emy67s7cn4m32h0vpn94jq5hm8np","bitcoin","BTC",22.0016574,0.0,"BTC",1430107.731,230,0,0,1,1,1.0,0.0,0.0,True,0.18015,0.10773661151251662,False,False,"",6.4,"",0,"[]","[]",0,False,False,"",""
"bc1qjhfg73u6n3u92vzy54tt757l8qnlru4es0yrmg","bitcoin","BTC",22.0016574,0.0,"BTC",1430107.731,230,0,0,1,1,1.0,0.0,0.0,True,0.18015,0.10773661151251662,False,False,"",6.4,"",0,"[]","[]",0,False,False,"",""
"bc1qme8xzdm5ctwf22a8u5y7ckwvvmlyz50u3ttjvk","bitcoin","BTC",22.0016574,0.0,"BTC",1430107.731,230,0,0,1,1,1.0,0.0,0.0,True,0.18015,0.10773661151251662,False,False,"",6.4,"",0,"[]","[]",0,False,False,"",""
"bc1phhxdmsgtt8wua0fnpuujq72p47t3t0agxvguzepch9uhqmnyhqhqt03d23","bitcoin","BTC",0.58195968,0.0,"BTC",37827.379199999996,222,0,0,1,1,1.0,0.0,0.0,True,0.14482499999999998,0.10772780125296999,False,False,"",6.4,"",0,"[]","[]",0,False,False,"",""
"bc1pts3jca4nhq8hy8lwrwyxwa35tsr8usrcayqlj2337nqrynlu37xsv2fv70","bitcoin","BTC",10.33121304,0.0,"BTC",671528.8476,216,0,0,1,1,1.0,0.0,0.0,True,0.134025,0.10756519178657359,False,False,"",6.4,"",0,"[]","[]",0,False,False,"",""
"bc1ps68qk5ynkkle0jwyvxfz5dqvd5kwx6pxv0ue42mqu7ttncqn0n4sr40hta","bitcoin","BTC",10.33121304,0.0,"BTC",671528.8476,216,0,0,1,1,1.0,0.0,0.0,True,0.134025,0.10756519178657359,False,False,"",6.4,"",0,"[]","[]",0,False,False,"",""
"bc1pvgqxrf9823c4546387a77hv64gducps0lwdj0jv0vdwf5fya04xs6gmu99","bitcoin","BTC",10.33121304,0.0,"BTC",671528.8476,216,0,0,1,1,1.0,0.0,0.0,True,0.134025,0.10756519178657359,False,False,"",6.4,"",0,"[]","[]",0,False,False,"",""
"bc1p3xqvnx38va8yvet5yfxaard47s4al29x236sslzdvt4pej96upas9ph99z","bitcoin","BTC",22.9,0.0,"BTC",1488500.0,229,0,0,1,1,1.0,0.0,0.0,True,0.17407499999999998,0.10870048762373852,False,False,"",6.3,"",0,"[]","[]",0,False,False,"",""
"bc1p6upg8f52zzz24cjcfht57uwq5tzxuwnf59qj9zf5nltxnqs4m2hspsvqxs","bitcoin","BTC",22.9,0.0,"BTC",1488500.0,229,0,0,1,1,1.0,0.0,0.0,True,0.17407499999999998,0.10870048762373852,False,False,"",6.3,"",0,"[]","[]",0,False,False,"",""
"bc1purn43wrfd36xdjud9devnuc9xrmxnfzzrnr4gkvhmvdmf8eddv7skne3ks","bitcoin","BTC",22.9,0.0,"BTC",1488500.0,229,0,0,1,1,1.0,0.0,0.0,True,0.17407499999999998,0.10870048762373852,False,False,"",6.3,"",0,"[]","[]",0,False,False,"",""
"bc1ps3ns2dh27qmgyalvd23ytraxa84ue954jj5n7md3emjx964du04s3m5nvm","bitcoin","BTC",22.9,0.0,"BTC",1488500.0,229,0,0,1,1,1.0,0.0,0.0,True,0.17407499999999998,0.10870048762373852,False,False,"",6.3,"",0,"[]","[]",0,False,False,"",""
"bc1qsg5zyqcann7dwlyrv3p6wxrnwdk7tg0p7vaxs2","bitcoin","BTC",11.1,0.0,"BTC",721500.0,222,0,0,1,1,1.0,0.0,0.0,True,0.14482499999999998,0.10881893969617823,False,False,"",6.3,"",0,"[]","[]",0,False,False,"",""
"bc1qx424gygkmqgsx3ja0tq58l4hcrsdnayzkauca7","bitcoin","BTC",11.1,0.0,"BTC",721500.0,222,0,0,1,1,1.0,0.0,0.0,True,0.14482499999999998,0.10881893969617823,False,False,"",6.3,"",0,"[]","[]",0,False,False,"",""
"bc1pnc8mmc5j3a086pzxayxlhprutr38gaafpacxm4spfy3ajqkuvdqsuq76z0","bitcoin","BTC",6.14465536,0.0,"BTC",399402.59839999996,293,0,0,1,1,1.0,0.0,0.0,True,0.35475,0.10949041866376308,False,False,"",6.2,"",0,"[]","[]",0,False,False,"",""
"bc1p9pln9xcsargxadflsjq85lkzwwqvu78tqxh8cly7py6x5fpma2ys8a8q2x","bitcoin","BTC",0.512,0.0,"BTC",33280.0,256,0,0,1,1,1.0,0.0,0.0,True,0.2397,0.10979185394304142,False,False,"",6.1,"",0,"[]","[]",0,False,False,"",""
"bc1pvsa68pru4cxm77qux0wtuqke5x47ahqlmtacu7gsrg4u03ms6z3syqf99v","bitcoin","BTC",0.512,0.0,"BTC",33280.0,256,0,0,1,1,1.0,0.0,0.0,True,0.2397,0.10979185394304142,False,False,"",6.1,"",0,"[]","[]",0,False,False,"",""
"bc1quvc7x6q5aahaqyuea9aw57w2jvxgg3zmhv3rap","bitcoin","BTC",24.6,0.0,"BTC",1599000.0,246,0,0,1,1,1.0,0.0,0.0,True,0.2229,0.11054830480578409,False,False,"",6.1,"",0,"[]","[]",0,False,False,"",""
"bc1qk5shyhqnxdhae9x9skntwawuh5lu55alsg8wz6","bitcoin","BTC",24.6,0.0,"BTC",1599000.0,246,0,0,1,1,1.0,0.0,0.0,True,0.2229,0.11054830480578409,False,False,"",6.1,"",0,"[]","[]",0,False,False,"",""
"bc1q50g9vd9d97wqyp7nsmkvp3q8p8n6vlsj6z2slr","bitcoin","BTC",21.42770112,0.0,"BTC",1392800.5728,224,0,0,1,1,1.0,0.0,0.0,True,0.152925,0.11057578164023485,False,False,"",6.1,"",0,"[]","[]",0,False,False,"",""
"bc1ph4c37vl6u6wvr8j9q9v7fqww8jf2x5xz89czgmmz8l2yvjecnl7snax5qz","bitcoin","BTC",21.42770112,0.0,"BTC",1392800.5728,224,0,0,1,1,1.0,0.0,0.0,True,0.152925,0.11057578164023485,False,False,"",6.1,"",0,"[]","[]",0,False,False,"",""
"bc1qjdwsf458qt9tuvw4v4agw2nlj438ktqqyz28wm","bitcoin","BTC",21.42770112,0.0,"BTC",1392800.5728,224,0,0,1,1,1.0,0.0,0.0,True,0.152925,0.11057578164023485,False,False,"",6.1,"",0,"[]","[]",0,False,False,"",""
"bc1qnzyqs3sn9qun7xjuqnsg7sgfpkxy9w7sqlsa5e","bitcoin","BTC",21.42770112,0.0,"BTC",1392800.5728,224,0,0,1,1,1.0,0.0,0.0,True,0.152925,0.11057578164023485,False,False,"",6.1,"",0,"[]","[]",0,False,False,"",""
"bc1q574uza5cyjkx5mhmg39a6k5hn63xzm6tn4xmyk","bitcoin","BTC",21.42770112,0.0,"BTC",1392800.5728,224,0,0,1,1,1.0,0.0,0.0,True,0.152925,0.11057578164023485,False,False,"",6.1,"",0,"[]","[]",0,False,False,"",""
"bc1p3v0hpsqeg53dpjakywdw7jkqnq5pnts95vll0fmsj3gjcn329f2qupty30","bitcoin","BTC",21.42770112,0.0,"BTC",1392800.5728,224,0,0,1,1,1.0,0.0,0.0,True,0.152925,0.11057578164023485,False,False,"",6.1,"",0,"[]","[]",0,False,False,"",""
"bc1qnkhjvpflthy5qks865h34gur4vmvf8ev9zashu","bitcoin","BTC",21.42770112,0.0,"BTC",1392800.5728,224,0,0,1,1,1.0,0.0,0.0,True,0.152925,0.11057578164023485,False,False,"",6.1,"",0,"[]","[]",0,False,False,"",""
"bc1qqgncffdpk7ckcqr8xs6ta65styy02luq25pzsp","bitcoin","BTC",21.42770112,0.0,"BTC",1392800.5728,224,0,0,1,1,1.0,0.0,0.0,True,0.152925,0.11057578164023485,False,False,"",6.1,"",0,"[]","[]",0,False,False,"",""
"bc1pyaxh426verrzf6tgv9udraug55y056h8gzucwv6tnkfe45k2v2usp072cw","bitcoin","BTC",2.32771158,0.0,"BTC",151301.25269999998,214,0,0,1,1,1.0,0.0,0.0,True,0.127875,0.10989545138894818,False,False,"",6.1,"",0,"[]","[]",0,False,False,"",""
"bc1p3eyf0aemc96hvg05cg3yr30p7q3769kd882lcmstq5h7xh02v6ks65hmr5","bitcoin","BTC",2.32771158,0.0,"BTC",151301.25269999998,214,0,0,1,1,1.0,0.0,0.0,True,0.127875,0.10989545138894818,False,False,"",6.1,"",0,"[]","[]",0,False,False,"",""
"bc1pkz6msly5kh23l232tl3xv6kxdv5gqjdlcwv6dgc56rt68mlmdtrqag3rwg","bitcoin","BTC",2.32771158,0.0,"BTC",151301.25269999998,214,0,0,1,1,1.0,0.0,0.0,True,0.127875,0.10989545138894818,False,False,"",6.1,"",0,"[]","[]",0,False,False,"",""
"bc1pzuqcum2yd73vusj8tglz5m3nz80lumjnfsvlqzrt6rskqjqc4caqwten7h","bitcoin","BTC",2.32771158,0.0,"BTC",151301.25269999998,214,0,0,1,1,1.0,0.0,0.0,True,0.127875,0.10989545138894818,False,False,"",6.1,"",0,"[]","[]",0,False,False,"",""
"bc1p4jtellnucrhngpne3082g92dnlqfp87s5vcqctszndncnc25xlcqdwy6nd","bitcoin","BTC",2.32771158,0.0,"BTC",151301.25269999998,214,0,0,1,1,1.0,0.0,0.0,True,0.127875,0.10989545138894818,False,False,"",6.1,"",0,"[]","[]",0,False,False,"",""
"bc1p98har2wpfzzrkwzpntcv65tnwq4mux6z0ye4j6wekr4x3zzcdgeqfy0xq5","bitcoin","BTC",4.59276288,0.0,"BTC",298529.5872,214,0,0,1,1,1.0,0.0,0.0,True,0.127875,0.11058139961199348,False,False,"",6.1,"",0,"[]","[]",0,False,False,"",""
"bc1pzpcfz4n6rdpjc2phparemdlv9gp9sft2zd7hptgs2ntl83mspj4sqt3uj5","bitcoin","BTC",2.32771158,0.0,"BTC",151301.25269999998,214,0,0,1,1,1.0,0.0,0.0,True,0.127875,0.10989545138894818,False,False,"",6.1,"",0,"[]","[]",0,False,False,"",""
"bc1pk76xxzw4knvcl5a8u6ehquru0h2c0euegc2kpf3xkw0w8y36s4eq0rydtd","bitcoin","BTC",4.59276288,0.0,"BTC",298529.5872,214,0,0,1,1,1.0,0.0,0.0,True,0.127875,0.11058139961199348,False,False,"",6.1,"",0,"[]","[]",0,False,False,"",""
"bc1pw80a9u4s9vydpfephwzrv7re5tt0la70s4dksaeylqycx9dklfwqkn8us4","bitcoin","BTC",25.25407632,0.0,"BTC",1641514.9608,264,0,0,1,1,1.0,0.0,0.0,True,0.27585,0.11102355781590173,False,False,"",6.0,"",0,"[]","[]",0,False,False,"",""
"bc1pcexkd7w6fxyldflr7pcp48cgaklcemrsd2vz8qvqstvpla23ad6qj7e6nm","bitcoin","BTC",25.25407632,0.0,"BTC",1641514.9608,264,0,0,1,1,1.0,0.0,0.0,True,0.27585,0.11102355781590173,False,False,"",6.0,"",0,"[]","[]",0,False,False,"",""
"bc1p2t0yfgtcqec9kqf0rdhvadqnegtky4j32l83vvlqdt6t7k06yp6qraw09m","bitcoin","BTC",1.16385579,0.0,"BTC",75650.62634999999,214,0,0,1,1,1.0,0.0,0.0,True,0.127875,0.11080243297129255,False,False,"",6.0,"",0,"[]","[]",0,False,False,"",""
"bc1pzt2k3226vq6htyt9sen3wvj2v33hhm2v0pme9zh2z6rz9s887zaq7chnzr","bitcoin","BTC",0.77590386,0.0,"BTC",50433.7509,214,0,0,1,1,1.0,0.0,0.0,True,0.127875,0.11138310399514245,False,False,"",6.0,"",0,"[]","[]",0,False,False,"",""
"bc1qqd5np7a9k6z63ha98pqm7kl9p5p3gjmevqyzm4","bitcoin","BTC",1.16385579,0.0,"BTC",75650.62634999999,214,0,0,1,1,1.0,0.0,0.0,True,0.127875,0.11080243297129255,False,False,"",6.0,"",0,"[]","[]",0,False,False,"",""
"bc1pscp9zejva8ufvth4tk984knhh4cy0dc2whd983zau9krp6grq6psg2fuk2","bitcoin","BTC",0.77590386,0.0,"BTC",50433.7509,214,0,0,1,1,1.0,0.0,0.0,True,0.127875,0.11138310399514245,False,False,"",6.0,"",0,"[]","[]",0,False,False,"",""
"bc1pyktcmvxz52ud0ghxcrhgxhmj5fae6nnrc5zg9xh5w2sshpleaens3w4tjd","bitcoin","BTC",0.77590386,0.0,"BTC",50433.7509,214,0,0,1,1,1.0,0.0,0.0,True,0.127875,0.11138310399514245,False,False,"",6.0,"",0,"[]","[]",0,False,False,"",""
"bc1p29vtd23r49jf38jz0ugnd2n3y396q3kp8ysct96cukla9y67kjwq48ufek","bitcoin","BTC",8.16293376,0.0,"BTC",530590.6943999999,256,0,0,1,1,1.0,0.0,0.0,True,0.2397,0.11181054251747868,False,False,"",5.9,"",0,"[]","[]",0,False,False,"",""
"bc1pcczcld59mlshht7mndl0xdynhqzq5f0g67hgu2dzzqehkuucn7rq7jmxh5","bitcoin","BTC",7.30199934,0.0,"BTC",474629.9571,229,0,0,1,1,1.0,0.0,0.0,True,0.17407499999999998,0.11217178550128792,False,False,"",5.9,"",0,"[]","[]",0,False,False,"",""
"bc1pp3ngkrdhy5342xqz0ua5f3t28g3wkm3eauw7f05wcad7l8sy6vdqp6nlxk","bitcoin","BTC",0.60030976,0.0,"BTC",39020.1344,229,0,0,1,1,1.0,0.0,0.0,True,0.17407499999999998,0.11193667130238305,False,False,"",5.9,"",0,"[]","[]",0,False,False,"",""
"bc1pqrk9jzhg0y3ks8nxnsm27gc3hh5rw8ftq5tnfvffjsuy88hyzmms2rf8su","bitcoin","BTC",7.30199934,0.0,"BTC",474629.9571,229,0,0,1,1,1.0,0.0,0.0,True,0.17407499999999998,0.11217178550128792,False,False,"",5.9,"",0,"[]","[]",0,False,False,"",""
"bc1p4a48emlwgpx2vpg0m96n6wm8ekgqxw498mttq7fe77s0r4j5d5xq5mw7rl","bitcoin","BTC",7.30199934,0.0,"BTC",474629.9571,229,0,0,1,1,1.0,0.0,0.0,True,0.17407499999999998,0.11217178550128792,False,False,"",5.9,"",0,"[]","[]",0,False,False,"",""
"bc1pz30rkn25avm6vwhekwun3q8dpnz03jntl6cxmmjgvkeva3gdq6hsvtzq64","bitcoin","BTC",18.874368,0.0,"BTC",1226833.92,225,0,0,1,1,1.0,0.0,0.0,True,0.159075,0.11207563009997507,False,False,"",5.9,"",0,"[]","[]",0,False,False,"",""
"bc1psejd2a3vuchpvvvnslvfa78ma0vafjdk7rmxtas8w64ptvhexjdqzw0a6z","bitcoin","BTC",6.88747536,0.0,"BTC",447685.8984,216,0,0,1,1,1.0,0.0,0.0,True,0.134025,0.11218191491391111,False,False,"",5.9,"",0,"[]","[]",0,False,False,"",""
"bc1p6qzvtc4wxv3fws2w5l2sjml26dw63ep0f03wpw0xwugh42haegwsg4fesc","bitcoin","BTC",0.514,0.0,"BTC",33410.0,257,0,0,1,1,1.0,0.0,0.0,True,0.247875,0.1124157208183702,False,False,"",5.8,"",0,"[]","[]",0,False,False,"",""
"bc1qnn0yglss9040lcwykfpvxunl82m4h4kytxftml","bitcoin","BTC",24.58446066,0.0,"BTC",1597989.9429000001,257,0,0,1,1,1.0,0.0,0.0,True,0.247875,0.11242814071458523,False,False,"",5.8,"",0,"[]","[]",0,False,False,"",""
"bc1pzvw6yvah7p5098pvvn0nj3hzxghyxmyk0gs09cdw5z8ljrk7r64slr25xe","bitcoin","BTC",24.58446066,0.0,"BTC",1597989.9429000001,257,0,0,1,1,1.0,0.0,0.0,True,0.247875,0.11242814071458523,False,False,"",5.8,"",0,"[]","[]",0,False,False,"",""
"bc1qvqncys05xpwlnraraupuxmqqhmk9msm3p3q7lj","bitcoin","BTC",24.58446066,0.0,"BTC",1597989.9429000001,257,0,0,1,1,1.0,0.0,0.0,True,0.247875,0.11242814071458523,False,False,"",5.8,"",0,"[]","[]",0,False,False,"",""
"bc1qxfa43t0fj0n234w5qgkal5yju42lhur208vxgc","bitcoin","BTC",24.58446066,0.0,"BTC",1597989.9429000001,257,0,0,1,1,1.0,0.0,0.0,True,0.247875,0.11242814071458523,False,False,"",5.8,"",0,"[]","[]",0,False,False,"",""
"bc1p5xw2np2azuuke59memc4pxyl3p2e0cdsysp6wxgpct90a0lkrt9sdwgnu9","bitcoin","BTC",19.37768448,0.0,"BTC",1259549.4912,231,0,0,1,1,1.0,0.0,0.0,True,0.1851,0.11298510843403042,False,False,"",5.8,"",0,"[]","[]",0,False,False,"",""
"bc1pnc0exe2fh5gs2vfmwgy5d9eg8z33n47nzmcpwwk6nkjznwheq3csmhfl02","bitcoin","BTC",10.95,0.0,"BTC",711750.0,219,0,0,1,1,1.0,0.0,0.0,True,0.14085,0.11231891941762978,False,False,"",5.8,"",0,"[]","[]",0,False,False,"",""
"bc1pucnf0wyxc6fwe2lzg7qkhkp54r5m5m4pq9fahty9w94j5cggnymqtlcl6j","bitcoin","BTC",3.11424426,0.0,"BTC",202425.8769,293,0,0,1,1,1.0,0.0,0.0,True,0.35475,0.113648942039757,False,False,"",5.7,"",0,"[]","[]",0,False,False,"",""
"bc1pyeagyjdq8j9yl7jyfqwdmkx5ch6dxrh0d8z9jdf4yqhj9myuckqq6900my","bitcoin","BTC",23.57198848,0.0,"BTC",1532179.2512,281,0,0,1,1,1.0,0.0,0.0,True,0.33757499999999996,0.11338910268806712,False,False,"",5.7,"",0,"[]","[]",0,False,False,"",""
"bc1pz6gzgvtdc0nfmcah8jzs86mxww5j27zf6l5zsnfzyte7mgv3atss2ua2ue","bitcoin","BTC",23.57198848,0.0,"BTC",1532179.2512,281,0,0,1,1,1.0,0.0,0.0,True,0.33757499999999996,0.11338910268806712,False,False,"",5.7,"",0,"[]","[]",0,False,False,"",""
"bc1pcak4wjuh0nnfkg0gtpme9s8q5r4nf8tzc6cgtlrtlqk76m5fc22qz65532","bitcoin","BTC",23.57198848,0.0,"BTC",1532179.2512,281,0,0,1,1,1.0,0.0,0.0,True,0.33757499999999996,0.11338910268806712,False,False,"",5.7,"",0,"[]","[]",0,False,False,"",""
"bc1ppzq2wj2c93xsus2cndjt87ez4wndx59r2j8c4gmel3rk5tsa3nzqwjtfm8","bitcoin","BTC",23.57198848,0.0,"BTC",1532179.2512,281,0,0,1,1,1.0,0.0,0.0,True,0.33757499999999996,0.11338910268806712,False,False,"",5.7,"",0,"[]","[]",0,False,False,"",""
"bc1pyggel3yt5434pksycswq7rdvtqckgtdd68tx9vzy7k36vfla0kvsp5vrdr","bitcoin","BTC",23.57198848,0.0,"BTC",1532179.2512,281,0,0,1,1,1.0,0.0,0.0,True,0.33757499999999996,0.11338910268806712,False,False,"",5.7,"",0,"[]","[]",0,False,False,"",""
"bc1pzgha0azxjt8qyysrmha580cu097f92zmd3m9ps5uedmetwy5nrfqr8lsel","bitcoin","BTC",23.57198848,0.0,"BTC",1532179.2512,281,0,0,1,1,1.0,0.0,0.0,True,0.33757499999999996,0.11338910268806712,False,False,"",5.7,"",0,"[]","[]",0,False,False,"",""
"bc1pg2ryqt68v360kgag4t9w8que3ffac6ngqmj78xsngu2tdpytpg5qjy8uh3","bitcoin","BTC",0.76527504,0.0,"BTC",49742.8776,216,0,0,1,1,1.0,0.0,0.0,True,0.134025,0.11352826118926779,False,False,"",5.7,"",0,"[]","[]",0,False,False,"",""
"bc1pjxa248sr8prx0amwrr76qfwtlvpe34mpva2kpzcajy3eeng2056q8fy3cy","bitcoin","BTC",0.76527504,0.0,"BTC",49742.8776,216,0,0,1,1,1.0,0.0,0.0,True,0.134025,0.11352826118926779,False,False,"",5.7,"",0,"[]","[]",0,False,False,"",""
"bc1pewfzn5zq36hyst4srcwz3zph2ahzrer3dx9ycttfxw5zn7rlz97s2t7gwy","bitcoin","BTC",0.76527504,0.0,"BTC",49742.8776,216,0,0,1,1,1.0,0.0,0.0,True,0.134025,0.11352826118926779,False,False,"",5.7,"",0,"[]","[]",0,False,False,"",""
"bc1pv5k90tm3vmgredgppjkgptr3jj5wgxa6p2c7wsppf7xyvm8r26usxgqd0u","bitcoin","BTC",0.76527504,0.0,"BTC",49742.8776,216,0,0,1,1,1.0,0.0,0.0,True,0.134025,0.11352826118926779,False,False,"",5.7,"",0,"[]","[]",0,False,False,"",""
"bc1papgv5jr6299890u50z0kgrckxmd5aankga7ketlwe4vnztfsmljqr8tt5m","bitcoin","BTC",0.76527504,0.0,"BTC",49742.8776,216,0,0,1,1,1.0,0.0,0.0,True,0.134025,0.11352826118926779,False,False,"",5.7,"",0,"[]","[]",0,False,False,"",""
"bc1p7q7z6ydr5h6w00g2r9ezy405wvxtwv2ss0nwhr5q6umf34uery8sgdmrkx","bitcoin","BTC",0.76527504,0.0,"BTC",49742.8776,216,0,0,1,1,1.0,0.0,0.0,True,0.134025,0.11352826118926779,False,False,"",5.7,"",0,"[]","[]",0,False,False,"",""
"bc1p6l6z5fwqurp504l64f2xpmh4lkgj2g3f69gmxpw938hymlxt2fuqtlj0su","bitcoin","BTC",0.76527504,0.0,"BTC",49742.8776,216,0,0,1,1,1.0,0.0,0.0,True,0.134025,0.11352826118926779,False,False,"",5.7,"",0,"[]","[]",0,False,False,"",""
"bc1p068unt5gsea0nznukuzqv5ygp5yw29capgfssn0qyj9ukk2xf4kqps5fpe","bitcoin","BTC",0.76527504,0.0,"BTC",49742.8776,216,0,0,1,1,1.0,0.0,0.0,True,0.134025,0.11352826118926779,False,False,"",5.7,"",0,"[]","[]",0,False,False,"",""
"bc1pwu6uvj9u5p05sqsutu80hjglp4g6rhrr4e53t9xkxjvs946k67ks65d0f4","bitcoin","BTC",9.59782446,0.0,"BTC",623858.5899,300,0,0,1,1,1.0,0.0,0.0,True,0.3639,0.11429219349798869,False,False,"",5.6,"",0,"[]","[]",0,False,False,"",""
"bc1pylnrl47wznc3sf5mkqtqr9m88hl4wfs4k8g528m83hfgwpls265qdlhjsp","bitcoin","BTC",9.59782446,0.0,"BTC",623858.5899,300,0,0,1,1,1.0,0.0,0.0,True,0.3639,0.11429219349798869,False,False,"",5.6,"",0,"[]","[]",0,False,False,"",""
"bc1plcqlke8junc4k27gng92k77vclfud6gt5snxkypph03x2436wdksfk0x9c","bitcoin","BTC",9.59782446,0.0,"BTC",623858.5899,300,0,0,1,1,1.0,0.0,0.0,True,0.3639,0.11429219349798869,False,False,"",5.6,"",0,"[]","[]",0,False,False,"",""
"bc1p65cft86f7zknxrvf6qkdk7d0ewqqj4c6zddzglnx0xtee6gdt5esjmlugt","bitcoin","BTC",9.59782446,0.0,"BTC",623858.5899,300,0,0,1,1,1.0,0.0,0.0,True,0.3639,0.11429219349798869,False,False,"",5.6,"",0,"[]","[]",0,False,False,"",""
"bc1pkjp0t0dwasw8uldppq9wuelg739uu9rjqp4ylpn6gv0t0jfy72rsx8vk2r","bitcoin","BTC",9.59782446,0.0,"BTC",623858.5899,300,0,0,1,1,1.0,0.0,0.0,True,0.3639,0.11429219349798869,False,False,"",5.6,"",0,"[]","[]",0,False,False,"",""
"bc1ptt0c7r3nu89vg9vxjxsttt6ujg3fxch758jw930scx2skyl42jvqajda8e","bitcoin","BTC",9.59782446,0.0,"BTC",623858.5899,300,0,0,1,1,1.0,0.0,0.0,True,0.3639,0.11429219349798869,False,False,"",5.6,"",0,"[]","[]",0,False,False,"",""
"bc1qf8f5xxlgacq54wl6ks3f7wwdnlttu240p7f5d3","bitcoin","BTC",9.59782446,0.0,"BTC",623858.5899,300,0,0,1,1,1.0,0.0,0.0,True,0.3639,0.11429219349798869,False,False,"",5.6,"",0,"[]","[]",0,False,False,"",""
"bc1pwq4emh909kym9qr3ardy2hqadeg9zk5shdqg33yd3y7wpfp82gzs9md93p","bitcoin","BTC",9.59782446,0.0,"BTC",623858.5899,300,0,0,1,1,1.0,0.0,0.0,True,0.3639,0.11429219349798869,False,False,"",5.6,"",0,"[]","[]",0,False,False,"",""
"bc1phtwnhn6dy3wyswen9sndv5xdr343yskdpcl3zfjdj5g856p5uajqttazsh","bitcoin","BTC",9.59782446,0.0,"BTC",623858.5899,300,0,0,1,1,1.0,0.0,0.0,True,0.3639,0.11429219349798869,False,False,"",5.6,"",0,"[]","[]",0,False,False,"",""
"bc1qzej98gt5nv6um0pu0vn6kfvp8mv07atawvfcsh","bitcoin","BTC",27.1,0.0,"BTC",1761500.0,271,0,0,1,1,1.0,0.0,0.0,True,0.30555,0.11434839288016935,False,False,"",5.6,"",0,"[]","[]",0,False,False,"",""
"bc1phxhpfrk8vsl8xlqlu8ns8f29g63j8j4dxx58lazy88hjkz8j700s3preaf","bitcoin","BTC",27.1,0.0,"BTC",1761500.0,271,0,0,1,1,1.0,0.0,0.0,True,0.30555,0.11434839288016935,False,False,"",5.6,"",0,"[]","[]",0,False,False,"",""
"bc1qa9ggnqzwteafn2vpx0xmwf2d2rwjhclekmetgm","bitcoin","BTC",27.1,0.0,"BTC",1761500.0,271,0,0,1,1,1.0,0.0,0.0,True,0.30555,0.11434839288016935,False,False,"",5.6,"",0,"[]","[]",0,False,False,"",""
"bc1pjm0umdu6lgluajwfkftj7t40wqsawcux29u6lkx2uhgxuv7zr3dqamkxlf","bitcoin","BTC",27.1,0.0,"BTC",1761500.0,271,0,0,1,1,1.0,0.0,0.0,True,0.30555,0.11434839288016935,False,False,"",5.6,"",0,"[]","[]",0,False,False,"",""
"bc1pek8u4t7mjhl3a3vhmmeczun9wrd8l2hve2z5zvj4urp2lmutejyqfqv0sk","bitcoin","BTC",27.1,0.0,"BTC",1761500.0,271,0,0,1,1,1.0,0.0,0.0,True,0.30555,0.11434839288016935,False,False,"",5.6,"",0,"[]","[]",0,False,False,"",""
"bc1q070uxhzrgm4ujx8fvnp22qy4q8646e45k7s7yn","bitcoin","BTC",27.1,0.0,"BTC",1761500.0,271,0,0,1,1,1.0,0.0,0.0,True,0.30555,0.11434839288016935,False,False,"",5.6,"",0,"[]","[]",0,False,False,"",""
"bc1p830q05aep9tqsm72jpsa5k0yngqgpwkwyw6l50cggypg0ljxu8gq39qsvt","bitcoin","BTC",27.1,0.0,"BTC",1761500.0,271,0,0,1,1,1.0,0.0,0.0,True,0.30555,0.11434839288016935,False,False,"",5.6,"",0,"[]","[]",0,False,False,"",""
"bc1p5tvrle3dz3easmcz80e0pxxqpvs7kz4tlk6m8r7n8k368j6gpzlq0x8hyv","bitcoin","BTC",0.58458112,0.0,"BTC",37997.7728,223,0,0,1,1,1.0,0.0,0.0,True,0.1482,0.1145240988423274,False,False,"",5.6,"",0,"[]","[]",0,False,False,"",""
"bc1p5hlvscznw0ndhzxgvdjrysv40um997wgmq3vyzpxg0r9qkzk5kmsvvrp4x","bitcoin","BTC",0.58458112,0.0,"BTC",37997.7728,223,0,0,1,1,1.0,0.0,0.0,True,0.1482,0.1145240988423274,False,False,"",5.6,"",0,"[]","[]",0,False,False,"",""
"bc1p5vzm678358963wvqu69umxu9r9lvgkpd7zmqhkf8n82r5ws4pwzqfywt5u","bitcoin","BTC",0.58458112,0.0,"BTC",37997.7728,223,0,0,1,1,1.0,0.0,0.0,True,0.1482,0.1145240988423274,False,False,"",5.6,"",0,"[]","[]",0,False,False,"",""
"bc1pj8y8fknrh0da2wv8gteg98pxj26z3ddhhfucavz7kv3dpkgua52s6pn8d0","bitcoin","BTC",0.58458112,0.0,"BTC",37997.7728,223,0,0,1,1,1.0,0.0,0.0,True,0.1482,0.1145240988423274,False,False,"",5.6,"",0,"[]","[]",0,False,False,"",""
"bc1phru6069vu5wygeczqj5lena7n2uz0x8tt0274qwr6vyvr66v0gnq64emrz","bitcoin","BTC",6.88747536,0.0,"BTC",447685.8984,216,0,0,1,1,1.0,0.0,0.0,True,0.134025,0.11422784097971495,False,False,"",5.6,"",0,"[]","[]",0,False,False,"",""
"bc1p8vd387jvf3cxdcgnhpls74c560v6y6tndj4crjle9yfyh2uztx8sr24zxy","bitcoin","BTC",6.88747536,0.0,"BTC",447685.8984,216,0,0,1,1,1.0,0.0,0.0,True,0.134025,0.11422784097971495,False,False,"",5.6,"",0,"[]","[]",0,False,False,"",""
"bc1p0fwu736rdur725k3azm7v6n6lrg7gnhz5lg507hyhajne9zkc00sj3qygv","bitcoin","BTC",6.88747536,0.0,"BTC",447685.8984,216,0,0,1,1,1.0,0.0,0.0,True,0.134025,0.11422784097971495,False,False,"",5.6,"",0,"[]","[]",0,False,False,"",""
"bc1p6r4utvs7pk0ytj3wt2f7zl5eurwpk3p5lvkxze28tusa3fj5v29qlz7lz5","bitcoin","BTC",6.88747536,0.0,"BTC",447685.8984,216,0,0,1,1,1.0,0.0,0.0,True,0.134025,0.11422784097971495,False,False,"",5.6,"",0,"[]","[]",0,False,False,"",""
"bc1pq3dmzuswd89kcelc9zgt27h8yvp8df5qegfrv9mlnc28f9g93zns8qxvsd","bitcoin","BTC",6.88747536,0.0,"BTC",447685.8984,216,0,0,1,1,1.0,0.0,0.0,True,0.134025,0.11422784097971495,False,False,"",5.6,"",0,"[]","[]",0,False,False,"",""
"bc1pqqehc4dulfl7gggwtrvd9vphas5rgj4ng8s2w7xr73prtghmtptqac06yy","bitcoin","BTC",0.76527504,0.0,"BTC",49742.8776,216,0,0,1,1,1.0,0.0,0.0,True,0.134025,0.11400501275375391,False,False,"",5.6,"",0,"[]","[]",0,False,False,"",""
"bc1p08w2mzh47u4q8t6vdyfgwfnewzm5pavs38w70dcnygqam3cnq60stj3zkh","bitcoin","BTC",0.74973184,0.0,"BTC",48732.5696,286,0,0,1,1,1.0,0.0,0.0,True,0.346725,0.11547765715495079,False,False,"",5.5,"",0,"[]","[]",0,False,False,"",""
"bc1pxah54m9teej882n0j5d5gftyw0cmeukernww8s5wz232wnnv4rmsl039a5","bitcoin","BTC",0.566,0.0,"BTC",36790.0,283,0,0,1,1,1.0,0.0,0.0,True,0.34365,0.11486654078049896,False,False,"",5.5,"",0,"[]","[]",0,False,False,"",""
"bc1pty6agtuqpd6rqd49mpv93keuv7xa48pudkwuc64mr4h2dyn3p2dsjva0a4","bitcoin","BTC",0.566,0.0,"BTC",36790.0,283,0,0,1,1,1.0,0.0,0.0,True,0.34365,0.11486654078049896,False,False,"",5.5,"",0,"[]","[]",0,False,False,"",""
"bc1pxcg5x8e83uusjd98qvqrktn3qv3ajnvw9c28mljw8cd4xr8vnjnsfqjvcc","bitcoin","BTC",0.566,0.0,"BTC",36790.0,283,0,0,1,1,1.0,0.0,0.0,True,0.34365,0.11486654078049896,False,False,"",5.5,"",0,"[]","[]",0,False,False,"",""
"bc1pt2r3c9kge7jcxvcz6mg32jxleef75cplhmvp772fc6c40znp4qus9zctlc","bitcoin","BTC",0.566,0.0,"BTC",36790.0,283,0,0,1,1,1.0,0.0,0.0,True,0.34365,0.11486654078049896,False,False,"",5.5,"",0,"[]","[]",0,False,False,"",""
"bc1p23jet7fdg6p906a9kcm0aft8epy8hql8w5d356hhxwfu8p7s8wkqczudwc","bitcoin","BTC",12.96184599,0.0,"BTC",842519.98935,271,0,0,1,1,1.0,0.0,0.0,True,0.30555,0.11513174181829244,False,False,"",5.5,"",0,"[]","[]",0,False,False,"",""
"bc1p87nn478s3g2e3ts2dw74qm3860arwdkqrvsjnjmvkdg6wr25cqwqsy520w","bitcoin","BTC",0.6029312,0.0,"BTC",39190.528,228,0,0,1,1,1.0,0.0,0.0,True,0.16935,0.11477428187769478,False,False,"",5.5,"",0,"[]","[]",0,False,False,"",""
"bc1px2tl47dlqrr3w3y8vaqesk8qyye849grju7rspw2h8ksjw0y4jpqzgggaw","bitcoin","BTC",0.76808192,0.0,"BTC",49925.324799999995,293,0,0,1,1,1.0,0.0,0.0,True,0.35475,0.11630715281903148,False,False,"",5.4,"",0,"[]","[]",0,False,False,"",""
"bc1p4tg89ufr928uuhu2rd9nwz4q9ec7zjjvewxg6jnaxhwa39n34rdsqzte8u","bitcoin","BTC",0.76808192,0.0,"BTC",49925.324799999995,293,0,0,1,1,1.0,0.0,0.0,True,0.35475,0.11630715281903148,False,False,"",5.4,"",0,"[]","[]",0,False,False,"",""
"bc1px2kfmcj36q96q8zwenclzvrqmven2p7txdg8gnn4t5recwewql6s0fyj5z","bitcoin","BTC",1.01328084,0.0,"BTC",65863.2546,286,0,0,1,1,1.0,0.0,0.0,True,0.346725,0.1158055177771688,False,False,"",5.4,"",0,"[]","[]",0,False,False,"",""
"bc1p3sp8ldjwu9klkhdnver95mct7xmt5429s3chcma3ug3kljtzlqyqazzgyp","bitcoin","BTC",1.2408825,0.0,"BTC",80657.3625,286,0,0,1,1,1.0,0.0,0.0,True,0.346725,0.11592344297332352,False,False,"",5.4,"",0,"[]","[]",0,False,False,"",""
"bc1pszk7e448cnzh9h0c2ky6l9lw723gd5235vl49zvz2xj5jcfffpaq6ufhxm","bitcoin","BTC",26.1,0.0,"BTC",1696500.0,261,0,0,1,1,1.0,0.0,0.0,True,0.26175000000000004,0.11584151586174263,False,False,"",5.4,"",0,"[]","[]",0,False,False,"",""
"bc1qelxuuhd8j32kryg9a02s4v3jmmauvfjyzdnu04","bitcoin","BTC",26.1,0.0,"BTC",1696500.0,261,0,0,1,1,1.0,0.0,0.0,True,0.26175000000000004,0.11584151586174263,False,False,"",5.4,"",0,"[]","[]",0,False,False,"",""
"bc1pg0x450xf67fsgdflmzvc2k9xw6qm8w3lpqtazdthxw2yp2zd8rasraprqr","bitcoin","BTC",26.1,0.0,"BTC",1696500.0,261,0,0,1,1,1.0,0.0,0.0,True,0.26175000000000004,0.11584151586174263,False,False,"",5.4,"",0,"[]","[]",0,False,False,"",""
"bc1qytpedwzu0nzygzk9ug3q03pup3jwt47myj58yz","bitcoin","BTC",26.1,0.0,"BTC",1696500.0,261,0,0,1,1,1.0,0.0,0.0,True,0.26175000000000004,0.11584151586174263,False,False,"",5.4,"",0,"[]","[]",0,False,False,"",""
"bc1p5xaj7fz6q6pz3rsp6pqc32cyn5zxqvzll6g5xjgcyxl4d9ex9q5sw7qknt","bitcoin","BTC",26.1,0.0,"BTC",1696500.0,261,0,0,1,1,1.0,0.0,0.0,True,0.26175000000000004,0.11584151586174263,False,False,"",5.4,"",0,"[]","[]",0,False,False,"",""
"bc1pfh2dew6mqy28hmdccffhj3zd0hrq7hwx5jyjtmv2e4tjxz785nfq8vx8d6","bitcoin","BTC",26.1,0.0,"BTC",1696500.0,261,0,0,1,1,1.0,0.0,0.0,True,0.26175000000000004,0.11584151586174263,False,False,"",5.4,"",0,"[]","[]",0,False,False,"",""
"bc1p4d43jcwm04p9ycjk2sam6zeh03w2xp7veh2pze5medl3a0va46fscdh9ud","bitcoin","BTC",26.1,0.0,"BTC",1696500.0,261,0,0,1,1,1.0,0.0,0.0,True,0.26175000000000004,0.11584151586174263,False,False,"",5.4,"",0,"[]","[]",0,False,False,"",""
"bc1pr90r0wwf3cesmmtqts77xecv6eeh9lxl64mflgtr59g030tzs0xsmjjc4c","bitcoin","BTC",2.29582512,0.0,"BTC",149228.6328,216,0,0,1,1,1.0,0.0,0.0,True,0.134025,0.11586516322487067,False,False,"",5.4,"",0,"[]","[]",0,False,False,"",""
"bc1pfzt5yfa8apef3d830mprzzr8dap28vfcykmx2u0w4zd9ssn3khcsa4nyjj","bitcoin","BTC",2.29582512,0.0,"BTC",149228.6328,216,0,0,1,1,1.0,0.0,0.0,True,0.134025,0.1155590736802874,False,False,"",5.4,"",0,"[]","[]",0,False,False,"",""
"bc1qu4nffhr26n686s5z5rt754hdtq2jwczlf9r3sg","bitcoin","BTC",1.14791256,0.0,"BTC",74614.3164,216,0,0,1,1,1.0,0.0,0.0,True,0.134025,0.11580964088212342,False,False,"",5.4,"",0,"[]","[]",0,False,False,"",""
"bc1pqeym964kgjsnjzqj6ugp3w2t5sy68z3v7aykjkhcm442wvwphggqer27q2","bitcoin","BTC",2.29582512,0.0,"BTC",149228.6328,216,0,0,1,1,1.0,0.0,0.0,True,0.134025,0.1155590736802874,False,False,"",5.4,"",0,"[]","[]",0,False,False,"",""
"bc1pq46885dmw50gsjpdlnm504m6pjwl8sx2l2wv6647xzyy4r8s6uwqd26xy6","bitcoin","BTC",2.29582512,0.0,"BTC",149228.6328,216,0,0,1,1,1.0,0.0,0.0,True,0.134025,0.11586516322487067,False,False,"",5.4,"",0,"[]","[]",0,False,False,"",""
"bc1paaaun3a822zpcc7e4haa883tulgz8mmz5v8n0320xqv86fjn6z0qrruk3k","bitcoin","BTC",2.29582512,0.0,"BTC",149228.6328,216,0,0,1,1,1.0,0.0,0.0,True,0.134025,0.1155590736802874,False,False,"",5.4,"",0,"[]","[]",0,False,False,"",""
"bc1p7zv3w4d5dh0dkyuky2v44txqkj4se6gspnfvwggteww6n0dhplfsekcqcw","bitcoin","BTC",1.13246208,0.0,"BTC",73610.0352,216,0,0,1,1,1.0,0.0,0.0,True,0.134025,0.11577025424297904,False,False,"",5.4,"",0,"[]","[]",0,False,False,"",""
"bc1pt2cqzlq8v0jw2xclup3vxa3w7euq3936evvpx44rr53jvtentxpqlqdnum","bitcoin","BTC",1.14791256,0.0,"BTC",74614.3164,216,0,0,1,1,1.0,0.0,0.0,True,0.134025,0.11580964088212342,False,False,"",5.4,"",0,"[]","[]",0,False,False,"",""
"bc1plt5emz3gw2sy6gvmc9l2tgptrmvgn9uweu8nqa49un08n76p69rq577ex2","bitcoin","BTC",1.13246208,0.0,"BTC",73610.0352,216,0,0,1,1,1.0,0.0,0.0,True,0.134025,0.11577025424297904,False,False,"",5.4,"",0,"[]","[]",0,False,False,"",""
"bc1p6uu5mlql7c0d9vk0qhrx66876ggzjy32n6dc0pz8al9nznv2tn0qr2ppgm","bitcoin","BTC",1.13246208,0.0,"BTC",73610.0352,216,0,0,1,1,1.0,0.0,0.0,True,0.134025,0.11577025424297904,False,False,"",5.4,"",0,"[]","[]",0,False,False,"",""
"bc1pqyxfeyjllmq0298asuf6dgu0l7rlx5jqutlmg5qd7y4tu32uqtgsva6cmm","bitcoin","BTC",1.14791256,0.0,"BTC",74614.3164,216,0,0,1,1,1.0,0.0,0.0,True,0.134025,0.11580964088212342,False,False,"",5.4,"",0,"[]","[]",0,False,False,"",""
"bc1pc3y5x89qnmjs56hpczmpglhyhq476qemmf964578dn09ngktne4q4rwdjs","bitcoin","BTC",2.29582512,0.0,"BTC",149228.6328,216,0,0,1,1,1.0,0.0,0.0,True,0.134025,0.1155590736802874,False,False,"",5.4,"",0,"[]","[]",0,False,False,"",""
"bc1pervjgkj3djpa7m7gwzj5f9xm4w3wth7aapvvm6jrxdw3jju3ze6sxhz9j6","bitcoin","BTC",4.52984832,0.0,"BTC",294440.1408,216,0,0,1,1,1.0,0.0,0.0,True,0.134025,0.11623847882012861,False,False,"",5.4,"",0,"[]","[]",0,False,False,"",""
"bc1plm6u97fwmh0ty8ewplc26t2gsy78y5papaxa2zm2pkag5d5g702sv3lh69","bitcoin","BTC",6.291456,0.0,"BTC",408944.64,300,0,0,1,1,1.0,0.0,0.0,True,0.3639,0.11686324702439199,False,False,"",5.3,"",0,"[]","[]",0,False,False,"",""
"bc1pg3up7fptmrg583w3cusnv38zv6jmelz9w4qnvp8x0wc8q9ymfyjsxgljcy","bitcoin","BTC",0.78905344,0.0,"BTC",51288.4736,300,0,0,1,1,1.0,0.0,0.0,True,0.3639,0.11642668795648803,False,False,"",5.3,"",0,"[]","[]",0,False,False,"",""
"bc1pmkwkrg5m7w6ezm0hwdpk75eq06mm8j87mvr5nc6z4efhjcz2ueussgu3pm","bitcoin","BTC",6.291456,0.0,"BTC",408944.64,300,0,0,1,1,1.0,0.0,0.0,True,0.3639,0.11686324702439199,False,False,"",5.3,"",0,"[]","[]",0,False,False,"",""
"bc1pjzjnmfrmzduq8jndysg8yy6yms98g95du80s6v9mj63yqau9qa4sywpkse","bitcoin","BTC",6.291456,0.0,"BTC",408944.64,300,0,0,1,1,1.0,0.0,0.0,True,0.3639,0.11686324702439199,False,False,"",5.3,"",0,"[]","[]",0,False,False,"",""
"bc1pe6tccs69yqx5dh3qzyt2j093u7js27avngc4szt492k5vacwkjfsstjn2w","bitcoin","BTC",6.291456,0.0,"BTC",408944.64,300,0,0,1,1,1.0,0.0,0.0,True,0.3639,0.11686324702439199,False,False,"",5.3,"",0,"[]","[]",0,False,False,"",""
"bc1pr563h8u9rqf49getyzrx7wkkk52z7f7n0kp9zgp9n53na8pl0yysd9phj3","bitcoin","BTC",6.291456,0.0,"BTC",408944.64,300,0,0,1,1,1.0,0.0,0.0,True,0.3639,0.11686324702439199,False,False,"",5.3,"",0,"[]","[]",0,False,False,"",""
"bc1pphd4m466sl0x7fp4uv8udnnyuxe649rm32cmce7mj74r3pxa3gps5d8w6n","bitcoin","BTC",0.78905344,0.0,"BTC",51288.4736,300,0,0,1,1,1.0,0.0,0.0,True,0.3639,0.11642668795648803,False,False,"",5.3,"",0,"[]","[]",0,False,False,"",""
"bc1pyezf0x4w30f5k0jqgsrux3gkf6el3pknwen20enqch9ykdsuq02qzv3pak","bitcoin","BTC",6.291456,0.0,"BTC",408944.64,300,0,0,1,1,1.0,0.0,0.0,True,0.3639,0.11686324702439199,False,False,"",5.3,"",0,"[]","[]",0,False,False,"",""
"bc1pn8def267c6y3lnuqwdk3k9y36cgx7qa8txfc7rhmqad52rylqjeszket0w","bitcoin","BTC",6.291456,0.0,"BTC",408944.64,300,0,0,1,1,1.0,0.0,0.0,True,0.3639,0.11686324702439199,False,False,"",5.3,"",0,"[]","[]",0,False,False,"",""
"bc1pgxg7qlqs77tpnkmects3gkhdrpj2eu8k3rav36daczcr9wjgenlq48xwa5","bitcoin","BTC",6.291456,0.0,"BTC",408944.64,300,0,0,1,1,1.0,0.0,0.0,True,0.3639,0.11686324702439199,False,False,"",5.3,"",0,"[]","[]",0,False,False,"",""
"bc1pl0tqc6lau3v5fakrcer0k3r5zcf8qqdt5tzv852l5spvl3q38usqzdw7ac","bitcoin","BTC",6.291456,0.0,"BTC",408944.64,300,0,0,1,1,1.0,0.0,0.0,True,0.3639,0.11686324702439199,False,False,"",5.3,"",0,"[]","[]",0,False,False,"",""
"bc1p5jtqcv5gefkqlcyjcp0yw9wq57cl4nps3tettvt3hv3gy9qmqrgstut8ve","bitcoin","BTC",0.78905344,0.0,"BTC",51288.4736,300,0,0,1,1,1.0,0.0,0.0,True,0.3639,0.11642668795648803,False,False,"",5.3,"",0,"[]","[]",0,False,False,"",""
"bc1ptwgs4jvc437jhu5m3wccjyhyafme4y4ejgdqjduwx7twxtayxezst4gwmx","bitcoin","BTC",0.78905344,0.0,"BTC",51288.4736,300,0,0,1,1,1.0,0.0,0.0,True,0.3639,0.11642668795648803,False,False,"",5.3,"",0,"[]","[]",0,False,False,"",""
"bc1p7p7672cjq0fcgddkdhg9qp659evuvcxazlknd9e4rhee5w5cp4lqlj8duw","bitcoin","BTC",0.78905344,0.0,"BTC",51288.4736,300,0,0,1,1,1.0,0.0,0.0,True,0.3639,0.11642668795648803,False,False,"",5.3,"",0,"[]","[]",0,False,False,"",""
"bc1p9uut6tmt4xvldhc7098hh4q52z0f66hjm3yyfpsxera69ac0yf3saefzq3","bitcoin","BTC",7.6527504,0.0,"BTC",497428.776,240,0,0,1,1,1.0,0.0,0.0,True,0.190725,0.1167358263740138,False,False,"",5.3,"",0,"[]","[]",0,False,False,"",""
"bc1p4d45q4xv3u2jd6pc7etanqp90pha88rqlhq4nhl7d87jk4yyw0wqxmx534","bitcoin","BTC",7.6527504,0.0,"BTC",497428.776,240,0,0,1,1,1.0,0.0,0.0,True,0.190725,0.1167358263740138,False,False,"",5.3,"",0,"[]","[]",0,False,False,"",""
"bc1pwagkxg4ta9hxtdvtdrww6zvy0pksdp8xr3sy5maqal6kk55rwhysas7y0f","bitcoin","BTC",9.21518694,0.0,"BTC",598987.1511,289,0,0,1,1,1.0,0.0,0.0,True,0.35040000000000004,0.11736893063204001,False,False,"",5.2,"",0,"[]","[]",0,False,False,"",""
"bc1pq9s9zgdksxmj9m8hh6s4jsarkh2sptclu9aypaz2js3asgpvvxgqt30lmg","bitcoin","BTC",9.21518694,0.0,"BTC",598987.1511,289,0,0,1,1,1.0,0.0,0.0,True,0.35040000000000004,0.11736893063204001,False,False,"",5.2,"",0,"[]","[]",0,False,False,"",""
"bc1p9hwyqmdrk9qa97kxlsgqfpx70pj66mc0wm378vp49hh52zuve40sv7hsmf","bitcoin","BTC",9.21518694,0.0,"BTC",598987.1511,289,0,0,1,1,1.0,0.0,0.0,True,0.35040000000000004,0.11736893063204001,False,False,"",5.2,"",0,"[]","[]",0,False,False,"",""
"bc1pwcmd3m2hsd5utru0aqm80thc3kslumd09xvnz0yv9djuvmk7hlgsrzf3k6","bitcoin","BTC",9.21518694,0.0,"BTC",598987.1511,289,0,0,1,1,1.0,0.0,0.0,True,0.35040000000000004,0.11736893063204001,False,False,"",5.2,"",0,"[]","[]",0,False,False,"",""
"bc1pu44vllrvyz3wh5nfas5wh7d9etewvc32a6009yegtqdemzy57xhsrxgptj","bitcoin","BTC",9.21518694,0.0,"BTC",598987.1511,289,0,0,1,1,1.0,0.0,0.0,True,0.35040000000000004,0.11736893063204001,False,False,"",5.2,"",0,"[]","[]",0,False,False,"",""
"bc1q7p49zw9xrn2uzzdmp3jqktn9u7qfd56gz9n7fp","bitcoin","BTC",1.51992126,0.0,"BTC",98794.88190000001,286,0,0,1,1,1.0,0.0,0.0,True,0.346725,0.11724635472351508,False,False,"",5.2,"",0,"[]","[]",0,False,False,"",""
"bc1qfqsd56egjvftzurpzyhxtnvvhvhw7w0xu2sq8c","bitcoin","BTC",13.25,0.0,"BTC",861250.0,265,0,0,1,1,1.0,0.0,0.0,True,0.28049999999999997,0.11794830098712955,False,False,"",5.2,"",0,"[]","[]",0,False,False,"",""
"bc1qgwj9ec0he5007hettthkddusmfe48ye8dymccd","bitcoin","BTC",13.25,0.0,"BTC",861250.0,265,0,0,1,1,1.0,0.0,0.0,True,0.28049999999999997,0.11794830098712955,False,False,"",5.2,"",0,"[]","[]",0,False,False,"",""
"bc1qmg090lknz0c26r49kfh5h5p85wknyjw6wsafxl","bitcoin","BTC",24.48880128,0.0,"BTC",1591772.0832,256,0,0,1,1,1.0,0.0,0.0,True,0.2397,0.11729065720025422,False,False,"",5.2,"",0,"[]","[]",0,False,False,"",""
"bc1qentkjruezsk877870zuj7drup0jzcs2ja8lqc5","bitcoin","BTC",24.48880128,0.0,"BTC",1591772.0832,256,0,0,1,1,1.0,0.0,0.0,True,0.2397,0.11729065720025422,False,False,"",5.2,"",0,"[]","[]",0,False,False,"",""
"bc1qtvxxxwkuud3jqsr9tketautqyu0nwrl7suqpl3","bitcoin","BTC",24.48880128,0.0,"BTC",1591772.0832,256,0,0,1,1,1.0,0.0,0.0,True,0.2397,0.11729065720025422,False,False,"",5.2,"",0,"[]","[]",0,False,False,"",""
"bc1qcyp7rkmtqyke76aj96p6j4dn36zc4fatenxyqc","bitcoin","BTC",24.48880128,0.0,"BTC",1591772.0832,256,0,0,1,1,1.0,0.0,0.0,True,0.2397,0.11729065720025422,False,False,"",5.2,"",0,"[]","[]",0,False,False,"",""
"bc1q4exhxejtxkyr4ne395yjueseedfcaueu9myn75","bitcoin","BTC",24.48880128,0.0,"BTC",1591772.0832,256,0,0,1,1,1.0,0.0,0.0,True,0.2397,0.11729065720025422,False,False,"",5.2,"",0,"[]","[]",0,False,False,"",""
"bc1p3m3yreslksgnwpwtz98rg3rrq3x59al37e57chrqnq3rkdn9503s98vnjp","bitcoin","BTC",24.48880128,0.0,"BTC",1591772.0832,256,0,0,1,1,1.0,0.0,0.0,True,0.2397,0.11729065720025422,False,False,"",5.2,"",0,"[]","[]",0,False,False,"",""
"bc1pmlxkmc9wa740rel9umpwllaatdwf0untq8zmftnxgf9ym0dq6l9qu0053w","bitcoin","BTC",24.48880128,0.0,"BTC",1591772.0832,256,0,0,1,1,1.0,0.0,0.0,True,0.2397,0.11729065720025422,False,False,"",5.2,"",0,"[]","[]",0,False,False,"",""
"bc1ph44eneg2z9qwa9627et9fe5za8rkcyvaj4wr3n9vkqawwpa0eq6qu6puux","bitcoin","BTC",24.48880128,0.0,"BTC",1591772.0832,256,0,0,1,1,1.0,0.0,0.0,True,0.2397,0.11729065720025422,False,False,"",5.2,"",0,"[]","[]",0,False,False,"",""
"bc1pfw5sgdj5jsgt39kdet7tvtmyuae5ssuz005rppk89vlsrggdk9tqjvxe4m","bitcoin","BTC",23.81918562,0.0,"BTC",1548247.0653,249,0,0,1,1,1.0,0.0,0.0,True,0.228825,0.11746856244233866,False,False,"",5.2,"",0,"[]","[]",0,False,False,"",""
"bc1p56mzu83jng7uud825c6qahzjwjlq54wr7jfxt0dtktduwv55xpqsgzxdmt","bitcoin","BTC",24.5,0.0,"BTC",1592500.0,245,0,0,1,1,1.0,0.0,0.0,True,0.21247500000000002,0.11791071466374242,False,False,"",5.2,"",0,"[]","[]",0,False,False,"",""
"bc1qayhstp2g6drsv5cn9s3hw5s9e0cpgwe2n76adh","bitcoin","BTC",24.5,0.0,"BTC",1592500.0,245,0,0,1,1,1.0,0.0,0.0,True,0.21247500000000002,0.11791071466374242,False,False,"",5.2,"",0,"[]","[]",0,False,False,"",""
"bc1q096ufr2t04p7xv3nlgfj0zk2hma0kwxhdgr6eu","bitcoin","BTC",24.5,0.0,"BTC",1592500.0,245,0,0,1,1,1.0,0.0,0.0,True,0.21247500000000002,0.11791071466374242,False,False,"",5.2,"",0,"[]","[]",0,False,False,"",""
"bc1p33s6njsu4hdzeefy39wu87wevy7vmsgjw7agxeqtucasywl42p5qza6530","bitcoin","BTC",7.3338858,0.0,"BTC",476702.577,228,0,0,1,1,1.0,0.0,0.0,True,0.16935,0.1176508663389138,False,False,"",5.2,"",0,"[]","[]",0,False,False,"",""
"bc1pmqpfmdum3hykmg6l9r2vxpnn4rt8ssk7z9sfjpxs3quqdmxldhqqaacn7l","bitcoin","BTC",7.3338858,0.0,"BTC",476702.577,228,0,0,1,1,1.0,0.0,0.0,True,0.16935,0.1176508663389138,False,False,"",5.2,"",0,"[]","[]",0,False,False,"",""
"bc1p7789ue46l9tezdr90cucn6l4vlhxxpln23zlcwcz5ey88syjzqaqvgz9cs","bitcoin","BTC",7.3338858,0.0,"BTC",476702.577,228,0,0,1,1,1.0,0.0,0.0,True,0.16935,0.1176508663389138,False,False,"",5.2,"",0,"[]","[]",0,False,False,"",""
"bc1pyy2ujkydur432esptnzr6kr3hgl5wlqzums36v2n6lz9nc3nmt2qd4hzh5","bitcoin","BTC",7.3338858,0.0,"BTC",476702.577,228,0,0,1,1,1.0,0.0,0.0,True,0.16935,0.1176508663389138,False,False,"",5.2,"",0,"[]","[]",0,False,False,"",""
"bc1ptmu4408rfjrktzvgrnvqapqz4hhfvyadv88jwrqrtnj6fepv4m4q03h3r6","bitcoin","BTC",7.23822642,0.0,"BTC",470484.7173,227,0,0,1,1,1.0,0.0,0.0,True,0.16605,0.11753800759035199,False,False,"",5.2,"",0,"[]","[]",0,False,False,"",""
"bc1pymrfrexzrml3l5jvd903jjhq080fmt6ajctm5uypxf25cn7n4hsqg7k6zc","bitcoin","BTC",0.58720256,0.0,"BTC",38168.1664,224,0,0,1,1,1.0,0.0,0.0,True,0.152925,0.1177421664334124,False,False,"",5.2,"",0,"[]","[]",0,False,False,"",""
"bc1pmlp3qnnwxs8edwre7pslm8hccg263km76jkjl72zkdpk43g0y45qm9fdsq","bitcoin","BTC",0.58720256,0.0,"BTC",38168.1664,224,0,0,1,1,1.0,0.0,0.0,True,0.152925,0.1177421664334124,False,False,"",5.2,"",0,"[]","[]",0,False,False,"",""
"bc1pg5g6nzpta6spkv2ulgj29j4xu7gjy6rt8ze0r0rwr4cme535vkesjlc5z5","bitcoin","BTC",0.58720256,0.0,"BTC",38168.1664,224,0,0,1,1,1.0,0.0,0.0,True,0.152925,0.1177421664334124,False,False,"",5.2,"",0,"[]","[]",0,False,False,"",""
"bc1pvlu2k3uy362jnxpfj3j3p8ngsfe89624hqchhupsdp36rnruxhgqy9qqzw","bitcoin","BTC",0.58720256,0.0,"BTC",38168.1664,224,0,0,1,1,1.0,0.0,0.0,True,0.152925,0.1177421664334124,False,False,"",5.2,"",0,"[]","[]",0,False,False,"",""
"bc1pfcklhe9dn8mqxt0qf3qxz0pl796hsscnhaqwmv48k6nddpkgt7asr07uz5","bitcoin","BTC",0.58720256,0.0,"BTC",38168.1664,224,0,0,1,1,1.0,0.0,0.0,True,0.152925,0.1177421664334124,False,False,"",5.2,"",0,"[]","[]",0,False,False,"",""
"bc1ph2v98t5wkgy038rgl0ccxwlusqgpxkv0n7hnjpwp258a43awxc4qnr4z69","bitcoin","BTC",0.58720256,0.0,"BTC",38168.1664,224,0,0,1,1,1.0,0.0,0.0,True,0.152925,0.1177421664334124,False,False,"",5.2,"",0,"[]","[]",0,False,False,"",""
"bc1p75jn3crezavd9lzkv97s2qrf3r0wx70aywhycv00fydw9g28g9xqctlw3e","bitcoin","BTC",1.03808142,0.0,"BTC",67475.2923,293,0,0,1,1,1.0,0.0,0.0,True,0.35475,0.1180976873254938,False,False,"",5.1,"",0,"[]","[]",0,False,False,"",""
"bc1ps9ufqmgdy92gr70yq6vflukkckqc6vwatv9k4cshexf04eeyqs2qn26449","bitcoin","BTC",1.03808142,0.0,"BTC",67475.2923,293,0,0,1,1,1.0,0.0,0.0,True,0.35475,0.1180976873254938,False,False,"",5.1,"",0,"[]","[]",0,False,False,"",""
"bc1pp0c8vyeh82sn6x5rjw2ky5rslqw3xx2ekmjp4pymgvch7d4utxvsveh623","bitcoin","BTC",1.03808142,0.0,"BTC",67475.2923,293,0,0,1,1,1.0,0.0,0.0,True,0.35475,0.1180976873254938,False,False,"",5.1,"",0,"[]","[]",0,False,False,"",""
"bc1plg0ewwuem5e4t78s4p7jz0lx2dx3yptv4pggvyyaswuml8t7a5msfmdmkx","bitcoin","BTC",1.03808142,0.0,"BTC",67475.2923,293,0,0,1,1,1.0,0.0,0.0,True,0.35475,0.1180976873254938,False,False,"",5.1,"",0,"[]","[]",0,False,False,"",""
"bc1pm2sl6tfneh7clxhlpypn3rmgz4rqrcgadvpwf0hgyxy7sgg5fwvsvpmngs","bitcoin","BTC",13.53580227,0.0,"BTC",879827.14755,283,0,0,1,1,1.0,0.0,0.0,True,0.34365,0.11862827170801438,False,False,"",5.1,"",0,"[]","[]",0,False,False,"",""
"bc1plvdts6wy34zpz0j8rcdlmjkyw054r05nsmjp0ht80cpya6wm5xpqwer5qa","bitcoin","BTC",13.53580227,0.0,"BTC",879827.14755,283,0,0,1,1,1.0,0.0,0.0,True,0.34365,0.11862827170801438,False,False,"",5.1,"",0,"[]","[]",0,False,False,"",""
"bc1pmdkd0eea7d6wygpj2h53e490x7d5cqazjg2csl8kjc8a8u0gldhquc0mnz","bitcoin","BTC",13.53580227,0.0,"BTC",879827.14755,283,0,0,1,1,1.0,0.0,0.0,True,0.34365,0.11862827170801438,False,False,"",5.1,"",0,"[]","[]",0,False,False,"",""
"bc1pjxs86h3vze06dthemrv6mmmje3nuc37jldzmr7lrcjjryyhnnhrsacm5m3","bitcoin","BTC",13.53580227,0.0,"BTC",879827.14755,283,0,0,1,1,1.0,0.0,0.0,True,0.34365,0.11862827170801438,False,False,"",5.1,"",0,"[]","[]",0,False,False,"",""
"bc1pu956u2c49a4m89e8sg9cyq066rqv5qw9f2h7maqj5z3yc77daazs8hywp8","bitcoin","BTC",0.98139438,0.0,"BTC",63790.6347,277,0,0,1,1,1.0,0.0,0.0,True,0.325275,0.11863486352510144,False,False,"",5.1,"",0,"[]","[]",0,False,False,"",""
"bc1pghffzuuyn4gp7c7qmx5a2wgvhrteu3rjv7st63haczryks32x9nszhnvt6","bitcoin","BTC",0.98139438,0.0,"BTC",63790.6347,277,0,0,1,1,1.0,0.0,0.0,True,0.325275,0.11863486352510144,False,False,"",5.1,"",0,"[]","[]",0,False,False,"",""
"bc1prr0wxfmljsc9467chlp3sjuz5ucwn6uuwjn04krx3ts8aspr5jfsuzp37p","bitcoin","BTC",0.98139438,0.0,"BTC",63790.6347,277,0,0,1,1,1.0,0.0,0.0,True,0.325275,0.11863486352510144,False,False,"",5.1,"",0,"[]","[]",0,False,False,"",""
"bc1pe5mrdvuqngh8gavzrxch0ck8a8krjp0ke0m0lhnzhkxyq32d8x8qvfzly5","bitcoin","BTC",0.562,0.0,"BTC",36530.0,281,0,0,1,1,1.0,0.0,0.0,True,0.33757499999999996,0.11886912141213962,False,False,"",5.0,"",0,"[]","[]",0,False,False,"",""
"bc1p66eyszhc6f0x7xrfdqwwz8pql4wcdvqryvaksh4959yr3wt43mmsnhxmr8","bitcoin","BTC",0.562,0.0,"BTC",36530.0,281,0,0,1,1,1.0,0.0,0.0,True,0.33757499999999996,0.11886912141213962,False,False,"",5.0,"",0,"[]","[]",0,False,False,"",""
"bc1p3xczdncw93axuxgp29r9p5cer55570v4m4jh7nh266hhyjhrxwjsymxyrk","bitcoin","BTC",0.562,0.0,"BTC",36530.0,281,0,0,1,1,1.0,0.0,0.0,True,0.33757499999999996,0.11886912141213962,False,False,"",5.0,"",0,"[]","[]",0,False,False,"",""
"bc1pfkf2uc6pwfpf0dg5wswm20w3ync5f5ezn6e85tfs50j9d4uxvq5sq3rh7w","bitcoin","BTC",0.562,0.0,"BTC",36530.0,281,0,0,1,1,1.0,0.0,0.0,True,0.33757499999999996,0.11886912141213962,False,False,"",5.0,"",0,"[]","[]",0,False,False,"",""
"bc1pdsfr5cc52ml26cmdwpq8hvfdrgyf87ldkgfzaj96xqk55a2cx5cqtc30dq","bitcoin","BTC",25.92369198,0.0,"BTC",1685039.9787,271,0,0,1,1,1.0,0.0,0.0,True,0.30555,0.11941879564192309,False,False,"",5.0,"",0,"[]","[]",0,False,False,"",""
"bc1pnw6py5mvwnvz6r7m0uvwjc9rqfv85nxux4et85qhaj443ls0gausq390ur","bitcoin","BTC",25.92369198,0.0,"BTC",1685039.9787,271,0,0,1,1,1.0,0.0,0.0,True,0.30555,0.11941879564192309,False,False,"",5.0,"",0,"[]","[]",0,False,False,"",""
"bc1p49sumng6au77rdc6hupwvnluudydrkptm90f574cr56e45857z6qwg4p4q","bitcoin","BTC",25.92369198,0.0,"BTC",1685039.9787,271,0,0,1,1,1.0,0.0,0.0,True,0.30555,0.11941879564192309,False,False,"",5.0,"",0,"[]","[]",0,False,False,"",""
"bc1pwj23lzks2gfyltredk42uk964cfdtek372rn0tdtakfhxde5dgwqppa0zh","bitcoin","BTC",25.92369198,0.0,"BTC",1685039.9787,271,0,0,1,1,1.0,0.0,0.0,True,0.30555,0.11941879564192309,False,False,"",5.0,"",0,"[]","[]",0,False,False,"",""
"bc1prn22p3l49ed957zakpaz5gvlpt8uck54kgjxcdk79ckzw3wrwe6sehhkh2","bitcoin","BTC",25.92369198,0.0,"BTC",1685039.9787,271,0,0,1,1,1.0,0.0,0.0,True,0.30555,0.11941879564192309,False,False,"",5.0,"",0,"[]","[]",0,False,False,"",""
"bc1phlup7y20kffq66z97l7zule9v8dfdlhnxt5h8up90fevs2mm80kqpnzar4","bitcoin","BTC",25.92369198,0.0,"BTC",1685039.9787,271,0,0,1,1,1.0,0.0,0.0,True,0.30555,0.11941879564192309,False,False,"",5.0,"",0,"[]","[]",0,False,False,"",""
"bc1pvx4sczxaa083ylvecdjz86udmylwz6v3ldgn8e8wh25r05pgf8tq8lzhyh","bitcoin","BTC",25.92369198,0.0,"BTC",1685039.9787,271,0,0,1,1,1.0,0.0,0.0,True,0.30555,0.11941879564192309,False,False,"",5.0,"",0,"[]","[]",0,False,False,"",""
"bc1prryvu9j2ha9y406z8yhkapdug6rfh5dwqpdvcxcx3ugqmdahdyys4kk5e6","bitcoin","BTC",25.92369198,0.0,"BTC",1685039.9787,271,0,0,1,1,1.0,0.0,0.0,True,0.30555,0.11941879564192309,False,False,"",5.0,"",0,"[]","[]",0,False,False,"",""
"bc1pgtsmxszk89ejthmle0qjaxkccgcx9n24h8tl7p2nh2gkmla6xhaq3fcgvm","bitcoin","BTC",25.92369198,0.0,"BTC",1685039.9787,271,0,0,1,1,1.0,0.0,0.0,True,0.30555,0.11941879564192309,False,False,"",5.0,"",0,"[]","[]",0,False,False,"",""
"bc1pvy9nmuq00a8svtt9y7ppras6zk3l3ldwrs7ayf5qhvhjfla9nxjqrn7x7p","bitcoin","BTC",20.88763392,0.0,"BTC",1357696.2048,249,0,0,1,1,1.0,0.0,0.0,True,0.228825,0.11933264175396358,False,False,"",5.0,"",0,"[]","[]",0,False,False,"",""
"bc1prgxjpc2s89harwqwhuh4mpxun8yhfpj35h55ldk6yqag6jue5q9sd3vpsk","bitcoin","BTC",0.786432,0.0,"BTC",51118.08,300,0,0,1,1,1.0,0.0,0.0,True,0.3639,0.1202376208713819,False,False,"",4.9,"",0,"[]","[]",0,False,False,"",""
"bc1p6hxxcwutpwtjeusx82d5zvkfna6a0c7qe2cqwz2ulsf787c7lves04f5j0","bitcoin","BTC",1.55712213,0.0,"BTC",101212.93845,293,0,0,1,1,1.0,0.0,0.0,True,0.35475,0.11972359855095327,False,False,"",4.9,"",0,"[]","[]",0,False,False,"",""
"bc1pgpyx9ge4g7g3kzwpj3zhcyduuve8cv8l2v8u352mvpfvktm9hp8smxqyq4","bitcoin","BTC",1.55712213,0.0,"BTC",101212.93845,293,0,0,1,1,1.0,0.0,0.0,True,0.35475,0.11972359855095327,False,False,"",4.9,"",0,"[]","[]",0,False,False,"",""
"bc1px3m4jx9sfw2j5pn6jacmg9cuqc0za7e2tvcykkwhkwp6tytxzptskyzvy5","bitcoin","BTC",2.43399978,0.0,"BTC",158209.98570000002,229,0,0,1,1,1.0,0.0,0.0,True,0.17407499999999998,0.11985474804598745,False,False,"",4.9,"",0,"[]","[]",0,False,False,"",""
"bc1p82qcq90d8we082cfdpa920y6fzk5fxzcm2wzfjf4u4sa7p7dya4q7wg7x2","bitcoin","BTC",2.41274214,0.0,"BTC",156828.2391,227,0,0,1,1,1.0,0.0,0.0,True,0.16605,0.12002745334201087,False,False,"",4.9,"",0,"[]","[]",0,False,False,"",""
"bc1pfk9fu6dpaw20mx5f784r3zp8ctd68krpke9sxwvzzmjgj3hkasysefqdns","bitcoin","BTC",7.07879412,0.0,"BTC",460121.6178,222,0,0,1,1,1.0,0.0,0.0,True,0.14482499999999998,0.11986282263597492,False,False,"",4.9,"",0,"[]","[]",0,False,False,"",""
"bc1p4t6tl2qmeykstle7l64gdhkyykt9afjmcdzakpme8wwuy7mnckvsrz9ngn","bitcoin","BTC",7.07879412,0.0,"BTC",460121.6178,222,0,0,1,1,1.0,0.0,0.0,True,0.14482499999999998,0.11986282263597492,False,False,"",4.9,"",0,"[]","[]",0,False,False,"",""
"bc1p29w47qtle6dmmy0gvmvrdxzlf2cxcpxar9kmapqv5apt2y4er9rqlar6kt","bitcoin","BTC",1.06642494,0.0,"BTC",69317.6211,300,0,0,1,1,1.0,0.0,0.0,True,0.3639,0.12102875713412292,False,False,"",4.8,"",0,"[]","[]",0,False,False,"",""
"bc1q00a6c2tp0qhyq6y6tfhkrf4m7svt7ws4eera4h","bitcoin","BTC",1.06642494,0.0,"BTC",69317.6211,300,0,0,1,1,1.0,0.0,0.0,True,0.3639,0.12102875713412292,False,False,"",4.8,"",0,"[]","[]",0,False,False,"",""
"bc1ptx26g3vr0jyzzaqmmd2efdtth4r0guaf72fa5m7lm0575p0hhrpsrndjsj","bitcoin","BTC",1.06642494,0.0,"BTC",69317.6211,300,0,0,1,1,1.0,0.0,0.0,True,0.3639,0.12102875713412292,False,False,"",4.8,"",0,"[]","[]",0,False,False,"",""
"bc1pkg43khqqp3q9k4trsrxe4aazpcj9xx408u8w92fwhpy9hasqsjzshrv3ry","bitcoin","BTC",1.06642494,0.0,"BTC",69317.6211,300,0,0,1,1,1.0,0.0,0.0,True,0.3639,0.12102875713412292,False,False,"",4.8,"",0,"[]","[]",0,False,False,"",""
"bc1p6gw3308s4f9v8gszn8f4txy27msw7yell9u20fg24fqsx6e839gscvrfy8","bitcoin","BTC",1.06642494,0.0,"BTC",69317.6211,300,0,0,1,1,1.0,0.0,0.0,True,0.3639,0.12102875713412292,False,False,"",4.8,"",0,"[]","[]",0,False,False,"",""
"bc1p50vjupctdd32pd8llgt7txca34z40m44hu8xaxfr7z88pqqqzxlq9u6zy6","bitcoin","BTC",1.06642494,0.0,"BTC",69317.6211,300,0,0,1,1,1.0,0.0,0.0,True,0.3639,0.12102875713412292,False,False,"",4.8,"",0,"[]","[]",0,False,False,"",""
"bc1q7fwcklujd0kvls4h899ttn9k39xpagxlc93mpl","bitcoin","BTC",1.06642494,0.0,"BTC",69317.6211,300,0,0,1,1,1.0,0.0,0.0,True,0.3639,0.12102875713412292,False,False,"",4.8,"",0,"[]","[]",0,False,False,"",""
"bc1p70ecvrkrjf2m7j5su6euc66jnqaj6evne4hk475ejxtznje9guss2r0yfh","bitcoin","BTC",1.06642494,0.0,"BTC",69317.6211,300,0,0,1,1,1.0,0.0,0.0,True,0.3639,0.12102875713412292,False,False,"",4.8,"",0,"[]","[]",0,False,False,"",""
"bc1pguc65gs02rqd3cxnyzyy5kzmmyp4up7zvmpxku90a28yy5ujwrysq5jxgd","bitcoin","BTC",2.94418314,0.0,"BTC",191371.90409999999,277,0,0,1,1,1.0,0.0,0.0,True,0.325275,0.12088340882286902,False,False,"",4.8,"",0,"[]","[]",0,False,False,"",""
"bc1pnwxjhlmlrth8yh93xzmvmmr7twagv60j73m33am5tah6wg9jv03s0mzs0g","bitcoin","BTC",0.53,0.0,"BTC",34450.0,265,0,0,1,1,1.0,0.0,0.0,True,0.28049999999999997,0.1205462904850525,False,False,"",4.8,"",0,"[]","[]",0,False,False,"",""
"bc1p2u8cryf83lffvnx2xau52384xcr4ykc4eqxylgs53ex3pa6jdanqkvhmqa","bitcoin","BTC",13.1,0.0,"BTC",851500.0,261,0,0,1,1,1.0,0.0,0.0,True,0.26175000000000004,0.12116474913354175,False,False,"",4.8,"",0,"[]","[]",0,False,False,"",""
"bc1pyz9v998eausydsmpwwcgnhhf6mzg9p6l5t4akq3ffyrap4zghuusuv2l5t","bitcoin","BTC",0.589824,0.0,"BTC",38338.56,225,0,0,1,1,1.0,0.0,0.0,True,0.159075,0.12071203021705834,False,False,"",4.8,"",0,"[]","[]",0,False,False,"",""
"bc1pl7689aptlep5ytuln95lr80fl3usgetxwnpseehy88lsx0r7t6mq2nevgt","bitcoin","BTC",0.589824,0.0,"BTC",38338.56,225,0,0,1,1,1.0,0.0,0.0,True,0.159075,0.12071203021705834,False,False,"",4.8,"",0,"[]","[]",0,False,False,"",""
"bc1pjfg5eqs2x6p0r2rzfzkhx0c4ujq974kush8uwcruhngyegz2725sf24a4m","bitcoin","BTC",0.589824,0.0,"BTC",38338.56,225,0,0,1,1,1.0,0.0,0.0,True,0.159075,0.12071203021705834,False,False,"",4.8,"",0,"[]","[]",0,False,False,"",""
"bc1pca8de9wr96l7xl3gz50nuzlclhcjah70pfvccap6d8f078kce2yqt57xta","bitcoin","BTC",1.59963741,0.0,"BTC",103976.43165,300,0,0,1,1,1.0,0.0,0.0,True,0.3639,0.1212452679102583,False,False,"",4.7,"",0,"[]","[]",0,False,False,"",""
"bc1ps54vmqh3rmpgc52wqqkj4nc4s2vapvrgl9f7c384q2kg8lpcknks7wsn8r","bitcoin","BTC",1.59963741,0.0,"BTC",103976.43165,300,0,0,1,1,1.0,0.0,0.0,True,0.3639,0.1212452679102583,False,False,"",4.7,"",0,"[]","[]",0,False,False,"",""
"bc1ppel84w25a6qfzuhvlatxgu2fhlflgcc0t9pk6rfp66tvcjxxyg4s5msysw","bitcoin","BTC",1.59963741,0.0,"BTC",103976.43165,300,0,0,1,1,1.0,0.0,0.0,True,0.3639,0.1212452679102583,False,False,"",4.7,"",0,"[]","[]",0,False,False,"",""
"bc1p2css70jgxl4cjfjnr92dfjuk3gmum26mg43fy7rgm9mcuzuf9uqqu0ggf6","bitcoin","BTC",1.59963741,0.0,"BTC",103976.43165,300,0,0,1,1,1.0,0.0,0.0,True,0.3639,0.1212452679102583,False,False,"",4.7,"",0,"[]","[]",0,False,False,"",""
"bc1pn08vedwla6vpmtcvr759q2tpetp9ynwmah7a32vk46jdwqgq9zcs5r46tv","bitcoin","BTC",1.59963741,0.0,"BTC",103976.43165,300,0,0,1,1,1.0,0.0,0.0,True,0.3639,0.1212452679102583,False,False,"",4.7,"",0,"[]","[]",0,False,False,"",""
"bc1p07vmay7dslafdvj5vj4mducq69a254lwxt6clh4d5p72mmnjacpq2jp8se","bitcoin","BTC",0.56,0.0,"BTC",36400.0,280,0,0,1,1,1.0,0.0,0.0,True,0.33089999999999997,0.1212712047010101,False,False,"",4.7,"",0,"[]","[]",0,False,False,"",""
"bc1psggwt9ddvqq6aehcztl487mgdsv9g6dd6w7ejxrtnmyqnajynsssvsuzzq","bitcoin","BTC",0.56,0.0,"BTC",36400.0,280,0,0,1,1,1.0,0.0,0.0,True,0.33089999999999997,0.1212712047010101,False,False,"",4.7,"",0,"[]","[]",0,False,False,"",""
"bc1p8v39ea2qrhf9fk44mx3qujggvu3tu3vs0x6hjgf9hupv28gwz5msnqctg5","bitcoin","BTC",0.56,0.0,"BTC",36400.0,280,0,0,1,1,1.0,0.0,0.0,True,0.33089999999999997,0.1212712047010101,False,False,"",4.7,"",0,"[]","[]",0,False,False,"",""
"bc1phag2gv5zv9txltvw8jjky5yczgd4xf3w05txemdyz5ky6cmrxffsvedex2","bitcoin","BTC",0.60555264,0.0,"BTC",39360.9216,231,0,0,1,1,1.0,0.0,0.0,True,0.1851,0.12126952737266505,False,False,"",4.7,"",0,"[]","[]",0,False,False,"",""
"bc1pcryp3a9mtp9hm8kr2g7npf9etrzpahp3p2mvs5vu5k2nq90s3gxqmyvw86","bitcoin","BTC",0.60555264,0.0,"BTC",39360.9216,231,0,0,1,1,1.0,0.0,0.0,True,0.1851,0.12126952737266505,False,False,"",4.7,"",0,"[]","[]",0,False,False,"",""
"bc1pvsd9pmzxkf59d22hhvh0jxcpvw749rwmaypcauk8kvnuhgx05lssugqd3n","bitcoin","BTC",0.60555264,0.0,"BTC",39360.9216,231,0,0,1,1,1.0,0.0,0.0,True,0.1851,0.12126952737266505,False,False,"",4.7,"",0,"[]","[]",0,False,False,"",""
"bc1pkq3gltcglzs050rj90j2ayrv9lykzdpu4rqf52f3r3zduff7ftcq6xf7g2","bitcoin","BTC",0.60555264,0.0,"BTC",39360.9216,231,0,0,1,1,1.0,0.0,0.0,True,0.1851,0.12126952737266505,False,False,"",4.7,"",0,"[]","[]",0,False,False,"",""
"bc1psz6dvrxrcfzmxra0xek8rsct0yt8nfjnygqjm58cujd3p85etqjsx7xz4g","bitcoin","BTC",0.60555264,0.0,"BTC",39360.9216,231,0,0,1,1,1.0,0.0,0.0,True,0.1851,0.12126952737266505,False,False,"",4.7,"",0,"[]","[]",0,False,False,"",""
"bc1pxam8gzfjgd68hgnefc89nhuzthu78c404q90965jankqlnneljsq8eef59","bitcoin","BTC",4.80247808,0.0,"BTC",312161.0752,229,0,0,1,1,1.0,0.0,0.0,True,0.17407499999999998,0.12203980112825596,False,False,"",4.7,"",0,"[]","[]",0,False,False,"",""
"bc1pnmyfvk0nuj64z64r5qmmznst0z8ugeex3a4vv7mcq8w7gxx54utqufey4e","bitcoin","BTC",4.80247808,0.0,"BTC",312161.0752,229,0,0,1,1,1.0,0.0,0.0,True,0.17407499999999998,0.12203980112825596,False,False,"",4.7,"",0,"[]","[]",0,False,False,"",""
"bc1pe79snaegjmrvp508l4dz0svzen43en2y0a2d58ujldr3hzelsmfsrlmnyq","bitcoin","BTC",4.80247808,0.0,"BTC",312161.0752,229,0,0,1,1,1.0,0.0,0.0,True,0.17407499999999998,0.12203980112825596,False,False,"",4.7,"",0,"[]","[]",0,False,False,"",""
"bc1p7jmarwf026uyzc3888z4hlrcdkk7ea2trkzz9rmmwk8a849yr6eqwgfpdk","bitcoin","BTC",4.80247808,0.0,"BTC",312161.0752,229,0,0,1,1,1.0,0.0,0.0,True,0.17407499999999998,0.12203980112825596,False,False,"",4.7,"",0,"[]","[]",0,False,False,"",""
"bc1pp8zym06y6gg5nephjjwedkkyffclkl2er2ca7kju7dyqmnzljmwqx5x39j","bitcoin","BTC",2.4446286,0.0,"BTC",158900.859,228,0,0,1,1,1.0,0.0,0.0,True,0.16935,0.12164828136543998,False,False,"",4.7,"",0,"[]","[]",0,False,False,"",""
"bc1p47pw4c0200kz9ezlmd8ntz53wewtz84hpnwueyengz97e77v8dpq3s2xva","bitcoin","BTC",0.59506688,0.0,"BTC",38679.3472,227,0,0,1,1,1.0,0.0,0.0,True,0.16605,0.12128916956990565,False,False,"",4.7,"",0,"[]","[]",0,False,False,"",""
"bc1pzumz84ws7xztjl5xur4f4z4u2tw5ju6pajrme0efp2gu7k3yj7vqpau5mx","bitcoin","BTC",0.59506688,0.0,"BTC",38679.3472,227,0,0,1,1,1.0,0.0,0.0,True,0.16605,0.12128916956990565,False,False,"",4.7,"",0,"[]","[]",0,False,False,"",""
"bc1p4anejvwu2mrg2zd7uxnk8s0vnsta89u9dked2jtvd7tz0dtevcwsz2v6hy","bitcoin","BTC",0.59506688,0.0,"BTC",38679.3472,227,0,0,1,1,1.0,0.0,0.0,True,0.16605,0.12128916956990565,False,False,"",4.7,"",0,"[]","[]",0,False,False,"",""
"bc1pl4znacfgjsfa2myruu47qruurpd5tprgefv9kwdd5serzsx7fs4qsm4w0q","bitcoin","BTC",0.59506688,0.0,"BTC",38679.3472,227,0,0,1,1,1.0,0.0,0.0,True,0.16605,0.12128916956990565,False,False,"",4.7,"",0,"[]","[]",0,False,False,"",""
"bc1pwvyn4pc7fxc0r6wumxu0kqcf6rrjjjyxtkefptxgr0z8w3yk4vms39k2kc","bitcoin","BTC",11.35,0.0,"BTC",737750.0,227,0,0,1,1,1.0,0.0,0.0,True,0.16605,0.12196758961717774,False,False,"",4.7,"",0,"[]","[]",0,False,False,"",""
"bc1psylnhxqardupcndfs7x6sye2c3wmesn0nyxa0njrztq24ym2c7ws2r7jqy","bitcoin","BTC",11.35,0.0,"BTC",737750.0,227,0,0,1,1,1.0,0.0,0.0,True,0.16605,0.12196758961717774,False,False,"",4.7,"",0,"[]","[]",0,False,False,"",""
"bc1plzd0pgnhxffaq8cr6u7c7hnte23ku7p4j2nr7ak66tg5wt75qp4s2t5ms8","bitcoin","BTC",0.77590386,0.0,"BTC",50433.7509,219,0,0,1,1,1.0,0.0,0.0,True,0.14085,0.12129578776233746,False,False,"",4.7,"",0,"[]","[]",0,False,False,"",""
"bc1q5fxx8ckkcu5aj708llz67t7w07n6jhdsrnq4yz","bitcoin","BTC",0.77590386,0.0,"BTC",50433.7509,219,0,0,1,1,1.0,0.0,0.0,True,0.14085,0.12129578776233746,False,False,"",4.7,"",0,"[]","[]",0,False,False,"",""
"bc1pul30nsxckx4nemtpwsdgjr3c50ddhmpgvwppc9yhnkepdpnh2sesngyyqy","bitcoin","BTC",0.77590386,0.0,"BTC",50433.7509,219,0,0,1,1,1.0,0.0,0.0,True,0.14085,0.12129578776233746,False,False,"",4.7,"",0,"[]","[]",0,False,False,"",""
"bc1pmu3595gtv7x8qfqerqvt4mys9qx6n454cvs7hwzp9aj4x3zq3s4q69z4gl","bitcoin","BTC",0.77590386,0.0,"BTC",50433.7509,219,0,0,1,1,1.0,0.0,0.0,True,0.14085,0.12129578776233746,False,False,"",4.7,"",0,"[]","[]",0,False,False,"",""
"bc1plwukj5f4qxgdy6904c2804tqdwz4ehft7alalpdemlx5xxc9z9ms8ekmtj","bitcoin","BTC",6.98313474,0.0,"BTC",453903.7581,219,0,0,1,1,1.0,0.0,0.0,True,0.14085,0.12132936734675598,False,False,"",4.7,"",0,"[]","[]",0,False,False,"",""
"bc1pckpur24jn33vukfrqm8eemjra2wzkcvwzl76jf4fe7fxwftnly3swqxyp9","bitcoin","BTC",0.77590386,0.0,"BTC",50433.7509,219,0,0,1,1,1.0,0.0,0.0,True,0.14085,0.12129578776233746,False,False,"",4.7,"",0,"[]","[]",0,False,False,"",""
"bc1p7d5zjk6hjutvjylqtdxumzwd0dvrk9scunwddutllz339emlkstq2ulg7h","bitcoin","BTC",6.98313474,0.0,"BTC",453903.7581,219,0,0,1,1,1.0,0.0,0.0,True,0.14085,0.12132936734675598,False,False,"",4.7,"",0,"[]","[]",0,False,False,"",""
"bc1pvv2yylzuw0060cfxjfz5fff7p86g3g56qlk7zay94c0zsf5955dsjt5qa4","bitcoin","BTC",0.77590386,0.0,"BTC",50433.7509,219,0,0,1,1,1.0,0.0,0.0,True,0.14085,0.12129578776233746,False,False,"",4.7,"",0,"[]","[]",0,False,False,"",""
"bc1p8szwgqdart3vu4nghp58nrphagzxva99ym2ufhgnad88c5jdt4csm55l8q","bitcoin","BTC",1.594323,0.0,"BTC",103630.995,300,0,0,1,1,1.0,0.0,0.0,True,0.3639,0.1224917818687924,False,False,"",4.6,"",0,"[]","[]",0,False,False,"",""
"bc1ptqu65zn4xjdlkrmtffu7vulwcks360kf5x4eydpj8retdgdfqmwsswntf8","bitcoin","BTC",6.31242752,0.0,"BTC",410307.7888,300,0,0,1,1,1.0,0.0,0.0,True,0.3639,0.12246459000167986,False,False,"",4.6,"",0,"[]","[]",0,False,False,"",""
"bc1pnj0lcvk95nlpchkg9re0glyus2wm30nh5rfz5pkvq2nlv0ssf05swxd0hx","bitcoin","BTC",6.31242752,0.0,"BTC",410307.7888,300,0,0,1,1,1.0,0.0,0.0,True,0.3639,0.12246459000167986,False,False,"",4.6,"",0,"[]","[]",0,False,False,"",""
"bc1prhejruae8n2fxc66ah2qqdj3tqg4aal8xs5yl8aj9gm6sj3etwqqa7rnqg","bitcoin","BTC",6.31242752,0.0,"BTC",410307.7888,300,0,0,1,1,1.0,0.0,0.0,True,0.3639,0.12246459000167986,False,False,"",4.6,"",0,"[]","[]",0,False,False,"",""
"bc1pqhwyu5mx703u0rxcph8e3fqydwecxf5fndk9kc55txwacc0aztjs20epq9","bitcoin","BTC",6.31242752,0.0,"BTC",410307.7888,300,0,0,1,1,1.0,0.0,0.0,True,0.3639,0.12246459000167986,False,False,"",4.6,"",0,"[]","[]",0,False,False,"",""
"bc1py4gt6k2ekv6rteklzdm9h9npq42st3umuhzzzmvs9exv7stq0tqq6mq5wl","bitcoin","BTC",6.31242752,0.0,"BTC",410307.7888,300,0,0,1,1,1.0,0.0,0.0,True,0.3639,0.12246459000167986,False,False,"",4.6,"",0,"[]","[]",0,False,False,"",""
"bc1p73ghgef0uua5lkq83kfe8yyzl346443hznumd7rk734ghgc9zl9qnjdr5j","bitcoin","BTC",6.31242752,0.0,"BTC",410307.7888,300,0,0,1,1,1.0,0.0,0.0,True,0.3639,0.12246459000167986,False,False,"",4.6,"",0,"[]","[]",0,False,False,"",""
"bc1p2ggcgjrpfmzzquzfcyvexgzehtkzwjsnercpvd60534p5rfct50s5sfx03","bitcoin","BTC",6.31242752,0.0,"BTC",410307.7888,300,0,0,1,1,1.0,0.0,0.0,True,0.3639,0.12246459000167986,False,False,"",4.6,"",0,"[]","[]",0,False,False,"",""
"bc1p86ltmq43tndg98r3pjvml3tkkxxgkaccjavdes56js07g5h4mvxssds9wc","bitcoin","BTC",6.31242752,0.0,"BTC",410307.7888,300,0,0,1,1,1.0,0.0,0.0,True,0.3639,0.12246459000167986,False,False,"",4.6,"",0,"[]","[]",0,False,False,"",""
"bc1pr2uj7t823jzmz299wftd6u8ad4awjyzv0hvhsuzg0nparke2dafsleukqa","bitcoin","BTC",6.31242752,0.0,"BTC",410307.7888,300,0,0,1,1,1.0,0.0,0.0,True,0.3639,0.12246459000167986,False,False,"",4.6,"",0,"[]","[]",0,False,False,"",""
"bc1pjw2hxfsv25v2r7s3cqf5xl80ueeujwqrlhrn78q4gcdrvuu7zmns553hqn","bitcoin","BTC",1.594323,0.0,"BTC",103630.995,300,0,0,1,1,1.0,0.0,0.0,True,0.3639,0.1224917818687924,False,False,"",4.6,"",0,"[]","[]",0,False,False,"",""
"bc1pv66yy7d7uvnea038m0rfzl2w4j2xnxl2f78sz9mp97mt83g35avqmcx6hl","bitcoin","BTC",1.594323,0.0,"BTC",103630.995,300,0,0,1,1,1.0,0.0,0.0,True,0.3639,0.1224917818687924,False,False,"",4.6,"",0,"[]","[]",0,False,False,"",""
"bc1p6qdxjz8j7d0vj2v2p58sxlcd2cwvrmgfhzw9usyht7kp493qhmeqqfa627","bitcoin","BTC",1.594323,0.0,"BTC",103630.995,300,0,0,1,1,1.0,0.0,0.0,True,0.3639,0.1224917818687924,False,False,"",4.6,"",0,"[]","[]",0,False,False,"",""
"bc1pu8x4dy690hnysdgvxd0ccd22u9k94mtg9jw829s8l9chev6ywzzqp9jg93","bitcoin","BTC",6.31242752,0.0,"BTC",410307.7888,300,0,0,1,1,1.0,0.0,0.0,True,0.3639,0.12246459000167986,False,False,"",4.6,"",0,"[]","[]",0,False,False,"",""
"bc1pvf4ekkzu9ux6nm64ee2v2cljaxz8hg3wz0yk2r5deqv60srz4gjq2gfmr4","bitcoin","BTC",1.594323,0.0,"BTC",103630.995,300,0,0,1,1,1.0,0.0,0.0,True,0.3639,0.1224917818687924,False,False,"",4.6,"",0,"[]","[]",0,False,False,"",""
"bc1psw978lzd6ql8t76et9765c29y9wd92uhh3a6dxqw7syld7rm585qhnge6s","bitcoin","BTC",1.594323,0.0,"BTC",103630.995,300,0,0,1,1,1.0,0.0,0.0,True,0.3639,0.1224917818687924,False,False,"",4.6,"",0,"[]","[]",0,False,False,"",""
"bc1pxpvnfgtvvmwv8mh70qt5p8f0xyx3rthlm8lycn3s9tsgt2hvjwmq7fs46g","bitcoin","BTC",6.31242752,0.0,"BTC",410307.7888,300,0,0,1,1,1.0,0.0,0.0,True,0.3639,0.12246459000167986,False,False,"",4.6,"",0,"[]","[]",0,False,False,"",""
"bc1pgqvdkcek99j2mezcdyfue0vpg2r7e24d58p9pvfqtskglxsyllaq2lw43x","bitcoin","BTC",6.31242752,0.0,"BTC",410307.7888,300,0,0,1,1,1.0,0.0,0.0,True,0.3639,0.12246459000167986,False,False,"",4.6,"",0,"[]","[]",0,False,False,"",""
"bc1pxjqu604hp649azeqgl0gddmhq9h2fn2uj8052kt4seghl44ak8hq3qhhex","bitcoin","BTC",6.31242752,0.0,"BTC",410307.7888,300,0,0,1,1,1.0,0.0,0.0,True,0.3639,0.12246459000167986,False,False,"",4.6,"",0,"[]","[]",0,False,False,"",""
"bc1pk0fn5g50tznadjfjh5vzw6z0d6kgh4y3pne9zs7kduvvxzyqphrsgfhjjn","bitcoin","BTC",6.31242752,0.0,"BTC",410307.7888,300,0,0,1,1,1.0,0.0,0.0,True,0.3639,0.12246459000167986,False,False,"",4.6,"",0,"[]","[]",0,False,False,"",""
"bc1pwmkeavte7nqqy7drk5edtlgmefd3zs2sx7cjfrl4zuehht4m694srrwa49","bitcoin","BTC",6.31242752,0.0,"BTC",410307.7888,300,0,0,1,1,1.0,0.0,0.0,True,0.3639,0.12246459000167986,False,False,"",4.6,"",0,"[]","[]",0,False,False,"",""
"bc1p0a8zdzmr4cnhewzn36tfnarffjw4n69t5968tp29q7mfsuxdrd0qecer5k","bitcoin","BTC",6.31242752,0.0,"BTC",410307.7888,300,0,0,1,1,1.0,0.0,0.0,True,0.3639,0.12246459000167986,False,False,"",4.6,"",0,"[]","[]",0,False,False,"",""
"bc1pmcxdsm3g2yah5tnqpzekemk5l3lat3w9nn2s2ppjzu76gml6swwsw8mzrh","bitcoin","BTC",6.31242752,0.0,"BTC",410307.7888,300,0,0,1,1,1.0,0.0,0.0,True,0.3639,0.12246459000167986,False,False,"",4.6,"",0,"[]","[]",0,False,False,"",""
"bc1pqepzs7n04gp76l863h4lltk6h546q900l5knleue6ye9evaxexkqqng2ea","bitcoin","BTC",6.31242752,0.0,"BTC",410307.7888,300,0,0,1,1,1.0,0.0,0.0,True,0.3639,0.12246459000167986,False,False,"",4.6,"",0,"[]","[]",0,False,False,"",""
"bc1phcz62yqhfzt4wxndl27gaulfgrw36egu0rg9vh7tn7ys224p3cwq7x0e8n","bitcoin","BTC",6.31242752,0.0,"BTC",410307.7888,300,0,0,1,1,1.0,0.0,0.0,True,0.3639,0.12246459000167986,False,False,"",4.6,"",0,"[]","[]",0,False,False,"",""
"bc1purljzfzxc2d5ennnrwtcn3v6vjzzvu7q8pj05eh8l000ysuvgr9q4m5nlt","bitcoin","BTC",6.31242752,0.0,"BTC",410307.7888,300,0,0,1,1,1.0,0.0,0.0,True,0.3639,0.12246459000167986,False,False,"",4.6,"",0,"[]","[]",0,False,False,"",""
"bc1qemnszm36z9fh9p6csqzzvr5dpu8444j0y4wjxu","bitcoin","BTC",23.4365481,0.0,"BTC",1523375.6265,245,0,0,1,1,1.0,0.0,0.0,True,0.21247500000000002,0.12260688547632531,False,False,"",4.6,"",0,"[]","[]",0,False,False,"",""
"bc1prsayw693vnw7n4xez4p43ag3e23pmcyrxnhm6mqpecpj4773yjmssj4lgd","bitcoin","BTC",12.0,0.0,"BTC",780000.0,240,0,0,1,1,1.0,0.0,0.0,True,0.190725,0.12233021028288604,False,False,"",4.6,"",0,"[]","[]",0,False,False,"",""
"bc1pp2r7dkwxmv7elcf86tqlgk4dmptwenevc3rlgs88n300zwu72yusxfqjwq","bitcoin","BTC",12.0,0.0,"BTC",780000.0,240,0,0,1,1,1.0,0.0,0.0,True,0.190725,0.12233021028288604,False,False,"",4.6,"",0,"[]","[]",0,False,False,"",""
"bc1p4ap2cn52pacmxzmzpae4dyg5qq4e6254eqw4wh5ne9tm5qk8482qez5dmc","bitcoin","BTC",11.3,0.0,"BTC",734500.0,226,0,0,1,1,1.0,0.0,0.0,True,0.16297499999999998,0.12208207334322924,False,False,"",4.6,"",0,"[]","[]",0,False,False,"",""
"bc1pujsztwzcts3y4gt4jg6f2epzav9k4shqay6aarnst0cr2g5vlwssmkuvpy","bitcoin","BTC",11.3,0.0,"BTC",734500.0,226,0,0,1,1,1.0,0.0,0.0,True,0.16297499999999998,0.12208207334322924,False,False,"",4.6,"",0,"[]","[]",0,False,False,"",""
"bc1pakt838tzqdmw3et3r9vh2z3emz73w0m9gp8q453035klfygz8f5q0nkta7","bitcoin","BTC",2.32771158,0.0,"BTC",151301.25269999998,219,0,0,1,1,1.0,0.0,0.0,True,0.14085,0.12229626773624169,False,False,"",4.6,"",0,"[]","[]",0,False,False,"",""
"bc1pxrhe0ne3hwp64sgtv0y6ex4dyyzdk5waacvnsh7z9qej0weaut7qdglzul","bitcoin","BTC",22.6492416,0.0,"BTC",1472200.704,270,0,0,1,1,1.0,0.0,0.0,True,0.292275,0.12335752486327312,False,False,"",4.5,"",0,"[]","[]",0,False,False,"",""
"bc1pm0m5k2ph60qgt8eky3da8l8j0l77mqfz0e80u0a3lp0aruxg5z9sxqpp4g","bitcoin","BTC",22.6492416,0.0,"BTC",1472200.704,270,0,0,1,1,1.0,0.0,0.0,True,0.292275,0.12335752486327312,False,False,"",4.5,"",0,"[]","[]",0,False,False,"",""
"bc1p4djr642u8v5hx65wd7jkdkfxnmt3wy3ygfhpzvkf6g8399540y4ss498kr","bitcoin","BTC",22.6492416,0.0,"BTC",1472200.704,270,0,0,1,1,1.0,0.0,0.0,True,0.292275,0.12335752486327312,False,False,"",4.5,"",0,"[]","[]",0,False,False,"",""
"bc1p8f56lkuny85tm8meqc3egljp30qh6dxzh9vczg7c75r5dpuzvcpsz0808k","bitcoin","BTC",22.6492416,0.0,"BTC",1472200.704,270,0,0,1,1,1.0,0.0,0.0,True,0.292275,0.12335752486327312,False,False,"",4.5,"",0,"[]","[]",0,False,False,"",""
"bc1pht462vjh8x6yul8rw2njc0pw7qq603usd899hdq9u956ftcqw84q35aqtv","bitcoin","BTC",0.522,0.0,"BTC",33930.0,261,0,0,1,1,1.0,0.0,0.0,True,0.26175000000000004,0.12361902183085699,False,False,"",4.5,"",0,"[]","[]",0,False,False,"",""
"bc1ps2hy3zaj2qx8z3f56u0wumuz6ru7at90dpx77v3lxlhp02ck2dsscmj2d4","bitcoin","BTC",0.522,0.0,"BTC",33930.0,261,0,0,1,1,1.0,0.0,0.0,True,0.26175000000000004,0.12319782423245534,False,False,"",4.5,"",0,"[]","[]",0,False,False,"",""
"bc1pc0aurcch9a4p3gj5akryvgf34lxe3pgthwz3g0nw8qwgtqvy0hssaddxd0","bitcoin","BTC",0.522,0.0,"BTC",33930.0,261,0,0,1,1,1.0,0.0,0.0,True,0.26175000000000004,0.12319782423245534,False,False,"",4.5,"",0,"[]","[]",0,False,False,"",""
"bc1pxmxg2fvk7c62fr2hds7atwyvuuuctta9cyvy4kewxel5eep6x7rsftdu7u","bitcoin","BTC",0.522,0.0,"BTC",33930.0,261,0,0,1,1,1.0,0.0,0.0,True,0.26175000000000004,0.12319782423245534,False,False,"",4.5,"",0,"[]","[]",0,False,False,"",""
"bc1p2cv89eqfjezxa3a93px75k58l0z05gy40y3yf582kz8klwkxkzcq0gr9mf","bitcoin","BTC",0.522,0.0,"BTC",33930.0,261,0,0,1,1,1.0,0.0,0.0,True,0.26175000000000004,0.12361902183085699,False,False,"",4.5,"",0,"[]","[]",0,False,False,"",""
"bc1p65wcy949ft6pzexeq6nsjrejhepsrfe624r6f9wtdun063qmu2gqd6tw0y","bitcoin","BTC",0.522,0.0,"BTC",33930.0,261,0,0,1,1,1.0,0.0,0.0,True,0.26175000000000004,0.12319782423245534,False,False,"",4.5,"",0,"[]","[]",0,False,False,"",""
"bc1pu0mp4c3zm7skpgsrxjzl4laqg7e384tdc2sx3eg42ury3xcj695qv0neq5","bitcoin","BTC",0.522,0.0,"BTC",33930.0,261,0,0,1,1,1.0,0.0,0.0,True,0.26175000000000004,0.12319782423245534,False,False,"",4.5,"",0,"[]","[]",0,False,False,"",""
"bc1pk5aq4qxwp9x5my97093avmf23w2xwyq3c0c7u0vzrlgx2awpxeksmq8cjq","bitcoin","BTC",0.522,0.0,"BTC",33930.0,261,0,0,1,1,1.0,0.0,0.0,True,0.26175000000000004,0.12361902183085699,False,False,"",4.5,"",0,"[]","[]",0,False,False,"",""
"bc1pdhlj5c9329c77379znyqyv2fa7smngl8aj4yctyljusj0c82z5gqf0ssax","bitcoin","BTC",0.522,0.0,"BTC",33930.0,261,0,0,1,1,1.0,0.0,0.0,True,0.26175000000000004,0.12319782423245534,False,False,"",4.5,"",0,"[]","[]",0,False,False,"",""
"bc1p5ytqkfkt20mffugsgn97vsc3jdeqpwzql4qnqkacxu9f0uguuu0qcpsnre","bitcoin","BTC",5.0331648,0.0,"BTC",327155.712,240,0,0,1,1,1.0,0.0,0.0,True,0.190725,0.12367139230140933,False,False,"",4.5,"",0,"[]","[]",0,False,False,"",""
"bc1pqh5wdy7pcrvays6wgekxkeanpc3ca2y0zczxpj5tg3tz8y52u7hqfez30k","bitcoin","BTC",5.0331648,0.0,"BTC",327155.712,240,0,0,1,1,1.0,0.0,0.0,True,0.190725,0.12367139230140933,False,False,"",4.5,"",0,"[]","[]",0,False,False,"",""
"bc1puqy6rzre80rju6dwnfe6tj45n03k4ywv2cnh5de8we8g57xq8xds4lzhjr","bitcoin","BTC",2.35959804,0.0,"BTC",153373.8726,222,0,0,1,1,1.0,0.0,0.0,True,0.14482499999999998,0.12304686478829696,False,False,"",4.5,"",0,"[]","[]",0,False,False,"",""
"bc1pq79rv5mah64rg6e0qrdc7ft4576g8cs8k7ssv0nehv2vzqveyxysztre3q","bitcoin","BTC",2.35959804,0.0,"BTC",153373.8726,222,0,0,1,1,1.0,0.0,0.0,True,0.14482499999999998,0.12304686478829696,False,False,"",4.5,"",0,"[]","[]",0,False,False,"",""
"bc1plug4fv6xzjznpf62cguaa69pc7cfsmyltc6hgaxvlmwv9f7nfcsq3gmvfh","bitcoin","BTC",2.35959804,0.0,"BTC",153373.8726,222,0,0,1,1,1.0,0.0,0.0,True,0.14482499999999998,0.12304686478829696,False,False,"",4.5,"",0,"[]","[]",0,False,False,"",""
"bc1pmzyx7q92zm7cd0cv94uj9zzfcue94enzah2efzl92zna5gzkdn5quxut07","bitcoin","BTC",2.35959804,0.0,"BTC",153373.8726,222,0,0,1,1,1.0,0.0,0.0,True,0.14482499999999998,0.12304686478829696,False,False,"",4.5,"",0,"[]","[]",0,False,False,"",""
"bc1q66l8h54p8p0fu38sacky6hk0euyxv4dpnat8s4","bitcoin","BTC",1.16385579,0.0,"BTC",75650.62634999999,219,0,0,1,1,1.0,0.0,0.0,True,0.14085,0.12306660718201029,False,False,"",4.5,"",0,"[]","[]",0,False,False,"",""
"bc1q4nk7gcepj5wydag7rh90yxz4ng9wl20r4kw0l0","bitcoin","BTC",1.16385579,0.0,"BTC",75650.62634999999,219,0,0,1,1,1.0,0.0,0.0,True,0.14085,0.12306660718201029,False,False,"",4.5,"",0,"[]","[]",0,False,False,"",""
"bc1p877dtrk6u3vtctajqef3umc7ruvfljx52fgd2fnkukjngtq7nuds3065pa","bitcoin","BTC",1.16385579,0.0,"BTC",75650.62634999999,219,0,0,1,1,1.0,0.0,0.0,True,0.14085,0.12306660718201029,False,False,"",4.5,"",0,"[]","[]",0,False,False,"",""
"bc1qufa3umee6wrz50fp9elum26enr4h99ehswtrp4","bitcoin","BTC",1.16385579,0.0,"BTC",75650.62634999999,219,0,0,1,1,1.0,0.0,0.0,True,0.14085,0.12306660718201029,False,False,"",4.5,"",0,"[]","[]",0,False,False,"",""
"bc1pmr0y732s77xfpkkgheqrhljpre2u6s05vx904x3azuqhsu7fuprq46gv64","bitcoin","BTC",1.16385579,0.0,"BTC",75650.62634999999,219,0,0,1,1,1.0,0.0,0.0,True,0.14085,0.12306660718201029,False,False,"",4.5,"",0,"[]","[]",0,False,False,"",""
"bc1ptrjfz2zf7kjneyxm0tams8vglld0vpcmleychqpdwg7pak4zzm5sm08r4h","bitcoin","BTC",1.16385579,0.0,"BTC",75650.62634999999,219,0,0,1,1,1.0,0.0,0.0,True,0.14085,0.12306660718201029,False,False,"",4.5,"",0,"[]","[]",0,False,False,"",""
"bc1p90vfm42e6g0fpehmlje7mtdmsa2rv7hykzw8dx2ckll4yk8hzfsss7n3l0","bitcoin","BTC",1.16385579,0.0,"BTC",75650.62634999999,219,0,0,1,1,1.0,0.0,0.0,True,0.14085,0.12306660718201029,False,False,"",4.5,"",0,"[]","[]",0,False,False,"",""
"bc1puzg5kqpmtre9pha0e99ftt3mtkxp75z03tcz0m43plk62l7hstvqxqhm6x","bitcoin","BTC",1.062882,0.0,"BTC",69087.33,300,0,0,1,1,1.0,0.0,0.0,True,0.3639,0.12410851630656972,False,False,"",4.4,"",0,"[]","[]",0,False,False,"",""
"bc1pkeuwcxqs42sthnmyxyuus2e9vfs276x5n5hdhzedwmgllmh2z4gs3fu6yq","bitcoin","BTC",1.062882,0.0,"BTC",69087.33,300,0,0,1,1,1.0,0.0,0.0,True,0.3639,0.12410851630656972,False,False,"",4.4,"",0,"[]","[]",0,False,False,"",""
"bc1pft00w64lwqs6klf0dal4tcgthnsclxfzrxyssj0v762dw9ahtggqv8xc6p","bitcoin","BTC",3.19927482,0.0,"BTC",207952.8633,300,0,0,1,1,1.0,0.0,0.0,True,0.3639,0.12446209405756187,False,False,"",4.4,"",0,"[]","[]",0,False,False,"",""
"bc1p57535q3n93re7lfcwrz5vpyhgwvspgtjq9d8hn6tx3ccflsf766qu628x5","bitcoin","BTC",3.19927482,0.0,"BTC",207952.8633,300,0,0,1,1,1.0,0.0,0.0,True,0.3639,0.12446209405756187,False,False,"",4.4,"",0,"[]","[]",0,False,False,"",""
"bc1pd3w90vfdwsmrnt8r39ehkrc5jm690nq7qzpmvx4s8ydtqkqefu4qugjlvh","bitcoin","BTC",1.062882,0.0,"BTC",69087.33,300,0,0,1,1,1.0,0.0,0.0,True,0.3639,0.12410851630656972,False,False,"",4.4,"",0,"[]","[]",0,False,False,"",""
"bc1p5ncdwkjr642dq669e2mjkjv3ftgkcmky4kjjxul2n9ahx0varp5qemvqhp","bitcoin","BTC",1.062882,0.0,"BTC",69087.33,300,0,0,1,1,1.0,0.0,0.0,True,0.3639,0.12410851630656972,False,False,"",4.4,"",0,"[]","[]",0,False,False,"",""
"bc1pjfsqqn5ruvv5vvr4unswnweq7e77dkr8jcmrza7em0merhndpzjslz0ljh","bitcoin","BTC",1.062882,0.0,"BTC",69087.33,300,0,0,1,1,1.0,0.0,0.0,True,0.3639,0.12410851630656972,False,False,"",4.4,"",0,"[]","[]",0,False,False,"",""
"bc1p75v54yavk6c9aqpc3wus9dy6wauz80hk49avm43zw645cj6fe8jsjmd8gj","bitcoin","BTC",1.062882,0.0,"BTC",69087.33,300,0,0,1,1,1.0,0.0,0.0,True,0.3639,0.12410851630656972,False,False,"",4.4,"",0,"[]","[]",0,False,False,"",""
"bc1p4tgca6tdheyldfux8ftkr0k78l4xu4r4e5esnrnrv0ajw4h6wzlswpxq8d","bitcoin","BTC",3.19927482,0.0,"BTC",207952.8633,300,0,0,1,1,1.0,0.0,0.0,True,0.3639,0.12446209405756187,False,False,"",4.4,"",0,"[]","[]",0,False,False,"",""
"bc1plu353mvzhynu4ch5spmtv8dffs67qq8vxcqt25pkx7ltmtsp626q2t47td","bitcoin","BTC",3.19927482,0.0,"BTC",207952.8633,300,0,0,1,1,1.0,0.0,0.0,True,0.3639,0.12446209405756187,False,False,"",4.4,"",0,"[]","[]",0,False,False,"",""
"bc1ptj3s76z6gn0rz23dvae3ujlx4fl02hu89reqmvsrv9f5ewlpd6xq4ycn2h","bitcoin","BTC",3.19927482,0.0,"BTC",207952.8633,300,0,0,1,1,1.0,0.0,0.0,True,0.3639,0.12446209405756187,False,False,"",4.4,"",0,"[]","[]",0,False,False,"",""
"bc1phf2lqe3e2znd3vz3yaenkxltgcntrnnxz3ev70679w0hwy8hm3cq5z5zzj","bitcoin","BTC",3.19927482,0.0,"BTC",207952.8633,300,0,0,1,1,1.0,0.0,0.0,True,0.3639,0.12446209405756187,False,False,"",4.4,"",0,"[]","[]",0,False,False,"",""
"bc1py7lyack8f024lcz2r64pen7mxr29vecl3w52y46vlqv62mlhjvdqm8kmjr","bitcoin","BTC",3.19927482,0.0,"BTC",207952.8633,300,0,0,1,1,1.0,0.0,0.0,True,0.3639,0.12446209405756187,False,False,"",4.4,"",0,"[]","[]",0,False,False,"",""
"bc1pvz42hjh2lsa8zhlk57flmq5psyrx2uxz8c66dfh5pzw66k8fh8hs7rq32c","bitcoin","BTC",3.19927482,0.0,"BTC",207952.8633,300,0,0,1,1,1.0,0.0,0.0,True,0.3639,0.12446209405756187,False,False,"",4.4,"",0,"[]","[]",0,False,False,"",""
"bc1p8ag26ljpz4gz5357hnsys49prurqrkkq9hecf0uzlzkhkgxy2zgsqe2p57","bitcoin","BTC",6.06076928,0.0,"BTC",393950.0032,289,0,0,1,1,1.0,0.0,0.0,True,0.35040000000000004,0.12444146126266237,False,False,"",4.4,"",0,"[]","[]",0,False,False,"",""
"bc1p7vfs8pe24x9a3z24hc2qvddmzqywvch9ml8njv9d0t0mkrz59s7snu8njj","bitcoin","BTC",6.06076928,0.0,"BTC",393950.0032,289,0,0,1,1,1.0,0.0,0.0,True,0.35040000000000004,0.12444146126266237,False,False,"",4.4,"",0,"[]","[]",0,False,False,"",""
"bc1ptr4lsah6rsk9383tn66yqacxm8rkhk9ml2lrqv7xzqk03d2psths5qru7e","bitcoin","BTC",6.06076928,0.0,"BTC",393950.0032,289,0,0,1,1,1.0,0.0,0.0,True,0.35040000000000004,0.12444146126266237,False,False,"",4.4,"",0,"[]","[]",0,False,False,"",""
"bc1pq8l8k3ljj2r7evk0xe4pzsyz4gyjxhnejv6ymeen69vsz7tskm7s0d044h","bitcoin","BTC",6.06076928,0.0,"BTC",393950.0032,289,0,0,1,1,1.0,0.0,0.0,True,0.35040000000000004,0.12444146126266237,False,False,"",4.4,"",0,"[]","[]",0,False,False,"",""
"bc1p5q85lafpysnl0qjc7ehhxt488am8rytmkyr2uyqlffksuq5qh9uszc225u","bitcoin","BTC",6.06076928,0.0,"BTC",393950.0032,289,0,0,1,1,1.0,0.0,0.0,True,0.35040000000000004,0.12444146126266237,False,False,"",4.4,"",0,"[]","[]",0,False,False,"",""
"bc1ppfruuah8nttgw58etx7vsgrm762t87mj7rz4hwutpy9serxv2hysunpsgs","bitcoin","BTC",6.06076928,0.0,"BTC",393950.0032,289,0,0,1,1,1.0,0.0,0.0,True,0.35040000000000004,0.12444146126266237,False,False,"",4.4,"",0,"[]","[]",0,False,False,"",""
"bc1p968xqyyr274ncpc6kasxkpaknyzsut2k8cz6pge0ucfvsyctvwnq9ueg09","bitcoin","BTC",6.06076928,0.0,"BTC",393950.0032,289,0,0,1,1,1.0,0.0,0.0,True,0.35040000000000004,0.12444146126266237,False,False,"",4.4,"",0,"[]","[]",0,False,False,"",""
"bc1p8efcenyqucwdgy3y5r0d2zcykzkpuj7754aarrle8wx9fx2g2xwq39w8d9","bitcoin","BTC",6.06076928,0.0,"BTC",393950.0032,289,0,0,1,1,1.0,0.0,0.0,True,0.35040000000000004,0.12444146126266237,False,False,"",4.4,"",0,"[]","[]",0,False,False,"",""
"bc1pm9ya6wv6396ytyp9luk9qmypqxlwm82mxya0zxlqn3f0ua2lmeks8kw7nc","bitcoin","BTC",0.524,0.0,"BTC",34060.0,261,0,0,1,1,1.0,0.0,0.0,True,0.26175000000000004,0.12419620994290137,False,False,"",4.4,"",0,"[]","[]",0,False,False,"",""
"bc1p57qvjq30g6v709mc7nhsny62q3k492hnt4vjjdrmtcygtkuzfz2q0dfxqn","bitcoin","BTC",0.60030976,0.0,"BTC",39020.1344,229,0,0,1,1,1.0,0.0,0.0,True,0.17407499999999998,0.12372651056617001,False,False,"",4.4,"",0,"[]","[]",0,False,False,"",""
"bc1p2qhhcvuzm607gkl7g3j2vw0skgg2tt57xsk52hgrcll8w9lrqekqhlssje","bitcoin","BTC",0.60030976,0.0,"BTC",39020.1344,229,0,0,1,1,1.0,0.0,0.0,True,0.17407499999999998,0.12372651056617001,False,False,"",4.4,"",0,"[]","[]",0,False,False,"",""
"bc1pymf8kcdz0elh07qjmmaa4cf94n3sfae88wt4l9hvp8s6rjq2vw9s7x2p02","bitcoin","BTC",0.60030976,0.0,"BTC",39020.1344,229,0,0,1,1,1.0,0.0,0.0,True,0.17407499999999998,0.12372651056617001,False,False,"",4.4,"",0,"[]","[]",0,False,False,"",""
"bc1pux2tlpreya4346cfrz97sy5cdfnyl0gavj6pd9wr34rkjw59kd4q3y5eev","bitcoin","BTC",0.60030976,0.0,"BTC",39020.1344,229,0,0,1,1,1.0,0.0,0.0,True,0.17407499999999998,0.12372651056617001,False,False,"",4.4,"",0,"[]","[]",0,False,False,"",""
"bc1p0swfys688amjmu8pvdkgehagaq4z672w3ffkf70hhyljtmqy0mlsq80ajf","bitcoin","BTC",0.60030976,0.0,"BTC",39020.1344,229,0,0,1,1,1.0,0.0,0.0,True,0.17407499999999998,0.12372651056617001,False,False,"",4.4,"",0,"[]","[]",0,False,False,"",""
"bc1pzysptsd5pwwe2zsafyaygyt5m4tmr4r6f6gwvsdpgd2j6v3ddycsc8fe57","bitcoin","BTC",0.60030976,0.0,"BTC",39020.1344,229,0,0,1,1,1.0,0.0,0.0,True,0.17407499999999998,0.12372651056617001,False,False,"",4.4,"",0,"[]","[]",0,False,False,"",""
"bc1pjxjktv6fukxv9fzvfl0wtky4z448xv79ck26lk8ex2kc6y8ejmnssdtw4n","bitcoin","BTC",0.60030976,0.0,"BTC",39020.1344,229,0,0,1,1,1.0,0.0,0.0,True,0.17407499999999998,0.12372651056617001,False,False,"",4.4,"",0,"[]","[]",0,False,False,"",""
"bc1pxl4wsnyr94l723t3yw9w9a96r0kc7m2yl2k6s3986nttqn6ln66s46qvm7","bitcoin","BTC",10.66602087,0.0,"BTC",693291.35655,223,0,0,1,1,1.0,0.0,0.0,True,0.1482,0.12415053466476028,False,False,"",4.4,"",0,"[]","[]",0,False,False,"",""
"bc1pqy34n5wqj002s8uy4p0rwaywv66zy9r5u085p9zrytvtg9w6d9nsy6hwnl","bitcoin","BTC",4.59276288,0.0,"BTC",298529.5872,219,0,0,1,1,1.0,0.0,0.0,True,0.14085,0.12419289975635073,False,False,"",4.4,"",0,"[]","[]",0,False,False,"",""
"bc1pwvfngwtre6jjj4gc8teuaqlxdn9psmych3z0pgl7dcduvg350u7qvcemh5","bitcoin","BTC",4.59276288,0.0,"BTC",298529.5872,219,0,0,1,1,1.0,0.0,0.0,True,0.14085,0.12419289975635073,False,False,"",4.4,"",0,"[]","[]",0,False,False,"",""
"bc1pqx9wuh2scqkydec2xu50zkqxwcqt52te9l6wvmket7nhjgl4vkjsmlgdwr","bitcoin","BTC",4.59276288,0.0,"BTC",298529.5872,219,0,0,1,1,1.0,0.0,0.0,True,0.14085,0.12419289975635073,False,False,"",4.4,"",0,"[]","[]",0,False,False,"",""
"bc1p5f09u76fcd0htn57346d6ppvuzexxehemp2r6cn9ac54zjq42sjq4keqx0","bitcoin","BTC",4.59276288,0.0,"BTC",298529.5872,219,0,0,1,1,1.0,0.0,0.0,True,0.14085,0.12419289975635073,False,False,"",4.4,"",0,"[]","[]",0,False,False,"",""
"bc1q0rt3kdmzq8l4vljlzu56wts3skwpwg7zw3nmca","bitcoin","BTC",4.60759347,0.0,"BTC",299493.57555,289,0,0,1,1,1.0,0.0,0.0,True,0.35040000000000004,0.12481041734437914,False,False,"",4.3,"",0,"[]","[]",0,False,False,"",""
"bc1p3k55hctz7045d6pe923srks4nrxlevlflk98k7z8sljd9zxpv4qqflc6sl","bitcoin","BTC",0.522,0.0,"BTC",33930.0,261,0,0,1,1,1.0,0.0,0.0,True,0.26175000000000004,0.12495417728172098,False,False,"",4.3,"",0,"[]","[]",0,False,False,"",""
"bc1pe3943lwjh426gunfuupvxpmwdulj64mq2vaku67psceyf0a4f27qrfwq6f","bitcoin","BTC",0.522,0.0,"BTC",33930.0,261,0,0,1,1,1.0,0.0,0.0,True,0.26175000000000004,0.12495417728172098,False,False,"",4.3,"",0,"[]","[]",0,False,False,"",""
"bc1ptm060gaxd36k793ctyn9qudgl59p84syu8heut59jrrfm9g4grusg0el78","bitcoin","BTC",0.522,0.0,"BTC",33930.0,261,0,0,1,1,1.0,0.0,0.0,True,0.26175000000000004,0.12495417728172098,False,False,"",4.3,"",0,"[]","[]",0,False,False,"",""
"bc1pk0aqfcky3cwylfjhy944vvhrzhuj0a3xrul2npkn9hajrc45sheslld9tk","bitcoin","BTC",2.5509168,0.0,"BTC",165809.592,240,0,0,1,1,1.0,0.0,0.0,True,0.190725,0.12483229126285073,False,False,"",4.3,"",0,"[]","[]",0,False,False,"",""
"bc1paq5gdps46pdslk270s7dua3gyjd4kqfrfk07f3mtc688uyj4p8ys482v23","bitcoin","BTC",0.6029312,0.0,"BTC",39190.528,230,0,0,1,1,1.0,0.0,0.0,True,0.18015,0.12471488165905109,False,False,"",4.3,"",0,"[]","[]",0,False,False,"",""
"bc1pqx0kld2jt5epku58nzgskk906cnj87snpcm2862h4a5z4ms8ppqqlvv7dk","bitcoin","BTC",0.6029312,0.0,"BTC",39190.528,230,0,0,1,1,1.0,0.0,0.0,True,0.18015,0.12471488165905109,False,False,"",4.3,"",0,"[]","[]",0,False,False,"",""
"bc1pl70dpnn0t3del7qxmyy5y5lz8u5m8teeupz94fz0tud3nkjsyakqc0wfxa","bitcoin","BTC",0.6029312,0.0,"BTC",39190.528,230,0,0,1,1,1.0,0.0,0.0,True,0.18015,0.12471488165905109,False,False,"",4.3,"",0,"[]","[]",0,False,False,"",""
"bc1prc2th98lgluvd8peyc5x6fx05cmgl0d7j30n04gxlq72hp5rsjysy93mrk","bitcoin","BTC",0.6029312,0.0,"BTC",39190.528,230,0,0,1,1,1.0,0.0,0.0,True,0.18015,0.12471488165905109,False,False,"",4.3,"",0,"[]","[]",0,False,False,"",""
"bc1py8058d3xcrjltvwx4zfm7pfv5rhh39rgg9csl0c6egf2gkqwhwnqtwa0vt","bitcoin","BTC",0.6029312,0.0,"BTC",39190.528,230,0,0,1,1,1.0,0.0,0.0,True,0.18015,0.12471488165905109,False,False,"",4.3,"",0,"[]","[]",0,False,False,"",""
"bc1pvh8mfghry6e8x00f9s7v9awee59jete0vy67m0d7q79qk3nq2kvq48y82y","bitcoin","BTC",0.6029312,0.0,"BTC",39190.528,230,0,0,1,1,1.0,0.0,0.0,True,0.18015,0.12471488165905109,False,False,"",4.3,"",0,"[]","[]",0,False,False,"",""
"bc1pudnqdmqt0h8tcxgm0mlmft0sneyvym0pen0z4mt8sv60seujczasf0ltzm","bitcoin","BTC",4.65567744,0.0,"BTC",302619.03359999997,222,0,0,1,1,1.0,0.0,0.0,True,0.14482499999999998,0.12484386295241834,False,False,"",4.3,"",0,"[]","[]",0,False,False,"",""
"bc1pgstfe6tvjllcyz2gcvaksw9cwypajhlw787p4za6kkml4tdv9n0qkhu9nx","bitcoin","BTC",4.65567744,0.0,"BTC",302619.03359999997,222,0,0,1,1,1.0,0.0,0.0,True,0.14482499999999998,0.12484386295241834,False,False,"",4.3,"",0,"[]","[]",0,False,False,"",""
"bc1pc7kvuvxer3jc9dzma3x964vjc5v4wg0wql8c6qpjgmh0nq9lpplstnr9vz","bitcoin","BTC",4.65567744,0.0,"BTC",302619.03359999997,222,0,0,1,1,1.0,0.0,0.0,True,0.14482499999999998,0.12484386295241834,False,False,"",4.3,"",0,"[]","[]",0,False,False,"",""
"bc1pfjlldxvs30hphacnqm8gm2p3nu7g7s9mulk7y8mk7mjekwyhacrsw9q2ja","bitcoin","BTC",4.65567744,0.0,"BTC",302619.03359999997,222,0,0,1,1,1.0,0.0,0.0,True,0.14482499999999998,0.12484386295241834,False,False,"",4.3,"",0,"[]","[]",0,False,False,"",""
"bc1p0rx244j2kr4mumx6465x34cp25ma89r6a9e5wn90s0j7rdr5fspsxp07ja","bitcoin","BTC",4.65567744,0.0,"BTC",302619.03359999997,222,0,0,1,1,1.0,0.0,0.0,True,0.14482499999999998,0.12484386295241834,False,False,"",4.3,"",0,"[]","[]",0,False,False,"",""
"bc1pxyqgfnf9elltj7etyeg6lx9ksvsqae7mg8x0df5rgrqlam90s0hqz80tl5","bitcoin","BTC",9.02386818,0.0,"BTC",586551.4317,283,0,0,1,1,1.0,0.0,0.0,True,0.34365,0.12595957535896257,False,False,"",4.2,"",0,"[]","[]",0,False,False,"",""
"bc1pdj26ru0uajvekwvtmws2njzn66g9dsk7h2vm7r5u5dhclukktjqsc77nhy","bitcoin","BTC",9.02386818,0.0,"BTC",586551.4317,283,0,0,1,1,1.0,0.0,0.0,True,0.34365,0.12595957535896257,False,False,"",4.2,"",0,"[]","[]",0,False,False,"",""
"bc1p45q7fvmxn4h8sxm9gfvseu0w8ut2s330t4kz5y6sdzdzuzwl024sxtwxhd","bitcoin","BTC",5.36870912,0.0,"BTC",348966.0928,256,0,0,1,1,1.0,0.0,0.0,True,0.2397,0.12583790428588093,False,False,"",4.2,"",0,"[]","[]",0,False,False,"",""
"bc1pdac3v9gwk6jx57r4388vchhqyz65x5wcc0m2xhetdgvggdu4wneq64wcwh","bitcoin","BTC",0.6291456,0.0,"BTC",40894.464,240,0,0,1,1,1.0,0.0,0.0,True,0.190725,0.1255516677055406,False,False,"",4.2,"",0,"[]","[]",0,False,False,"",""
"bc1pxkgn242ej9fmw7pfln3l7rnsc8w9erkl0g6e0d6ez76dmz3yy5vqets6nh","bitcoin","BTC",0.6291456,0.0,"BTC",40894.464,240,0,0,1,1,1.0,0.0,0.0,True,0.190725,0.1255516677055406,False,False,"",4.2,"",0,"[]","[]",0,False,False,"",""
"bc1px8gsk8p39rexdt5knzl3hat5yq03spr890v77zzcm9xez4f9vx9qj7r20t","bitcoin","BTC",0.6291456,0.0,"BTC",40894.464,240,0,0,1,1,1.0,0.0,0.0,True,0.190725,0.1255516677055406,False,False,"",4.2,"",0,"[]","[]",0,False,False,"",""
"bc1p2hrgvswugtpt7uwjntdchy6tv8aqng56d8xk68hsevpc0czy3muqvcjgnz","bitcoin","BTC",0.6291456,0.0,"BTC",40894.464,240,0,0,1,1,1.0,0.0,0.0,True,0.190725,0.1255516677055406,False,False,"",4.2,"",0,"[]","[]",0,False,False,"",""
"bc1pwp4ap9eldugtlzs93n8wdvf78uemsu9l5q3c2rh374a6esxtmuuq5v5p45","bitcoin","BTC",0.6291456,0.0,"BTC",40894.464,240,0,0,1,1,1.0,0.0,0.0,True,0.190725,0.1255516677055406,False,False,"",4.2,"",0,"[]","[]",0,False,False,"",""
"bc1py2agk4c49n2c0gea36ch2gnagrzggd4h4wy7qq4xxc5w3k856zfs8teezm","bitcoin","BTC",0.6291456,0.0,"BTC",40894.464,240,0,0,1,1,1.0,0.0,0.0,True,0.190725,0.1255516677055406,False,False,"",4.2,"",0,"[]","[]",0,False,False,"",""
"bc1pf34qdculyap2gslkkxpdcmm0nu6wzq38g9c8xwdmgnkugcc4kl8q93d6wg","bitcoin","BTC",4.8234496,0.0,"BTC",313524.224,228,0,0,1,1,1.0,0.0,0.0,True,0.16935,0.1255131557624533,False,False,"",4.2,"",0,"[]","[]",0,False,False,"",""
"bc1psvas974fe3snq436ttpvc9fvgqgpl8fq6jd7tcq4e4uq07msnxjqlf4z0n","bitcoin","BTC",1.16391936,0.0,"BTC",75654.75839999999,222,0,0,1,1,1.0,0.0,0.0,True,0.14482499999999998,0.12537036385402517,False,False,"",4.2,"",0,"[]","[]",0,False,False,"",""
"bc1p2e55js05x95hztlykprplrlygv4unafn7g8rh3mgvjsj5c5q6e3supsyc7","bitcoin","BTC",1.16391936,0.0,"BTC",75654.75839999999,222,0,0,1,1,1.0,0.0,0.0,True,0.14482499999999998,0.12537036385402517,False,False,"",4.2,"",0,"[]","[]",0,False,False,"",""
"bc1pu93gaxxsnvm8pmlf236klfp9frwpdly39mnzhdvz9vn8uraqjm0qggq80y","bitcoin","BTC",1.16391936,0.0,"BTC",75654.75839999999,222,0,0,1,1,1.0,0.0,0.0,True,0.14482499999999998,0.12537036385402517,False,False,"",4.2,"",0,"[]","[]",0,False,False,"",""
"bc1q4rgm6erk3rfxwjl0c5ycak3ur58v7xfq5cjksz","bitcoin","BTC",1.17979902,0.0,"BTC",76686.9363,222,0,0,1,1,1.0,0.0,0.0,True,0.14482499999999998,0.12559069987680843,False,False,"",4.2,"",0,"[]","[]",0,False,False,"",""
"bc1p033umqm62sz28d9awfj6240nnptl92qwz2uwq0r7tkhr63vn86ns2r7s5s","bitcoin","BTC",0.78653268,0.0,"BTC",51124.6242,222,0,0,1,1,1.0,0.0,0.0,True,0.14482499999999998,0.12570205395448314,False,False,"",4.2,"",0,"[]","[]",0,False,False,"",""
"bc1pkz6fv5ju7adkqpv0k8tkzuwj648y9jydmsz3nfnamxjjjykz9v9s05rl9n","bitcoin","BTC",1.16391936,0.0,"BTC",75654.75839999999,222,0,0,1,1,1.0,0.0,0.0,True,0.14482499999999998,0.12537036385402517,False,False,"",4.2,"",0,"[]","[]",0,False,False,"",""
"bc1pnwcdldjh7lqhsjmcuwh7qrg08p4ypx7mcfr5zdaup67zplqpkj3s2azj23","bitcoin","BTC",0.75759616,0.0,"BTC",49243.7504,289,0,0,1,1,1.0,0.0,0.0,True,0.35040000000000004,0.12644596182383167,False,False,"",4.1,"",0,"[]","[]",0,False,False,"",""
"bc1p9l9em4jkhy95hh2pjjytst38mq2vkgzkj6ej56n7ye9gvqd4yxqqh78zsu","bitcoin","BTC",0.75759616,0.0,"BTC",49243.7504,289,0,0,1,1,1.0,0.0,0.0,True,0.35040000000000004,0.12644596182383167,False,False,"",4.1,"",0,"[]","[]",0,False,False,"",""
"bc1pmg80ewdczhzyt40f7rf5adv3vel8x5leewcztndmlwnlfu0y5u2qf99u6h","bitcoin","BTC",14.05,0.0,"BTC",913250.0,281,0,0,1,1,1.0,0.0,0.0,True,0.33757499999999996,0.12634178598437862,False,False,"",4.1,"",0,"[]","[]",0,False,False,"",""
"bc1pqet8k873rdvrdnv325lpup585hv2wk44x6zp77nfmp50t76a6ftsmsfq6g","bitcoin","BTC",14.05,0.0,"BTC",913250.0,281,0,0,1,1,1.0,0.0,0.0,True,0.33757499999999996,0.12634178598437862,False,False,"",4.1,"",0,"[]","[]",0,False,False,"",""
"bc1pgppp0yll7x8slrd4re6e3lm2xsprrc8q8njzgtfnez7e83xzm9esezagpn","bitcoin","BTC",14.05,0.0,"BTC",913250.0,281,0,0,1,1,1.0,0.0,0.0,True,0.33757499999999996,0.12634178598437862,False,False,"",4.1,"",0,"[]","[]",0,False,False,"",""
"bc1p7msyntqw4gkq3nz2neraj9keurfv7fvmlfvu8y07dpecmu94jf4qclxcld","bitcoin","BTC",0.552,0.0,"BTC",35880.0,276,0,0,1,1,1.0,0.0,0.0,True,0.31845,0.12665551783096574,False,False,"",4.1,"",0,"[]","[]",0,False,False,"",""
"bc1p7hnsgjxcwu35k3a96xcc8retqlm5cszxzprvluuh8c8aw78mujgqj5tsuz","bitcoin","BTC",0.552,0.0,"BTC",35880.0,276,0,0,1,1,1.0,0.0,0.0,True,0.31845,0.12665551783096574,False,False,"",4.1,"",0,"[]","[]",0,False,False,"",""
"bc1pce0tmwkls6lxyyupk345vw76gvd9v8wg7nc0tj3305mk8fmgk0gqlj0s5v","bitcoin","BTC",0.552,0.0,"BTC",35880.0,276,0,0,1,1,1.0,0.0,0.0,True,0.31845,0.12665551783096574,False,False,"",4.1,"",0,"[]","[]",0,False,False,"",""
"bc1ppa8m0ylgajlz9npa30x2tj63mg5da84e7ckaejvltz7ve2f4zaqqhphw8h","bitcoin","BTC",0.552,0.0,"BTC",35880.0,276,0,0,1,1,1.0,0.0,0.0,True,0.31845,0.12665551783096574,False,False,"",4.1,"",0,"[]","[]",0,False,False,"",""
"bc1pyrypauc8q0a554kens6tk3nme5pnccxx04m3xe3ssdc9wvcqzfwqsk43kp","bitcoin","BTC",8.4499119,0.0,"BTC",549244.2735,265,0,0,1,1,1.0,0.0,0.0,True,0.28049999999999997,0.12642368978620794,False,False,"",4.1,"",0,"[]","[]",0,False,False,"",""
"bc1pcn8m4lzf465q92c2cvcm4s9qs7skzrhrqvgmzgj9e55rxsctf04shqt5su","bitcoin","BTC",0.528,0.0,"BTC",34320.0,264,0,0,1,1,1.0,0.0,0.0,True,0.27585,0.12621579486444473,False,False,"",4.1,"",0,"[]","[]",0,False,False,"",""
"bc1pv5q9khuyhr2ns06u3nu6p3se7xk2ys90n7d6ujsmsvlyjzsh3tvskz3rqa","bitcoin","BTC",0.528,0.0,"BTC",34320.0,264,0,0,1,1,1.0,0.0,0.0,True,0.27585,0.12621579486444473,False,False,"",4.1,"",0,"[]","[]",0,False,False,"",""
"bc1pr23kakpd6zl9mlzf7fj93z0wnqfff7rl4ue4jx32fk0eqhkqkx3se3a88d","bitcoin","BTC",0.528,0.0,"BTC",34320.0,264,0,0,1,1,1.0,0.0,0.0,True,0.27585,0.12621579486444473,False,False,"",4.1,"",0,"[]","[]",0,False,False,"",""
"bc1pfrlak4dwxve3jlu3wmuq0xjhcaqtzcku27t67lrds4nt5ysrex5sj39eqh","bitcoin","BTC",0.528,0.0,"BTC",34320.0,264,0,0,1,1,1.0,0.0,0.0,True,0.27585,0.12621579486444473,False,False,"",4.1,"",0,"[]","[]",0,False,False,"",""
"bc1pydfpfe75ezntehsdr0z4vtfrh4dt0tsmv7d29873pg5e4wxvkvjsrrewma","bitcoin","BTC",0.528,0.0,"BTC",34320.0,264,0,0,1,1,1.0,0.0,0.0,True,0.27585,0.12621579486444473,False,False,"",4.1,"",0,"[]","[]",0,False,False,"",""
"bc1pxuyv97xp8k6dfxvlw408ecdtzs3fl86f33henqletkmel835wagqhm3z63","bitcoin","BTC",0.528,0.0,"BTC",34320.0,264,0,0,1,1,1.0,0.0,0.0,True,0.27585,0.12621579486444473,False,False,"",4.1,"",0,"[]","[]",0,False,False,"",""
"bc1plzelryr9364ywuqrqjy8uyu8wassyp7yjyan8u5pesxzl2dqxhtqk28tsf","bitcoin","BTC",5.24288,0.0,"BTC",340787.2,250,0,0,1,1,1.0,0.0,0.0,True,0.233175,0.12691852107137108,False,False,"",4.1,"",0,"[]","[]",0,False,False,"",""
"bc1p87a3p5f0h0qrqmwv058pwesa2g3g89tpkut9ug5kkux8czrweeus2398qu","bitcoin","BTC",11.55,0.0,"BTC",750750.0,231,0,0,1,1,1.0,0.0,0.0,True,0.1851,0.12735453107370004,False,False,"",4.0,"",0,"[]","[]",0,False,False,"",""
"bc1pq8pz0jf29qfqqmg87g08wqwjhj70h4kn7ww0zpc6a9w9vj8zpy9q5u4jz6","bitcoin","BTC",11.55,0.0,"BTC",750750.0,231,0,0,1,1,1.0,0.0,0.0,True,0.1851,0.12735453107370004,False,False,"",4.0,"",0,"[]","[]",0,False,False,"",""
"bc1pe93r244xeumfvy5xh5zkwcz9xv9q5zrhmtrgmzmt677mterjc03qaf7xph","bitcoin","BTC",11.55,0.0,"BTC",750750.0,231,0,0,1,1,1.0,0.0,0.0,True,0.1851,0.12735453107370004,False,False,"",4.0,"",0,"[]","[]",0,False,False,"",""
"bc1p22yq3n54ln3tzel8wyut62s9gl8uxcfmr3ht760rncek3qhuwntqrxn4mf","bitcoin","BTC",11.55,0.0,"BTC",750750.0,231,0,0,1,1,1.0,0.0,0.0,True,0.1851,0.12735453107370004,False,False,"",4.0,"",0,"[]","[]",0,False,False,"",""
"bc1p35fvtt5s532xlgz70dr22fnr3yvgp7smcvenhea253mgukmeu2esrgfmse","bitcoin","BTC",11.55,0.0,"BTC",750750.0,231,0,0,1,1,1.0,0.0,0.0,True,0.1851,0.12735453107370004,False,False,"",4.0,"",0,"[]","[]",0,False,False,"",""
"bc1psnmdgl6vqtzegylqf6qtszuj6ru35wtclv9ysss3mde5c4dmm44qje9gp4","bitcoin","BTC",11.55,0.0,"BTC",750750.0,231,0,0,1,1,1.0,0.0,0.0,True,0.1851,0.12735453107370004,False,False,"",4.0,"",0,"[]","[]",0,False,False,"",""
"bc1puzt5ps867rqmkvvcdkkgq2zxmjm74zs6x00knv3fw8y7sxd79l5szy3gq4","bitcoin","BTC",11.55,0.0,"BTC",750750.0,231,0,0,1,1,1.0,0.0,0.0,True,0.1851,0.12735453107370004,False,False,"",4.0,"",0,"[]","[]",0,False,False,"",""
"bc1pkxtqucc0nvc7t8h5jzv0qf3w235yu9454gstfsawnacu9s75jxsqnsycrw","bitcoin","BTC",11.55,0.0,"BTC",750750.0,231,0,0,1,1,1.0,0.0,0.0,True,0.1851,0.12735453107370004,False,False,"",4.0,"",0,"[]","[]",0,False,False,"",""
"bc1pynpqugtg3a3qhu9avtng759hjxxhne3399quk75pygsm8xat6eqs5ejjuc","bitcoin","BTC",0.8148762,0.0,"BTC",52966.953,228,0,0,1,1,1.0,0.0,0.0,True,0.16935,0.12766678291821165,False,False,"",4.0,"",0,"[]","[]",0,False,False,"",""
"bc1pxje0m3t8wxzft4gh5ehd0vqsfzchmyw7h57nle84z6dja95p7jxqjzc07a","bitcoin","BTC",0.8148762,0.0,"BTC",52966.953,228,0,0,1,1,1.0,0.0,0.0,True,0.16935,0.12766678291821165,False,False,"",4.0,"",0,"[]","[]",0,False,False,"",""
"bc1pd6nhhekawjw8dzn6e7cjkzjda6yjsm9tkxj63vzq8epugda202nqehtvj7","bitcoin","BTC",0.8148762,0.0,"BTC",52966.953,228,0,0,1,1,1.0,0.0,0.0,True,0.16935,0.12766678291821165,False,False,"",4.0,"",0,"[]","[]",0,False,False,"",""
"bc1pzny3sj0px7xhvap4l5968pkhkjkxelv24hskkpzyvjzae089dufqhuduku","bitcoin","BTC",0.8148762,0.0,"BTC",52966.953,228,0,0,1,1,1.0,0.0,0.0,True,0.16935,0.12766678291821165,False,False,"",4.0,"",0,"[]","[]",0,False,False,"",""
"bc1phlxslrwzj7ytcrqac84z79czc20qc280v9jxp2qdy39p426mhaaszfnyc3","bitcoin","BTC",0.80424738,0.0,"BTC",52276.079699999995,227,0,0,1,1,1.0,0.0,0.0,True,0.16605,0.12710804530242292,False,False,"",4.0,"",0,"[]","[]",0,False,False,"",""
"bc1p2e8nvnlvhzuyxsq26qdfl67d00wvnymrwzzy47534htp7g4u233qtk30rt","bitcoin","BTC",1.02390966,0.0,"BTC",66554.12789999999,289,0,0,1,1,1.0,0.0,0.0,True,0.35040000000000004,0.1282288243614373,False,False,"",3.9,"",0,"[]","[]",0,False,False,"",""
"bc1pct07e6gkt97ceqawzy2l52qc8ut0zz2ntakxrszkcsjhvunlf35qgz2f6y","bitcoin","BTC",1.02390966,0.0,"BTC",66554.12789999999,289,0,0,1,1,1.0,0.0,0.0,True,0.35040000000000004,0.1282288243614373,False,False,"",3.9,"",0,"[]","[]",0,False,False,"",""
"bc1pxeh8zy9xx07tvztjwxewz5us8ue4jlsdlgqj940eh34j347csmcsj58awp","bitcoin","BTC",1.02390966,0.0,"BTC",66554.12789999999,289,0,0,1,1,1.0,0.0,0.0,True,0.35040000000000004,0.1282288243614373,False,False,"",3.9,"",0,"[]","[]",0,False,False,"",""
"bc1p26g0vmut984cp23eqrxh5vqs3y27vpt5mghkeyrqparuuxzt8x4syxsu7r","bitcoin","BTC",1.02390966,0.0,"BTC",66554.12789999999,289,0,0,1,1,1.0,0.0,0.0,True,0.35040000000000004,0.1282288243614373,False,False,"",3.9,"",0,"[]","[]",0,False,False,"",""
"bc1p3965t4460usp5zncl689tfj03ytlev7le9vhp5y3zhx8pm0mt5fsjyeux7","bitcoin","BTC",1.02390966,0.0,"BTC",66554.12789999999,289,0,0,1,1,1.0,0.0,0.0,True,0.35040000000000004,0.1282288243614373,False,False,"",3.9,"",0,"[]","[]",0,False,False,"",""
"bc1prhwcf9cncgurmepa5tad3jvess6u504u6ck6ttyy0fmpz6rqscws3j8k62","bitcoin","BTC",14.0,0.0,"BTC",910000.0,280,0,0,1,1,1.0,0.0,0.0,True,0.33089999999999997,0.1280431745981515,False,False,"",3.9,"",0,"[]","[]",0,False,False,"",""
"bc1p0jhaldpm70gcl7f38ffdluwjvhnn92jmsaq07d93g00jzw3qtxwsyfj6ww","bitcoin","BTC",14.0,0.0,"BTC",910000.0,280,0,0,1,1,1.0,0.0,0.0,True,0.33089999999999997,0.1280431745981515,False,False,"",3.9,"",0,"[]","[]",0,False,False,"",""
"bc1ps38zppuag3zjnt7atyafqsd7vrke839t8hld5e3nmfxyg2fuaxeq6pmgcs","bitcoin","BTC",14.0,0.0,"BTC",910000.0,280,0,0,1,1,1.0,0.0,0.0,True,0.33089999999999997,0.1280431745981515,False,False,"",3.9,"",0,"[]","[]",0,False,False,"",""
"bc1ppt3ssvjca6px3evyw0hsp7gx2kt7gzfpr96tlyrv8l478lpm903saeqdy5","bitcoin","BTC",14.0,0.0,"BTC",910000.0,280,0,0,1,1,1.0,0.0,0.0,True,0.33089999999999997,0.1280431745981515,False,False,"",3.9,"",0,"[]","[]",0,False,False,"",""
"bc1qmsszg2muk25wpkxcwz3lgtqzqqeyaxt6nk2amq","bitcoin","BTC",14.0,0.0,"BTC",910000.0,280,0,0,1,1,1.0,0.0,0.0,True,0.33089999999999997,0.1280431745981515,False,False,"",3.9,"",0,"[]","[]",0,False,False,"",""
"bc1qtl6sg755ccx0dde4hv9ke8stpzh0raajgrcla2","bitcoin","BTC",15.7912447,0.0,"BTC",1026430.9055,245,0,0,1,1,1.0,0.0,0.0,True,0.21247500000000002,0.12850137775101694,False,False,"",3.9,"",0,"[]","[]",0,False,False,"",""
"bc1pcmgjlcns7kpult9mxalamj4rq8ed2fsrwt5qvpd0244rd050cc6sstpxyv","bitcoin","BTC",11.45,0.0,"BTC",744250.0,229,0,0,1,1,1.0,0.0,0.0,True,0.17407499999999998,0.1280070756772344,False,False,"",3.9,"",0,"[]","[]",0,False,False,"",""
"bc1p8tatsa8vvergd8gp82n3pq88l46xmj35w57wklvr27w6ly6s2eqsc384xw","bitcoin","BTC",11.45,0.0,"BTC",744250.0,229,0,0,1,1,1.0,0.0,0.0,True,0.17407499999999998,0.1280070756772344,False,False,"",3.9,"",0,"[]","[]",0,False,False,"",""
"bc1p73y7exdsekgeunazusgmzm3z62d059quhdjdl6rega64grf6xa3qndx9fe","bitcoin","BTC",11.45,0.0,"BTC",744250.0,229,0,0,1,1,1.0,0.0,0.0,True,0.17407499999999998,0.1280070756772344,False,False,"",3.9,"",0,"[]","[]",0,False,False,"",""
"bc1qcf9qha7z75583j3k0nccj9ze800fpnjlz69zyn","bitcoin","BTC",11.25,0.0,"BTC",731250.0,225,0,0,1,1,1.0,0.0,0.0,True,0.159075,0.12810120458799346,False,False,"",3.9,"",0,"[]","[]",0,False,False,"",""
"bc1pptk94nfys3zk3pqdv5k9v9zem3cqw2wuurgljar9h5dzln8vzwksmfcgcu","bitcoin","BTC",11.25,0.0,"BTC",731250.0,225,0,0,1,1,1.0,0.0,0.0,True,0.159075,0.12810120458799346,False,False,"",3.9,"",0,"[]","[]",0,False,False,"",""
"bc1pcpvewr03fllh9myh99j0gcgz5243t5lts34pt86c80vlkfs5hmjqweufjc","bitcoin","BTC",11.25,0.0,"BTC",731250.0,225,0,0,1,1,1.0,0.0,0.0,True,0.159075,0.12810120458799346,False,False,"",3.9,"",0,"[]","[]",0,False,False,"",""
"bc1pyjukqtmsztsrcgtg6pxvdvtz4r642k9ktjsk660vn0cfmlkfq6vqsxdt78","bitcoin","BTC",11.25,0.0,"BTC",731250.0,225,0,0,1,1,1.0,0.0,0.0,True,0.159075,0.12810120458799346,False,False,"",3.9,"",0,"[]","[]",0,False,False,"",""
"bc1pzgnr06zln0v2rsc8myl0cgug780h8se7n6ptfr8hrp7sk54x4ddq7fcaal","bitcoin","BTC",11.25,0.0,"BTC",731250.0,225,0,0,1,1,1.0,0.0,0.0,True,0.159075,0.12810120458799346,False,False,"",3.9,"",0,"[]","[]",0,False,False,"",""
"bc1pr247tyufgq9446f90afvsd05swvhek5vz06a3hrz7su7dd9dctksqx39va","bitcoin","BTC",11.25,0.0,"BTC",731250.0,225,0,0,1,1,1.0,0.0,0.0,True,0.159075,0.12810120458799346,False,False,"",3.9,"",0,"[]","[]",0,False,False,"",""
"bc1q7f7rd6l8ztwls0hkjcgds7v3kmxtpzz5g008mx","bitcoin","BTC",11.25,0.0,"BTC",731250.0,225,0,0,1,1,1.0,0.0,0.0,True,0.159075,0.12810120458799346,False,False,"",3.9,"",0,"[]","[]",0,False,False,"",""
"bc1pglp4gwrngfnvjms5lpunruxt2yum0lh27lfntaqtqsp6afsrtjysrza4pj","bitcoin","BTC",11.25,0.0,"BTC",731250.0,225,0,0,1,1,1.0,0.0,0.0,True,0.159075,0.12810120458799346,False,False,"",3.9,"",0,"[]","[]",0,False,False,"",""
"bc1q3wqqcrfzdjcgh8lwuek3v8xsd9ptjzf8xt5cga","bitcoin","BTC",11.25,0.0,"BTC",731250.0,225,0,0,1,1,1.0,0.0,0.0,True,0.159075,0.12810120458799346,False,False,"",3.9,"",0,"[]","[]",0,False,False,"",""
"bc1pd2fxqljcpu9w3g9ysvpxpmq8jahnqsase9mzl5gtfm4k2yz4m39sna4k2a","bitcoin","BTC",10.71385056,0.0,"BTC",696400.2864,224,0,0,1,1,1.0,0.0,0.0,True,0.152925,0.12804442579375763,False,False,"",3.9,"",0,"[]","[]",0,False,False,"",""
"bc1pzv8xl8edt4m9zp84chsz3l37c8ns6a0js990ad8hgsf5h9hdnu0sccqr2t","bitcoin","BTC",10.71385056,0.0,"BTC",696400.2864,224,0,0,1,1,1.0,0.0,0.0,True,0.152925,0.12804442579375763,False,False,"",3.9,"",0,"[]","[]",0,False,False,"",""
"bc1psegwy5sllz8t2jfk4k0ykradv955w86th4x3xzplcc8d40h0fuas9ly04u","bitcoin","BTC",3.07172898,0.0,"BTC",199662.3837,289,0,0,1,1,1.0,0.0,0.0,True,0.35040000000000004,0.12900530958776774,False,False,"",3.8,"",0,"[]","[]",0,False,False,"",""
"bc1pw74zu8hj7mu3q9cp4929vtclzazxm7cljente68euhckn0exvz9s8vtguw","bitcoin","BTC",3.07172898,0.0,"BTC",199662.3837,289,0,0,1,1,1.0,0.0,0.0,True,0.35040000000000004,0.12900530958776774,False,False,"",3.8,"",0,"[]","[]",0,False,False,"",""
"bc1pq6r04egve67x36yls7nqt35d4g6c3hrnr8k657quenv7cpxv055q936rzq","bitcoin","BTC",3.07172898,0.0,"BTC",199662.3837,289,0,0,1,1,1.0,0.0,0.0,True,0.35040000000000004,0.12900530958776774,False,False,"",3.8,"",0,"[]","[]",0,False,False,"",""
"bc1pzgmeugc7z32nmmnc3l7spry5f8qsm6yp96e60ryj3fjwfn3xe0vq6a5g6m","bitcoin","BTC",0.542,0.0,"BTC",35230.0,271,0,0,1,1,1.0,0.0,0.0,True,0.30555,0.1290488696542581,False,False,"",3.8,"",0,"[]","[]",0,False,False,"",""
"bc1pv0zg2zc3aevq4apgkyk3qsfpcdz3ku6v0vgwydhhuvjreuxsvexqet58rc","bitcoin","BTC",0.542,0.0,"BTC",35230.0,271,0,0,1,1,1.0,0.0,0.0,True,0.30555,0.1290488696542581,False,False,"",3.8,"",0,"[]","[]",0,False,False,"",""
"bc1pd6mxetp5njcl9jajrueyhhr6tcawxzlxv93rn4aych23pewhqn6qwyyd7p","bitcoin","BTC",0.542,0.0,"BTC",35230.0,271,0,0,1,1,1.0,0.0,0.0,True,0.30555,0.12888773924011265,False,False,"",3.8,"",0,"[]","[]",0,False,False,"",""
"bc1p3kq92ypwqnfex36zetdjjlfhsera65hc2567mapvzg4jafnau30s6zucyh","bitcoin","BTC",0.542,0.0,"BTC",35230.0,271,0,0,1,1,1.0,0.0,0.0,True,0.30555,0.1290488696542581,False,False,"",3.8,"",0,"[]","[]",0,False,False,"",""
"bc1purws3qn8mpcmn7zvyppkccqgvzmd6gjemkm0j2wxvtm9fmemckpq2xma5w","bitcoin","BTC",0.542,0.0,"BTC",35230.0,271,0,0,1,1,1.0,0.0,0.0,True,0.30555,0.1290488696542581,False,False,"",3.8,"",0,"[]","[]",0,False,False,"",""
"bc1paswfzwfgpv9pqxehat3v674err7pj5f7hs5flcr4hhc2q5e0vwhs9e07sq","bitcoin","BTC",0.542,0.0,"BTC",35230.0,271,0,0,1,1,1.0,0.0,0.0,True,0.30555,0.1290488696542581,False,False,"",3.8,"",0,"[]","[]",0,False,False,"",""
"bc1pccaamjw2ndymk56pj0ey42xk0mczh89uez9mrycq78a3qzwlp26qxzaper","bitcoin","BTC",0.65536,0.0,"BTC",42598.4,250,0,0,1,1,1.0,0.0,0.0,True,0.233175,0.1293058276015488,False,False,"",3.8,"",0,"[]","[]",0,False,False,"",""
"bc1plkn73dysa0r5tz77qncl7l2cr5shnsrzwt4wgmc0f8e36skcj8xsvfl96j","bitcoin","BTC",0.65536,0.0,"BTC",42598.4,250,0,0,1,1,1.0,0.0,0.0,True,0.233175,0.1293058276015488,False,False,"",3.8,"",0,"[]","[]",0,False,False,"",""
"bc1p2zdzf3389cywqca3kp3p7aftaq3arzk7uy7t3tkah69jvxnr3c3sjms647","bitcoin","BTC",0.63438848,0.0,"BTC",41235.2512,242,0,0,1,1,1.0,0.0,0.0,True,0.19740000000000002,0.12866439988655487,False,False,"",3.8,"",0,"[]","[]",0,False,False,"",""
"bc1pw0252taew2yc276gxje0nq2qe23upgp94jnxc0q45kawgcmzn07qnczvr6","bitcoin","BTC",0.63176704,0.0,"BTC",41064.857599999996,241,0,0,1,1,1.0,0.0,0.0,True,0.194625,0.12860851329409012,False,False,"",3.8,"",0,"[]","[]",0,False,False,"",""
"bc1p03j8az82k6s7yjdcuupw5w69zmlj7em6t37py7zj4dv5h5a0l60q8asr52","bitcoin","BTC",1.21699989,0.0,"BTC",79104.99285000001,229,0,0,1,1,1.0,0.0,0.0,True,0.17407499999999998,0.12887359544949872,False,False,"",3.8,"",0,"[]","[]",0,False,False,"",""
"bc1pfck7w3v57t0fdgeazadaq7s57zmtadj0szajhywpz9k39t3csensk2n23q","bitcoin","BTC",1.21699989,0.0,"BTC",79104.99285000001,229,0,0,1,1,1.0,0.0,0.0,True,0.17407499999999998,0.12887359544949872,False,False,"",3.8,"",0,"[]","[]",0,False,False,"",""
"bc1pkx7xzzuj34eh2lex78hkw6ua8r5dtk6kaz6jr6xc9qqj89eset9qc72wj3","bitcoin","BTC",1.21699989,0.0,"BTC",79104.99285000001,229,0,0,1,1,1.0,0.0,0.0,True,0.17407499999999998,0.12887359544949872,False,False,"",3.8,"",0,"[]","[]",0,False,False,"",""
"bc1qt895m0qpzeaadwdyrxg24d06wdm79uq2heks2e","bitcoin","BTC",1.21699989,0.0,"BTC",79104.99285000001,229,0,0,1,1,1.0,0.0,0.0,True,0.17407499999999998,0.12887359544949872,False,False,"",3.8,"",0,"[]","[]",0,False,False,"",""
"bc1pkxpp6rm6hqjeur7dnqykk566eua0xdeepnume4fp4gyyhazt8lnsqt7hr9","bitcoin","BTC",7.23822642,0.0,"BTC",470484.7173,227,0,0,1,1,1.0,0.0,0.0,True,0.16605,0.12887792209498877,False,False,"",3.8,"",0,"[]","[]",0,False,False,"",""
"bc1pha3azukwegwv8vy8ft8jmxrfmtn8mfp04fflsjj5pjt8e8ugydrqalfma3","bitcoin","BTC",13.85,0.0,"BTC",900250.0,277,0,0,1,1,1.0,0.0,0.0,True,0.325275,0.13012128624471947,False,False,"",3.7,"",0,"[]","[]",0,False,False,"",""
"bc1pxe8nulgcuzuryur2k5lj97uu3jasuzya0k48q3zj4eratd2vwkss2mz697","bitcoin","BTC",13.85,0.0,"BTC",900250.0,277,0,0,1,1,1.0,0.0,0.0,True,0.325275,0.13012128624471947,False,False,"",3.7,"",0,"[]","[]",0,False,False,"",""
"bc1pf8cn9y8x2qutq94gymycsf6r3xflhpxs2k3hq8cpxcwh7f4cm32qfeudux","bitcoin","BTC",13.85,0.0,"BTC",900250.0,277,0,0,1,1,1.0,0.0,0.0,True,0.325275,0.13012128624471947,False,False,"",3.7,"",0,"[]","[]",0,False,False,"",""
"bc1pezj6f3peculr4wdul9dv2gwuqjczh0namd233qgv60hje36gckesvpkxng","bitcoin","BTC",13.85,0.0,"BTC",900250.0,277,0,0,1,1,1.0,0.0,0.0,True,0.325275,0.13012128624471947,False,False,"",3.7,"",0,"[]","[]",0,False,False,"",""
"bc1pqwl88cxwx639r4w6elj3re6pw3fwrdt5x5ef0hac070drgmds4rqzj7vp6","bitcoin","BTC",13.85,0.0,"BTC",900250.0,277,0,0,1,1,1.0,0.0,0.0,True,0.325275,0.13012128624471947,False,False,"",3.7,"",0,"[]","[]",0,False,False,"",""
"bc1pshxru03k3qrxhwynmdz4v7pwgy0gejlfhqu2e4cryxw0w3dsg9psuljpqg","bitcoin","BTC",13.85,0.0,"BTC",900250.0,277,0,0,1,1,1.0,0.0,0.0,True,0.325275,0.13012128624471947,False,False,"",3.7,"",0,"[]","[]",0,False,False,"",""
"bc1pfk4t2zpuyhvvanrrg0na854s8dc30259xgqcnqthv5jcuwpmr9lqw56jjm","bitcoin","BTC",13.85,0.0,"BTC",900250.0,277,0,0,1,1,1.0,0.0,0.0,True,0.325275,0.13012128624471947,False,False,"",3.7,"",0,"[]","[]",0,False,False,"",""
"bc1pg5tauwp80hksy2nencnd6pj7shdynq83q0vs494s3phkamesuuyqerk92x","bitcoin","BTC",0.54,0.0,"BTC",35100.0,270,0,0,1,1,1.0,0.0,0.0,True,0.292275,0.1298381464015783,False,False,"",3.7,"",0,"[]","[]",0,False,False,"",""
"bc1paryd254nundc6ghpr3jvs3rgdyvu35prweqslpulyp8pn2n48zzqfnvpjr","bitcoin","BTC",0.54,0.0,"BTC",35100.0,270,0,0,1,1,1.0,0.0,0.0,True,0.292275,0.1298381464015783,False,False,"",3.7,"",0,"[]","[]",0,False,False,"",""
"bc1qzt5v2r9m4uypqfnvmet0wrucr4pczdsut7zv6u","bitcoin","BTC",0.54,0.0,"BTC",35100.0,270,0,0,1,1,1.0,0.0,0.0,True,0.292275,0.1298381464015783,False,False,"",3.7,"",0,"[]","[]",0,False,False,"",""
"bc1psumrz3x07yypnzz2285k02da5tuqkgswp80fcfuq4mgl7m5k3npq49jqtq","bitcoin","BTC",0.54,0.0,"BTC",35100.0,270,0,0,1,1,1.0,0.0,0.0,True,0.292275,0.1298381464015783,False,False,"",3.7,"",0,"[]","[]",0,False,False,"",""
"bc1pevs2r5cmjqqvu6aadlp7vm5ft44lkux9gzf4du4d6l4u7l44j04s7ncymx","bitcoin","BTC",0.54,0.0,"BTC",35100.0,270,0,0,1,1,1.0,0.0,0.0,True,0.292275,0.1298381464015783,False,False,"",3.7,"",0,"[]","[]",0,False,False,"",""
"bc1peccxqhddkwcdzk4nekzdkcuye0lm9t9qr93ej3pxh782hf90rcgs2cldr9","bitcoin","BTC",0.54,0.0,"BTC",35100.0,270,0,0,1,1,1.0,0.0,0.0,True,0.292275,0.1298381464015783,False,False,"",3.7,"",0,"[]","[]",0,False,False,"",""
"bc1psse5xkzutrjg7hw6vfh2qglmvw8msfvm3r675sva2my3vx6zwkus7d6k7u","bitcoin","BTC",0.54,0.0,"BTC",35100.0,270,0,0,1,1,1.0,0.0,0.0,True,0.292275,0.1298381464015783,False,False,"",3.7,"",0,"[]","[]",0,False,False,"",""
"bc1pdmfw9axd8fpl8v949wduzjt46d774p5tds8n0qhcnszauswjf2fs226lde","bitcoin","BTC",0.54,0.0,"BTC",35100.0,270,0,0,1,1,1.0,0.0,0.0,True,0.292275,0.1298381464015783,False,False,"",3.7,"",0,"[]","[]",0,False,False,"",""
"bc1q3xw57gk9gx33hy47wjun5wz7pvakf89ej8p6lc","bitcoin","BTC",0.54,0.0,"BTC",35100.0,270,0,0,1,1,1.0,0.0,0.0,True,0.292275,0.1298381464015783,False,False,"",3.7,"",0,"[]","[]",0,False,False,"",""
"bc1q63uhz53dcwv9msh9s06tav78yy08yy9gmefc7a","bitcoin","BTC",0.54,0.0,"BTC",35100.0,270,0,0,1,1,1.0,0.0,0.0,True,0.292275,0.1298381464015783,False,False,"",3.7,"",0,"[]","[]",0,False,False,"",""
"bc1pvtt0fegxxduxr5368q87hhp60dgmyrp78szec2n336ktlqtrfj7qynna5u","bitcoin","BTC",1.2754584,0.0,"BTC",82904.796,240,0,0,1,1,1.0,0.0,0.0,True,0.190725,0.1300028167320177,False,False,"",3.7,"",0,"[]","[]",0,False,False,"",""
"bc1pzswjy5cfntpf82f2mw5cuukgeje4euhdyq97w0sahpne05vu5susx8kur8","bitcoin","BTC",1.2754584,0.0,"BTC",82904.796,240,0,0,1,1,1.0,0.0,0.0,True,0.190725,0.1300028167320177,False,False,"",3.7,"",0,"[]","[]",0,False,False,"",""
"bc1qenwleyhs6pfjyz8wukd4zafruw82tg8k706cu2","bitcoin","BTC",1.53586449,0.0,"BTC",99831.19185,289,0,0,1,1,1.0,0.0,0.0,True,0.35040000000000004,0.13062735764779188,False,False,"",3.6,"",0,"[]","[]",0,False,False,"",""
"bc1pd609xpvvnqccvgh46nwdlfgwul9dnkkms9eucyxp4jwv6mwj3tyqx3rhvl","bitcoin","BTC",1.51519232,0.0,"BTC",98487.5008,289,0,0,1,1,1.0,0.0,0.0,True,0.35040000000000004,0.1303843624479148,False,False,"",3.6,"",0,"[]","[]",0,False,False,"",""
"bc1pmquyjj54d00xy3hd9gmu88t79932azpyddrj8nvskhvw3v3cy4rquxmhsq","bitcoin","BTC",1.53586449,0.0,"BTC",99831.19185,289,0,0,1,1,1.0,0.0,0.0,True,0.35040000000000004,0.13062735764779188,False,False,"",3.6,"",0,"[]","[]",0,False,False,"",""
"bc1p9thn7qrnampqcusyvrguqqpt0d7umawrckx4juhel955cs00avfs0d4s5w","bitcoin","BTC",1.51519232,0.0,"BTC",98487.5008,289,0,0,1,1,1.0,0.0,0.0,True,0.35040000000000004,0.1303843624479148,False,False,"",3.6,"",0,"[]","[]",0,False,False,"",""
"bc1p832vp5phtcdwk35w2hynfu5gpx4v62mytrtrlj3rfssepwx3r3ustkqcmr","bitcoin","BTC",1.53586449,0.0,"BTC",99831.19185,289,0,0,1,1,1.0,0.0,0.0,True,0.35040000000000004,0.13062735764779188,False,False,"",3.6,"",0,"[]","[]",0,False,False,"",""
"bc1pqpa29wl3r78un5d0s7kpy8c2ps9awu40uue5y62t0w2cpctxl4nsj2z8fh","bitcoin","BTC",1.53586449,0.0,"BTC",99831.19185,289,0,0,1,1,1.0,0.0,0.0,True,0.35040000000000004,0.13062735764779188,False,False,"",3.6,"",0,"[]","[]",0,False,False,"",""
"bc1qxwm5d22e7n7dfjz43feud64f7c3dt29vmqxgpx","bitcoin","BTC",13.8,0.0,"BTC",897000.0,276,0,0,1,1,1.0,0.0,0.0,True,0.31845,0.1307637895425462,False,False,"",3.6,"",0,"[]","[]",0,False,False,"",""
"bc1ppgaqfry0wly0lz3dfac0dh4rsn6qzyw4yxqsv9yn0fwerw6h040q7t6gr9","bitcoin","BTC",13.8,0.0,"BTC",897000.0,276,0,0,1,1,1.0,0.0,0.0,True,0.31845,0.1307637895425462,False,False,"",3.6,"",0,"[]","[]",0,False,False,"",""
"bc1prtpzcysvtc4w4jrez0g098hy0njxkpsz6ppn775r7ttqutdy8n5svwvq5k","bitcoin","BTC",13.8,0.0,"BTC",897000.0,276,0,0,1,1,1.0,0.0,0.0,True,0.31845,0.1307637895425462,False,False,"",3.6,"",0,"[]","[]",0,False,False,"",""
"bc1p6suvftw47wfxll295prrnwwjzdrnvqyt2sn5nx52896yna87z4nsfug84d","bitcoin","BTC",13.8,0.0,"BTC",897000.0,276,0,0,1,1,1.0,0.0,0.0,True,0.31845,0.1307637895425462,False,False,"",3.6,"",0,"[]","[]",0,False,False,"",""
"bc1pr84x408wp5j72agjpz699vstdhk9s3g6dxzshpnq0gvqp8athdwqhrns83","bitcoin","BTC",0.67108864,0.0,"BTC",43620.7616,256,0,0,1,1,1.0,0.0,0.0,True,0.2397,0.1306170201304796,False,False,"",3.6,"",0,"[]","[]",0,False,False,"",""
"bc1pgnuw4t9g8ujaqe529v2hhjl2quyshvplte3dcj4xrkpcvdthf2cqqhwm72","bitcoin","BTC",11.57478498,0.0,"BTC",752361.0237,242,0,0,1,1,1.0,0.0,0.0,True,0.19740000000000002,0.13097956235368446,False,False,"",3.6,"",0,"[]","[]",0,False,False,"",""
"bc1p79kal7zeary6ycu34tu545apusjhdcrs2wdtlwr4r7p0f66qehnqkhcks7","bitcoin","BTC",11.57478498,0.0,"BTC",752361.0237,242,0,0,1,1,1.0,0.0,0.0,True,0.19740000000000002,0.13097956235368446,False,False,"",3.6,"",0,"[]","[]",0,False,False,"",""
"bc1qyy94khsgnvxhcxgwcejwn59fesfw7ksh6pg3qk","bitcoin","BTC",7.6527504,0.0,"BTC",497428.776,240,0,0,1,1,1.0,0.0,0.0,True,0.190725,0.1307302133943039,False,False,"",3.6,"",0,"[]","[]",0,False,False,"",""
"bc1pjuy662k54t9aygmcxq84t9k74lj60tyqpcx95a9xqne2kytkw6as8ugwqk","bitcoin","BTC",7.6527504,0.0,"BTC",497428.776,240,0,0,1,1,1.0,0.0,0.0,True,0.190725,0.1307302133943039,False,False,"",3.6,"",0,"[]","[]",0,False,False,"",""
"bc1p79kvzyuyvhpxwhra58jfq8aze04nhykh9audfrvymkpf3p2tlrdsgcuczh","bitcoin","BTC",7.6527504,0.0,"BTC",497428.776,240,0,0,1,1,1.0,0.0,0.0,True,0.190725,0.1307302133943039,False,False,"",3.6,"",0,"[]","[]",0,False,False,"",""
"bc1p6w30uuxdldgsy0ee5lvd83t3yn2l0hhk68xvelrtnfxrfqg6aqss7w7rvp","bitcoin","BTC",8.64123066,0.0,"BTC",561679.9929,271,0,0,1,1,1.0,0.0,0.0,True,0.30555,0.131685144445627,False,False,"",3.5,"",0,"[]","[]",0,False,False,"",""
"bc1q4q0uvldlf3jd4vsd8vpgvcakj2yavq0g2rvhly","bitcoin","BTC",8.64123066,0.0,"BTC",561679.9929,271,0,0,1,1,1.0,0.0,0.0,True,0.30555,0.131685144445627,False,False,"",3.5,"",0,"[]","[]",0,False,False,"",""
"bc1pvutx4cdey9ldpjdrtu93s2h4dxfv4qgwsp0h2dr7t2rnu9gd7v7s7pvpdt","bitcoin","BTC",0.54,0.0,"BTC",35100.0,269,0,0,1,1,1.0,0.0,0.0,True,0.28522499999999995,0.1315407152856764,False,False,"",3.5,"",0,"[]","[]",0,False,False,"",""
"bc1p8ay3amhheqc6qqvt3rme6yucp8e346lmx08m8tc39hpl07xzhfnqk0ksn2","bitcoin","BTC",12.45,0.0,"BTC",809250.0,249,0,0,1,1,1.0,0.0,0.0,True,0.228825,0.13151383677010564,False,False,"",3.5,"",0,"[]","[]",0,False,False,"",""
"bc1qjmh33r28rhmqzrcy5d6khst4q394fm9v43ptnf","bitcoin","BTC",12.45,0.0,"BTC",809250.0,249,0,0,1,1,1.0,0.0,0.0,True,0.228825,0.13151383677010564,False,False,"",3.5,"",0,"[]","[]",0,False,False,"",""
"bc1pxxz2um4c8vp4zave0pyxexr45gf6v553cu0sdj74ms2arlw9ty5qnmxj6v","bitcoin","BTC",12.45,0.0,"BTC",809250.0,249,0,0,1,1,1.0,0.0,0.0,True,0.228825,0.13151383677010564,False,False,"",3.5,"",0,"[]","[]",0,False,False,"",""
"bc1qw375yzhr7re4p29mc47x8aq24pp0yqu02lfjla","bitcoin","BTC",12.45,0.0,"BTC",809250.0,249,0,0,1,1,1.0,0.0,0.0,True,0.228825,0.13151383677010564,False,False,"",3.5,"",0,"[]","[]",0,False,False,"",""
"bc1payx69elm6ql6knpa6m9fscsty4dtpu3lyunnnnmkrea7wh3j3dasyq9ws7","bitcoin","BTC",12.45,0.0,"BTC",809250.0,249,0,0,1,1,1.0,0.0,0.0,True,0.228825,0.13151383677010564,False,False,"",3.5,"",0,"[]","[]",0,False,False,"",""
"bc1qwltr3dvhwxad7aa3uka4edesztdymk842097dd","bitcoin","BTC",12.45,0.0,"BTC",809250.0,249,0,0,1,1,1.0,0.0,0.0,True,0.228825,0.13151383677010564,False,False,"",3.5,"",0,"[]","[]",0,False,False,"",""
"bc1py8xuvyqgzd867dc6ve0384mlt9gagx5s8ck74day4jcf6uegffkqa9pl4x","bitcoin","BTC",12.45,0.0,"BTC",809250.0,249,0,0,1,1,1.0,0.0,0.0,True,0.228825,0.13151383677010564,False,False,"",3.5,"",0,"[]","[]",0,False,False,"",""
"bc1qdr44g4qmz869rfukgccwh3r7yuud0cgrqrxtz0","bitcoin","BTC",12.45,0.0,"BTC",809250.0,249,0,0,1,1,1.0,0.0,0.0,True,0.228825,0.13151383677010564,False,False,"",3.5,"",0,"[]","[]",0,False,False,"",""
"bc1pzmsjszfyq6zm8s5m0fynm59zmavvw8mlzm49y78zygwvrcq2t4ms5dk8n2","bitcoin","BTC",7.20633996,0.0,"BTC",468412.0974,226,0,0,1,1,1.0,0.0,0.0,True,0.16297499999999998,0.13106506026609582,False,False,"",3.5,"",0,"[]","[]",0,False,False,"",""
"bc1p97dt27mvj2wdexy6v32pg3a7ynxnrtl7ddnzycfr8a0r6d2agf5swfmzgx","bitcoin","BTC",0.79007562,0.0,"BTC",51354.9153,223,0,0,1,1,1.0,0.0,0.0,True,0.1482,0.13161849930961245,False,False,"",3.5,"",0,"[]","[]",0,False,False,"",""
"bc1p7jzt0dm7ku3wt36kz954ckle73p8knp6gyx8dafa80fdec8jj0gq4e2jtq","bitcoin","BTC",7.11068058,0.0,"BTC",462194.2377,223,0,0,1,1,1.0,0.0,0.0,True,0.1482,0.13152166274415478,False,False,"",3.5,"",0,"[]","[]",0,False,False,"",""
"bc1pg7rc3v5khnqf5vll4tgcr9aecj2mjzxsajaf9whxqy57vp7n65js7ccn49","bitcoin","BTC",0.79007562,0.0,"BTC",51354.9153,223,0,0,1,1,1.0,0.0,0.0,True,0.1482,0.13161849930961245,False,False,"",3.5,"",0,"[]","[]",0,False,False,"",""
"bc1p5yl2q7unpapsj2c4quddqt73rdzm58rqclay6jzz8agkd6t7gdgqtphj2k","bitcoin","BTC",7.11068058,0.0,"BTC",462194.2377,223,0,0,1,1,1.0,0.0,0.0,True,0.1482,0.13152166274415478,False,False,"",3.5,"",0,"[]","[]",0,False,False,"",""
"bc1pa864gft3eyd7v62scp7nc5n5j4rf7gh5cmecxmwywftmhxdzea0qlhahfm","bitcoin","BTC",0.79007562,0.0,"BTC",51354.9153,223,0,0,1,1,1.0,0.0,0.0,True,0.1482,0.13161849930961245,False,False,"",3.5,"",0,"[]","[]",0,False,False,"",""
"bc1p7kjtxkadfcea6mhxj7qu3f4wzl6gr0drq3g4xhdlvfuzn7mq4xeq0xd72f","bitcoin","BTC",12.85,0.0,"BTC",835250.0,257,0,0,1,1,1.0,0.0,0.0,True,0.247875,0.13244750042834086,False,False,"",3.4,"",0,"[]","[]",0,False,False,"",""
"bc1qj9pwlclclasm44n2zf55j36eux4hltd55z3f9p","bitcoin","BTC",12.85,0.0,"BTC",835250.0,257,0,0,1,1,1.0,0.0,0.0,True,0.247875,0.13244750042834086,False,False,"",3.4,"",0,"[]","[]",0,False,False,"",""
"bc1p6hgzht620fvp9psctettr6m98hsyhjqnufaqqsdm2swzaukqvccq9sczhw","bitcoin","BTC",12.85,0.0,"BTC",835250.0,257,0,0,1,1,1.0,0.0,0.0,True,0.247875,0.13244750042834086,False,False,"",3.4,"",0,"[]","[]",0,False,False,"",""
"bc1pargtjpwurp2upc5hwfqldkjajztzjw4a76h0gauyh45qr8de89vqflupfl","bitcoin","BTC",12.85,0.0,"BTC",835250.0,257,0,0,1,1,1.0,0.0,0.0,True,0.247875,0.13244750042834086,False,False,"",3.4,"",0,"[]","[]",0,False,False,"",""
"bc1p4xk65ytj23c4tvllrejr2kmjefkp8pddjhwfdvnmcyny95t8glcs2vqsxj","bitcoin","BTC",12.85,0.0,"BTC",835250.0,257,0,0,1,1,1.0,0.0,0.0,True,0.247875,0.13244750042834086,False,False,"",3.4,"",0,"[]","[]",0,False,False,"",""
"bc1pcsppmcqnk9dm6lkm806rqlfna0jd8z7pfzwtdqaxxwtu2xegsweqhqcpwl","bitcoin","BTC",1.91465216,0.0,"BTC",124452.39039999999,256,0,0,1,1,1.0,0.0,0.0,True,0.2397,0.1323699791664001,False,False,"",3.4,"",0,"[]","[]",0,False,False,"",""
"bc1pmgvtcwm76cc75navarj63wvard5drd9e754rju6480frd439phusr9namz","bitcoin","BTC",12.3,0.0,"BTC",799500.0,246,0,0,1,1,1.0,0.0,0.0,True,0.2229,0.13247622498827705,False,False,"",3.4,"",0,"[]","[]",0,False,False,"",""
"bc1pwm8f4pleacq87zj9fs0u7073z55kc5rctgdxvxsjm5zvaf0k7w3sj00876","bitcoin","BTC",12.3,0.0,"BTC",799500.0,246,0,0,1,1,1.0,0.0,0.0,True,0.2229,0.13247622498827705,False,False,"",3.4,"",0,"[]","[]",0,False,False,"",""
"bc1psd8chqvdteqhqhs2sqpqan2kg0vwgh206ensgztdst2sfakxwmjqztn9hf","bitcoin","BTC",12.3,0.0,"BTC",799500.0,246,0,0,1,1,1.0,0.0,0.0,True,0.2229,0.13247622498827705,False,False,"",3.4,"",0,"[]","[]",0,False,False,"",""
"bc1pchwx5rc9k3j65tj2qxpae25ymzwwqm8ktuzv3l42a2mnkt44f6uqv0p6ed","bitcoin","BTC",12.3,0.0,"BTC",799500.0,246,0,0,1,1,1.0,0.0,0.0,True,0.2229,0.13247622498827705,False,False,"",3.4,"",0,"[]","[]",0,False,False,"",""
"bc1pc9jawut49dmy2uc2grjmd0klntr6cv965lyc29fs3mzvw3tgqjasxfdsj9","bitcoin","BTC",12.15,0.0,"BTC",789750.0,243,0,0,1,1,1.0,0.0,0.0,True,0.20182499999999998,0.13246536179606905,False,False,"",3.4,"",0,"[]","[]",0,False,False,"",""
"bc1pas5rcl36p4yzm2qy4ekjdru9lj65fqg7aesj78jtrwzzuhz220eqsnj65n","bitcoin","BTC",12.15,0.0,"BTC",789750.0,243,0,0,1,1,1.0,0.0,0.0,True,0.20182499999999998,0.13246536179606905,False,False,"",3.4,"",0,"[]","[]",0,False,False,"",""
"bc1q4mctpdtn9rdfpsmflkn50wpftl6xmrt95anrdk","bitcoin","BTC",12.15,0.0,"BTC",789750.0,243,0,0,1,1,1.0,0.0,0.0,True,0.20182499999999998,0.13246536179606905,False,False,"",3.4,"",0,"[]","[]",0,False,False,"",""
"bc1qfsehp3t9xwq90hdjchxm5z4v39mzn63e9qzr4n","bitcoin","BTC",1.18511343,0.0,"BTC",77032.37294999999,223,0,0,1,1,1.0,0.0,0.0,True,0.1482,0.13193450533248968,False,False,"",3.4,"",0,"[]","[]",0,False,False,"",""
"bc1plqlxpavpl6jgqwzdw8qw48qckt824lweqd2fts09k3vhat02cdasjs868s","bitcoin","BTC",5.93494016,0.0,"BTC",385771.1104,283,0,0,1,1,1.0,0.0,0.0,True,0.34365,0.1334155925543956,False,False,"",3.3,"",0,"[]","[]",0,False,False,"",""
"bc1pz39gct7w0uf84acptkl3jh7n9qslnahynrlqy8432g7c6kp8e2us8delsl","bitcoin","BTC",5.93494016,0.0,"BTC",385771.1104,283,0,0,1,1,1.0,0.0,0.0,True,0.34365,0.1334155925543956,False,False,"",3.3,"",0,"[]","[]",0,False,False,"",""
"bc1pmag4ffnv4jz0e080exsa7dly6ph8st4h0wretckgfr2cjha3ggksl36j5r","bitcoin","BTC",5.93494016,0.0,"BTC",385771.1104,283,0,0,1,1,1.0,0.0,0.0,True,0.34365,0.1334155925543956,False,False,"",3.3,"",0,"[]","[]",0,False,False,"",""
"bc1prglqysg99rxs28j2qcs5dszu3mgj3mcgdks9xm6fpewdxgj2ut7swr3l32","bitcoin","BTC",5.93494016,0.0,"BTC",385771.1104,283,0,0,1,1,1.0,0.0,0.0,True,0.34365,0.1334155925543956,False,False,"",3.3,"",0,"[]","[]",0,False,False,"",""
"bc1pw57ejzsgeqvj0pkvymuxfxnqqzfrhuqu4p2aftky0ewc00en359qw34egx","bitcoin","BTC",0.542,0.0,"BTC",35230.0,271,0,0,1,1,1.0,0.0,0.0,True,0.30555,0.1329411899796677,False,False,"",3.3,"",0,"[]","[]",0,False,False,"",""
"bc1py7xcquus399evjsjqfdeg37j5nkennryvfe82dx7yyg040dnhm7sscm68m","bitcoin","BTC",0.542,0.0,"BTC",35230.0,271,0,0,1,1,1.0,0.0,0.0,True,0.30555,0.1329411899796677,False,False,"",3.3,"",0,"[]","[]",0,False,False,"",""
"bc1p6054xwm7ztv3ayr0vrev52sa525prmf2av9lxvq50fcm78lu6axskfc5zf","bitcoin","BTC",0.542,0.0,"BTC",35230.0,271,0,0,1,1,1.0,0.0,0.0,True,0.30555,0.1329411899796677,False,False,"",3.3,"",0,"[]","[]",0,False,False,"",""
"bc1pffk0z2v8rfa6m6kjezymsskpmcac5knfcek89fdaf87409p4ce8sde7v3w","bitcoin","BTC",13.05,0.0,"BTC",848250.0,261,0,0,1,1,1.0,0.0,0.0,True,0.26175000000000004,0.1332627258727706,False,False,"",3.3,"",0,"[]","[]",0,False,False,"",""
"bc1pr5zpd53hxqpm7f0pa6ht5njtph07yknsqez4jkt64gngmh3uszlsccp4mz","bitcoin","BTC",13.05,0.0,"BTC",848250.0,261,0,0,1,1,1.0,0.0,0.0,True,0.26175000000000004,0.1332627258727706,False,False,"",3.3,"",0,"[]","[]",0,False,False,"",""
"bc1ptzr2nxkpklq0t2t2644tkyq65wphyz3ws0af0en0dpe8xjmelh2s8gys2u","bitcoin","BTC",2.72097792,0.0,"BTC",176863.56480000002,256,0,0,1,1,1.0,0.0,0.0,True,0.2397,0.13314891109096844,False,False,"",3.3,"",0,"[]","[]",0,False,False,"",""
"bc1ps78wf24g68w0l7n79yja4kqnqf20jyhapvmvtmzamv8vat32y4qqgp6rau","bitcoin","BTC",4.76053504,0.0,"BTC",309434.7776,227,0,0,1,1,1.0,0.0,0.0,True,0.16605,0.13321945148772996,False,False,"",3.3,"",0,"[]","[]",0,False,False,"",""
"bc1pvga73nmaztw04kkdvlj7l6wevfwjl2z3y46dkzxqzc3unzvv4eqqpaqyxl","bitcoin","BTC",4.76053504,0.0,"BTC",309434.7776,227,0,0,1,1,1.0,0.0,0.0,True,0.16605,0.13321945148772996,False,False,"",3.3,"",0,"[]","[]",0,False,False,"",""
"bc1paw08y9y6elnmy02tsakmz9es89lpgemr8yj6kc9qrr6zh9dau72svyj69l","bitcoin","BTC",2.41274214,0.0,"BTC",156828.2391,227,0,0,1,1,1.0,0.0,0.0,True,0.16605,0.13307746755792121,False,False,"",3.3,"",0,"[]","[]",0,False,False,"",""
"bc1pfrx255ludzzkp6j8zp43gjdlzrffpzh8ayt258ltjf0purt5m5ms0gjdmc","bitcoin","BTC",2.41274214,0.0,"BTC",156828.2391,227,0,0,1,1,1.0,0.0,0.0,True,0.16605,0.13307746755792121,False,False,"",3.3,"",0,"[]","[]",0,False,False,"",""
"bc1pq2e35mc0zl4gshk5jrdlekl7l2t3akhmwzxt3k5v89dmn5vhw03q7x6ycw","bitcoin","BTC",2.41274214,0.0,"BTC",156828.2391,227,0,0,1,1,1.0,0.0,0.0,True,0.16605,0.13307746755792121,False,False,"",3.3,"",0,"[]","[]",0,False,False,"",""
"bc1prrff6qlvpzwjpql5fdshwl36xg56kefex72eulayln32vd8rfsqsga23nk","bitcoin","BTC",4.76053504,0.0,"BTC",309434.7776,227,0,0,1,1,1.0,0.0,0.0,True,0.16605,0.13321945148772996,False,False,"",3.3,"",0,"[]","[]",0,False,False,"",""
"bc1p4eujv4zz8k63lp83xj2g7g9w3dj5wlykkm43hmnh7wcpwlyjptks66uc7f","bitcoin","BTC",4.76053504,0.0,"BTC",309434.7776,227,0,0,1,1,1.0,0.0,0.0,True,0.16605,0.13321945148772996,False,False,"",3.3,"",0,"[]","[]",0,False,False,"",""
"bc1pswzdak64qrx39xxcy0wv0m2gg7t5hqy3ws85jel5r4r45mm26cfsnxt7k5","bitcoin","BTC",4.76053504,0.0,"BTC",309434.7776,227,0,0,1,1,1.0,0.0,0.0,True,0.16605,0.13321945148772996,False,False,"",3.3,"",0,"[]","[]",0,False,False,"",""
"bc1pu9y74km0k6k7umvnpqv5m77vru0scghrfemg5u8r0x9kau7lqxns9kg5se","bitcoin","BTC",2.41274214,0.0,"BTC",156828.2391,227,0,0,1,1,1.0,0.0,0.0,True,0.16605,0.13307746755792121,False,False,"",3.3,"",0,"[]","[]",0,False,False,"",""
"bc1pdtur6ppl0h4dpczl4e6kz4jhfshynzth70lwkjjgyt026ctar8gq8k9zdq","bitcoin","BTC",4.76053504,0.0,"BTC",309434.7776,227,0,0,1,1,1.0,0.0,0.0,True,0.16605,0.13321945148772996,False,False,"",3.3,"",0,"[]","[]",0,False,False,"",""
"bc1ppde366ljwmly6paws5jmr2ymvnz4nx235wf7j7utmgwl2hy2cxhqcmc9pr","bitcoin","BTC",2.41274214,0.0,"BTC",156828.2391,227,0,0,1,1,1.0,0.0,0.0,True,0.16605,0.13307746755792121,False,False,"",3.3,"",0,"[]","[]",0,False,False,"",""
"bc1p89ycvtffsch93wr003a78zh3afm4faqyldm54e8sxa3eg4fmp7zq9xskp0","bitcoin","BTC",0.65273856,0.0,"BTC",42428.0064,249,0,0,1,1,1.0,0.0,0.0,True,0.228825,0.13396710406267276,False,False,"",3.2,"",0,"[]","[]",0,False,False,"",""
"bc1pazmmpccsqnhjczfeny90z2xnnnrkjdwmtjtptxzh7jfttwxnjj5snscqf8","bitcoin","BTC",0.65273856,0.0,"BTC",42428.0064,249,0,0,1,1,1.0,0.0,0.0,True,0.228825,0.13396710406267276,False,False,"",3.2,"",0,"[]","[]",0,False,False,"",""
"bc1pafa4jgsztqeraaynz4lwmp0a3d42tr4x9ae7mt0fvmjwvmmufjyqeqyvhc","bitcoin","BTC",0.65273856,0.0,"BTC",42428.0064,249,0,0,1,1,1.0,0.0,0.0,True,0.228825,0.13396710406267276,False,False,"",3.2,"",0,"[]","[]",0,False,False,"",""
"bc1p9xqr84ltxkpm7mcede069m65hcn5c6azs8s4mdjkzwyhg88ukces2396uy","bitcoin","BTC",0.65273856,0.0,"BTC",42428.0064,249,0,0,1,1,1.0,0.0,0.0,True,0.228825,0.13396710406267276,False,False,"",3.2,"",0,"[]","[]",0,False,False,"",""
"bc1pmdkxxejf3rtayfz57estdm4j0n5cwl2000ztvys99fm4w6n57tms7hhvnc","bitcoin","BTC",0.65273856,0.0,"BTC",42428.0064,249,0,0,1,1,1.0,0.0,0.0,True,0.228825,0.13396710406267276,False,False,"",3.2,"",0,"[]","[]",0,False,False,"",""
"bc1pjylvqk353yvkff76nuk9rwv547jmr28rky0kme0rswsz73xsqm5suqu59s","bitcoin","BTC",0.65273856,0.0,"BTC",42428.0064,249,0,0,1,1,1.0,0.0,0.0,True,0.228825,0.13396710406267276,False,False,"",3.2,"",0,"[]","[]",0,False,False,"",""
"bc1pmfftv5zczhrn8wkxj45gyuf4sethld5vnanekjju2924tapxtwmq8vvpmk","bitcoin","BTC",0.65273856,0.0,"BTC",42428.0064,249,0,0,1,1,1.0,0.0,0.0,True,0.228825,0.13396710406267276,False,False,"",3.2,"",0,"[]","[]",0,False,False,"",""
"bc1phgrqmctapyez8nhf3w5ennwt2t48j75ph7n6w26qx7vcpfl6wf3qcs4gpe","bitcoin","BTC",0.65273856,0.0,"BTC",42428.0064,249,0,0,1,1,1.0,0.0,0.0,True,0.228825,0.13396710406267276,False,False,"",3.2,"",0,"[]","[]",0,False,False,"",""
"bc1p99guect2mcfrpq3wesa60735gzxpr4q0dahqjjgfkljlsjg0nq0smqjzry","bitcoin","BTC",0.65273856,0.0,"BTC",42428.0064,249,0,0,1,1,1.0,0.0,0.0,True,0.228825,0.13396710406267276,False,False,"",3.2,"",0,"[]","[]",0,False,False,"",""
"bc1q3v830cj0v2k99tmncrvhj9wt8t4gp9qm2esuj0","bitcoin","BTC",12.25,0.0,"BTC",796250.0,245,0,0,1,1,1.0,0.0,0.0,True,0.21247500000000002,0.13384823403428003,False,False,"",3.2,"",0,"[]","[]",0,False,False,"",""
"bc1q55mn3hq37uwnupklnl3657q2naj4t34eenswft","bitcoin","BTC",12.25,0.0,"BTC",796250.0,245,0,0,1,1,1.0,0.0,0.0,True,0.21247500000000002,0.13384823403428003,False,False,"",3.2,"",0,"[]","[]",0,False,False,"",""
"bc1pvuclq0epa30w93a45nqcptj6x3ncda9llv6wx636r7sl422pdczsp80w09","bitcoin","BTC",12.25,0.0,"BTC",796250.0,245,0,0,1,1,1.0,0.0,0.0,True,0.21247500000000002,0.13384823403428003,False,False,"",3.2,"",0,"[]","[]",0,False,False,"",""
"bc1p2w54w5fp86g6yfpwazmryfqsdwzs8f56ha3tx6jp7kk4xqghtwlq40nkrn","bitcoin","BTC",0.63700992,0.0,"BTC",41405.6448,243,0,0,1,1,1.0,0.0,0.0,True,0.20182499999999998,0.13374869504841602,False,False,"",3.2,"",0,"[]","[]",0,False,False,"",""
"bc1pyafmhzqzydjhexhrja206spmgj60243jel4p63uljaphp9k5ae6qm74u3m","bitcoin","BTC",0.63700992,0.0,"BTC",41405.6448,243,0,0,1,1,1.0,0.0,0.0,True,0.20182499999999998,0.13374869504841602,False,False,"",3.2,"",0,"[]","[]",0,False,False,"",""
"bc1phrny6htqufpldetqvu6gn7n3k033jc68xmyszqjss8vgneh7tueqsg8sdg","bitcoin","BTC",0.63700992,0.0,"BTC",41405.6448,243,0,0,1,1,1.0,0.0,0.0,True,0.20182499999999998,0.13374869504841602,False,False,"",3.2,"",0,"[]","[]",0,False,False,"",""
"bc1pvsr7rex5gtckkw2pvlpnq490rspa3mzxt6saqutq9hruxgx98tmqfjem2w","bitcoin","BTC",0.63700992,0.0,"BTC",41405.6448,243,0,0,1,1,1.0,0.0,0.0,True,0.20182499999999998,0.13374869504841602,False,False,"",3.2,"",0,"[]","[]",0,False,False,"",""
"bc1pnfsnmh9rh2hvrv3x39pwh9vc4xc4hw6wejw6pnymy4x9tf7ku0uqy3k5k7","bitcoin","BTC",0.63700992,0.0,"BTC",41405.6448,243,0,0,1,1,1.0,0.0,0.0,True,0.20182499999999998,0.13374869504841602,False,False,"",3.2,"",0,"[]","[]",0,False,False,"",""
"bc1petwwxptwzakaklc3auygx2uxa6s9d0jw0ku6sywdclf4fsex2gms8z6qsn","bitcoin","BTC",7.68463686,0.0,"BTC",499501.3959,241,0,0,1,1,1.0,0.0,0.0,True,0.194625,0.13351853051207696,False,False,"",3.2,"",0,"[]","[]",0,False,False,"",""
"bc1pvletntxvvz9vqf4npudy0uepy5ac36rz3lpn3a965jxknpsp7evsgspxtj","bitcoin","BTC",7.68463686,0.0,"BTC",499501.3959,241,0,0,1,1,1.0,0.0,0.0,True,0.194625,0.13351853051207696,False,False,"",3.2,"",0,"[]","[]",0,False,False,"",""
"bc1pyepz0kzq8snxqpjl8ts3cqpj8jwk7rfzd0xs8kyrn7e3e6rz9hkqzu8ahv","bitcoin","BTC",7.68463686,0.0,"BTC",499501.3959,241,0,0,1,1,1.0,0.0,0.0,True,0.194625,0.13351853051207696,False,False,"",3.2,"",0,"[]","[]",0,False,False,"",""
"bc1pyz8x05d3e3rztmv3ha827hymplazcaqf8gcxm56tfdyr4m6pejvqzalp7p","bitcoin","BTC",5.0331648,0.0,"BTC",327155.712,240,0,0,1,1,1.0,0.0,0.0,True,0.190725,0.1337542220702494,False,False,"",3.2,"",0,"[]","[]",0,False,False,"",""
"bc1pw2sr3kg9fl2aszagl43n5shjvxyu9638f9hrkvegpqnzpjjm3ztq9ywwae","bitcoin","BTC",4.67664896,0.0,"BTC",303982.1824,223,0,0,1,1,1.0,0.0,0.0,True,0.1482,0.13413317738929598,False,False,"",3.2,"",0,"[]","[]",0,False,False,"",""
"bc1pup3lra4j5lc7al0s0cflcl56qyf9yyl5rw5j7wurch0t0szd65ns5cxxke","bitcoin","BTC",4.67664896,0.0,"BTC",303982.1824,223,0,0,1,1,1.0,0.0,0.0,True,0.1482,0.13413317738929598,False,False,"",3.2,"",0,"[]","[]",0,False,False,"",""
"bc1pn0k2azcr2wh79ht5gsrk82dlcmj4xdesyuzdz7ec9z5d4m7ymyxsadw7kh","bitcoin","BTC",4.67664896,0.0,"BTC",303982.1824,223,0,0,1,1,1.0,0.0,0.0,True,0.1482,0.13413317738929598,False,False,"",3.2,"",0,"[]","[]",0,False,False,"",""
"bc1p2lf2s3re33ffc7s48c5pevlyqgk4eyuxfp954lurruhe73tcntjspgy720","bitcoin","BTC",4.67664896,0.0,"BTC",303982.1824,223,0,0,1,1,1.0,0.0,0.0,True,0.1482,0.13413317738929598,False,False,"",3.2,"",0,"[]","[]",0,False,False,"",""
"bc1pmfthhxl2gngrg4l078d2uxvy0a2vvmd4l54mjgr6a8u09ktfavmsk2d588","bitcoin","BTC",4.67664896,0.0,"BTC",303982.1824,223,0,0,1,1,1.0,0.0,0.0,True,0.1482,0.13413317738929598,False,False,"",3.2,"",0,"[]","[]",0,False,False,"",""
"bc1ppsvyggv2fu5ljlrnsvdr0qvgn6d7ntdwdxttsfps3f2zxmsvwkzquc9mmt","bitcoin","BTC",4.67664896,0.0,"BTC",303982.1824,223,0,0,1,1,1.0,0.0,0.0,True,0.1482,0.13413317738929598,False,False,"",3.2,"",0,"[]","[]",0,False,False,"",""
"bc1p0y08yemhpp2vggzgvgw7ahjrxzu5cden72vawunljfaejzadmxfsxq88rq","bitcoin","BTC",4.67664896,0.0,"BTC",303982.1824,223,0,0,1,1,1.0,0.0,0.0,True,0.1482,0.13413317738929598,False,False,"",3.2,"",0,"[]","[]",0,False,False,"",""
"bc1pr8hd7fjskz0kryv9k9q6nvy9cnuag6u47678xap20x6smkr2uc0s2rxul7","bitcoin","BTC",0.74186752,0.0,"BTC",48221.3888,283,0,0,1,1,1.0,0.0,0.0,True,0.34365,0.13471834318200154,False,False,"",3.1,"",0,"[]","[]",0,False,False,"",""
"bc1p2dkvqje4qdm0rqhgfyyffukqnap73zvcyk086qezmdwxv360r67qqukczu","bitcoin","BTC",0.74186752,0.0,"BTC",48221.3888,283,0,0,1,1,1.0,0.0,0.0,True,0.34365,0.13471834318200154,False,False,"",3.1,"",0,"[]","[]",0,False,False,"",""
"bc1pljmyv7wykmedwg3d4yz8ts4c3taetwyg269mjqxhfeke8z06mx6sg2fmk2","bitcoin","BTC",0.74186752,0.0,"BTC",48221.3888,283,0,0,1,1,1.0,0.0,0.0,True,0.34365,0.13471834318200154,False,False,"",3.1,"",0,"[]","[]",0,False,False,"",""
"bc1ppaj4whjvamrsz0nr20q36szawgp7l0k7ns9qkac7xnhussssyj0sk2h2gm","bitcoin","BTC",0.74186752,0.0,"BTC",48221.3888,283,0,0,1,1,1.0,0.0,0.0,True,0.34365,0.13471834318200154,False,False,"",3.1,"",0,"[]","[]",0,False,False,"",""
"bc1pkdf8z2j29qkxac3wuedk3d75vlupkc9rn6rw2hgfrm4aqpyu4uxsatqnnq","bitcoin","BTC",0.74186752,0.0,"BTC",48221.3888,283,0,0,1,1,1.0,0.0,0.0,True,0.34365,0.13471834318200154,False,False,"",3.1,"",0,"[]","[]",0,False,False,"",""
"bc1puzmnnu9a7m53smnyrff6vyvc6a2fcrxewdm4ync0pl7mr2pjpf4qcwthz2","bitcoin","BTC",0.74186752,0.0,"BTC",48221.3888,283,0,0,1,1,1.0,0.0,0.0,True,0.34365,0.13471834318200154,False,False,"",3.1,"",0,"[]","[]",0,False,False,"",""
"bc1p9hcnhq75dg2d6ncw2wcx7hh690drygcahmn7n4y3l5uepgkf7cqsnnel66","bitcoin","BTC",0.74186752,0.0,"BTC",48221.3888,283,0,0,1,1,1.0,0.0,0.0,True,0.34365,0.13471834318200154,False,False,"",3.1,"",0,"[]","[]",0,False,False,"",""
"bc1p0e6lph85532al5dj8y8qugq9hx54wpg242l38x0yhmr9lze0dl9qwey9zr","bitcoin","BTC",5.5574528,0.0,"BTC",361234.43200000003,265,0,0,1,1,1.0,0.0,0.0,True,0.28049999999999997,0.134434371125366,False,False,"",3.1,"",0,"[]","[]",0,False,False,"",""
"bc1pwyc38tryrukwjcktgqxuef9qa4a29lehysq0nh9rra4lanc68teqn7czwn","bitcoin","BTC",5.5574528,0.0,"BTC",361234.43200000003,265,0,0,1,1,1.0,0.0,0.0,True,0.28049999999999997,0.134434371125366,False,False,"",3.1,"",0,"[]","[]",0,False,False,"",""
"bc1pv8s6qgyq92le3yqcn05j0u8dsguf2u5hv8a24lgfny9cl9qfwhms8yu33e","bitcoin","BTC",5.5574528,0.0,"BTC",361234.43200000003,265,0,0,1,1,1.0,0.0,0.0,True,0.28049999999999997,0.134434371125366,False,False,"",3.1,"",0,"[]","[]",0,False,False,"",""
"bc1p0yvcmmmgd0flah5pf56ut92ztchrp8gw9rr8em2pqzd0yfme9npqwdywc7","bitcoin","BTC",8.35425252,0.0,"BTC",543026.4138,261,0,0,1,1,1.0,0.0,0.0,True,0.26175000000000004,0.13441446011487607,False,False,"",3.1,"",0,"[]","[]",0,False,False,"",""
"bc1pncph895tkmm56nxwljwckk0yxmhdvnqjx6zefujzjd5fs57lfkfqhtg9dn","bitcoin","BTC",8.35425252,0.0,"BTC",543026.4138,261,0,0,1,1,1.0,0.0,0.0,True,0.26175000000000004,0.13441446011487607,False,False,"",3.1,"",0,"[]","[]",0,False,False,"",""
"bc1pw9rs54tfhspplvu5q3gvtpz9wpadzd873t9ke6wj4nfh45c4m5eqrvqgeu","bitcoin","BTC",8.35425252,0.0,"BTC",543026.4138,261,0,0,1,1,1.0,0.0,0.0,True,0.26175000000000004,0.13441446011487607,False,False,"",3.1,"",0,"[]","[]",0,False,False,"",""
"bc1pwlu2hd4fs5jmx7ze92yutxc8yzww7gd95wd5p2s9rvndhzf79w6q36ghtf","bitcoin","BTC",12.8,0.0,"BTC",832000.0,256,0,0,1,1,1.0,0.0,0.0,True,0.2397,0.13483533728103958,False,False,"",3.1,"",0,"[]","[]",0,False,False,"",""
"bc1pmxkgr3xnk09g7t88qumh9ve27lxdgegr78sjhldq9phs2ukxnnfss2rusn","bitcoin","BTC",12.8,0.0,"BTC",832000.0,256,0,0,1,1,1.0,0.0,0.0,True,0.2397,0.13483533728103958,False,False,"",3.1,"",0,"[]","[]",0,False,False,"",""
"bc1pnrqfv3sjunu34sufum982vufs9agds63u49m6h5q4h54enpj52lsmkh9r5","bitcoin","BTC",0.90699264,0.0,"BTC",58954.5216,256,0,0,1,1,1.0,0.0,0.0,True,0.2397,0.13473565717306163,False,False,"",3.1,"",0,"[]","[]",0,False,False,"",""
"bc1pchqyx3wqcqq6e88z43ejphynkl93d8wg68m2cj3cl24856pneduqmyr23v","bitcoin","BTC",0.90699264,0.0,"BTC",58954.5216,256,0,0,1,1,1.0,0.0,0.0,True,0.2397,0.13473565717306163,False,False,"",3.1,"",0,"[]","[]",0,False,False,"",""
"bc1p6r7zt7jqtfxlm3n9s9y94ysv7q23ftt2jpcnph57xuufhqq3vctsfk99hk","bitcoin","BTC",12.8,0.0,"BTC",832000.0,256,0,0,1,1,1.0,0.0,0.0,True,0.2397,0.13483533728103958,False,False,"",3.1,"",0,"[]","[]",0,False,False,"",""
"bc1pr0wp6220vhykwvrampsknvukyuvnvqgut9wkcn4gxqge3drkhe7qr4z4m3","bitcoin","BTC",12.8,0.0,"BTC",832000.0,256,0,0,1,1,1.0,0.0,0.0,True,0.2397,0.13483533728103958,False,False,"",3.1,"",0,"[]","[]",0,False,False,"",""
"bc1plcge8zsz4q2tgvuytqj4kw6j7ag2c4e0dfupmpydq3ga9u2cz27szuk8hv","bitcoin","BTC",12.8,0.0,"BTC",832000.0,256,0,0,1,1,1.0,0.0,0.0,True,0.2397,0.13483533728103958,False,False,"",3.1,"",0,"[]","[]",0,False,False,"",""
"bc1qznhg0ruxztnkkpmccpn6guma5ptxnm8nzfg9rk","bitcoin","BTC",12.8,0.0,"BTC",832000.0,256,0,0,1,1,1.0,0.0,0.0,True,0.2397,0.13483533728103958,False,False,"",3.1,"",0,"[]","[]",0,False,False,"",""
"bc1p334ry7uynrcky7td3fxewqlyyp7chu2cvsu7h84alympu837jh5q5ptxng","bitcoin","BTC",0.90699264,0.0,"BTC",58954.5216,256,0,0,1,1,1.0,0.0,0.0,True,0.2397,0.13473565717306163,False,False,"",3.1,"",0,"[]","[]",0,False,False,"",""
"bc1pa4m9kukt8q0r28t8gr7q3qf4fxrdc65xxjlxyw2f7x8y4tqnz4hqg5p2jq","bitcoin","BTC",12.8,0.0,"BTC",832000.0,256,0,0,1,1,1.0,0.0,0.0,True,0.2397,0.13483533728103958,False,False,"",3.1,"",0,"[]","[]",0,False,False,"",""
"bc1pp4udzn3nsxln0wtp4mjtyqemdduj97qxwh7th9dgyaflshc4s88sflxf9r","bitcoin","BTC",12.8,0.0,"BTC",832000.0,256,0,0,1,1,1.0,0.0,0.0,True,0.2397,0.13483533728103958,False,False,"",3.1,"",0,"[]","[]",0,False,False,"",""
"bc1prv698ld5f2qmssl36sy46aw7qhffsa04gq5v6xn7zpykmq382x8sc53a5a","bitcoin","BTC",0.90699264,0.0,"BTC",58954.5216,256,0,0,1,1,1.0,0.0,0.0,True,0.2397,0.13473565717306163,False,False,"",3.1,"",0,"[]","[]",0,False,False,"",""
"bc1p4j378hwywghesad974st4dymk8h0wmat9w95z5jg3s50cwer3kystpzgal","bitcoin","BTC",12.8,0.0,"BTC",832000.0,256,0,0,1,1,1.0,0.0,0.0,True,0.2397,0.13483533728103958,False,False,"",3.1,"",0,"[]","[]",0,False,False,"",""
"bc1pacs0cvnxf7yjv6azf4sf7ntm82jmrqw6yg9fqjsx768ysfndqqgq59vxqy","bitcoin","BTC",0.8503056,0.0,"BTC",55269.864,240,0,0,1,1,1.0,0.0,0.0,True,0.190725,0.13491096651399115,False,False,"",3.1,"",0,"[]","[]",0,False,False,"",""
"bc1pmj8cu5cq2mtmktshz9dufuqs3mjgezqw663k6yu0jz2sjxcks9dsqckczv","bitcoin","BTC",0.8503056,0.0,"BTC",55269.864,240,0,0,1,1,1.0,0.0,0.0,True,0.190725,0.13491096651399115,False,False,"",3.1,"",0,"[]","[]",0,False,False,"",""
"bc1p7cm88yfvchrwdpy8mt63tcx7rltpxj79v428h5j2p43r2n7h3zpqhcrksh","bitcoin","BTC",0.8503056,0.0,"BTC",55269.864,240,0,0,1,1,1.0,0.0,0.0,True,0.190725,0.13491096651399115,False,False,"",3.1,"",0,"[]","[]",0,False,False,"",""
"bc1pkf25er4jzl5mevgl4udzqt7kmujuzvkpzzrhug5uhs85nxcvpp9shdtyp2","bitcoin","BTC",0.8503056,0.0,"BTC",55269.864,240,0,0,1,1,1.0,0.0,0.0,True,0.190725,0.13491096651399115,False,False,"",3.1,"",0,"[]","[]",0,False,False,"",""
"bc1pq9t4fky3ar3r67xfjaqdnssek0dnsuuhndxmyfw7lhg4j8navx5qu6nlna","bitcoin","BTC",0.8503056,0.0,"BTC",55269.864,240,0,0,1,1,1.0,0.0,0.0,True,0.190725,0.13491096651399115,False,False,"",3.1,"",0,"[]","[]",0,False,False,"",""
"bc1px0tfd0y6w9wq6krtzvx4ew669gczh4xmuxh9x3j3hjqgqfaeut5q7fq0ck","bitcoin","BTC",0.8503056,0.0,"BTC",55269.864,240,0,0,1,1,1.0,0.0,0.0,True,0.190725,0.13491096651399115,False,False,"",3.1,"",0,"[]","[]",0,False,False,"",""
"bc1py0p4hnusjcuk8pdaa63wprgydp6lpq8tqensfxgxvvu96kyegmmqpu2sys","bitcoin","BTC",0.8503056,0.0,"BTC",55269.864,240,0,0,1,1,1.0,0.0,0.0,True,0.190725,0.13491096651399115,False,False,"",3.1,"",0,"[]","[]",0,False,False,"",""
"bc1pfunmdv608u49jpng7xh2mcmh7zpk3zktfe75uau6e6zklum2nqhq7tahrr","bitcoin","BTC",0.80424738,0.0,"BTC",52276.079699999995,227,0,0,1,1,1.0,0.0,0.0,True,0.16605,0.13511022660685396,False,False,"",3.1,"",0,"[]","[]",0,False,False,"",""
"bc1pxjqyqd4k4d9sfez3wfu6pja9z8ah89pj0a9e0d96a4vfmqlgfc8s0qr4c9","bitcoin","BTC",0.80424738,0.0,"BTC",52276.079699999995,227,0,0,1,1,1.0,0.0,0.0,True,0.16605,0.13511022660685396,False,False,"",3.1,"",0,"[]","[]",0,False,False,"",""
"bc1p82rsamjgpldnaj0myce6z83g3qmh77ndjladnd5c8pfsrs2p9xaqm00j53","bitcoin","BTC",0.80424738,0.0,"BTC",52276.079699999995,227,0,0,1,1,1.0,0.0,0.0,True,0.16605,0.13511022660685396,False,False,"",3.1,"",0,"[]","[]",0,False,False,"",""
"bc1ppp9v60exzc953y6mjs9d9rf9e85c58stfgvv7lkhd6ca86dnrqvqyfe2aw","bitcoin","BTC",0.80424738,0.0,"BTC",52276.079699999995,227,0,0,1,1,1.0,0.0,0.0,True,0.16605,0.13511022660685396,False,False,"",3.1,"",0,"[]","[]",0,False,False,"",""
"bc1p2hpj8g0aasqz2y4ygpkgnkh3fzaz5pnzthsdf695f7fw6e7mh4esk4g8pk","bitcoin","BTC",0.80424738,0.0,"BTC",52276.079699999995,227,0,0,1,1,1.0,0.0,0.0,True,0.16605,0.13511022660685396,False,False,"",3.1,"",0,"[]","[]",0,False,False,"",""
"bc1pk3xz06vfxht4wehr97e8lv4q0zvk3t9vqamkwfy5ghe2k4cfspxs6fl65c","bitcoin","BTC",4.73956352,0.0,"BTC",308071.6288,226,0,0,1,1,1.0,0.0,0.0,True,0.16297499999999998,0.13479986816890877,False,False,"",3.1,"",0,"[]","[]",0,False,False,"",""
"bc1q2t64r863z979pwtd2qq49vlxylzxlazthcljj3","bitcoin","BTC",7.1744535,0.0,"BTC",466339.47750000004,225,0,0,1,1,1.0,0.0,0.0,True,0.159075,0.13493896840218683,False,False,"",3.1,"",0,"[]","[]",0,False,False,"",""
"bc1qg6djcgzd8gw968yjajgegkw5syf883rr7ae3s7","bitcoin","BTC",7.1744535,0.0,"BTC",466339.47750000004,225,0,0,1,1,1.0,0.0,0.0,True,0.159075,0.13493896840218683,False,False,"",3.1,"",0,"[]","[]",0,False,False,"",""
"bc1pnke3xswkg0e2zyxar8se8qyupnz7ataqf6erhr7cl9cpg5ndnenq9ydqt7","bitcoin","BTC",7.1744535,0.0,"BTC",466339.47750000004,225,0,0,1,1,1.0,0.0,0.0,True,0.159075,0.13493896840218683,False,False,"",3.1,"",0,"[]","[]",0,False,False,"",""
"bc1qhesnff5f38md4vjht5gy473pw7uf87gtr32qe3","bitcoin","BTC",7.1744535,0.0,"BTC",466339.47750000004,225,0,0,1,1,1.0,0.0,0.0,True,0.159075,0.13493896840218683,False,False,"",3.1,"",0,"[]","[]",0,False,False,"",""
"bc1pylj75j92w2pz0zamvg3sgrm8kl28cgay0u5ujyt2gnk0jvfa5exq0dcqcf","bitcoin","BTC",7.14256704,0.0,"BTC",464266.85760000005,224,0,0,1,1,1.0,0.0,0.0,True,0.152925,0.13510416342654813,False,False,"",3.1,"",0,"[]","[]",0,False,False,"",""
"bc1pgj2dnx6deuhr9sancw095h9kpxc97gx4qzjjhhnhfmchydq40uuq34wdsc","bitcoin","BTC",0.79361856,0.0,"BTC",51585.206399999995,224,0,0,1,1,1.0,0.0,0.0,True,0.152925,0.134900937250983,False,False,"",3.1,"",0,"[]","[]",0,False,False,"",""
"bc1phxpsztn6f8munaglts2jq4pgzg868yhj8h2c2fqtwfvsdmuazakqeqjx36","bitcoin","BTC",7.14256704,0.0,"BTC",464266.85760000005,224,0,0,1,1,1.0,0.0,0.0,True,0.152925,0.13510416342654813,False,False,"",3.1,"",0,"[]","[]",0,False,False,"",""
"bc1qganx79jss0uvd6uuld6n4xg933euq076f0gv6g","bitcoin","BTC",0.79361856,0.0,"BTC",51585.206399999995,224,0,0,1,1,1.0,0.0,0.0,True,0.152925,0.134900937250983,False,False,"",3.1,"",0,"[]","[]",0,False,False,"",""
"bc1pw4uttt9egzmze9h7w0apxff3lsetu0l4q364fzflha3pxjm9g9nqudd5sg","bitcoin","BTC",0.79361856,0.0,"BTC",51585.206399999995,224,0,0,1,1,1.0,0.0,0.0,True,0.152925,0.134900937250983,False,False,"",3.1,"",0,"[]","[]",0,False,False,"",""
"bc1qs8nhkrravkhafgzwu2kpghynv4r6p33w60vsds","bitcoin","BTC",0.79361856,0.0,"BTC",51585.206399999995,224,0,0,1,1,1.0,0.0,0.0,True,0.152925,0.134900937250983,False,False,"",3.1,"",0,"[]","[]",0,False,False,"",""
"bc1pep796yrnygr88uanf4wkg2735gzkqfh99skemhetv8veefcnh5qq7edl9w","bitcoin","BTC",0.79361856,0.0,"BTC",51585.206399999995,224,0,0,1,1,1.0,0.0,0.0,True,0.152925,0.134900937250983,False,False,"",3.1,"",0,"[]","[]",0,False,False,"",""
"bc1pxj30mqxdh5224l6vmakhsu8z2qa8f35yvalkx3ma8s77efvalhhsw9m4aj","bitcoin","BTC",0.79361856,0.0,"BTC",51585.206399999995,224,0,0,1,1,1.0,0.0,0.0,True,0.152925,0.134900937250983,False,False,"",3.1,"",0,"[]","[]",0,False,False,"",""
"bc1qkdqk9nx7x52w6zp5g7emq0jrdrnnk2m8zt06pk","bitcoin","BTC",4.48004763,0.0,"BTC",291203.09595,281,0,0,1,1,1.0,0.0,0.0,True,0.33757499999999996,0.1356210358764421,False,False,"",3.0,"",0,"[]","[]",0,False,False,"",""
"bc1pje22xyq4wd5wed475dn7s7dprc5yqqx5vjfj2rdp0k9pnzlwuz5suksazd","bitcoin","BTC",4.48004763,0.0,"BTC",291203.09595,281,0,0,1,1,1.0,0.0,0.0,True,0.33757499999999996,0.1356210358764421,False,False,"",3.0,"",0,"[]","[]",0,False,False,"",""
"bc1pdpc65xu3m2xc06c96x4x6dzyx3qeuqc0uyegr465u4dw0y9e266sv2fz4d","bitcoin","BTC",2.8166373,0.0,"BTC",183081.4245,265,0,0,1,1,1.0,0.0,0.0,True,0.28049999999999997,0.1359030641436792,False,False,"",3.0,"",0,"[]","[]",0,False,False,"",""
"bc1pdqfsz96y7qsl2dfwwhpqmuhgaje634s2avar5ft9taavg5cffu7qt37uyn","bitcoin","BTC",1.31072,0.0,"BTC",85196.8,250,0,0,1,1,1.0,0.0,0.0,True,0.233175,0.13558349930647734,False,False,"",3.0,"",0,"[]","[]",0,False,False,"",""
"bc1pzyhurgzswk8gtfsd2jgrx3q95sa7v26z2xysn5akzhqevz2pk0xsu8phd8","bitcoin","BTC",0.64487424,0.0,"BTC",41916.825600000004,246,0,0,1,1,1.0,0.0,0.0,True,0.2229,0.13550433651339744,False,False,"",3.0,"",0,"[]","[]",0,False,False,"",""
"bc1pwcvravnp6yhgz5le7cets5u23l227megmrsr72m0fyj7eem8uv0s54rp8x","bitcoin","BTC",0.64487424,0.0,"BTC",41916.825600000004,246,0,0,1,1,1.0,0.0,0.0,True,0.2229,0.13550433651339744,False,False,"",3.0,"",0,"[]","[]",0,False,False,"",""
"bc1pws200csvudmezwg7swc4s3r65zf56kpv2twxzn707w5wjr47gvuql04ewt","bitcoin","BTC",0.64487424,0.0,"BTC",41916.825600000004,246,0,0,1,1,1.0,0.0,0.0,True,0.2229,0.13550433651339744,False,False,"",3.0,"",0,"[]","[]",0,False,False,"",""
"bc1p2hrzyzg8tzq2x0asq7qkqxyf95uwa45k5d55czfamdq68mgmv2mqd04ps8","bitcoin","BTC",5.05413632,0.0,"BTC",328518.86079999997,241,0,0,1,1,1.0,0.0,0.0,True,0.194625,0.1356813415100646,False,False,"",3.0,"",0,"[]","[]",0,False,False,"",""
"bc1p6z22wvruzv26qfg4zkxg80a4j747yn8kf37a3fc6r4xmhlh6qjsqsdc7dl","bitcoin","BTC",7.1744535,0.0,"BTC",466339.47750000004,225,0,0,1,1,1.0,0.0,0.0,True,0.159075,0.13533165725936946,False,False,"",3.0,"",0,"[]","[]",0,False,False,"",""
"bc1plpn42zv4tk54w4m9asw33zd5euc7f9g4c37hdnjsg0f6fhnnjl4qlu2y5c","bitcoin","BTC",7.1744535,0.0,"BTC",466339.47750000004,225,0,0,1,1,1.0,0.0,0.0,True,0.159075,0.13533165725936946,False,False,"",3.0,"",0,"[]","[]",0,False,False,"",""
"bc1pag50eyxwdughyck87qqgxet0vlse3h25wg07vx9kahmldujqmpvs04wzuu","bitcoin","BTC",7.1744535,0.0,"BTC",466339.47750000004,225,0,0,1,1,1.0,0.0,0.0,True,0.159075,0.13533165725936946,False,False,"",3.0,"",0,"[]","[]",0,False,False,"",""
"bc1pmury88mdy5nu94z83lkjrl04y80l5fg7l35quem208v29ssthscq8882k3","bitcoin","BTC",2.38085568,0.0,"BTC",154755.6192,224,0,0,1,1,1.0,0.0,0.0,True,0.152925,0.13526306390937604,False,False,"",3.0,"",0,"[]","[]",0,False,False,"",""
"bc1p6lzxup0607gg2fulu4jaseh8n9a8ta8u96u69jw4q6j7el5lr7ystvaagr","bitcoin","BTC",1.19042784,0.0,"BTC",77377.8096,224,0,0,1,1,1.0,0.0,0.0,True,0.152925,0.13522088531123239,False,False,"",3.0,"",0,"[]","[]",0,False,False,"",""
"bc1ppf9kdv8y6sj9w4y36ga7ga9vnzc0z53mx0hvgfvpva8ug707073sl3jlz7","bitcoin","BTC",1.19042784,0.0,"BTC",77377.8096,224,0,0,1,1,1.0,0.0,0.0,True,0.152925,0.13522088531123239,False,False,"",3.0,"",0,"[]","[]",0,False,False,"",""
"bc1pj72wnjc6rjtymex8sg6ys9n9e2tcfufjshlefvkwy04ct8h7zq6sf6a55g","bitcoin","BTC",1.19042784,0.0,"BTC",77377.8096,224,0,0,1,1,1.0,0.0,0.0,True,0.152925,0.13522088531123239,False,False,"",3.0,"",0,"[]","[]",0,False,False,"",""
"bc1phpqmdqhc3yjptppkwr633lsk772kraps3nursrj68mspmqr6kzzs82w6fw","bitcoin","BTC",1.19042784,0.0,"BTC",77377.8096,224,0,0,1,1,1.0,0.0,0.0,True,0.152925,0.13522088531123239,False,False,"",3.0,"",0,"[]","[]",0,False,False,"",""
"bc1pdtl9uqsxytqcw34uvaf0red4l9d2qw40r7857mg2stz0qksfjvqsfnp6dm","bitcoin","BTC",1.00265202,0.0,"BTC",65172.3813,283,0,0,1,1,1.0,0.0,0.0,True,0.34365,0.13629004143616824,False,False,"",2.9,"",0,"[]","[]",0,False,False,"",""
"bc1q77a6au7nhqqxtk7mtzzusm8202aa4vsdcjq9jl","bitcoin","BTC",1.00265202,0.0,"BTC",65172.3813,283,0,0,1,1,1.0,0.0,0.0,True,0.34365,0.13629004143616824,False,False,"",2.9,"",0,"[]","[]",0,False,False,"",""
"bc1p7hmgh00kkmyrytx5d3rn2s8xcz3ezvmsgk2e7825ytsf0wwevecq3yavjg","bitcoin","BTC",1.00265202,0.0,"BTC",65172.3813,283,0,0,1,1,1.0,0.0,0.0,True,0.34365,0.13629004143616824,False,False,"",2.9,"",0,"[]","[]",0,False,False,"",""
"bc1pq42ntf2vgeymn06leauarark6twnu604glv69aey4xhkp9p6n93szcdzsd","bitcoin","BTC",8.96009526,0.0,"BTC",582406.1919,281,0,0,1,1,1.0,0.0,0.0,True,0.33757499999999996,0.1360621170959515,False,False,"",2.9,"",0,"[]","[]",0,False,False,"",""
"bc1qcxz8ahsqm62plmz33zyw0s2zm25uczdq640ygm","bitcoin","BTC",8.96009526,0.0,"BTC",582406.1919,281,0,0,1,1,1.0,0.0,0.0,True,0.33757499999999996,0.1360621170959515,False,False,"",2.9,"",0,"[]","[]",0,False,False,"",""
"bc1py02fue5r7xp7jcwdpg3cefl8lp9fwxxp3h3v0yh86s07ym78hvvqzyw4nv","bitcoin","BTC",8.96009526,0.0,"BTC",582406.1919,281,0,0,1,1,1.0,0.0,0.0,True,0.33757499999999996,0.1360621170959515,False,False,"",2.9,"",0,"[]","[]",0,False,False,"",""
"bc1ppy4p4jckna4vtlhvldyn0n0l864pfcae6ldg5qfgy26tjf54kndqff4vwe","bitcoin","BTC",8.96009526,0.0,"BTC",582406.1919,281,0,0,1,1,1.0,0.0,0.0,True,0.33757499999999996,0.1360621170959515,False,False,"",2.9,"",0,"[]","[]",0,False,False,"",""
"bc1p0t0vezcgj8wxqj2yz84022erj2rsr4rqy0u5lmhx6kjnuqhu2puqu8rmmd","bitcoin","BTC",8.96009526,0.0,"BTC",582406.1919,281,0,0,1,1,1.0,0.0,0.0,True,0.33757499999999996,0.1360621170959515,False,False,"",2.9,"",0,"[]","[]",0,False,False,"",""
"bc1pp7w69ayjve88cucmctt70qu64ve7w2cdr9x5nk54jjwxqz5f73fqqrf9ga","bitcoin","BTC",13.5,0.0,"BTC",877500.0,269,0,0,1,1,1.0,0.0,0.0,True,0.28522499999999995,0.13600496449803318,False,False,"",2.9,"",0,"[]","[]",0,False,False,"",""
"bc1pkcta8gmc2w80s3e2dkynv04j5nddvnad29mhq2nsftettqvkpwds3xqrj8","bitcoin","BTC",13.5,0.0,"BTC",877500.0,269,0,0,1,1,1.0,0.0,0.0,True,0.28522499999999995,0.13600496449803318,False,False,"",2.9,"",0,"[]","[]",0,False,False,"",""
"bc1pdwvxmtmfv7zt54a5j8rgga57hlh8yf5e4lzxtgzwt4qkwkalrkxqv7t7lq","bitcoin","BTC",13.5,0.0,"BTC",877500.0,269,0,0,1,1,1.0,0.0,0.0,True,0.28522499999999995,0.13600496449803318,False,False,"",2.9,"",0,"[]","[]",0,False,False,"",""
"bc1prsd9jkw09u9vsr59afs6dn49c5c7vcj0u3j50kywx3lln8yar55spv2jzh","bitcoin","BTC",13.2,0.0,"BTC",858000.0,264,0,0,1,1,1.0,0.0,0.0,True,0.27585,0.13624706429618139,False,False,"",2.9,"",0,"[]","[]",0,False,False,"",""
"bc1p82lp3gae6zkkupathm7v79wt40j8k7unxz56qp9gd05h4a9ltuuspj24sq","bitcoin","BTC",13.2,0.0,"BTC",858000.0,264,0,0,1,1,1.0,0.0,0.0,True,0.27585,0.13624706429618139,False,False,"",2.9,"",0,"[]","[]",0,False,False,"",""
"bc1pq4yateqaasuk0pnjvvs8dzl5h7c0lsfpxr9r6ajyq5d882del3es8avl6a","bitcoin","BTC",0.6422528,0.0,"BTC",41746.432,245,0,0,1,1,1.0,0.0,0.0,True,0.21247500000000002,0.13606483182195073,False,False,"",2.9,"",0,"[]","[]",0,False,False,"",""
"bc1p2s3a83vk8338cr36mz43z78awfrjk6xjzqxzaujq0222a0u5ty3sjc59mw","bitcoin","BTC",0.6422528,0.0,"BTC",41746.432,245,0,0,1,1,1.0,0.0,0.0,True,0.21247500000000002,0.13606483182195073,False,False,"",2.9,"",0,"[]","[]",0,False,False,"",""
"bc1p6mjm2ggkvez9lwvhvdtlez36zcfgdn47g482n9pcpav2vhg0jfqshfra0v","bitcoin","BTC",0.6422528,0.0,"BTC",41746.432,245,0,0,1,1,1.0,0.0,0.0,True,0.21247500000000002,0.13606483182195073,False,False,"",2.9,"",0,"[]","[]",0,False,False,"",""
"bc1p2ucuq32vncmvzra8kpy42v0ssegtjmej8wsdum920jnym3mvr5dq8gwhp7","bitcoin","BTC",0.6422528,0.0,"BTC",41746.432,245,0,0,1,1,1.0,0.0,0.0,True,0.21247500000000002,0.13606483182195073,False,False,"",2.9,"",0,"[]","[]",0,False,False,"",""
"bc1pve73d437ssngmk6glza6wjqqr47rcs8zkfmjf5ewjvln45rzwl6qth7wc2","bitcoin","BTC",0.6422528,0.0,"BTC",41746.432,245,0,0,1,1,1.0,0.0,0.0,True,0.21247500000000002,0.13606483182195073,False,False,"",2.9,"",0,"[]","[]",0,False,False,"",""
"bc1pd0nyx6u7l27kdehxducg98jknhr7t0cwz4hcumgld5f7kl020nnskt8x4a","bitcoin","BTC",0.6422528,0.0,"BTC",41746.432,245,0,0,1,1,1.0,0.0,0.0,True,0.21247500000000002,0.13606483182195073,False,False,"",2.9,"",0,"[]","[]",0,False,False,"",""
"bc1pnh29xvyq7vnlradznx0zce8cu5sqzp53y7ujhtttat6y5akatqaqg5j520","bitcoin","BTC",0.6422528,0.0,"BTC",41746.432,245,0,0,1,1,1.0,0.0,0.0,True,0.21247500000000002,0.13606483182195073,False,False,"",2.9,"",0,"[]","[]",0,False,False,"",""
"bc1p545e8kzyt55fl9ekw0ztzfaqrdds6tev3m7n2lafjvs5rx6e22fqc042t7","bitcoin","BTC",0.6422528,0.0,"BTC",41746.432,245,0,0,1,1,1.0,0.0,0.0,True,0.21247500000000002,0.13606483182195073,False,False,"",2.9,"",0,"[]","[]",0,False,False,"",""
"bc1pj58j7vvlrlh6sqtnlxe2f070w6x334rcx2g04sgcv8g6l02k96msapmyj6","bitcoin","BTC",0.6422528,0.0,"BTC",41746.432,245,0,0,1,1,1.0,0.0,0.0,True,0.21247500000000002,0.13606483182195073,False,False,"",2.9,"",0,"[]","[]",0,False,False,"",""
"bc1pcpgn9xdgufscnawlt2ejr5e467zy6vr0gh822mxxygpf5dkefg4ssqv0xt","bitcoin","BTC",0.6422528,0.0,"BTC",41746.432,245,0,0,1,1,1.0,0.0,0.0,True,0.21247500000000002,0.13606483182195073,False,False,"",2.9,"",0,"[]","[]",0,False,False,"",""
"bc1p0dsvfs42kkf67zwv6rlf4rm64v8dj8dlgg0dyf2drcxsnsl2ke5srs45wf","bitcoin","BTC",0.6422528,0.0,"BTC",41746.432,245,0,0,1,1,1.0,0.0,0.0,True,0.21247500000000002,0.13606483182195073,False,False,"",2.9,"",0,"[]","[]",0,False,False,"",""
"bc1pnzxjgtvejnsh8qzexhny56tpu8f6094f0n2e30jvm47vde7gwhrs76zujm","bitcoin","BTC",0.6422528,0.0,"BTC",41746.432,245,0,0,1,1,1.0,0.0,0.0,True,0.21247500000000002,0.13606483182195073,False,False,"",2.9,"",0,"[]","[]",0,False,False,"",""
"bc1pf97ayve47tzwzzntqgs8le5lvw6rjcgsslq8g6ehkpg79zesz2vquvmxjw","bitcoin","BTC",0.6422528,0.0,"BTC",41746.432,245,0,0,1,1,1.0,0.0,0.0,True,0.21247500000000002,0.13606483182195073,False,False,"",2.9,"",0,"[]","[]",0,False,False,"",""
"bc1pfuvlgx7h08uf8d8xkxf8hh5vfmlfepppq2ctj2d7gkpzk49pw3hsr7yvyp","bitcoin","BTC",0.6422528,0.0,"BTC",41746.432,245,0,0,1,1,1.0,0.0,0.0,True,0.21247500000000002,0.13606483182195073,False,False,"",2.9,"",0,"[]","[]",0,False,False,"",""
"bc1pdv7jj3rddelgpu7zl434d4r05t07fyduhyl4t00zjhr6n6g380ts3p6nge","bitcoin","BTC",0.6422528,0.0,"BTC",41746.432,245,0,0,1,1,1.0,0.0,0.0,True,0.21247500000000002,0.13606483182195073,False,False,"",2.9,"",0,"[]","[]",0,False,False,"",""
"bc1pruv94at67rzls5hhpaq4pvs909wafjvhj6lmnt3jk27cfaxyd0ts8a5mmf","bitcoin","BTC",0.6422528,0.0,"BTC",41746.432,245,0,0,1,1,1.0,0.0,0.0,True,0.21247500000000002,0.13606483182195073,False,False,"",2.9,"",0,"[]","[]",0,False,False,"",""
"bc1p8rtlglczjfyvq39kr2g6l3lc6crxq7hs2chs0l95ev6xyguzakaqg0w9k9","bitcoin","BTC",0.6422528,0.0,"BTC",41746.432,245,0,0,1,1,1.0,0.0,0.0,True,0.21247500000000002,0.13606483182195073,False,False,"",2.9,"",0,"[]","[]",0,False,False,"",""
"bc1p77qv005j6pgh9mramzyypgvsr8qzzt4p90kcu8qyqrdv6tvqc0vs75l7ad","bitcoin","BTC",0.6422528,0.0,"BTC",41746.432,245,0,0,1,1,1.0,0.0,0.0,True,0.21247500000000002,0.13606483182195073,False,False,"",2.9,"",0,"[]","[]",0,False,False,"",""
"bc1pm56vn5scnrwm04c2jkglm6ek6xale4mvdufj6c808ym68xy5e5qsptgdrs","bitcoin","BTC",7.3338858,0.0,"BTC",476702.577,230,0,0,1,1,1.0,0.0,0.0,True,0.18015,0.13644919361435554,False,False,"",2.9,"",0,"[]","[]",0,False,False,"",""
"bc1pfyj3vyu4fntwvawk5k4pnlkukdtpag46y8pc23hgjfxfw9w2jq2sy23dg9","bitcoin","BTC",0.80070444,0.0,"BTC",52045.7886,226,0,0,1,1,1.0,0.0,0.0,True,0.16297499999999998,0.13608247771713472,False,False,"",2.9,"",0,"[]","[]",0,False,False,"",""
"bc1pgyjv98z39leq2nay33r4v5vwrej08rad5cw2f8f6jdvwu9sn82mq74amqv","bitcoin","BTC",0.80070444,0.0,"BTC",52045.7886,226,0,0,1,1,1.0,0.0,0.0,True,0.16297499999999998,0.13608247771713472,False,False,"",2.9,"",0,"[]","[]",0,False,False,"",""
"bc1p2qacmrlrzf5w4vv5hjjwjsv92ugf4e79fc4xxj3038euqle00phqchal8t","bitcoin","BTC",0.7971615,0.0,"BTC",51815.4975,225,0,0,1,1,1.0,0.0,0.0,True,0.159075,0.13654059701785204,False,False,"",2.9,"",0,"[]","[]",0,False,False,"",""
"bc1p3z5w7k7anmwjq7fm5hgyvr0euemy0wm2xt5lw059gpjzpl9y50hqeckxrw","bitcoin","BTC",2.3914845,0.0,"BTC",155446.4925,225,0,0,1,1,1.0,0.0,0.0,True,0.159075,0.13651021427155408,False,False,"",2.9,"",0,"[]","[]",0,False,False,"",""
"bc1pf0w5h9jcs05fr85use0fvwzvmh4ztugkysgxvsu66fcm7pzc9f0qqjxney","bitcoin","BTC",2.3914845,0.0,"BTC",155446.4925,225,0,0,1,1,1.0,0.0,0.0,True,0.159075,0.1363899151490826,False,False,"",2.9,"",0,"[]","[]",0,False,False,"",""
"bc1p0ae0xkzspywtsnyq3ql6327axza9ph0yvjsyjex9hf9e6ylduvrsnnthvs","bitcoin","BTC",0.7971615,0.0,"BTC",51815.4975,225,0,0,1,1,1.0,0.0,0.0,True,0.159075,0.13654059701785204,False,False,"",2.9,"",0,"[]","[]",0,False,False,"",""
"bc1py7n0qg4ylxgler4ga2wmamaqpkl23g7znpjgj8qfnhrhy46myx4sze38kp","bitcoin","BTC",2.3914845,0.0,"BTC",155446.4925,225,0,0,1,1,1.0,0.0,0.0,True,0.159075,0.13651021427155408,False,False,"",2.9,"",0,"[]","[]",0,False,False,"",""
"bc1py75yp6a0ul70jy5yxedxsls8q2e8gycre8pq3305msqls8cd7qsq3je3aj","bitcoin","BTC",2.3914845,0.0,"BTC",155446.4925,225,0,0,1,1,1.0,0.0,0.0,True,0.159075,0.13651021427155408,False,False,"",2.9,"",0,"[]","[]",0,False,False,"",""
"bc1pfzq96xllelepzvru035vx88tquce8jvvpgspe2skptptpnudl4uqq86375","bitcoin","BTC",0.7971615,0.0,"BTC",51815.4975,225,0,0,1,1,1.0,0.0,0.0,True,0.159075,0.13654059701785204,False,False,"",2.9,"",0,"[]","[]",0,False,False,"",""
"bc1pxg4swusdmjt0pegt5tsraz5m8ug4mxljpzuqtg6mflssfu3eckns4srawj","bitcoin","BTC",0.7971615,0.0,"BTC",51815.4975,225,0,0,1,1,1.0,0.0,0.0,True,0.159075,0.13654059701785204,False,False,"",2.9,"",0,"[]","[]",0,False,False,"",""
"bc1pcv6tkmnk2uepfegttksjttllccle5etv8yp433grgcde8mt90jdqfggw0d","bitcoin","BTC",2.3914845,0.0,"BTC",155446.4925,225,0,0,1,1,1.0,0.0,0.0,True,0.159075,0.1363899151490826,False,False,"",2.9,"",0,"[]","[]",0,False,False,"",""
"bc1pn8azk7k7gx78wzacf47pfnduwdmzzakt3ec3gyauvvtvccn6vu0ql8dwdr","bitcoin","BTC",0.7971615,0.0,"BTC",51815.4975,225,0,0,1,1,1.0,0.0,0.0,True,0.159075,0.13654059701785204,False,False,"",2.9,"",0,"[]","[]",0,False,False,"",""
"bc1p3c24g8vnl9taz22wlyhevd3u2jgyapkehxh4wazr59694ggacaaq6657rg","bitcoin","BTC",4.69762048,0.0,"BTC",305345.3312,224,0,0,1,1,1.0,0.0,0.0,True,0.152925,0.13638908806970634,False,False,"",2.9,"",0,"[]","[]",0,False,False,"",""
"bc1p6w4tnpqwuyfw4yactjdxczxjct4y7gpjqv425dwyzxh6rezrv9usk27rx3","bitcoin","BTC",4.69762048,0.0,"BTC",305345.3312,224,0,0,1,1,1.0,0.0,0.0,True,0.152925,0.13638908806970634,False,False,"",2.9,"",0,"[]","[]",0,False,False,"",""
"bc1pe6gxzr4vhhpwa5d0s48z7955n7lz73wy59p6naqs27enu5x9eujs0d75tq","bitcoin","BTC",4.69762048,0.0,"BTC",305345.3312,224,0,0,1,1,1.0,0.0,0.0,True,0.152925,0.13638908806970634,False,False,"",2.9,"",0,"[]","[]",0,False,False,"",""
"bc1pn6xpkc6em6apdu07d7m86a0rv35t020mqpsc3rcwrun5y3wweu9spg9wdz","bitcoin","BTC",4.69762048,0.0,"BTC",305345.3312,224,0,0,1,1,1.0,0.0,0.0,True,0.152925,0.13638908806970634,False,False,"",2.9,"",0,"[]","[]",0,False,False,"",""
"bc1pkahpp6fc8pg4vd5a9dvv0jwh3km2xw0sqzk3qqyta6m5qtftlmcqm83h6u","bitcoin","BTC",4.69762048,0.0,"BTC",305345.3312,224,0,0,1,1,1.0,0.0,0.0,True,0.152925,0.13638908806970634,False,False,"",2.9,"",0,"[]","[]",0,False,False,"",""
"bc1pa8rzpfgp4ld86fckrwjn44l25dwfxh2qvj2cj7u2vmt4uxs9rpzq2p0fd4","bitcoin","BTC",4.69762048,0.0,"BTC",305345.3312,224,0,0,1,1,1.0,0.0,0.0,True,0.152925,0.13638908806970634,False,False,"",2.9,"",0,"[]","[]",0,False,False,"",""
"bc1pwdug4xugt76m5zlxunkuaprta7cr8hwj09wrnu646shphu5k9lcqs66qmv","bitcoin","BTC",4.69762048,0.0,"BTC",305345.3312,224,0,0,1,1,1.0,0.0,0.0,True,0.152925,0.13638908806970634,False,False,"",2.9,"",0,"[]","[]",0,False,False,"",""
"bc1qr3t68r2axx43sqrvs8892wljkhvuhp3wj540eg","bitcoin","BTC",4.69762048,0.0,"BTC",305345.3312,224,0,0,1,1,1.0,0.0,0.0,True,0.152925,0.13638908806970634,False,False,"",2.9,"",0,"[]","[]",0,False,False,"",""
"bc1qf304e22728henh63ydf4akavf8yuqlx260uw6z","bitcoin","BTC",4.69762048,0.0,"BTC",305345.3312,224,0,0,1,1,1.0,0.0,0.0,True,0.152925,0.13638908806970634,False,False,"",2.9,"",0,"[]","[]",0,False,False,"",""
"bc1pykj9lgvrq6cpy3egft34asednzgh6vhqzw6xrx073mxd70l27yasrhacq5","bitcoin","BTC",3.00795606,0.0,"BTC",195517.1439,283,0,0,1,1,1.0,0.0,0.0,True,0.34365,0.13678684432169907,False,False,"",2.8,"",0,"[]","[]",0,False,False,"",""
"bc1p9g98eeeh7yxhzy4vjmn7370sf6u46agz3jug6ul7lhj47fuq2kkq5nmu7x","bitcoin","BTC",3.00795606,0.0,"BTC",195517.1439,283,0,0,1,1,1.0,0.0,0.0,True,0.34365,0.13678684432169907,False,False,"",2.8,"",0,"[]","[]",0,False,False,"",""
"bc1ph4wr0vk5l2j02cgfw5equk9daqgvkh059unrq0uuk5pjkgfld4zswzrvsc","bitcoin","BTC",8.9282088,0.0,"BTC",580333.572,280,0,0,1,1,1.0,0.0,0.0,True,0.33089999999999997,0.13709970871060623,False,False,"",2.8,"",0,"[]","[]",0,False,False,"",""
"bc1p6n4vx0ehz6xp3jlqg3t9952wm0sxhk8kjwawf0l3xwpy0q7qmuzq3w3lx5","bitcoin","BTC",8.9282088,0.0,"BTC",580333.572,280,0,0,1,1,1.0,0.0,0.0,True,0.33089999999999997,0.13709970871060623,False,False,"",2.8,"",0,"[]","[]",0,False,False,"",""
"bc1pd9tt9lzt0fgrdq8l59zw8s8vglxph8naktaeu2hy27fsfk65084syle23d","bitcoin","BTC",8.9282088,0.0,"BTC",580333.572,280,0,0,1,1,1.0,0.0,0.0,True,0.33089999999999997,0.13709970871060623,False,False,"",2.8,"",0,"[]","[]",0,False,False,"",""
"bc1pg6psdr4scdpzcfgejy6qu02d76m7s5hdgj6aa59j72ythh4wuvns43e6dw","bitcoin","BTC",13.55,0.0,"BTC",880750.0,271,0,0,1,1,1.0,0.0,0.0,True,0.30555,0.13694481279174664,False,False,"",2.8,"",0,"[]","[]",0,False,False,"",""
"bc1pa3dvljt5dk0sucn4mmcjapfkjn95gafdmtj49yawlg6emrmat52q6glhy6","bitcoin","BTC",13.55,0.0,"BTC",880750.0,271,0,0,1,1,1.0,0.0,0.0,True,0.30555,0.13694481279174664,False,False,"",2.8,"",0,"[]","[]",0,False,False,"",""
"bc1pf5qmsqvpztk6j9th73yf3adq0m7xvqru6vvkjahqu7huv9u4qvcqate636","bitcoin","BTC",12.25,0.0,"BTC",796250.0,245,0,0,1,1,1.0,0.0,0.0,True,0.21247500000000002,0.13727326074530227,False,False,"",2.8,"",0,"[]","[]",0,False,False,"",""
"bc1pcf43xd4x90afkdwwt7m36573806lftvtzjglwpctlrj68jx52fys35ht3y","bitcoin","BTC",12.25,0.0,"BTC",796250.0,245,0,0,1,1,1.0,0.0,0.0,True,0.21247500000000002,0.13727326074530227,False,False,"",2.8,"",0,"[]","[]",0,False,False,"",""
"bc1pptaa6fxhyemzu8vt8vc7ax7k7rvehhy049wkxh9yah5a04ahj6lslpd02v","bitcoin","BTC",12.25,0.0,"BTC",796250.0,245,0,0,1,1,1.0,0.0,0.0,True,0.21247500000000002,0.13727326074530227,False,False,"",2.8,"",0,"[]","[]",0,False,False,"",""
"bc1pxfwuxe4qy33fxlym8w02t3w0pgx65udyg33ks8lhajsr4nr4nntqdxh6vr","bitcoin","BTC",12.25,0.0,"BTC",796250.0,245,0,0,1,1,1.0,0.0,0.0,True,0.21247500000000002,0.13727326074530227,False,False,"",2.8,"",0,"[]","[]",0,False,False,"",""
"bc1p8hsel5lpr5r5aceady4ytmrq6atwt80dz49a4y7nweppf7nvhfqqf62g6m","bitcoin","BTC",2.5509168,0.0,"BTC",165809.592,240,0,0,1,1,1.0,0.0,0.0,True,0.190725,0.1374957402545562,False,False,"",2.8,"",0,"[]","[]",0,False,False,"",""
"bc1pl895y4jxun3m6r4d83rhhnp8ygc4m3vdpz2u9axsjn4vvhxedtyqlytja4","bitcoin","BTC",2.5509168,0.0,"BTC",165809.592,240,0,0,1,1,1.0,0.0,0.0,True,0.190725,0.1374957402545562,False,False,"",2.8,"",0,"[]","[]",0,False,False,"",""
"bc1pxqzdsl5qcm2yzrn9c20m3cl8tncq6gmer7mwtn0vfgecaks383wseehy0n","bitcoin","BTC",2.5509168,0.0,"BTC",165809.592,240,0,0,1,1,1.0,0.0,0.0,True,0.190725,0.1374957402545562,False,False,"",2.8,"",0,"[]","[]",0,False,False,"",""
"bc1p3slf02n0kw974vmd9049m0fzsx8llgyrptcgs7yxh3cdh4zk7cdq2ku297","bitcoin","BTC",2.5509168,0.0,"BTC",165809.592,240,0,0,1,1,1.0,0.0,0.0,True,0.190725,0.1374957402545562,False,False,"",2.8,"",0,"[]","[]",0,False,False,"",""
"bc1pvv79t7sn5luqu7j8p43mk8z4paylygquec2w0flswl8t5l7w8x6s3aqwxt","bitcoin","BTC",2.5509168,0.0,"BTC",165809.592,240,0,0,1,1,1.0,0.0,0.0,True,0.190725,0.1374957402545562,False,False,"",2.8,"",0,"[]","[]",0,False,False,"",""
"bc1p0hd2gxtn7yvsrt2995mukvnpgahah2ey52clckmh0lhehpqzqxvsvtawxf","bitcoin","BTC",2.5509168,0.0,"BTC",165809.592,240,0,0,1,1,1.0,0.0,0.0,True,0.190725,0.1374957402545562,False,False,"",2.8,"",0,"[]","[]",0,False,False,"",""
"bc1pptfz47u7jczp24a66emme4nw62r4sd8dfrgjz2sry8r7w0535p5qx2qgmv","bitcoin","BTC",2.5509168,0.0,"BTC",165809.592,240,0,0,1,1,1.0,0.0,0.0,True,0.190725,0.1374957402545562,False,False,"",2.8,"",0,"[]","[]",0,False,False,"",""
"bc1p8zcgr7pnlevr5af9546sclyfdx0frwkkcw0kdwyhc06dhq6snp9ste48jc","bitcoin","BTC",2.5509168,0.0,"BTC",165809.592,240,0,0,1,1,1.0,0.0,0.0,True,0.190725,0.1374957402545562,False,False,"",2.8,"",0,"[]","[]",0,False,False,"",""
"bc1plk0h7n296huyuzzsjw4c5hcgt4s6uukkn4d09szgxmxxw4t5kgcqw3q925","bitcoin","BTC",2.45525742,0.0,"BTC",159591.7323,231,0,0,1,1,1.0,0.0,0.0,True,0.1851,0.13747328837411654,False,False,"",2.8,"",0,"[]","[]",0,False,False,"",""
"bc1p3fvsu9edy6dtjqwph8emhnr4hd9c4uuazc4vwt3x2694zt4p6wuq60y77a","bitcoin","BTC",0.81841914,0.0,"BTC",53197.2441,231,0,0,1,1,1.0,0.0,0.0,True,0.1851,0.13698487077275168,False,False,"",2.8,"",0,"[]","[]",0,False,False,"",""
"bc1p5sekmcyh6nae8ghg9e00u2kc9dckm0hlj2gncfpgzx6eeh4sjznq8s6ysa","bitcoin","BTC",2.45525742,0.0,"BTC",159591.7323,231,0,0,1,1,1.0,0.0,0.0,True,0.1851,0.13747328837411654,False,False,"",2.8,"",0,"[]","[]",0,False,False,"",""
"bc1p7hlvf48sp335s3jud0rj7nqyu9jkcw37y7gr4a3anjmweal3j6jqpuu7ej","bitcoin","BTC",0.81841914,0.0,"BTC",53197.2441,231,0,0,1,1,1.0,0.0,0.0,True,0.1851,0.13698487077275168,False,False,"",2.8,"",0,"[]","[]",0,False,False,"",""
"bc1pppez4gq68kudgdsnq5c0hde40tnlduq30lqttvkk23k9sm6elwaq4k9yu3","bitcoin","BTC",2.45525742,0.0,"BTC",159591.7323,231,0,0,1,1,1.0,0.0,0.0,True,0.1851,0.13747328837411654,False,False,"",2.8,"",0,"[]","[]",0,False,False,"",""
"bc1pygfl2l4yathly7ejmtxwyf89qys64qxq4mnsk4z8v0l6dt5ehhqshzy700","bitcoin","BTC",0.81841914,0.0,"BTC",53197.2441,231,0,0,1,1,1.0,0.0,0.0,True,0.1851,0.13698487077275168,False,False,"",2.8,"",0,"[]","[]",0,False,False,"",""
"bc1pzfl3edhsa5xdmz6hqmmtvynj3gndpe9m652hqgevnn7m5paq4kgqq6j6mk","bitcoin","BTC",0.81841914,0.0,"BTC",53197.2441,231,0,0,1,1,1.0,0.0,0.0,True,0.1851,0.13698487077275168,False,False,"",2.8,"",0,"[]","[]",0,False,False,"",""
"bc1pnpvf8vuds2m7d5w7xe7g47jfzvnkpa23n6aqps7dses5rn8p5nksevjxaz","bitcoin","BTC",7.30199934,0.0,"BTC",474629.9571,229,0,0,1,1,1.0,0.0,0.0,True,0.17407499999999998,0.13699759407487283,False,False,"",2.8,"",0,"[]","[]",0,False,False,"",""
"bc1p94yjtp3hfhc5hjyw5xx5pcxn9k9ae0cdpjawmcw0940psfh7e0nqfjeppt","bitcoin","BTC",7.30199934,0.0,"BTC",474629.9571,229,0,0,1,1,1.0,0.0,0.0,True,0.17407499999999998,0.13699759407487283,False,False,"",2.8,"",0,"[]","[]",0,False,False,"",""
"bc1q5rz73utuhc0ug5mu9ctf3rv7vtmp0s38l909r6","bitcoin","BTC",1.20637107,0.0,"BTC",78414.11955,227,0,0,1,1,1.0,0.0,0.0,True,0.16605,0.137321063496463,False,False,"",2.8,"",0,"[]","[]",0,False,False,"",""
"bc1qwl4kchz0x4g4y5dqx5hnzx89x5gfy9287pnd4w","bitcoin","BTC",1.20637107,0.0,"BTC",78414.11955,227,0,0,1,1,1.0,0.0,0.0,True,0.16605,0.137321063496463,False,False,"",2.8,"",0,"[]","[]",0,False,False,"",""
"bc1qvuhcxu8avvlrkrh8p7s0rvua44wmfh8u08z24n","bitcoin","BTC",1.20105666,0.0,"BTC",78068.68290000001,226,0,0,1,1,1.0,0.0,0.0,True,0.16297499999999998,0.1374391246345435,False,False,"",2.8,"",0,"[]","[]",0,False,False,"",""
"bc1phzrwm3plk8clscp4r8uq077nctrewe7r8rmdqzu4dw5kwf52r5hq5vr02d","bitcoin","BTC",0.73662464,0.0,"BTC",47880.6016,281,0,0,1,1,1.0,0.0,0.0,True,0.33757499999999996,0.13790136421446242,False,False,"",2.7,"",0,"[]","[]",0,False,False,"",""
"bc1pj9204dv4p7ldpm5n3cqplu3lda2c3m87qqs0h7mq37skpzxcypgq3wgl0c","bitcoin","BTC",0.73662464,0.0,"BTC",47880.6016,281,0,0,1,1,1.0,0.0,0.0,True,0.33757499999999996,0.13790136421446242,False,False,"",2.7,"",0,"[]","[]",0,False,False,"",""
"bc1pjfwnjmwf388e2adm38m22qx285nnkj6uunxrjku95qfqs0dlrupsh4ymkd","bitcoin","BTC",0.73662464,0.0,"BTC",47880.6016,281,0,0,1,1,1.0,0.0,0.0,True,0.33757499999999996,0.13790136421446242,False,False,"",2.7,"",0,"[]","[]",0,False,False,"",""
"bc1pqedln8tucke5gyela2djlus2kh3xmeh39dmtr29lcg0asme7ujjsj638k9","bitcoin","BTC",0.73662464,0.0,"BTC",47880.6016,281,0,0,1,1,1.0,0.0,0.0,True,0.33757499999999996,0.13790136421446242,False,False,"",2.7,"",0,"[]","[]",0,False,False,"",""
"bc1pgrfxjzg9dtesczyqe8tkt3ssztf6auk7xataz77rnzvm79jt4evswsg8ta","bitcoin","BTC",0.73662464,0.0,"BTC",47880.6016,281,0,0,1,1,1.0,0.0,0.0,True,0.33757499999999996,0.13790136421446242,False,False,"",2.7,"",0,"[]","[]",0,False,False,"",""
"bc1p4jsk96y3tepx0zf0aqqkzyu4v96vmhtjr6en0tsr3utwc47nxdqsswca4w","bitcoin","BTC",0.73662464,0.0,"BTC",47880.6016,281,0,0,1,1,1.0,0.0,0.0,True,0.33757499999999996,0.13790136421446242,False,False,"",2.7,"",0,"[]","[]",0,False,False,"",""
"bc1p253w3j9yvjem636dmxe45pqqv6kmncgdlvcc6h0kazlqna2ux3qsmevhgy","bitcoin","BTC",5.68328192,0.0,"BTC",369413.3248,271,0,0,1,1,1.0,0.0,0.0,True,0.30555,0.13778200282946235,False,False,"",2.7,"",0,"[]","[]",0,False,False,"",""
"bc1p60kh26yuhvy9375senu000tzsqnlp8vu2gdh8d7d27d4s53mwzxst2cagf","bitcoin","BTC",13.55,0.0,"BTC",880750.0,271,0,0,1,1,1.0,0.0,0.0,True,0.30555,0.13794414064532295,False,False,"",2.7,"",0,"[]","[]",0,False,False,"",""
"bc1qekcv3wu9eel0c8wn04qymj8n05s4mg4x6lher6","bitcoin","BTC",13.55,0.0,"BTC",880750.0,271,0,0,1,1,1.0,0.0,0.0,True,0.30555,0.13794414064532295,False,False,"",2.7,"",0,"[]","[]",0,False,False,"",""
"bc1pkm8sp4gfv9f6x4slltsvkzvchugqh4hxrydq48257ks5090jkqeq9tvdxy","bitcoin","BTC",13.55,0.0,"BTC",880750.0,271,0,0,1,1,1.0,0.0,0.0,True,0.30555,0.13794414064532295,False,False,"",2.7,"",0,"[]","[]",0,False,False,"",""
"bc1qfxls7zrf987ef2jw8jfr5ef9gdjsrqr57hl45w","bitcoin","BTC",13.55,0.0,"BTC",880750.0,271,0,0,1,1,1.0,0.0,0.0,True,0.30555,0.13794414064532295,False,False,"",2.7,"",0,"[]","[]",0,False,False,"",""
"bc1qe46f0qqxjl9l5xj4galhsp4spflaxacx3dkm7z","bitcoin","BTC",13.55,0.0,"BTC",880750.0,271,0,0,1,1,1.0,0.0,0.0,True,0.30555,0.13794414064532295,False,False,"",2.7,"",0,"[]","[]",0,False,False,"",""
"bc1pjmh683qlalnctvaufe3a2jkvhuhrqtgz37z22c2l4aqrqeht6n6qdz8652","bitcoin","BTC",13.55,0.0,"BTC",880750.0,271,0,0,1,1,1.0,0.0,0.0,True,0.30555,0.13794414064532295,False,False,"",2.7,"",0,"[]","[]",0,False,False,"",""
"bc1quvr00n7hjx76qzje7rah504dz9z02qe2x6skml","bitcoin","BTC",13.55,0.0,"BTC",880750.0,271,0,0,1,1,1.0,0.0,0.0,True,0.30555,0.13794414064532295,False,False,"",2.7,"",0,"[]","[]",0,False,False,"",""
"bc1pxan4kgxttrwuezyf4tz9uyxwl8rxqmtgzgfllcrn5s5ahrszv6lsghu352","bitcoin","BTC",13.55,0.0,"BTC",880750.0,271,0,0,1,1,1.0,0.0,0.0,True,0.30555,0.13794414064532295,False,False,"",2.7,"",0,"[]","[]",0,False,False,"",""
"bc1pd2424ev0tpwtwrpz98x3vq9jrwa9adk7grazf6p0w4fp4qnf035scnexn9","bitcoin","BTC",4.84442112,0.0,"BTC",314887.3728,231,0,0,1,1,1.0,0.0,0.0,True,0.1851,0.137674302208872,False,False,"",2.7,"",0,"[]","[]",0,False,False,"",""
"bc1pey73d67e2rwuucamdh23h7evpud8vahrjxf2l0hr6xy09yxyswqq6vg69r","bitcoin","BTC",4.84442112,0.0,"BTC",314887.3728,231,0,0,1,1,1.0,0.0,0.0,True,0.1851,0.137674302208872,False,False,"",2.7,"",0,"[]","[]",0,False,False,"",""
"bc1prh3auy6hpguskg5fvcehdmas84mk52zd87e4qf8gcr4j99tu6ulsutudf9","bitcoin","BTC",4.84442112,0.0,"BTC",314887.3728,231,0,0,1,1,1.0,0.0,0.0,True,0.1851,0.137674302208872,False,False,"",2.7,"",0,"[]","[]",0,False,False,"",""
"bc1pdkx60quvxad6p23jmg2z5zf66r3t32effmf69pz72jvc4tvkd98sar32gq","bitcoin","BTC",4.84442112,0.0,"BTC",314887.3728,231,0,0,1,1,1.0,0.0,0.0,True,0.1851,0.137674302208872,False,False,"",2.7,"",0,"[]","[]",0,False,False,"",""
"bc1pu4rt9qu8lw9mc2hkrrvpq5pu2td9230ll5al4mckq7dmh69qw5nsrpjxzp","bitcoin","BTC",4.84442112,0.0,"BTC",314887.3728,231,0,0,1,1,1.0,0.0,0.0,True,0.1851,0.137674302208872,False,False,"",2.7,"",0,"[]","[]",0,False,False,"",""
"bc1pne9peu83s23alxqeevp43ngk2nwf8x2llxt04k03z7672s047xzqgy8qeq","bitcoin","BTC",4.84442112,0.0,"BTC",314887.3728,231,0,0,1,1,1.0,0.0,0.0,True,0.1851,0.137674302208872,False,False,"",2.7,"",0,"[]","[]",0,False,False,"",""
"bc1p9nr0knezkh0f6sxe3au2f3sen6ejwzk0rtqanlq2rrgq60hgdwys2t4rsd","bitcoin","BTC",4.718592,0.0,"BTC",306708.48,225,0,0,1,1,1.0,0.0,0.0,True,0.159075,0.13806636669028532,False,False,"",2.7,"",0,"[]","[]",0,False,False,"",""
"bc1qlgapzxm7w724jmtxyvhg4pzekkn7msjglwef8y","bitcoin","BTC",1.50397803,0.0,"BTC",97758.57195,283,0,0,1,1,1.0,0.0,0.0,True,0.34365,0.1391194513991053,False,False,"",2.6,"",0,"[]","[]",0,False,False,"",""
"bc1qwms22k4ahzwzwkycvpy2d5x5euajcwvh30s47w","bitcoin","BTC",1.50397803,0.0,"BTC",97758.57195,283,0,0,1,1,1.0,0.0,0.0,True,0.34365,0.1391194513991053,False,False,"",2.6,"",0,"[]","[]",0,False,False,"",""
"bc1pmsn3979ljzx40str5en3z6u2qh2yna6p0qmwqw75smlk93yqr5fsn5xpx4","bitcoin","BTC",1.50397803,0.0,"BTC",97758.57195,283,0,0,1,1,1.0,0.0,0.0,True,0.34365,0.1391194513991053,False,False,"",2.6,"",0,"[]","[]",0,False,False,"",""
"bc1pg5fq0237sm2cuswg9d262zfz578ky8zcm6vwk344mg8k6l9sjy3suzv7au","bitcoin","BTC",8.83254942,0.0,"BTC",574115.7123,277,0,0,1,1,1.0,0.0,0.0,True,0.325275,0.1389253377152389,False,False,"",2.6,"",0,"[]","[]",0,False,False,"",""
"bc1pzqscgtmyugjwlgpuy4ukltlan83ksam39vc7v59zds52xv5uz0wscnt7rz","bitcoin","BTC",8.83254942,0.0,"BTC",574115.7123,277,0,0,1,1,1.0,0.0,0.0,True,0.325275,0.1389253377152389,False,False,"",2.6,"",0,"[]","[]",0,False,False,"",""
"bc1pckvn6pzr5rp26s4s68vvwewp3de60egfplmvjjvr48yvg259v0ysq2e0ls","bitcoin","BTC",8.83254942,0.0,"BTC",574115.7123,277,0,0,1,1,1.0,0.0,0.0,True,0.325275,0.1389253377152389,False,False,"",2.6,"",0,"[]","[]",0,False,False,"",""
"bc1p8mh5c0qpcavktahjazzjytrs0yv75juqh9uu4pcrr9f95ztd06jsh9hgyz","bitcoin","BTC",8.83254942,0.0,"BTC",574115.7123,277,0,0,1,1,1.0,0.0,0.0,True,0.325275,0.1389253377152389,False,False,"",2.6,"",0,"[]","[]",0,False,False,"",""
"bc1py2ceey0v2akkeeje6vgwe4e2ufvjmws2mx59jdm8wtrmtjgyjvlqv3kr62","bitcoin","BTC",8.83254942,0.0,"BTC",574115.7123,277,0,0,1,1,1.0,0.0,0.0,True,0.325275,0.1389253377152389,False,False,"",2.6,"",0,"[]","[]",0,False,False,"",""
"bc1ppw9hdkxkmg55gq568tyav7de8j9zy8dkwz66dtnp742zj4cvzkqqxdrcrx","bitcoin","BTC",8.83254942,0.0,"BTC",574115.7123,277,0,0,1,1,1.0,0.0,0.0,True,0.325275,0.1389253377152389,False,False,"",2.6,"",0,"[]","[]",0,False,False,"",""
"bc1pxsatparhevht7e2c57czwkag3qygmpmnvsrey6ylzhzg2gkua2jqwsvfj4","bitcoin","BTC",12.96184599,0.0,"BTC",842519.98935,271,0,0,1,1,1.0,0.0,0.0,True,0.30555,0.13909430471621737,False,False,"",2.6,"",0,"[]","[]",0,False,False,"",""
"bc1pwry4suwzjke4r54wrjzehlwyq4g8tdmujld7y4wu9423t4ulyugqwyak0q","bitcoin","BTC",12.96184599,0.0,"BTC",842519.98935,271,0,0,1,1,1.0,0.0,0.0,True,0.30555,0.13909430471621737,False,False,"",2.6,"",0,"[]","[]",0,False,False,"",""
"bc1pwem44e5gecudj9u0gvm2wq9m0dtv74eusa40nyn4ne0csw6t74fsup2605","bitcoin","BTC",13.5,0.0,"BTC",877500.0,270,0,0,1,1,1.0,0.0,0.0,True,0.292275,0.1387137454972709,False,False,"",2.6,"",0,"[]","[]",0,False,False,"",""
"bc1pwqep278wa48ul00vac9e735z99e2x2c6wdwy9r52avdys9ylgtrqzn02r4","bitcoin","BTC",13.5,0.0,"BTC",877500.0,270,0,0,1,1,1.0,0.0,0.0,True,0.292275,0.1387137454972709,False,False,"",2.6,"",0,"[]","[]",0,False,False,"",""
"bc1p3yt28upj33zpqu8ca3weqeegwzktte9zsphjv6f5yx9p6sdt3mcq27mrer","bitcoin","BTC",13.5,0.0,"BTC",877500.0,270,0,0,1,1,1.0,0.0,0.0,True,0.292275,0.1387137454972709,False,False,"",2.6,"",0,"[]","[]",0,False,False,"",""
"bc1prkk2pe7rydhktqm67uzhjctxux3tgr2ey9p59vfsggmxd7fpgqlsl2knlr","bitcoin","BTC",13.5,0.0,"BTC",877500.0,270,0,0,1,1,1.0,0.0,0.0,True,0.292275,0.1387137454972709,False,False,"",2.6,"",0,"[]","[]",0,False,False,"",""
"bc1phrndp8ky22n9vh8n9t6er0l2quhqwkzj08x4lug7vjygwr96jrjqk625nx","bitcoin","BTC",2.8166373,0.0,"BTC",183081.4245,265,0,0,1,1,1.0,0.0,0.0,True,0.28049999999999997,0.13909987905986898,False,False,"",2.6,"",0,"[]","[]",0,False,False,"",""
"bc1p7fk27rjxmlca7znsmeta8l3c6v725kymv0xswrag6gq3l4swr4nsr8pwrq","bitcoin","BTC",2.8166373,0.0,"BTC",183081.4245,265,0,0,1,1,1.0,0.0,0.0,True,0.28049999999999997,0.13909987905986898,False,False,"",2.6,"",0,"[]","[]",0,False,False,"",""
"bc1pal2q4tp5q6l5hwap6v6myw75mj4h5hcryts4zz9mk02lg744lfsq2xg3x5","bitcoin","BTC",0.6422528,0.0,"BTC",41746.432,245,0,0,1,1,1.0,0.0,0.0,True,0.21247500000000002,0.13863289152986646,False,False,"",2.6,"",0,"[]","[]",0,False,False,"",""
"bc1pfk09lrpl6uhl30rtzecefrqlr8sq6dj5k0hgu5xlvl28dg5sfgnqf62q4u","bitcoin","BTC",0.6422528,0.0,"BTC",41746.432,245,0,0,1,1,1.0,0.0,0.0,True,0.21247500000000002,0.13863289152986646,False,False,"",2.6,"",0,"[]","[]",0,False,False,"",""
"bc1p8n6vzuryhh02d35rjk3tlm89adpar675p9pv6d3qanswel5cstgsl2eall","bitcoin","BTC",0.6422528,0.0,"BTC",41746.432,245,0,0,1,1,1.0,0.0,0.0,True,0.21247500000000002,0.13863289152986646,False,False,"",2.6,"",0,"[]","[]",0,False,False,"",""
"bc1p2el37j03lzuenshunej9rkpy92gx8ve4zpt6jvhqakm0hg8qw0xqf76g7x","bitcoin","BTC",0.6422528,0.0,"BTC",41746.432,245,0,0,1,1,1.0,0.0,0.0,True,0.21247500000000002,0.13863289152986646,False,False,"",2.6,"",0,"[]","[]",0,False,False,"",""
"bc1pxp07zhl2l983mv0kwscv5hm3wfvm5n8g5vpf0gpveum7e6s7z9wqt4d8e6","bitcoin","BTC",0.6422528,0.0,"BTC",41746.432,245,0,0,1,1,1.0,0.0,0.0,True,0.21247500000000002,0.13863289152986646,False,False,"",2.6,"",0,"[]","[]",0,False,False,"",""
"bc1qvdn45vf3ytmljk6dp0d9waadrwr5rfrj247m3h","bitcoin","BTC",1.22762871,0.0,"BTC",79795.86615,231,0,0,1,1,1.0,0.0,0.0,True,0.1851,0.1390420297551342,False,False,"",2.6,"",0,"[]","[]",0,False,False,"",""
"bc1q9jxslwvnhpzf375gjlg0f3gutghl9cu69rprzv","bitcoin","BTC",1.22762871,0.0,"BTC",79795.86615,231,0,0,1,1,1.0,0.0,0.0,True,0.1851,0.1390420297551342,False,False,"",2.6,"",0,"[]","[]",0,False,False,"",""
"bc1pj4ag96k7a93x7850z0rnkta6gev296jkpprwxcvl3wh84kgjuwwq0mt8tr","bitcoin","BTC",1.22762871,0.0,"BTC",79795.86615,231,0,0,1,1,1.0,0.0,0.0,True,0.1851,0.1390420297551342,False,False,"",2.6,"",0,"[]","[]",0,False,False,"",""
"bc1p2mv04stmcwluk5u603ul38k4qahsus9wxq9vykkgx94ye528f50sem0lsr","bitcoin","BTC",0.8148762,0.0,"BTC",52966.953,230,0,0,1,1,1.0,0.0,0.0,True,0.18015,0.13891763313413585,False,False,"",2.6,"",0,"[]","[]",0,False,False,"",""
"bc1pns7ngyd0vx8r4asxa2sv9z0pqd4hu6dmxzfzhlc3wvsp4yrnu0rs2ueea6","bitcoin","BTC",0.8148762,0.0,"BTC",52966.953,230,0,0,1,1,1.0,0.0,0.0,True,0.18015,0.13891763313413585,False,False,"",2.6,"",0,"[]","[]",0,False,False,"",""
"bc1pz9hveldqlscu5pa6p507fqs29jyerulx30aqqf9yh3xm7my2dgdss27w7r","bitcoin","BTC",0.8148762,0.0,"BTC",52966.953,230,0,0,1,1,1.0,0.0,0.0,True,0.18015,0.13891763313413585,False,False,"",2.6,"",0,"[]","[]",0,False,False,"",""
"bc1p4rwze3782peu3tur07juerzy6t9vza0jwstl3e53a96lhlwqej8sgstyhz","bitcoin","BTC",0.8148762,0.0,"BTC",52966.953,230,0,0,1,1,1.0,0.0,0.0,True,0.18015,0.13891763313413585,False,False,"",2.6,"",0,"[]","[]",0,False,False,"",""
"bc1pw5lx24852wd3m7p70qnz5m3d7nlh2k4lc32udhqy8p5ftpqfhyyqtxx7yq","bitcoin","BTC",0.8148762,0.0,"BTC",52966.953,230,0,0,1,1,1.0,0.0,0.0,True,0.18015,0.13891763313413585,False,False,"",2.6,"",0,"[]","[]",0,False,False,"",""
"bc1qq2arqgfeq92qcd3mykvn5hk5w79gexydd3pv2d","bitcoin","BTC",0.8148762,0.0,"BTC",52966.953,230,0,0,1,1,1.0,0.0,0.0,True,0.18015,0.13891763313413585,False,False,"",2.6,"",0,"[]","[]",0,False,False,"",""
"bc1ppl698e40ase0kg3xvh6jfarvf86vs62atckxlz7acpc76z5tth3q4j3ujv","bitcoin","BTC",0.8148762,0.0,"BTC",52966.953,230,0,0,1,1,1.0,0.0,0.0,True,0.18015,0.13891763313413585,False,False,"",2.6,"",0,"[]","[]",0,False,False,"",""
"bc1p50wf8jrad85wc436m8sd65eyfka7kh0prnjkwyekfvhtjgzecaaspylj7p","bitcoin","BTC",0.8148762,0.0,"BTC",52966.953,230,0,0,1,1,1.0,0.0,0.0,True,0.18015,0.13891763313413585,False,False,"",2.6,"",0,"[]","[]",0,False,False,"",""
"bc1png8rvyhfyknmgz4hk4lj9e4t3qak38uv0dtxk66sd862w9uj3reste445s","bitcoin","BTC",0.81133326,0.0,"BTC",52736.6619,229,0,0,1,1,1.0,0.0,0.0,True,0.17407499999999998,0.139028286721968,False,False,"",2.6,"",0,"[]","[]",0,False,False,"",""
"bc1pv3zsxrhal49w6m0529d8h504mteh7j5xk95htuyymk2vcnqnxu5sfd59rr","bitcoin","BTC",2.43399978,0.0,"BTC",158209.98570000002,229,0,0,1,1,1.0,0.0,0.0,True,0.17407499999999998,0.1386967453611172,False,False,"",2.6,"",0,"[]","[]",0,False,False,"",""
"bc1pgx59u9lutpq9yf8nts7pk2kkn5u40g4xak2nkt9sqtm08fd5xjms2usszl","bitcoin","BTC",0.81133326,0.0,"BTC",52736.6619,229,0,0,1,1,1.0,0.0,0.0,True,0.17407499999999998,0.139028286721968,False,False,"",2.6,"",0,"[]","[]",0,False,False,"",""
"bc1pzqlw2z084a26hrh9sq8hs98ayl3fq94fuu50anxsc8vk9836ph6q9uez8w","bitcoin","BTC",4.80247808,0.0,"BTC",312161.0752,229,0,0,1,1,1.0,0.0,0.0,True,0.17407499999999998,0.13917979892672466,False,False,"",2.6,"",0,"[]","[]",0,False,False,"",""
"bc1p2v833f9sjquk9rkxkjg26sudvgj9s0ekp26tqtj42dcy3j4v207q4zqyj9","bitcoin","BTC",0.81133326,0.0,"BTC",52736.6619,229,0,0,1,1,1.0,0.0,0.0,True,0.17407499999999998,0.139028286721968,False,False,"",2.6,"",0,"[]","[]",0,False,False,"",""
"bc1p9pgmlmqrx3htfeufjtpzhy0ttt2dwnqddmytdd5e32mlcaq70p5sy0j72a","bitcoin","BTC",2.43399978,0.0,"BTC",158209.98570000002,229,0,0,1,1,1.0,0.0,0.0,True,0.17407499999999998,0.1386967453611172,False,False,"",2.6,"",0,"[]","[]",0,False,False,"",""
"bc1p2qaj6gp6uq78lp2r0n59xxtd66vwma3zlxak5dssrzyfj2hq3dpqn69qzh","bitcoin","BTC",0.81133326,0.0,"BTC",52736.6619,229,0,0,1,1,1.0,0.0,0.0,True,0.17407499999999998,0.139028286721968,False,False,"",2.6,"",0,"[]","[]",0,False,False,"",""
"bc1p5y3t5hgjflaft97nln8t2c2g6lmfn29z5quvz5473vkpmft6502spcfl2a","bitcoin","BTC",1.19574225,0.0,"BTC",77723.24625,225,0,0,1,1,1.0,0.0,0.0,True,0.159075,0.13861914890953025,False,False,"",2.6,"",0,"[]","[]",0,False,False,"",""
"bc1pa8jxktf4kc22mtar6g8u78ma79wk64hyrglsm7u252f7wy3u464qzrq809","bitcoin","BTC",4.718592,0.0,"BTC",306708.48,225,0,0,1,1,1.0,0.0,0.0,True,0.159075,0.13845207996476078,False,False,"",2.6,"",0,"[]","[]",0,False,False,"",""
"bc1p7lu024v5kjxmt6y0e5cll73q2mvl7yql5cx0xa3mhevgakegdvwqa7dmzt","bitcoin","BTC",1.19574225,0.0,"BTC",77723.24625,225,0,0,1,1,1.0,0.0,0.0,True,0.159075,0.13861914890953025,False,False,"",2.6,"",0,"[]","[]",0,False,False,"",""
"bc1pyxr5vw8727rjkr7re8aytne4leje526g5xeud2yvn540kjwp208q0xvwlv","bitcoin","BTC",1.19574225,0.0,"BTC",77723.24625,225,0,0,1,1,1.0,0.0,0.0,True,0.159075,0.13861914890953025,False,False,"",2.6,"",0,"[]","[]",0,False,False,"",""
"bc1p5cttgh8z6s8x4la0ekkwrlggnvmuysgpy2lkfkj2kef2y655rnwsm4m9f6","bitcoin","BTC",1.19574225,0.0,"BTC",77723.24625,225,0,0,1,1,1.0,0.0,0.0,True,0.159075,0.13861914890953025,False,False,"",2.6,"",0,"[]","[]",0,False,False,"",""
"bc1pa75jw46f0nn9tjwhrrq69l42l0p6d0vwwqfcznprn0hrhq3z4wlsjkt76p","bitcoin","BTC",1.19574225,0.0,"BTC",77723.24625,225,0,0,1,1,1.0,0.0,0.0,True,0.159075,0.13861914890953025,False,False,"",2.6,"",0,"[]","[]",0,False,False,"",""
"bc1pn2w9jnkehrkwx6kk7twpwzmuwgxn3mkmpzy8rw7ffgdwpv0d88lqn2lnln","bitcoin","BTC",4.718592,0.0,"BTC",306708.48,225,0,0,1,1,1.0,0.0,0.0,True,0.159075,0.13845207996476078,False,False,"",2.6,"",0,"[]","[]",0,False,False,"",""
"bc1qg38kq3c86u0t667y57zrx6t5gulsxh6t9uz2v2","bitcoin","BTC",4.41627471,0.0,"BTC",287057.85615,277,0,0,1,1,1.0,0.0,0.0,True,0.325275,0.13950506626290982,False,False,"",2.5,"",0,"[]","[]",0,False,False,"",""
"bc1pstqaa70ezjrukgz8j6wzd5xwvpeq479eakpq7natnx4hwta0llkq877v5x","bitcoin","BTC",4.41627471,0.0,"BTC",287057.85615,277,0,0,1,1,1.0,0.0,0.0,True,0.325275,0.13950506626290982,False,False,"",2.5,"",0,"[]","[]",0,False,False,"",""
"bc1qrt6zstaavdw2sry3mn7z6vrxruqfqndvfntavh","bitcoin","BTC",4.41627471,0.0,"BTC",287057.85615,277,0,0,1,1,1.0,0.0,0.0,True,0.325275,0.13950506626290982,False,False,"",2.5,"",0,"[]","[]",0,False,False,"",""
"bc1qfwqgh9wgaezy7frdu8t9n37vw7kg3wgt798f4r","bitcoin","BTC",8.80066296,0.0,"BTC",572043.0924000001,276,0,0,1,1,1.0,0.0,0.0,True,0.31845,0.13991945073688838,False,False,"",2.5,"",0,"[]","[]",0,False,False,"",""
"bc1p8dssfkdk9emufgysp5cvr9x9y2v3gzemrnl3fnpcqm4mzgzfj59smew9us","bitcoin","BTC",8.80066296,0.0,"BTC",572043.0924000001,276,0,0,1,1,1.0,0.0,0.0,True,0.31845,0.13991945073688838,False,False,"",2.5,"",0,"[]","[]",0,False,False,"",""
"bc1pj8j9s5v988267y7ewt0pksv24l23quexkkw3lpct0llkvqwedpdswz0lcj","bitcoin","BTC",8.80066296,0.0,"BTC",572043.0924000001,276,0,0,1,1,1.0,0.0,0.0,True,0.31845,0.13991945073688838,False,False,"",2.5,"",0,"[]","[]",0,False,False,"",""
"bc1pr03jyy6p74mnkxh0retyfzj9umw5gkakla5cx8kt9yapzczyru0q06dg3u","bitcoin","BTC",8.80066296,0.0,"BTC",572043.0924000001,276,0,0,1,1,1.0,0.0,0.0,True,0.31845,0.13991945073688838,False,False,"",2.5,"",0,"[]","[]",0,False,False,"",""
"bc1pg0pvfla2j7a842wv6knl50n375gwq4k5pju7u0qqhpnwqyyhtgzqv2g00e","bitcoin","BTC",8.80066296,0.0,"BTC",572043.0924000001,276,0,0,1,1,1.0,0.0,0.0,True,0.31845,0.13991945073688838,False,False,"",2.5,"",0,"[]","[]",0,False,False,"",""
"bc1pp6glcal5lcu0wmtd8tasu0ul3h6w4euawkzmy5wfpd6080r7rtvswufhsn","bitcoin","BTC",8.80066296,0.0,"BTC",572043.0924000001,276,0,0,1,1,1.0,0.0,0.0,True,0.31845,0.13991945073688838,False,False,"",2.5,"",0,"[]","[]",0,False,False,"",""
"bc1pcqulf4gz0kxtv7fr39t3ndc7c48cmfv0e0d9qqrtnu8fyg0ge0vsmx4ve6","bitcoin","BTC",8.80066296,0.0,"BTC",572043.0924000001,276,0,0,1,1,1.0,0.0,0.0,True,0.31845,0.13991945073688838,False,False,"",2.5,"",0,"[]","[]",0,False,False,"",""
"bc1pn676pyc608tg2ln9kgt4rw0nsxvxumzcerfj689cqurnq7ttuk3sma9dfm","bitcoin","BTC",8.80066296,0.0,"BTC",572043.0924000001,276,0,0,1,1,1.0,0.0,0.0,True,0.31845,0.13991945073688838,False,False,"",2.5,"",0,"[]","[]",0,False,False,"",""
"bc1pvkyh9zladafsv3f99q3qkh7lp4mjzc0z6t0pqrskp7tv9lgzrcrq2084gh","bitcoin","BTC",8.80066296,0.0,"BTC",572043.0924000001,276,0,0,1,1,1.0,0.0,0.0,True,0.31845,0.13991945073688838,False,False,"",2.5,"",0,"[]","[]",0,False,False,"",""
"bc1pc9qx7jagcgjh8eej3gepw807twtfzdy7yqmeue4d4gvc9mdcwrzs0xzhzy","bitcoin","BTC",8.80066296,0.0,"BTC",572043.0924000001,276,0,0,1,1,1.0,0.0,0.0,True,0.31845,0.13991945073688838,False,False,"",2.5,"",0,"[]","[]",0,False,False,"",""
"bc1phwds8ptr6fmy8sxde7ljdky9kfxqesxcpw3680fn3ek3h4snv6vqkp8teh","bitcoin","BTC",8.80066296,0.0,"BTC",572043.0924000001,276,0,0,1,1,1.0,0.0,0.0,True,0.31845,0.13991945073688838,False,False,"",2.5,"",0,"[]","[]",0,False,False,"",""
"bc1q2z4gknnlzd2jc2swe2tutfjxqsuygrrl3mzz09","bitcoin","BTC",4.17712626,0.0,"BTC",271513.2069,261,0,0,1,1,1.0,0.0,0.0,True,0.26175000000000004,0.14003951648419283,False,False,"",2.5,"",0,"[]","[]",0,False,False,"",""
"bc1q453sdc63629mslnsrsypdnrwa7kjj6ez98lsdg","bitcoin","BTC",4.17712626,0.0,"BTC",271513.2069,261,0,0,1,1,1.0,0.0,0.0,True,0.26175000000000004,0.14003951648419283,False,False,"",2.5,"",0,"[]","[]",0,False,False,"",""
"bc1pg8pkqpaqdnmjzq5xald4754pf9wmp2vz3xqmpy0drlz0cvtg2mrsg6n3k3","bitcoin","BTC",1.36048896,0.0,"BTC",88431.78240000001,256,0,0,1,1,1.0,0.0,0.0,True,0.2397,0.13936351385362478,False,False,"",2.5,"",0,"[]","[]",0,False,False,"",""
"bc1pl3hwdnny3fwjtucnknj62pvjyyxjeycjje8n9cmthwlsd4qtjl6symvzmm","bitcoin","BTC",1.36048896,0.0,"BTC",88431.78240000001,256,0,0,1,1,1.0,0.0,0.0,True,0.2397,0.13936351385362478,False,False,"",2.5,"",0,"[]","[]",0,False,False,"",""
"bc1pe369fqwe57ymrn0mg9r8g70fh2qfwq2x6vcrlszvg5xzt4peryfq0vlvfc","bitcoin","BTC",7.93972854,0.0,"BTC",516082.3551,249,0,0,1,1,1.0,0.0,0.0,True,0.228825,0.13932476295927776,False,False,"",2.5,"",0,"[]","[]",0,False,False,"",""
"bc1ppu076hcqt3d74xcel6lzxfyyr64aq34qfgf0gaylp95m55g6uxeqys9h6e","bitcoin","BTC",7.93972854,0.0,"BTC",516082.3551,249,0,0,1,1,1.0,0.0,0.0,True,0.228825,0.13932476295927776,False,False,"",2.5,"",0,"[]","[]",0,False,False,"",""
"bc1pky2av0cxeyrjlvjh5w7jpfpzc53npzke9gaqn2dz8h3djlretxysfwvaht","bitcoin","BTC",7.93972854,0.0,"BTC",516082.3551,249,0,0,1,1,1.0,0.0,0.0,True,0.228825,0.13932476295927776,False,False,"",2.5,"",0,"[]","[]",0,False,False,"",""
"bc1payyqry2k5hyj8wngyuqdfr6rm7a29f7w4t4ln232pgw8xt39534sqy96yn","bitcoin","BTC",7.74840978,0.0,"BTC",503646.63570000004,243,0,0,1,1,1.0,0.0,0.0,True,0.20182499999999998,0.13967841752900295,False,False,"",2.5,"",0,"[]","[]",0,False,False,"",""
"bc1pyskg5pauxh0ft4klxynaazl4s705s7rak9htczy2vswguu2fnafskh9q3f","bitcoin","BTC",7.74840978,0.0,"BTC",503646.63570000004,243,0,0,1,1,1.0,0.0,0.0,True,0.20182499999999998,0.13967841752900295,False,False,"",2.5,"",0,"[]","[]",0,False,False,"",""
"bc1pw3049s9tddaqmwna0n9yc3mgdyrdyjpqmac0g550hpq400j03fwq2krnsx","bitcoin","BTC",0.85739148,0.0,"BTC",55730.4462,242,0,0,1,1,1.0,0.0,0.0,True,0.19740000000000002,0.13936514854820065,False,False,"",2.5,"",0,"[]","[]",0,False,False,"",""
"bc1pvdnkfzfmrs6k0eu636cfzf025s49cp356qneqnfcrlvax8p43vgsq78gt4","bitcoin","BTC",0.85739148,0.0,"BTC",55730.4462,242,0,0,1,1,1.0,0.0,0.0,True,0.19740000000000002,0.13936514854820065,False,False,"",2.5,"",0,"[]","[]",0,False,False,"",""
"bc1pvdddzlrj46vzmhrvdrsylpy4zctvf4738fhqfpf3r2c93nedwk7sp9r8hk","bitcoin","BTC",0.85739148,0.0,"BTC",55730.4462,242,0,0,1,1,1.0,0.0,0.0,True,0.19740000000000002,0.13936514854820065,False,False,"",2.5,"",0,"[]","[]",0,False,False,"",""
"bc1pszj4h9xn5hq9lkesnm9q5yk7uweunkp7c256pkdz36ghkssvt7tq8w9c8a","bitcoin","BTC",0.85739148,0.0,"BTC",55730.4462,242,0,0,1,1,1.0,0.0,0.0,True,0.19740000000000002,0.13936514854820065,False,False,"",2.5,"",0,"[]","[]",0,False,False,"",""
"bc1pwp03q7u448rnzq8k42qajzh2kv7gpnnndqv3sggpwarmkhmugucqt704s9","bitcoin","BTC",0.85739148,0.0,"BTC",55730.4462,242,0,0,1,1,1.0,0.0,0.0,True,0.19740000000000002,0.13936514854820065,False,False,"",2.5,"",0,"[]","[]",0,False,False,"",""
"bc1pfckqx7hh9gt6y3t76zag8zz7qlfykzg9n87w5j5q73rq688uev5sndgfef","bitcoin","BTC",0.85384854,0.0,"BTC",55500.155099999996,241,0,0,1,1,1.0,0.0,0.0,True,0.194625,0.13953066793330848,False,False,"",2.5,"",0,"[]","[]",0,False,False,"",""
"bc1qqpv80juape99qad2ln82m4tcdghvuqxtc3f3qw","bitcoin","BTC",1.2754584,0.0,"BTC",82904.796,240,0,0,1,1,1.0,0.0,0.0,True,0.190725,0.13975615752591192,False,False,"",2.5,"",0,"[]","[]",0,False,False,"",""
"bc1q03aedhx9zes83exptkdyn5jpd3q2g9eec79x8w","bitcoin","BTC",1.2754584,0.0,"BTC",82904.796,240,0,0,1,1,1.0,0.0,0.0,True,0.190725,0.13975615752591192,False,False,"",2.5,"",0,"[]","[]",0,False,False,"",""
"bc1p3qf8knvzmq9n6ad66fffcf8z55fvwa569f475vckrzglgx4902aq7n9sg5","bitcoin","BTC",1.2754584,0.0,"BTC",82904.796,240,0,0,1,1,1.0,0.0,0.0,True,0.190725,0.13975615752591192,False,False,"",2.5,"",0,"[]","[]",0,False,False,"",""
"bc1p5s2f6sgwum8q7vaxsdpv6x56aj9k0778g5xh5x76w4da5qtgqauq0jxvau","bitcoin","BTC",4.8234496,0.0,"BTC",313524.224,230,0,0,1,1,1.0,0.0,0.0,True,0.18015,0.139460948932508,False,False,"",2.5,"",0,"[]","[]",0,False,False,"",""
"bc1quytg7sll76syqr2gjuzm6p3t56s99dgfksmav8","bitcoin","BTC",3.6669429,0.0,"BTC",238351.2885,230,0,0,1,1,1.0,0.0,0.0,True,0.18015,0.1399572420255893,False,False,"",2.5,"",0,"[]","[]",0,False,False,"",""
"bc1pkcyqv89t83twqzauetylxucw9h2sm25xsrxfwws5esqm4j7g6lqq0mven4","bitcoin","BTC",2.4446286,0.0,"BTC",158900.859,230,0,0,1,1,1.0,0.0,0.0,True,0.18015,0.13989492858794172,False,False,"",2.5,"",0,"[]","[]",0,False,False,"",""
"bc1p2pgfen5fuclrdjvy6yja083yh5lajvcmzwkeumnmyy3m9z2zegyq2x9khw","bitcoin","BTC",2.4446286,0.0,"BTC",158900.859,230,0,0,1,1,1.0,0.0,0.0,True,0.18015,0.13989492858794172,False,False,"",2.5,"",0,"[]","[]",0,False,False,"",""
"bc1ptgvdxus83648a5nfatk6fw0r7t0tce8y7rp8r59a06yhunqd4cvsal3ln8","bitcoin","BTC",4.8234496,0.0,"BTC",313524.224,230,0,0,1,1,1.0,0.0,0.0,True,0.18015,0.139460948932508,False,False,"",2.5,"",0,"[]","[]",0,False,False,"",""
"bc1qdnamaj8729e7a33g4c7ad50dnftw333v706tla","bitcoin","BTC",3.6669429,0.0,"BTC",238351.2885,230,0,0,1,1,1.0,0.0,0.0,True,0.18015,0.1399572420255893,False,False,"",2.5,"",0,"[]","[]",0,False,False,"",""
"bc1pcnqsy4cncgjtxmjlu67hdgfuxreud5lu3j6zrhd6xsc29fht6u7q3xahcf","bitcoin","BTC",4.8234496,0.0,"BTC",313524.224,230,0,0,1,1,1.0,0.0,0.0,True,0.18015,0.139460948932508,False,False,"",2.5,"",0,"[]","[]",0,False,False,"",""
"bc1q7vkkpq5vn7yggxyx9n5grypr2le07qt8wk9yy0","bitcoin","BTC",3.65099967,0.0,"BTC",237314.97855,229,0,0,1,1,1.0,0.0,0.0,True,0.17407499999999998,0.1399163318356978,False,False,"",2.5,"",0,"[]","[]",0,False,False,"",""
"bc1qa9nj4lmgxmys6qwyc54tc2ru93cjanreudx920","bitcoin","BTC",3.65099967,0.0,"BTC",237314.97855,229,0,0,1,1,1.0,0.0,0.0,True,0.17407499999999998,0.1399163318356978,False,False,"",2.5,"",0,"[]","[]",0,False,False,"",""
"bc1ppnxzamt8thdkkk8g5g90ds7z49jyx8c2xuum0020ufaxdgg7arysfvwddk","bitcoin","BTC",2.98669842,0.0,"BTC",194135.3973,281,0,0,1,1,1.0,0.0,0.0,True,0.33757499999999996,0.14074802568091738,False,False,"",2.4,"",0,"[]","[]",0,False,False,"",""
"bc1pwl2dcjejmcwha0azn2qjgjmcg359hdshpyhw6wvng7t2eujjn2eq029933","bitcoin","BTC",0.99556614,0.0,"BTC",64711.7991,281,0,0,1,1,1.0,0.0,0.0,True,0.33757499999999996,0.14069061263041333,False,False,"",2.4,"",0,"[]","[]",0,False,False,"",""
"bc1pns57shdflg3m20actahayjn2s9mj24w7k5zwy4300np2xhffkuwqugwfjj","bitcoin","BTC",2.98669842,0.0,"BTC",194135.3973,281,0,0,1,1,1.0,0.0,0.0,True,0.33757499999999996,0.14074802568091738,False,False,"",2.4,"",0,"[]","[]",0,False,False,"",""
"bc1plktsglc0l87relyynlvhc09zuqdyqvlc0262ls0ak4yhveqpne8saamhhs","bitcoin","BTC",2.98669842,0.0,"BTC",194135.3973,281,0,0,1,1,1.0,0.0,0.0,True,0.33757499999999996,0.14074802568091738,False,False,"",2.4,"",0,"[]","[]",0,False,False,"",""
"bc1p3rzw7p5607d3wxp6w4esx6wr8prmmwuqcqx2kug3q7yqn07vvukq9cwmsw","bitcoin","BTC",0.99556614,0.0,"BTC",64711.7991,281,0,0,1,1,1.0,0.0,0.0,True,0.33757499999999996,0.14069061263041333,False,False,"",2.4,"",0,"[]","[]",0,False,False,"",""
"bc1pyy7n3xh9cdh9az2mfzy85ltsgrmmh2zspjsksq3tsqvvp5jp5yhq0u7ufm","bitcoin","BTC",2.98669842,0.0,"BTC",194135.3973,281,0,0,1,1,1.0,0.0,0.0,True,0.33757499999999996,0.14074802568091738,False,False,"",2.4,"",0,"[]","[]",0,False,False,"",""
"bc1pd868fs0p3zdw8jcua4k27xhj2pnrceup85gus7dkf8smwuk8fugspylu4g","bitcoin","BTC",0.99556614,0.0,"BTC",64711.7991,281,0,0,1,1,1.0,0.0,0.0,True,0.33757499999999996,0.14069061263041333,False,False,"",2.4,"",0,"[]","[]",0,False,False,"",""
"bc1p07yrmc6z3pha0q876jxuys30ry7cnffng72sgsjckc520t8ul8eqgng8gm","bitcoin","BTC",5.89299712,0.0,"BTC",383044.8128,281,0,0,1,1,1.0,0.0,0.0,True,0.33757499999999996,0.14013110409830604,False,False,"",2.4,"",0,"[]","[]",0,False,False,"",""
"bc1pu2u27gzd4net57avdu0ss6vdgm3el5f6uds9lsp990c52q3vqqfs8vrvka","bitcoin","BTC",5.89299712,0.0,"BTC",383044.8128,281,0,0,1,1,1.0,0.0,0.0,True,0.33757499999999996,0.14013110409830604,False,False,"",2.4,"",0,"[]","[]",0,False,False,"",""
"bc1pfgv3hgfms23xk2ky2l3zrg9ws5rjr3p6lk30sfft4pzurtm4ms9sqw462d","bitcoin","BTC",2.98669842,0.0,"BTC",194135.3973,281,0,0,1,1,1.0,0.0,0.0,True,0.33757499999999996,0.14074802568091738,False,False,"",2.4,"",0,"[]","[]",0,False,False,"",""
"bc1p29scegg90n0nesvmc2lxh0gg9s9dcykzlswqq34phv6u0krq6mrsr0qp0v","bitcoin","BTC",5.89299712,0.0,"BTC",383044.8128,281,0,0,1,1,1.0,0.0,0.0,True,0.33757499999999996,0.14013110409830604,False,False,"",2.4,"",0,"[]","[]",0,False,False,"",""
"bc1pn4ajnw0pkzglctzaxv2vuduqxd37hv6ayl60qkrv3yf6k5pe6dksg4u3hg","bitcoin","BTC",0.99556614,0.0,"BTC",64711.7991,281,0,0,1,1,1.0,0.0,0.0,True,0.33757499999999996,0.14069061263041333,False,False,"",2.4,"",0,"[]","[]",0,False,False,"",""
"bc1p5ueq79cvmm05z4yz06qfuwgu28tq32qlj2e5a0dlv2n5ujzdlyfsd7fgfd","bitcoin","BTC",2.98669842,0.0,"BTC",194135.3973,281,0,0,1,1,1.0,0.0,0.0,True,0.33757499999999996,0.14074802568091738,False,False,"",2.4,"",0,"[]","[]",0,False,False,"",""
"bc1pckgcnkeqlpwky379kp4juq622g3x2vy9h4l2e4p4kmyetq27y8dqcuqt2z","bitcoin","BTC",2.98669842,0.0,"BTC",194135.3973,281,0,0,1,1,1.0,0.0,0.0,True,0.33757499999999996,0.14074802568091738,False,False,"",2.4,"",0,"[]","[]",0,False,False,"",""
"bc1q8e6ryplcrdfgvrdnsqex3f3nmrefxwcf69adt9","bitcoin","BTC",5.89299712,0.0,"BTC",383044.8128,281,0,0,1,1,1.0,0.0,0.0,True,0.33757499999999996,0.14013110409830604,False,False,"",2.4,"",0,"[]","[]",0,False,False,"",""
"bc1pl4j09smtfac5xduknazst3ymapx8rznpsp8f87pfpezjufxys0lsfw56w2","bitcoin","BTC",0.99556614,0.0,"BTC",64711.7991,281,0,0,1,1,1.0,0.0,0.0,True,0.33757499999999996,0.14069061263041333,False,False,"",2.4,"",0,"[]","[]",0,False,False,"",""
"bc1pg7ke4cjwyhj7g2jz4alztduw5kkaawaych2m23sk4p8d237hqckqujar6q","bitcoin","BTC",2.88041022,0.0,"BTC",187226.6643,271,0,0,1,1,1.0,0.0,0.0,True,0.30555,0.14047871573109072,False,False,"",2.4,"",0,"[]","[]",0,False,False,"",""
"bc1peywwselpkkjvkj2skvkxxqpahlgtje6dspp33sj9yvq97ya3tkysscmzu5","bitcoin","BTC",5.49453824,0.0,"BTC",357144.9856,261,0,0,1,1,1.0,0.0,0.0,True,0.26175000000000004,0.1408594680509992,False,False,"",2.4,"",0,"[]","[]",0,False,False,"",""
"bc1qz0tccktspq05d585sdwgpzdehryxzgqeuwshat","bitcoin","BTC",8.19482022,0.0,"BTC",532663.3143000001,257,0,0,1,1,1.0,0.0,0.0,True,0.247875,0.14083817588653375,False,False,"",2.4,"",0,"[]","[]",0,False,False,"",""
"bc1prrhrrzu0wmn87amzp8afvuwnz2eslxfp7jlprjew8kljehr3ngrq9dk3ac","bitcoin","BTC",5.22190848,0.0,"BTC",339424.0512,249,0,0,1,1,1.0,0.0,0.0,True,0.228825,0.14081737510126852,False,False,"",2.4,"",0,"[]","[]",0,False,False,"",""
"bc1pgccd869t504thpmk84js0slndfd2rlw7tndcxcw96vfumdpjhhtsl4ax5v","bitcoin","BTC",5.22190848,0.0,"BTC",339424.0512,249,0,0,1,1,1.0,0.0,0.0,True,0.228825,0.14081737510126852,False,False,"",2.4,"",0,"[]","[]",0,False,False,"",""
"bc1pcm4f90zec0uf7nl6m5kk2qvsprspummtz8e492fdwss9af7xl3ysqv7sgm","bitcoin","BTC",5.22190848,0.0,"BTC",339424.0512,249,0,0,1,1,1.0,0.0,0.0,True,0.228825,0.14081737510126852,False,False,"",2.4,"",0,"[]","[]",0,False,False,"",""
"bc1pntyugn0z8eyfqn8f7605rcr5uq9lxaz4eegp9al7zf0mz569ue2qf99kum","bitcoin","BTC",7.84406916,0.0,"BTC",509864.4954,246,0,0,1,1,1.0,0.0,0.0,True,0.2229,0.14069743195996953,False,False,"",2.4,"",0,"[]","[]",0,False,False,"",""
"bc1p38vedcm8xhtv7ghgc34cfck7yh4zfafdqfnlnzraadmsmcpq5lzs2y8v8q","bitcoin","BTC",7.84406916,0.0,"BTC",509864.4954,246,0,0,1,1,1.0,0.0,0.0,True,0.2229,0.14069743195996953,False,False,"",2.4,"",0,"[]","[]",0,False,False,"",""
"bc1pcna9kfphddx9wv0sjg23wxuuc9eae77whx44dz9tpcsgmvpslrpsl4puga","bitcoin","BTC",7.84406916,0.0,"BTC",509864.4954,246,0,0,1,1,1.0,0.0,0.0,True,0.2229,0.14069743195996953,False,False,"",2.4,"",0,"[]","[]",0,False,False,"",""
"bc1ptcxj4jn6d8quwtxhdemuf7fayegnfk8hl3d4d70qghzc4wylp03qppv4wk","bitcoin","BTC",7.84406916,0.0,"BTC",509864.4954,246,0,0,1,1,1.0,0.0,0.0,True,0.2229,0.14069743195996953,False,False,"",2.4,"",0,"[]","[]",0,False,False,"",""
"bc1pe5622ntl3xn8wunxjez8yk9s6mslcagrugxwkz8unu9jzr2rkn8qfh2m0c","bitcoin","BTC",7.84406916,0.0,"BTC",509864.4954,246,0,0,1,1,1.0,0.0,0.0,True,0.2229,0.14069743195996953,False,False,"",2.4,"",0,"[]","[]",0,False,False,"",""
"bc1pyjvss0m3qehzpw5d77yp27pfk58xyhlgh72jd2fnls00la9g2svq2yul7n","bitcoin","BTC",5.07510784,0.0,"BTC",329882.0096,242,0,0,1,1,1.0,0.0,0.0,True,0.19740000000000002,0.14041668357264092,False,False,"",2.4,"",0,"[]","[]",0,False,False,"",""
"bc1p49zwqmhqhfx5kqrk8cj5jswxy5uf7nxtradsj79hsdxht2dkdqjsxedkck","bitcoin","BTC",5.07510784,0.0,"BTC",329882.0096,242,0,0,1,1,1.0,0.0,0.0,True,0.19740000000000002,0.14041668357264092,False,False,"",2.4,"",0,"[]","[]",0,False,False,"",""
"bc1px72nr4trx37ka5wjdu8lys5hqcszhtgl0wcn9ygx3nftr3dhdfxs96wv6x","bitcoin","BTC",5.07510784,0.0,"BTC",329882.0096,242,0,0,1,1,1.0,0.0,0.0,True,0.19740000000000002,0.14041668357264092,False,False,"",2.4,"",0,"[]","[]",0,False,False,"",""
"bc1pd370gc3xg2tf94u7fchw3gznypxsf2u577v5vcd83szuq4v3pacsw9sl63","bitcoin","BTC",0.7340032,0.0,"BTC",47710.208,280,0,0,1,1,1.0,0.0,0.0,True,0.33089999999999997,0.14128914040271345,False,False,"",2.3,"",0,"[]","[]",0,False,False,"",""
"bc1prgtelt6wv5pnzld3h8ucs9997gwnszq30sx86c8aewgd84arptmsw2h9kw","bitcoin","BTC",0.7340032,0.0,"BTC",47710.208,280,0,0,1,1,1.0,0.0,0.0,True,0.33089999999999997,0.14128914040271345,False,False,"",2.3,"",0,"[]","[]",0,False,False,"",""
"bc1py5f6rtnuhw82mz0qy7sprf3ssz0z7f69z92mef8n2zm7z355229slqhyw0","bitcoin","BTC",0.7340032,0.0,"BTC",47710.208,280,0,0,1,1,1.0,0.0,0.0,True,0.33089999999999997,0.14128914040271345,False,False,"",2.3,"",0,"[]","[]",0,False,False,"",""
"bc1p893adlumu2ewznezyq4mf3420x0ltmcmq5ely8ex088kl35t28yqy065ks","bitcoin","BTC",5.8720256,0.0,"BTC",381681.664,280,0,0,1,1,1.0,0.0,0.0,True,0.33089999999999997,0.1413734070413355,False,False,"",2.3,"",0,"[]","[]",0,False,False,"",""
"bc1pp6jx37hhq5cpaphq7m4ceecfj3apwsnnrwvadatx68wd9els393qqlmjh7","bitcoin","BTC",0.7340032,0.0,"BTC",47710.208,280,0,0,1,1,1.0,0.0,0.0,True,0.33089999999999997,0.14128914040271345,False,False,"",2.3,"",0,"[]","[]",0,False,False,"",""
"bc1pecxzxq023dm24jx27djcrh3msyrusrwp94g58a9cp8zjvjnnjsjq0qepe5","bitcoin","BTC",0.7340032,0.0,"BTC",47710.208,280,0,0,1,1,1.0,0.0,0.0,True,0.33089999999999997,0.14128914040271345,False,False,"",2.3,"",0,"[]","[]",0,False,False,"",""
"bc1qq0pdvgm6gqzxkjcdz24xzv3sga0ecphhua8zg8","bitcoin","BTC",0.9388791,0.0,"BTC",61027.1415,265,0,0,1,1,1.0,0.0,0.0,True,0.28049999999999997,0.1409777131733202,False,False,"",2.3,"",0,"[]","[]",0,False,False,"",""
"bc1qwe705wdg4h5aj97ydpg8t7slth3vdg8gp5jxj7","bitcoin","BTC",0.9388791,0.0,"BTC",61027.1415,265,0,0,1,1,1.0,0.0,0.0,True,0.28049999999999997,0.1409777131733202,False,False,"",2.3,"",0,"[]","[]",0,False,False,"",""
"bc1pkxtgkjzwyrv5cmm44a0u330ensd5z33tnks5knhy3vuzh3tc827qw02sc6","bitcoin","BTC",13.05,0.0,"BTC",848250.0,261,0,0,1,1,1.0,0.0,0.0,True,0.26175000000000004,0.14121939805217826,False,False,"",2.3,"",0,"[]","[]",0,False,False,"",""
"bc1q02araednuat87433h3d9f4xc5hwphvln8m0ftm","bitcoin","BTC",13.05,0.0,"BTC",848250.0,261,0,0,1,1,1.0,0.0,0.0,True,0.26175000000000004,0.14121939805217826,False,False,"",2.3,"",0,"[]","[]",0,False,False,"",""
"bc1qpu9h657veeaxa7537xpe8fl7t3txvd0yv4gkeu","bitcoin","BTC",13.05,0.0,"BTC",848250.0,261,0,0,1,1,1.0,0.0,0.0,True,0.26175000000000004,0.14121939805217826,False,False,"",2.3,"",0,"[]","[]",0,False,False,"",""
"bc1px3gjtrtjqrrr0xnwpr78c447etwwyzq3afm2sulkkm45arumymqqeuvsnp","bitcoin","BTC",13.05,0.0,"BTC",848250.0,261,0,0,1,1,1.0,0.0,0.0,True,0.26175000000000004,0.14121939805217826,False,False,"",2.3,"",0,"[]","[]",0,False,False,"",""
"bc1p2mnh97hx27mljfd463np4m220p4dcew9x6hh56xff9z4qr50mdrqzc80wz","bitcoin","BTC",0.88219206,0.0,"BTC",57342.4839,249,0,0,1,1,1.0,0.0,0.0,True,0.228825,0.14102144029345953,False,False,"",2.3,"",0,"[]","[]",0,False,False,"",""
"bc1q4jvyact6cwjpjjxxvxjg74832a88rrwes9xh8z","bitcoin","BTC",0.88219206,0.0,"BTC",57342.4839,249,0,0,1,1,1.0,0.0,0.0,True,0.228825,0.14102144029345953,False,False,"",2.3,"",0,"[]","[]",0,False,False,"",""
"bc1q97qmfcsflq4r3usexj69vzhacnvtlehtyctlt0","bitcoin","BTC",0.88219206,0.0,"BTC",57342.4839,249,0,0,1,1,1.0,0.0,0.0,True,0.228825,0.14102144029345953,False,False,"",2.3,"",0,"[]","[]",0,False,False,"",""
"bc1q3ua05a65enlcdgrqp8vzh45906k2djdrvjwx0j","bitcoin","BTC",0.88219206,0.0,"BTC",57342.4839,249,0,0,1,1,1.0,0.0,0.0,True,0.228825,0.14102144029345953,False,False,"",2.3,"",0,"[]","[]",0,False,False,"",""
"bc1ptaxka4eajcuck60w9yzm28m78ja844l9vrutvap2wp3xn44txrmqxuq6p0","bitcoin","BTC",0.88219206,0.0,"BTC",57342.4839,249,0,0,1,1,1.0,0.0,0.0,True,0.228825,0.14102144029345953,False,False,"",2.3,"",0,"[]","[]",0,False,False,"",""
"bc1pj7220va9v8efh0hkhgzydnxy9matpfw67jdfm0ece9tavn0y3s7s5s5dlc","bitcoin","BTC",0.87156324,0.0,"BTC",56651.6106,246,0,0,1,1,1.0,0.0,0.0,True,0.2229,0.14147406035276439,False,False,"",2.3,"",0,"[]","[]",0,False,False,"",""
"bc1pem8nynz4g7fy94v03qk7m5v7kvlwt5ynjgsz0pvdp22jvecp2a0saadqsy","bitcoin","BTC",0.87156324,0.0,"BTC",56651.6106,246,0,0,1,1,1.0,0.0,0.0,True,0.2229,0.14147406035276439,False,False,"",2.3,"",0,"[]","[]",0,False,False,"",""
"bc1puzzy7utlslqc7jmytvsy6gn2m04y2uxarnskpca6mqq4hjvg88wqrrl2uy","bitcoin","BTC",0.87156324,0.0,"BTC",56651.6106,246,0,0,1,1,1.0,0.0,0.0,True,0.2229,0.14147406035276439,False,False,"",2.3,"",0,"[]","[]",0,False,False,"",""
"bc1p7mp4kf8zpqtruu3tp570x4hxavf79ur4p23gha63955wh4ss4vuqs6f8xh","bitcoin","BTC",0.87156324,0.0,"BTC",56651.6106,246,0,0,1,1,1.0,0.0,0.0,True,0.2229,0.14147406035276439,False,False,"",2.3,"",0,"[]","[]",0,False,False,"",""
"bc1q8h9qdlcegf0tw5xpa9rapwvjy60qkaukrk8fvy","bitcoin","BTC",3.87420489,0.0,"BTC",251823.31785000002,243,0,0,1,1,1.0,0.0,0.0,True,0.20182499999999998,0.1414730608143565,False,False,"",2.3,"",0,"[]","[]",0,False,False,"",""
"bc1p9n90jwnlmxfkee9glhs69gcnucem2pt8qn95lm2arzjsu8d9k3qq2z69pp","bitcoin","BTC",2.56154562,0.0,"BTC",166500.4653,241,0,0,1,1,1.0,0.0,0.0,True,0.194625,0.14152476589037832,False,False,"",2.3,"",0,"[]","[]",0,False,False,"",""
"bc1pml9sx9rh4euus3n7sccx4y4rl59g3zcmw96ualycftll2fthyhzs9ryv3r","bitcoin","BTC",1.2223143,0.0,"BTC",79450.4295,230,0,0,1,1,1.0,0.0,0.0,True,0.18015,0.14146943386827499,False,False,"",2.3,"",0,"[]","[]",0,False,False,"",""
"bc1p0cnax7942d6mqjgq7hs3ahaz0ldfgu5xw5n73zggz06wekgv5thskxt3cv","bitcoin","BTC",1.2223143,0.0,"BTC",79450.4295,230,0,0,1,1,1.0,0.0,0.0,True,0.18015,0.14146943386827499,False,False,"",2.3,"",0,"[]","[]",0,False,False,"",""
"bc1p0zn62sntjyrlqggwk739herpnkd26vjl78ysj96lxrfspn8dmyjqrt7536","bitcoin","BTC",1.21699989,0.0,"BTC",79104.99285000001,229,0,0,1,1,1.0,0.0,0.0,True,0.17407499999999998,0.14111043085773856,False,False,"",2.3,"",0,"[]","[]",0,False,False,"",""
"bc1pz2qf0yxl3v0yj32g8r99rszf4l2mv7jzqjyny3rtd57xqvql75tspx7ysl","bitcoin","BTC",1.21699989,0.0,"BTC",79104.99285000001,229,0,0,1,1,1.0,0.0,0.0,True,0.17407499999999998,0.14111043085773856,False,False,"",2.3,"",0,"[]","[]",0,False,False,"",""
"bc1p8a9468zs5dw6dz4nng8nc70js88vltg3hndtcdnafkwyua8auhlqzq2rrz","bitcoin","BTC",1.21699989,0.0,"BTC",79104.99285000001,229,0,0,1,1,1.0,0.0,0.0,True,0.17407499999999998,0.14111043085773856,False,False,"",2.3,"",0,"[]","[]",0,False,False,"",""
"bc1p0uqxqhgvdx0u3qfld7n2fgcla3dyp679a3nf4agye5r2ffgkj70s3wa28j","bitcoin","BTC",1.21699989,0.0,"BTC",79104.99285000001,229,0,0,1,1,1.0,0.0,0.0,True,0.17407499999999998,0.14111043085773856,False,False,"",2.3,"",0,"[]","[]",0,False,False,"",""
"bc1pge8te89zm3a4dznrmglxnh5mkm4v0ln4yxtnf2w6m6nk92pzngkq4v3veg","bitcoin","BTC",1.21699989,0.0,"BTC",79104.99285000001,229,0,0,1,1,1.0,0.0,0.0,True,0.17407499999999998,0.14111043085773856,False,False,"",2.3,"",0,"[]","[]",0,False,False,"",""
"bc1pccptn536r9jzswp0vvymsj3sx3hlfefka6ft5a99rm96wrav7wtqaa3597","bitcoin","BTC",1.21699989,0.0,"BTC",79104.99285000001,229,0,0,1,1,1.0,0.0,0.0,True,0.17407499999999998,0.14111043085773856,False,False,"",2.3,"",0,"[]","[]",0,False,False,"",""
"bc1ptc7rkq2tmzj79hnmf5k9vkhq524c0pxt7hd7xahj7kgkz3xluypsu3mkzu","bitcoin","BTC",1.21699989,0.0,"BTC",79104.99285000001,229,0,0,1,1,1.0,0.0,0.0,True,0.17407499999999998,0.14111043085773856,False,False,"",2.3,"",0,"[]","[]",0,False,False,"",""
"bc1puy8d5lsyzegjt8wkkxgfa4wpgym9rjfqlehwdwkv29466wjee47sv2g997","bitcoin","BTC",1.21699989,0.0,"BTC",79104.99285000001,229,0,0,1,1,1.0,0.0,0.0,True,0.17407499999999998,0.14111043085773856,False,False,"",2.3,"",0,"[]","[]",0,False,False,"",""
"bc1pxr9ux75unzvhk3gkgns0rh47tn92rspmknpeh0alhs4426j5w0zqfdx7cy","bitcoin","BTC",1.21699989,0.0,"BTC",79104.99285000001,229,0,0,1,1,1.0,0.0,0.0,True,0.17407499999999998,0.14111043085773856,False,False,"",2.3,"",0,"[]","[]",0,False,False,"",""
"bc1ph7kr9lept5ls83pqfqxpqxh6mmdsxurd8ud82538u7w22ku6a24qamrx8z","bitcoin","BTC",1.21699989,0.0,"BTC",79104.99285000001,229,0,0,1,1,1.0,0.0,0.0,True,0.17407499999999998,0.14111043085773856,False,False,"",2.3,"",0,"[]","[]",0,False,False,"",""
"bc1py5wgccmslaazhkgm086nn5ekpmxmnrxwaljze54jh3nhtura9lrsfnwrw5","bitcoin","BTC",1.49334921,0.0,"BTC",97067.69865,281,0,0,1,1,1.0,0.0,0.0,True,0.33757499999999996,0.14213234555976634,False,False,"",2.2,"",0,"[]","[]",0,False,False,"",""
"bc1pzf5gtale3tfz25rfp4q57ulgjl2skextdpsyegeqr20etx7fvfuqmamc2h","bitcoin","BTC",1.49334921,0.0,"BTC",97067.69865,281,0,0,1,1,1.0,0.0,0.0,True,0.33757499999999996,0.14213234555976634,False,False,"",2.2,"",0,"[]","[]",0,False,False,"",""
"bc1pd4gu5l5ky786502uezj6ewewf8e0372wzzqpqgexxh25tasgfunqwkmj3v","bitcoin","BTC",1.49334921,0.0,"BTC",97067.69865,281,0,0,1,1,1.0,0.0,0.0,True,0.33757499999999996,0.14213234555976634,False,False,"",2.2,"",0,"[]","[]",0,False,False,"",""
"bc1pwyara5vv0cdzkhcnasyyunxwd8tptlf0h9hlnvdka9kccneg9nyskm9rt8","bitcoin","BTC",1.49334921,0.0,"BTC",97067.69865,281,0,0,1,1,1.0,0.0,0.0,True,0.33757499999999996,0.14213234555976634,False,False,"",2.2,"",0,"[]","[]",0,False,False,"",""
"bc1pehg90p2dk8skszezq5y857fwkrs280fekaeyv7r2rymjsqvtegmqzkczrs","bitcoin","BTC",2.9760696,0.0,"BTC",193444.524,280,0,0,1,1,1.0,0.0,0.0,True,0.33089999999999997,0.1424617229616837,False,False,"",2.2,"",0,"[]","[]",0,False,False,"",""
"bc1pppam0ktqdl0fu0fvzpjq98hhctcntfecry8093cjs5adej9pu6rsdeg8aw","bitcoin","BTC",2.9760696,0.0,"BTC",193444.524,280,0,0,1,1,1.0,0.0,0.0,True,0.33089999999999997,0.1424617229616837,False,False,"",2.2,"",0,"[]","[]",0,False,False,"",""
"bc1px68tzu77qhkh0dta5hnwl95gpj9txk6mtxtyyl6g52dr5tvuyc6sr4d6jq","bitcoin","BTC",2.9760696,0.0,"BTC",193444.524,280,0,0,1,1,1.0,0.0,0.0,True,0.33089999999999997,0.1424617229616837,False,False,"",2.2,"",0,"[]","[]",0,False,False,"",""
"bc1pkcf4sjyllamthusrwp4y4929npfxqxkp3lyegczlhe3h0y89m5uqve9u77","bitcoin","BTC",2.9760696,0.0,"BTC",193444.524,280,0,0,1,1,1.0,0.0,0.0,True,0.33089999999999997,0.1424617229616837,False,False,"",2.2,"",0,"[]","[]",0,False,False,"",""
"bc1p7gk3x2uzu8wn47gn6fupgf0t2ezlkktceemwrm5redttcd5tkssqxyp2zl","bitcoin","BTC",2.9760696,0.0,"BTC",193444.524,280,0,0,1,1,1.0,0.0,0.0,True,0.33089999999999997,0.1424617229616837,False,False,"",2.2,"",0,"[]","[]",0,False,False,"",""
"bc1py2t4y7udkyce69pyzz307xqd73qgn0lrn320d6g5kr392vtdm7gq8ugm7g","bitcoin","BTC",2.9760696,0.0,"BTC",193444.524,280,0,0,1,1,1.0,0.0,0.0,True,0.33089999999999997,0.1424617229616837,False,False,"",2.2,"",0,"[]","[]",0,False,False,"",""
"bc1p6gxz97l5s6l7zpngh05y8km4av29xh9q3cs98vz9zzre9v9t66wsckcj79","bitcoin","BTC",2.9760696,0.0,"BTC",193444.524,280,0,0,1,1,1.0,0.0,0.0,True,0.33089999999999997,0.1424617229616837,False,False,"",2.2,"",0,"[]","[]",0,False,False,"",""
"bc1p2vf69ga3nec3l4wfn8w55e9yh6xjg4h0gan4mvx3dz602qfec6dqceg4sp","bitcoin","BTC",2.9760696,0.0,"BTC",193444.524,280,0,0,1,1,1.0,0.0,0.0,True,0.33089999999999997,0.1424617229616837,False,False,"",2.2,"",0,"[]","[]",0,False,False,"",""
"bc1p8ku3um6g68zlj8l0zrc2ntq2f0w3gxgg7lae4anm2esleg2xd02sluzzek","bitcoin","BTC",13.05,0.0,"BTC",848250.0,261,0,0,1,1,1.0,0.0,0.0,True,0.26175000000000004,0.14204517674335349,False,False,"",2.2,"",0,"[]","[]",0,False,False,"",""
"bc1pmuwf6pgu06a8ze5kzua35efn8kqg3smyc5fkknuf4m9e2smnj50qtklg9a","bitcoin","BTC",13.05,0.0,"BTC",848250.0,261,0,0,1,1,1.0,0.0,0.0,True,0.26175000000000004,0.14204517674335349,False,False,"",2.2,"",0,"[]","[]",0,False,False,"",""
"bc1pkack7kfwzk2ayd9wss5zejypd35c0948rcyqchl6pgwvz8qfj9nqpwtceq","bitcoin","BTC",13.05,0.0,"BTC",848250.0,261,0,0,1,1,1.0,0.0,0.0,True,0.26175000000000004,0.14204517674335349,False,False,"",2.2,"",0,"[]","[]",0,False,False,"",""
"bc1pwqe96d4dyhvs9qp9jyt4jjsuvxeajl0pket82ra43lzq4pu6k9xq27ax83","bitcoin","BTC",13.05,0.0,"BTC",848250.0,261,0,0,1,1,1.0,0.0,0.0,True,0.26175000000000004,0.14204517674335349,False,False,"",2.2,"",0,"[]","[]",0,False,False,"",""
"bc1ps29u2xcthmrs5a7pcmxchyj89kvurc0yqugsn4v9ax2qqq34sp9snheh3s","bitcoin","BTC",13.05,0.0,"BTC",848250.0,261,0,0,1,1,1.0,0.0,0.0,True,0.26175000000000004,0.14204517674335349,False,False,"",2.2,"",0,"[]","[]",0,False,False,"",""
"bc1p5wwvx9x50rdktlpwekjm8nyvd4lh2d47g7ymprzas2se25j4mmtqlxwsmn","bitcoin","BTC",13.05,0.0,"BTC",848250.0,261,0,0,1,1,1.0,0.0,0.0,True,0.26175000000000004,0.14204517674335349,False,False,"",2.2,"",0,"[]","[]",0,False,False,"",""
"bc1p6kpp6kz6hg37vt7qpz44e3xy8867n0r966vtcrsmxesnvk0nypeq9n7f4s","bitcoin","BTC",13.05,0.0,"BTC",848250.0,261,0,0,1,1,1.0,0.0,0.0,True,0.26175000000000004,0.14204517674335349,False,False,"",2.2,"",0,"[]","[]",0,False,False,"",""
"bc1p430f548jnz5qaqs0ghrlrp6m525s7nyzf7s97xan2rc3yrjuy4wsevn28u","bitcoin","BTC",8.32236606,0.0,"BTC",540953.7939,261,0,0,1,1,1.0,0.0,0.0,True,0.26175000000000004,0.14203542044271628,False,False,"",2.2,"",0,"[]","[]",0,False,False,"",""
"bc1p4f5fumt7qdralteat0ffr2ee9lwtrdv5sd7p2mtv87p7ldp4qq8q4pr80p","bitcoin","BTC",13.05,0.0,"BTC",848250.0,261,0,0,1,1,1.0,0.0,0.0,True,0.26175000000000004,0.14204517674335349,False,False,"",2.2,"",0,"[]","[]",0,False,False,"",""
"bc1pr9kena8wnpmxndt7dqcqugkz3pcqauqzer48fn9zvyhs6r97553seccaf9","bitcoin","BTC",13.05,0.0,"BTC",848250.0,261,0,0,1,1,1.0,0.0,0.0,True,0.26175000000000004,0.14204517674335349,False,False,"",2.2,"",0,"[]","[]",0,False,False,"",""
"bc1p83a0w3fvyu6j46ggjnzh6rdzry8t595kxa0tpwnmg959va3lqs7qk5thx9","bitcoin","BTC",8.16293376,0.0,"BTC",530590.6943999999,256,0,0,1,1,1.0,0.0,0.0,True,0.2397,0.1421735602854713,False,False,"",2.2,"",0,"[]","[]",0,False,False,"",""
"bc1ptnwveh6lflhn4a8mwcazcte6hx6angnyzukf32dy5kelexz7ce0qsrmlhs","bitcoin","BTC",8.16293376,0.0,"BTC",530590.6943999999,256,0,0,1,1,1.0,0.0,0.0,True,0.2397,0.1421735602854713,False,False,"",2.2,"",0,"[]","[]",0,False,False,"",""
"bc1pukmkr7v6x5kxfkzvnzkr6m3varvxtlhvyv2w7la03yx0legtzfzseddt4z","bitcoin","BTC",8.16293376,0.0,"BTC",530590.6943999999,256,0,0,1,1,1.0,0.0,0.0,True,0.2397,0.1421735602854713,False,False,"",2.2,"",0,"[]","[]",0,False,False,"",""
"bc1qnqxps9dzazgft2yda80twxd2tp9lcsyussr6f6","bitcoin","BTC",8.16293376,0.0,"BTC",530590.6943999999,256,0,0,1,1,1.0,0.0,0.0,True,0.2397,0.1421735602854713,False,False,"",2.2,"",0,"[]","[]",0,False,False,"",""
"bc1p5uyc49wuhhqaxwyz3ve7kg6rmhft248nf2ewm5zd23vn62t45ehqtu0a5m","bitcoin","BTC",5.09607936,0.0,"BTC",331245.1584,243,0,0,1,1,1.0,0.0,0.0,True,0.20182499999999998,0.14191787508500697,False,False,"",2.2,"",0,"[]","[]",0,False,False,"",""
"bc1prm03kdws0wv2xfaffns7vftwlpdmr0wqmmu43ssz5q25n605xj9qhzl7qp","bitcoin","BTC",5.09607936,0.0,"BTC",331245.1584,243,0,0,1,1,1.0,0.0,0.0,True,0.20182499999999998,0.14191787508500697,False,False,"",2.2,"",0,"[]","[]",0,False,False,"",""
"bc1pau20fuk0ez76798tx50xylj4nnzt6c2vzkrfzhkx3evprycck66qxdn2lv","bitcoin","BTC",5.09607936,0.0,"BTC",331245.1584,243,0,0,1,1,1.0,0.0,0.0,True,0.20182499999999998,0.14191787508500697,False,False,"",2.2,"",0,"[]","[]",0,False,False,"",""
"bc1ptduy9g38svu32hnncg709pjn6eng8nygjdsxw7n7hmstc8hrscwsxzxkt5","bitcoin","BTC",0.9920232,0.0,"BTC",64481.508,280,0,0,1,1,1.0,0.0,0.0,True,0.33089999999999997,0.14294434713539778,False,False,"",2.1,"",0,"[]","[]",0,False,False,"",""
"bc1p9sjy3qp85yy34lsrwdrk78d4a78u65qxl5ndjc4s6k8nmqtp9xrq9hnfj5","bitcoin","BTC",0.9920232,0.0,"BTC",64481.508,280,0,0,1,1,1.0,0.0,0.0,True,0.33089999999999997,0.14294434713539778,False,False,"",2.1,"",0,"[]","[]",0,False,False,"",""
"bc1pmdcpmst48q028ajt2d8h257w4lscu3qyga0nu2n0n8usunwwq5kq3easdf","bitcoin","BTC",0.9920232,0.0,"BTC",64481.508,280,0,0,1,1,1.0,0.0,0.0,True,0.33089999999999997,0.14294434713539778,False,False,"",2.1,"",0,"[]","[]",0,False,False,"",""
"bc1penqstml9f93a39p48nyw7u22j7yscwvkhyl6zpk2umm848yejuwq398jx2","bitcoin","BTC",0.9920232,0.0,"BTC",64481.508,280,0,0,1,1,1.0,0.0,0.0,True,0.33089999999999997,0.14294434713539778,False,False,"",2.1,"",0,"[]","[]",0,False,False,"",""
"bc1qcwpp70npe9r9tx6vy0ru34jnxp29z23zjxj4ml","bitcoin","BTC",1.32328809,0.0,"BTC",86013.72584999999,249,0,0,1,1,1.0,0.0,0.0,True,0.228825,0.14310051542453295,False,False,"",2.1,"",0,"[]","[]",0,False,False,"",""
"bc1pw2tj7ypwcxa3ufqhceq24m4kg89vkp8lp0wznjgzjgmjf3kanx9srg6t4l","bitcoin","BTC",1.32328809,0.0,"BTC",86013.72584999999,249,0,0,1,1,1.0,0.0,0.0,True,0.228825,0.14310051542453295,False,False,"",2.1,"",0,"[]","[]",0,False,False,"",""
"bc1p6mn4mna6erz2x584hw9t3plagzum6tmmwu09qmrr2v8g7zzamads4cu2uv","bitcoin","BTC",1.32328809,0.0,"BTC",86013.72584999999,249,0,0,1,1,1.0,0.0,0.0,True,0.228825,0.14310051542453295,False,False,"",2.1,"",0,"[]","[]",0,False,False,"",""
"bc1pfu942jpzurlwg607npc0kmpsjy65gqefqn4qg0l6cgdh4z552wtqnqv7e8","bitcoin","BTC",1.32328809,0.0,"BTC",86013.72584999999,249,0,0,1,1,1.0,0.0,0.0,True,0.228825,0.14310051542453295,False,False,"",2.1,"",0,"[]","[]",0,False,False,"",""
"bc1p9lk7dugnhj9tp8dpgtz0drsuummgtfmmdrvl48tk9nzc2tr7p7asjggqts","bitcoin","BTC",1.32328809,0.0,"BTC",86013.72584999999,249,0,0,1,1,1.0,0.0,0.0,True,0.228825,0.14310051542453295,False,False,"",2.1,"",0,"[]","[]",0,False,False,"",""
"bc1p7rje8w7crrapdantkt27t3a954ew5fw23lksny3025ctdjpmawcq2cn9fz","bitcoin","BTC",1.32328809,0.0,"BTC",86013.72584999999,249,0,0,1,1,1.0,0.0,0.0,True,0.228825,0.14310051542453295,False,False,"",2.1,"",0,"[]","[]",0,False,False,"",""
"bc1pjdvrnkt7yt9xap3j0cr3e7wl8ryg4ghe8ggw503hmzzxetp3j05s8e6kvy","bitcoin","BTC",1.32328809,0.0,"BTC",86013.72584999999,249,0,0,1,1,1.0,0.0,0.0,True,0.228825,0.14310051542453295,False,False,"",2.1,"",0,"[]","[]",0,False,False,"",""
"bc1pwkvcdhuxzcuhg79na9psclwmdqd33fsme2mzj8j0vk7th8k58l5s2enm87","bitcoin","BTC",1.32328809,0.0,"BTC",86013.72584999999,249,0,0,1,1,1.0,0.0,0.0,True,0.228825,0.14310051542453295,False,False,"",2.1,"",0,"[]","[]",0,False,False,"",""
"bc1pnqdd55usm76e5q67e7hjcpael355sf6kanf09f42kjeu73e8lntslstmut","bitcoin","BTC",1.32328809,0.0,"BTC",86013.72584999999,249,0,0,1,1,1.0,0.0,0.0,True,0.228825,0.14310051542453295,False,False,"",2.1,"",0,"[]","[]",0,False,False,"",""
"bc1pfe8j93nudartg8qjwa8fk29uxxjry5ehwh76jlwwr929rgfd4m2qz82l3f","bitcoin","BTC",5.15899392,0.0,"BTC",335334.60480000003,246,0,0,1,1,1.0,0.0,0.0,True,0.2229,0.14272409270602276,False,False,"",2.1,"",0,"[]","[]",0,False,False,"",""
"bc1plg5ucw04u3m7m4l4lz2vmn9fyzp3zgghelrx2xu9dfar605kagsq4vmd34","bitcoin","BTC",5.15899392,0.0,"BTC",335334.60480000003,246,0,0,1,1,1.0,0.0,0.0,True,0.2229,0.14272409270602276,False,False,"",2.1,"",0,"[]","[]",0,False,False,"",""
"bc1p4fr67p8thlvrg4309wcyrs7u09dpw9ky3c7ezd7t7jc8cl37ydvqvlkena","bitcoin","BTC",5.15899392,0.0,"BTC",335334.60480000003,246,0,0,1,1,1.0,0.0,0.0,True,0.2229,0.14272409270602276,False,False,"",2.1,"",0,"[]","[]",0,False,False,"",""
"bc1p3ar2yduwa9qe3tl5hq0nw45cd22qgdu8gkc8458zn2vzymtp3vzsegj0u0","bitcoin","BTC",5.15899392,0.0,"BTC",335334.60480000003,246,0,0,1,1,1.0,0.0,0.0,True,0.2229,0.14272409270602276,False,False,"",2.1,"",0,"[]","[]",0,False,False,"",""
"bc1pvca60y2j2xqq0d0jkmau356lrghf2dkxakrkyqr4fqupg4753quq7e2uvg","bitcoin","BTC",5.15899392,0.0,"BTC",335334.60480000003,246,0,0,1,1,1.0,0.0,0.0,True,0.2229,0.14272409270602276,False,False,"",2.1,"",0,"[]","[]",0,False,False,"",""
"bc1prf8sr8l0gwhtu6yx42yc3ffrz52jf5rr6gzdp6eqvr840x4wdg0spdzket","bitcoin","BTC",5.15899392,0.0,"BTC",335334.60480000003,246,0,0,1,1,1.0,0.0,0.0,True,0.2229,0.14272409270602276,False,False,"",2.1,"",0,"[]","[]",0,False,False,"",""
"bc1pppzz0krmawu3sj06zzqz45ufuze44ufqcpuyvj06w3yexvczl7cqht297f","bitcoin","BTC",5.15899392,0.0,"BTC",335334.60480000003,246,0,0,1,1,1.0,0.0,0.0,True,0.2229,0.14272409270602276,False,False,"",2.1,"",0,"[]","[]",0,False,False,"",""
"bc1pllpc2qxqh9wscc3wd7khye9zd5ukxm4e350ehf5ftml7hegk0ljsqur2dv","bitcoin","BTC",7.8121827,0.0,"BTC",507791.8755,245,0,0,1,1,1.0,0.0,0.0,True,0.21247500000000002,0.14310353049359364,False,False,"",2.1,"",0,"[]","[]",0,False,False,"",""
"bc1pecd2aqwk4d38d4g25uskx9atpvqzwp5s3gufx4g9hly0dv2zwq7sydhz93","bitcoin","BTC",7.8121827,0.0,"BTC",507791.8755,245,0,0,1,1,1.0,0.0,0.0,True,0.21247500000000002,0.14310353049359364,False,False,"",2.1,"",0,"[]","[]",0,False,False,"",""
"bc1pmy3k03yv0vuf9kn7f76fjen0tqc3970emtx6scn55cmg5qd92h5swwxxf3","bitcoin","BTC",7.8121827,0.0,"BTC",507791.8755,245,0,0,1,1,1.0,0.0,0.0,True,0.21247500000000002,0.14310353049359364,False,False,"",2.1,"",0,"[]","[]",0,False,False,"",""
"bc1qt8j5k248gla5v0th9500jem7csx3lp28tlajf8","bitcoin","BTC",7.8121827,0.0,"BTC",507791.8755,245,0,0,1,1,1.0,0.0,0.0,True,0.21247500000000002,0.14310353049359364,False,False,"",2.1,"",0,"[]","[]",0,False,False,"",""
"bc1pukst0t79fu3g45hgglre5shd3pl8r0x8n2jh4j0d92mtxpneyp3su79uzv","bitcoin","BTC",7.8121827,0.0,"BTC",507791.8755,245,0,0,1,1,1.0,0.0,0.0,True,0.21247500000000002,0.14310353049359364,False,False,"",2.1,"",0,"[]","[]",0,False,False,"",""
"bc1pj3t96yvvxpvdzr349q4njw22tzchahq2msmxu94g3a3m8cq8aflqzhlm5g","bitcoin","BTC",7.8121827,0.0,"BTC",507791.8755,245,0,0,1,1,1.0,0.0,0.0,True,0.21247500000000002,0.14310353049359364,False,False,"",2.1,"",0,"[]","[]",0,False,False,"",""
"bc1p346slm89vy9ktrlfz3haj079hdcffg2q8trd9wsqs30dgxprcv2qqu647m","bitcoin","BTC",7.8121827,0.0,"BTC",507791.8755,245,0,0,1,1,1.0,0.0,0.0,True,0.21247500000000002,0.14310353049359364,False,False,"",2.1,"",0,"[]","[]",0,False,False,"",""
"bc1pklvmujfdsw348hv0hc0nzj5ayu2qytllx8frcec0seja49ym95esw7vkgr","bitcoin","BTC",7.8121827,0.0,"BTC",507791.8755,245,0,0,1,1,1.0,0.0,0.0,True,0.21247500000000002,0.14310353049359364,False,False,"",2.1,"",0,"[]","[]",0,False,False,"",""
"bc1pm3tzhxtujucqdew7zhva2l0uq6954kk3p3w3tcrxev5nv79vfw2qnw0njk","bitcoin","BTC",7.8121827,0.0,"BTC",507791.8755,245,0,0,1,1,1.0,0.0,0.0,True,0.21247500000000002,0.14310353049359364,False,False,"",2.1,"",0,"[]","[]",0,False,False,"",""
"bc1pqvvrs3flcp9k32xvetxpwr3sfdfg8mawpmvvm80nlwdf8rswr7asgp4ttu","bitcoin","BTC",7.8121827,0.0,"BTC",507791.8755,245,0,0,1,1,1.0,0.0,0.0,True,0.21247500000000002,0.14310353049359364,False,False,"",2.1,"",0,"[]","[]",0,False,False,"",""
"bc1ptvvjtt4qugr7dvvg88cwhms3az93a22tasjntqwxeph9uf605ndqxqu77j","bitcoin","BTC",0.86093442,0.0,"BTC",55960.7373,243,0,0,1,1,1.0,0.0,0.0,True,0.20182499999999998,0.14269453239335544,False,False,"",2.1,"",0,"[]","[]",0,False,False,"",""
"bc1pv5r0ch9ymprdwg4wymeyw2zku2gz9xmf062gu2gnw8sf2llphjqs4vqf33","bitcoin","BTC",0.86093442,0.0,"BTC",55960.7373,243,0,0,1,1,1.0,0.0,0.0,True,0.20182499999999998,0.14269453239335544,False,False,"",2.1,"",0,"[]","[]",0,False,False,"",""
"bc1pcrce9g5vdr0y2safc5zlvy0cp5j7cxn8v7jkzkjz74x9p6esfrpsxvx5ef","bitcoin","BTC",0.86093442,0.0,"BTC",55960.7373,243,0,0,1,1,1.0,0.0,0.0,True,0.20182499999999998,0.14269453239335544,False,False,"",2.1,"",0,"[]","[]",0,False,False,"",""
"bc1pe2uy6x9rj69vh5f4v98e77czstkjdjnvtsfkgfkrk434e6fzes2qessuqd","bitcoin","BTC",0.86093442,0.0,"BTC",55960.7373,243,0,0,1,1,1.0,0.0,0.0,True,0.20182499999999998,0.14269453239335544,False,False,"",2.1,"",0,"[]","[]",0,False,False,"",""
"bc1puxeml3mlnmxk6sn0yf7d4alp9m72f4fuunr0urccttnsp90389xss376le","bitcoin","BTC",0.86093442,0.0,"BTC",55960.7373,243,0,0,1,1,1.0,0.0,0.0,True,0.20182499999999998,0.14269453239335544,False,False,"",2.1,"",0,"[]","[]",0,False,False,"",""
"bc1pxwmj4fwn0rup8h3q4cranw26n6ly5qcd6wd5s97n46fs8du9m7hs7g5xfq","bitcoin","BTC",0.86093442,0.0,"BTC",55960.7373,243,0,0,1,1,1.0,0.0,0.0,True,0.20182499999999998,0.14269453239335544,False,False,"",2.1,"",0,"[]","[]",0,False,False,"",""
"bc1p6xjs6gzhrezlrqp20gfy6kk8p6u4f7cqs3jqedmz8z8eyz2dusesrede52","bitcoin","BTC",1.28077281,0.0,"BTC",83250.23265,241,0,0,1,1,1.0,0.0,0.0,True,0.194625,0.1425896123537685,False,False,"",2.1,"",0,"[]","[]",0,False,False,"",""
"bc1p46hgy8dawhkgpd69wet9hkv4qwahrjxz29qm2pgptu6vqk35wslsqnqyqt","bitcoin","BTC",1.28077281,0.0,"BTC",83250.23265,241,0,0,1,1,1.0,0.0,0.0,True,0.194625,0.1425896123537685,False,False,"",2.1,"",0,"[]","[]",0,False,False,"",""
"bc1pddtdl52uqglgjk34vf0uxs75pext8kx93rxdakt0z5rsz9s2xvzs9mus6h","bitcoin","BTC",1.4880348,0.0,"BTC",96722.262,280,0,0,1,1,1.0,0.0,0.0,True,0.33089999999999997,0.14396681028116293,False,False,"",2.0,"",0,"[]","[]",0,False,False,"",""
"bc1pp6aslerdpp3wgzau492g2r7479gdqxsttzt7lzh5s2vqsccgnczqy8s7rg","bitcoin","BTC",1.4880348,0.0,"BTC",96722.262,280,0,0,1,1,1.0,0.0,0.0,True,0.33089999999999997,0.14396681028116293,False,False,"",2.0,"",0,"[]","[]",0,False,False,"",""
"bc1pzqda57naxrslqhetlps5wmjtslp4m7xks34u2x7qktg4spdwpa5qfq0x3g","bitcoin","BTC",1.4880348,0.0,"BTC",96722.262,280,0,0,1,1,1.0,0.0,0.0,True,0.33089999999999997,0.14396681028116293,False,False,"",2.0,"",0,"[]","[]",0,False,False,"",""
"bc1p78srry5u733fu0t62f7rng36k5kpup3tcj7w8djs8ag674xrv3pqhsc69u","bitcoin","BTC",1.4880348,0.0,"BTC",96722.262,280,0,0,1,1,1.0,0.0,0.0,True,0.33089999999999997,0.14396681028116293,False,False,"",2.0,"",0,"[]","[]",0,False,False,"",""
"bc1p6zrcysg7rmx2x4xh7udc08chrjhve8xnflhu0fdy2r4xv65z27hqk98244","bitcoin","BTC",5.80911104,0.0,"BTC",377592.21760000003,277,0,0,1,1,1.0,0.0,0.0,True,0.325275,0.14361493810354714,False,False,"",2.0,"",0,"[]","[]",0,False,False,"",""
"bc1pxkftqajne9hpakr2vkjh8jj4wrywdll5yqeez8ul8vdh3n3ku8tsnz6482","bitcoin","BTC",5.80911104,0.0,"BTC",377592.21760000003,277,0,0,1,1,1.0,0.0,0.0,True,0.325275,0.14361493810354714,False,False,"",2.0,"",0,"[]","[]",0,False,False,"",""
"bc1pcvsyc0r4vjsstehp5z3qs6heqwexk8g3q3096apal2w6j4m6pusq3wrfzf","bitcoin","BTC",1.40831865,0.0,"BTC",91540.71225,265,0,0,1,1,1.0,0.0,0.0,True,0.28049999999999997,0.14366406310608482,False,False,"",2.0,"",0,"[]","[]",0,False,False,"",""
"bc1pjph80qwx8l9mv2hzazqwffhsl22dxyztc8v2yp0tcg8waah3srdqy7tpwc","bitcoin","BTC",0.6946816,0.0,"BTC",45154.304000000004,265,0,0,1,1,1.0,0.0,0.0,True,0.28049999999999997,0.14352646566443966,False,False,"",2.0,"",0,"[]","[]",0,False,False,"",""
"bc1pknn572t92a3qumyzrrpf3wgsux8tm8d3kcmeg028gvlven2mj03q9kc2kt","bitcoin","BTC",0.6946816,0.0,"BTC",45154.304000000004,265,0,0,1,1,1.0,0.0,0.0,True,0.28049999999999997,0.14352646566443966,False,False,"",2.0,"",0,"[]","[]",0,False,False,"",""
"bc1pcpck9qlla034y5cek4cl7mhk2jk30lq390qsa5hh5yyd807ml4mqskh37s","bitcoin","BTC",0.6946816,0.0,"BTC",45154.304000000004,265,0,0,1,1,1.0,0.0,0.0,True,0.28049999999999997,0.14352646566443966,False,False,"",2.0,"",0,"[]","[]",0,False,False,"",""
"bc1pqfkvy92vap9w5ad3an4pfa4l24heevq74q3wmvanlftjr3vm70zspllcun","bitcoin","BTC",1.40831865,0.0,"BTC",91540.71225,265,0,0,1,1,1.0,0.0,0.0,True,0.28049999999999997,0.14366406310608482,False,False,"",2.0,"",0,"[]","[]",0,False,False,"",""
"bc1pr0xshdtfacyd2sfjapw5wnc6fe86uzzdum369plmv97h7dzt3mssljjzq3","bitcoin","BTC",0.6946816,0.0,"BTC",45154.304000000004,265,0,0,1,1,1.0,0.0,0.0,True,0.28049999999999997,0.14352646566443966,False,False,"",2.0,"",0,"[]","[]",0,False,False,"",""
"bc1pwx2xaxtge7wa4c87p3chp0a8fun7q2zljghv7w57yy797uz2tazswlld94","bitcoin","BTC",0.6946816,0.0,"BTC",45154.304000000004,265,0,0,1,1,1.0,0.0,0.0,True,0.28049999999999997,0.14352646566443966,False,False,"",2.0,"",0,"[]","[]",0,False,False,"",""
"bc1ppjasr5yq9nr38ufupp2ljlr0qzqffduzdmyumvrzj7v8xwj9y8pq74znc5","bitcoin","BTC",0.6946816,0.0,"BTC",45154.304000000004,265,0,0,1,1,1.0,0.0,0.0,True,0.28049999999999997,0.14352646566443966,False,False,"",2.0,"",0,"[]","[]",0,False,False,"",""
"bc1pkgsp938z6vhal5gv5kgrmznxs07n52etlre8gh8y53n38ypvx3qqj8cgzj","bitcoin","BTC",1.40831865,0.0,"BTC",91540.71225,265,0,0,1,1,1.0,0.0,0.0,True,0.28049999999999997,0.14366406310608482,False,False,"",2.0,"",0,"[]","[]",0,False,False,"",""
"bc1pavqskemyst8n7h3q6wd92qsxzakuz52m9zx4x490kq2gtczlzplquphsmt","bitcoin","BTC",0.67108864,0.0,"BTC",43620.7616,256,0,0,1,1,1.0,0.0,0.0,True,0.2397,0.14385883975466218,False,False,"",2.0,"",0,"[]","[]",0,False,False,"",""
"bc1p5yekmt9e6yywqupe5fyadmvz4m3kan5dq9s3v849s0p0dwdj6n9q7u9jwc","bitcoin","BTC",0.67108864,0.0,"BTC",43620.7616,256,0,0,1,1,1.0,0.0,0.0,True,0.2397,0.14385883975466218,False,False,"",2.0,"",0,"[]","[]",0,False,False,"",""
"bc1pxumycwv95ndxx5mrdehnzsevxphwm5vh8ct2su8ynm33er65gwzqcyqv7l","bitcoin","BTC",0.67108864,0.0,"BTC",43620.7616,256,0,0,1,1,1.0,0.0,0.0,True,0.2397,0.14385883975466218,False,False,"",2.0,"",0,"[]","[]",0,False,False,"",""
"bc1pd8qw3ut9s260dj8gl2u7ze4j87ny0htfhhqkj4qjyc6p9pdjlzxss6ej3s","bitcoin","BTC",0.67108864,0.0,"BTC",43620.7616,256,0,0,1,1,1.0,0.0,0.0,True,0.2397,0.14385883975466218,False,False,"",2.0,"",0,"[]","[]",0,False,False,"",""
"bc1p0a67ugjkwjjrm4p8f6p8rxwyg6a07vjjsgah4qyxd025exxk6krqsq03q5","bitcoin","BTC",0.67108864,0.0,"BTC",43620.7616,256,0,0,1,1,1.0,0.0,0.0,True,0.2397,0.14385883975466218,False,False,"",2.0,"",0,"[]","[]",0,False,False,"",""
"bc1ptghzqmhd82f8ucj3wu4ydh492vtrjt3ez84xfx7duu4ttpamf7rqw3eavv","bitcoin","BTC",0.67108864,0.0,"BTC",43620.7616,256,0,0,1,1,1.0,0.0,0.0,True,0.2397,0.14385883975466218,False,False,"",2.0,"",0,"[]","[]",0,False,False,"",""
"bc1pvdf64vepj9y4pwfh0q07eglxw44pvadn4xa9h5w543n7qejgsrys2csc8t","bitcoin","BTC",0.67108864,0.0,"BTC",43620.7616,256,0,0,1,1,1.0,0.0,0.0,True,0.2397,0.14385883975466218,False,False,"",2.0,"",0,"[]","[]",0,False,False,"",""
"bc1p65rgl3yqmjvjmhw6vyhqzf505mxqfl5vpcj5u7wpsv2r3aynh4xqqp2hgv","bitcoin","BTC",0.67108864,0.0,"BTC",43620.7616,256,0,0,1,1,1.0,0.0,0.0,True,0.2397,0.14385883975466218,False,False,"",2.0,"",0,"[]","[]",0,False,False,"",""
"bc1qszxeq0k7e2wcah9qs4d6ps3jnyr8lx7uqgrqdt","bitcoin","BTC",0.67108864,0.0,"BTC",43620.7616,256,0,0,1,1,1.0,0.0,0.0,True,0.2397,0.14385883975466218,False,False,"",2.0,"",0,"[]","[]",0,False,False,"",""
"bc1pnxc8uflk9z8zuahzqzz8qgs9hkg9qte97hx9kvf29qextvcs3fjstd3axv","bitcoin","BTC",0.67108864,0.0,"BTC",43620.7616,256,0,0,1,1,1.0,0.0,0.0,True,0.2397,0.14385883975466218,False,False,"",2.0,"",0,"[]","[]",0,False,False,"",""
"bc1pdnfw3d352jc6v9zyy3edktf37md8p5yjzucq2ljf974vrsk6n7msnmce9d","bitcoin","BTC",0.67108864,0.0,"BTC",43620.7616,256,0,0,1,1,1.0,0.0,0.0,True,0.2397,0.14385883975466218,False,False,"",2.0,"",0,"[]","[]",0,False,False,"",""
"bc1p2l2slhwtalj25ckj40va3g9lwm8q2edtcpx7qp4y5sgwghqmqpusqq4a72","bitcoin","BTC",2.64657618,0.0,"BTC",172027.45169999998,249,0,0,1,1,1.0,0.0,0.0,True,0.228825,0.14335379409550592,False,False,"",2.0,"",0,"[]","[]",0,False,False,"",""
"bc1p72uh5uypcrvu29cu7a2jd0dsru7djpgkjw0knyza3r4tej4ey9hqx9jeuc","bitcoin","BTC",2.64657618,0.0,"BTC",172027.45169999998,249,0,0,1,1,1.0,0.0,0.0,True,0.228825,0.14335379409550592,False,False,"",2.0,"",0,"[]","[]",0,False,False,"",""
"bc1ptgetqa3qc0suanh3de7hvkd0r6rekg6l524raaelha6v5rmfvn8q2pp284","bitcoin","BTC",2.64657618,0.0,"BTC",172027.45169999998,249,0,0,1,1,1.0,0.0,0.0,True,0.228825,0.14335379409550592,False,False,"",2.0,"",0,"[]","[]",0,False,False,"",""
"bc1pjslw4qnf5lcs8fxx5tkahfc6njmehrxp94wwkk75sl2lp5fjceqsucltf7","bitcoin","BTC",2.64657618,0.0,"BTC",172027.45169999998,249,0,0,1,1,1.0,0.0,0.0,True,0.228825,0.14335379409550592,False,False,"",2.0,"",0,"[]","[]",0,False,False,"",""
"bc1pa5wc5rca5q99rqnq8exj5kyfzd6edtv5yqmac4687nuzcea9y3tsfsln58","bitcoin","BTC",2.64657618,0.0,"BTC",172027.45169999998,249,0,0,1,1,1.0,0.0,0.0,True,0.228825,0.14335379409550592,False,False,"",2.0,"",0,"[]","[]",0,False,False,"",""
"bc1pud5e3vvgvdarvj3th8g4p6nzcwulaj325j5hd8f8r8c9hqp2u52ssg8e4t","bitcoin","BTC",2.61468972,0.0,"BTC",169954.83179999999,246,0,0,1,1,1.0,0.0,0.0,True,0.2229,0.1436112656009847,False,False,"",2.0,"",0,"[]","[]",0,False,False,"",""
"bc1pychv5h6qpc9wcpt9zr8ry9uu4r5rrm2tqm7xq45w6hd6vvxlwd4qq6cquu","bitcoin","BTC",2.61468972,0.0,"BTC",169954.83179999999,246,0,0,1,1,1.0,0.0,0.0,True,0.2229,0.1436112656009847,False,False,"",2.0,"",0,"[]","[]",0,False,False,"",""
"bc1q5xzmmrz0qun37au0dxd2wdzma8cp2fe8ejze8s","bitcoin","BTC",3.90609135,0.0,"BTC",253895.93775,245,0,0,1,1,1.0,0.0,0.0,True,0.21247500000000002,0.14369703407158785,False,False,"",2.0,"",0,"[]","[]",0,False,False,"",""
"bc1pu3rd40lzyk3xzq4wclvh2rjl2hkl2hf2d0t5ldma85t9c707np6s7mrxtn","bitcoin","BTC",3.90609135,0.0,"BTC",253895.93775,245,0,0,1,1,1.0,0.0,0.0,True,0.21247500000000002,0.14369703407158785,False,False,"",2.0,"",0,"[]","[]",0,False,False,"",""
"bc1p3aqfmchp55hf8ysqs9jfldm6emuv0gqmygc2q7xe8wg4ed45ehrse9m2ps","bitcoin","BTC",3.90609135,0.0,"BTC",253895.93775,245,0,0,1,1,1.0,0.0,0.0,True,0.21247500000000002,0.14369703407158785,False,False,"",2.0,"",0,"[]","[]",0,False,False,"",""
"bc1pfym0c48mx6spmvkwnrx32tn8nxk4g0rd0t03cxuzu0mzvkhajjrs4ylx6v","bitcoin","BTC",1.28608722,0.0,"BTC",83595.6693,242,0,0,1,1,1.0,0.0,0.0,True,0.19740000000000002,0.14334075752730624,False,False,"",2.0,"",0,"[]","[]",0,False,False,"",""
"bc1pfs796qujcn8xkgtc2s5fmhjnynv2p3d2jnjur5kesa2asy6jhu9q8n7s4c","bitcoin","BTC",1.28608722,0.0,"BTC",83595.6693,242,0,0,1,1,1.0,0.0,0.0,True,0.19740000000000002,0.14334075752730624,False,False,"",2.0,"",0,"[]","[]",0,False,False,"",""
"bc1p7wv6d2dge8rluk5wk72jk5nz6jupfauh3s0qkn42qrjj86wa3m3q8fmn7t","bitcoin","BTC",1.28608722,0.0,"BTC",83595.6693,242,0,0,1,1,1.0,0.0,0.0,True,0.19740000000000002,0.14334075752730624,False,False,"",2.0,"",0,"[]","[]",0,False,False,"",""
"bc1p9227077dz9lqqs584huqx88et0s89gr22p2s274lkpl4sdzfdzqqrwgp8h","bitcoin","BTC",1.28608722,0.0,"BTC",83595.6693,242,0,0,1,1,1.0,0.0,0.0,True,0.19740000000000002,0.14334075752730624,False,False,"",2.0,"",0,"[]","[]",0,False,False,"",""
"bc1pcyhfrm8cdlfvrhjmupdkwhe3rjfptljkwhjhpg0cdxm2cdahc4rqy43lly","bitcoin","BTC",1.28608722,0.0,"BTC",83595.6693,242,0,0,1,1,1.0,0.0,0.0,True,0.19740000000000002,0.14334075752730624,False,False,"",2.0,"",0,"[]","[]",0,False,False,"",""
"bc1pu6xcghrsj7d5krhqf2z82ley2vjyk2umc9024e85lv4k5ccts0csrvf3yj","bitcoin","BTC",1.28608722,0.0,"BTC",83595.6693,242,0,0,1,1,1.0,0.0,0.0,True,0.19740000000000002,0.14334075752730624,False,False,"",2.0,"",0,"[]","[]",0,False,False,"",""
"bc1pqw0pmhye4xxjtfymfs4687fqq9ne8pe0ruvpsrln3n6auyr427yq8w94gk","bitcoin","BTC",2.57217444,0.0,"BTC",167191.3386,242,0,0,1,1,1.0,0.0,0.0,True,0.19740000000000002,0.143485661731579,False,False,"",2.0,"",0,"[]","[]",0,False,False,"",""
"bc1pvk8jqldpe8mw42aqztvhwe45lfm6529atzvwtgp4cr0emq8a9azskxwy94","bitcoin","BTC",1.28608722,0.0,"BTC",83595.6693,242,0,0,1,1,1.0,0.0,0.0,True,0.19740000000000002,0.14334075752730624,False,False,"",2.0,"",0,"[]","[]",0,False,False,"",""
"bc1p6ze844aaggkr2fpe8xq0evsljndgz46lupmp8hcw6j80t975gphsrf4flh","bitcoin","BTC",2.57217444,0.0,"BTC",167191.3386,242,0,0,1,1,1.0,0.0,0.0,True,0.19740000000000002,0.143485661731579,False,False,"",2.0,"",0,"[]","[]",0,False,False,"",""
"bc1pr0ruuu2he5zkp9whs3vqgwggkngsx96n07rvfcvatmkaewd9852spaqzny","bitcoin","BTC",0.72613888,0.0,"BTC",47199.027200000004,277,0,0,1,1,1.0,0.0,0.0,True,0.325275,0.1443503434743404,False,False,"",1.9,"",0,"[]","[]",0,False,False,"",""
"bc1p0dtyh8reqjhh8nayk4ep5xwpwgleufv54kz9ca0r0wk4fvpxycxqx8a9nl","bitcoin","BTC",0.72613888,0.0,"BTC",47199.027200000004,277,0,0,1,1,1.0,0.0,0.0,True,0.325275,0.1443503434743404,False,False,"",1.9,"",0,"[]","[]",0,False,False,"",""
"bc1pzcm0ezrx65kewcf27f9esv94kx3hd2d6uxnhftw8f7mc4dyn42fsqvt6sy","bitcoin","BTC",0.72613888,0.0,"BTC",47199.027200000004,277,0,0,1,1,1.0,0.0,0.0,True,0.325275,0.1443503434743404,False,False,"",1.9,"",0,"[]","[]",0,False,False,"",""
"bc1pg52g42d7l35nzkcj8qywaj42f3tflcx9w6z6853lqtwkyuujqzuqu94edf","bitcoin","BTC",0.72613888,0.0,"BTC",47199.027200000004,277,0,0,1,1,1.0,0.0,0.0,True,0.325275,0.1443503434743404,False,False,"",1.9,"",0,"[]","[]",0,False,False,"",""
"bc1puzc5kjmrkthflhttndart3sd22mkl8xw5yeg0nqx8gpe3w8lcyxqa5vhyt","bitcoin","BTC",0.72613888,0.0,"BTC",47199.027200000004,277,0,0,1,1,1.0,0.0,0.0,True,0.325275,0.1443503434743404,False,False,"",1.9,"",0,"[]","[]",0,False,False,"",""
"bc1pfnenp4rdc9wkfnzl40r08uynsjtt0wtg8sfeg47lyajrvvqjmnasec8l4s","bitcoin","BTC",5.78813952,0.0,"BTC",376229.06879999995,276,0,0,1,1,1.0,0.0,0.0,True,0.31845,0.1444707540614391,False,False,"",1.9,"",0,"[]","[]",0,False,False,"",""
"bc1pcvs5l53hefcdlj4vt5pn8dpv2wgtkg0qmttekdamuhkxypkqeuqsxfrca9","bitcoin","BTC",8.41802544,0.0,"BTC",547171.6536,264,0,0,1,1,1.0,0.0,0.0,True,0.27585,0.144940708441323,False,False,"",1.9,"",0,"[]","[]",0,False,False,"",""
"bc1p53adggxgdhr8rrektdlykr7tfd0868xaue096jvx49p6jewyvh8schdu6h","bitcoin","BTC",8.41802544,0.0,"BTC",547171.6536,264,0,0,1,1,1.0,0.0,0.0,True,0.27585,0.144940708441323,False,False,"",1.9,"",0,"[]","[]",0,False,False,"",""
"bc1pc7u8cg0jwv2j2h8elqq6wgyqd8fa96hxpd6jzf00e3qtrnyz83eqs2nxxu","bitcoin","BTC",8.41802544,0.0,"BTC",547171.6536,264,0,0,1,1,1.0,0.0,0.0,True,0.27585,0.144940708441323,False,False,"",1.9,"",0,"[]","[]",0,False,False,"",""
"bc1p52gdw6j9z03pnpv9aeaqlgghq98ur8776tel39smgys9pn74a7ss0cfdpd","bitcoin","BTC",2.78475084,0.0,"BTC",181008.8046,261,0,0,1,1,1.0,0.0,0.0,True,0.26175000000000004,0.14452394158869464,False,False,"",1.9,"",0,"[]","[]",0,False,False,"",""
"bc1pfqaqxg0ylun59pffhgz7jy7vvqyz77y2dn2vmq66a2yf30d7at6q9fh97f","bitcoin","BTC",2.78475084,0.0,"BTC",181008.8046,261,0,0,1,1,1.0,0.0,0.0,True,0.26175000000000004,0.14452394158869464,False,False,"",1.9,"",0,"[]","[]",0,False,False,"",""
"bc1pcps8ptzvzdavv679fpha0n3f750lndcrldjzuc5908lzejp8ke4syv0vlq","bitcoin","BTC",0.67371008,0.0,"BTC",43791.1552,257,0,0,1,1,1.0,0.0,0.0,True,0.247875,0.14428351747682494,False,False,"",1.9,"",0,"[]","[]",0,False,False,"",""
"bc1pkcg7c270xngmqapnhyuv4r8n58hrkaw5gc8w09hmh3kgdfuhfe6quqr72r","bitcoin","BTC",4.09741011,0.0,"BTC",266331.65715000004,257,0,0,1,1,1.0,0.0,0.0,True,0.247875,0.14427399133951563,False,False,"",1.9,"",0,"[]","[]",0,False,False,"",""
"bc1plefeaqcm0alxqcelscgcu6n63kjp09mhgrw9e55eh2n8z0nyw9wsmuc9ez","bitcoin","BTC",4.09741011,0.0,"BTC",266331.65715000004,257,0,0,1,1,1.0,0.0,0.0,True,0.247875,0.14427399133951563,False,False,"",1.9,"",0,"[]","[]",0,False,False,"",""
"bc1pe2jnn42xw648dve6nytt5c7pxztqrlksqvzt09894q59qlfjnxnsd006hn","bitcoin","BTC",4.09741011,0.0,"BTC",266331.65715000004,257,0,0,1,1,1.0,0.0,0.0,True,0.247875,0.14427399133951563,False,False,"",1.9,"",0,"[]","[]",0,False,False,"",""
"bc1p30fjrgwmkkqa09wrsnra7h60l83x3zflcsyxl5fp72kqfpn4emys5k0qhl","bitcoin","BTC",0.67371008,0.0,"BTC",43791.1552,257,0,0,1,1,1.0,0.0,0.0,True,0.247875,0.14428351747682494,False,False,"",1.9,"",0,"[]","[]",0,False,False,"",""
"bc1pfxqsp5zjhlulyhq2fwjr35qw6vpt8fzax6z6znn76l7vm8mz90nssntu33","bitcoin","BTC",4.09741011,0.0,"BTC",266331.65715000004,257,0,0,1,1,1.0,0.0,0.0,True,0.247875,0.14427399133951563,False,False,"",1.9,"",0,"[]","[]",0,False,False,"",""
"bc1p6096mcntccdcr4yn5p008h8afruw594twdvyz0kfcaaah0ll7nqsmlt9rh","bitcoin","BTC",4.09741011,0.0,"BTC",266331.65715000004,257,0,0,1,1,1.0,0.0,0.0,True,0.247875,0.14427399133951563,False,False,"",1.9,"",0,"[]","[]",0,False,False,"",""
"bc1pqpdrnah5dradtsl0u50hnrsvjhthy099yjdgxdz322j5tfd57tfsehnsvg","bitcoin","BTC",0.67371008,0.0,"BTC",43791.1552,257,0,0,1,1,1.0,0.0,0.0,True,0.247875,0.14428351747682494,False,False,"",1.9,"",0,"[]","[]",0,False,False,"",""
"bc1pgmfj3hhffflgqa4tmhmlhwh2udwvnsyueet5vmqsfs0wuf0c7zlq0gr7fe","bitcoin","BTC",0.67371008,0.0,"BTC",43791.1552,257,0,0,1,1,1.0,0.0,0.0,True,0.247875,0.14428351747682494,False,False,"",1.9,"",0,"[]","[]",0,False,False,"",""
"bc1p7an7ajqcp0pvjrv7yyujvhgtudu2c22nptdck4y84047k0zexe4s90wry8","bitcoin","BTC",0.67371008,0.0,"BTC",43791.1552,257,0,0,1,1,1.0,0.0,0.0,True,0.247875,0.14428351747682494,False,False,"",1.9,"",0,"[]","[]",0,False,False,"",""
"bc1px4meyxyuuhz7rra7rn6d70cayq50hl4sn3v27zpk7m25dtqzt4ts75pu6u","bitcoin","BTC",0.67371008,0.0,"BTC",43791.1552,257,0,0,1,1,1.0,0.0,0.0,True,0.247875,0.14428351747682494,False,False,"",1.9,"",0,"[]","[]",0,False,False,"",""
"bc1p0t8wxj5cadan97m5uddlqa6xt0tx8vpc04wgl4xmhhdr56epzymsljp0zl","bitcoin","BTC",0.8680203,0.0,"BTC",56421.3195,245,0,0,1,1,1.0,0.0,0.0,True,0.21247500000000002,0.14469326949668082,False,False,"",1.9,"",0,"[]","[]",0,False,False,"",""
"bc1pt0l2k8m8trka0pvw7zcv7xhg6lpqcwg23k6xrgthlu22wyez9paqvdh7q7","bitcoin","BTC",0.8680203,0.0,"BTC",56421.3195,245,0,0,1,1,1.0,0.0,0.0,True,0.21247500000000002,0.14469326949668082,False,False,"",1.9,"",0,"[]","[]",0,False,False,"",""
"bc1pnkgswn6s0rntlsuz0uz9jnxf7u3qzcr0zj894haa5q9mjpyjfhhqjdmnkf","bitcoin","BTC",0.8680203,0.0,"BTC",56421.3195,245,0,0,1,1,1.0,0.0,0.0,True,0.21247500000000002,0.14469326949668082,False,False,"",1.9,"",0,"[]","[]",0,False,False,"",""
"bc1pzp8j6yqsktedynmt82dvtj0vfmuv8knhyrypam6ezrgss5j7mctqx56wqy","bitcoin","BTC",0.8680203,0.0,"BTC",56421.3195,245,0,0,1,1,1.0,0.0,0.0,True,0.21247500000000002,0.14469326949668082,False,False,"",1.9,"",0,"[]","[]",0,False,False,"",""
"bc1puz7axhs9c2xjg2fc59u97wtm5287dfqlvd8rsfkdlyr6sapdw77smajtam","bitcoin","BTC",0.8680203,0.0,"BTC",56421.3195,245,0,0,1,1,1.0,0.0,0.0,True,0.21247500000000002,0.14469326949668082,False,False,"",1.9,"",0,"[]","[]",0,False,False,"",""
"bc1pyrly4kjjh6uyp0talxsf39ttk098z9qln2ns0u40nrm7ccqjuu7q7us0wl","bitcoin","BTC",0.8680203,0.0,"BTC",56421.3195,245,0,0,1,1,1.0,0.0,0.0,True,0.21247500000000002,0.14469326949668082,False,False,"",1.9,"",0,"[]","[]",0,False,False,"",""
"bc1pemvk6633mp7hcy7j02srmc7jhhfvqz2gfhklv90lk93hsq6u505q57mupw","bitcoin","BTC",0.98139438,0.0,"BTC",63790.6347,277,0,0,1,1,1.0,0.0,0.0,True,0.325275,0.1455399913203722,False,False,"",1.8,"",0,"[]","[]",0,False,False,"",""
"bc1py74vfqn66wr6kcaj0dypwn298y298sxure3paw9sereqrkjtld4sd95cac","bitcoin","BTC",0.72351744,0.0,"BTC",47028.633599999994,276,0,0,1,1,1.0,0.0,0.0,True,0.31845,0.14564430775439685,False,False,"",1.8,"",0,"[]","[]",0,False,False,"",""
"bc1pgxywvw3rxr53fyq8ed8fm9xz565kq4ukkf3k7t5wdrwwqtgs2tgqfxp6gx","bitcoin","BTC",0.72351744,0.0,"BTC",47028.633599999994,276,0,0,1,1,1.0,0.0,0.0,True,0.31845,0.14564430775439685,False,False,"",1.8,"",0,"[]","[]",0,False,False,"",""
"bc1p6hsm75dr4dsvd9jfh0rzm92hvu4mu40ramr2p04exq4j6y77hqasdcq3md","bitcoin","BTC",0.72351744,0.0,"BTC",47028.633599999994,276,0,0,1,1,1.0,0.0,0.0,True,0.31845,0.14564430775439685,False,False,"",1.8,"",0,"[]","[]",0,False,False,"",""
"bc1p7hwm75mcxkymm2k6fqfantq9k3qzsfplrxg5zzqu0j568r7uzexsvcjv3l","bitcoin","BTC",0.72351744,0.0,"BTC",47028.633599999994,276,0,0,1,1,1.0,0.0,0.0,True,0.31845,0.14564430775439685,False,False,"",1.8,"",0,"[]","[]",0,False,False,"",""
"bc1pvevzcyw38yhaac6p8vr5dwdadpkjg0f2l5m9evsaqe2200fxfvuqxrnrw3","bitcoin","BTC",0.72351744,0.0,"BTC",47028.633599999994,276,0,0,1,1,1.0,0.0,0.0,True,0.31845,0.14564430775439685,False,False,"",1.8,"",0,"[]","[]",0,False,False,"",""
"bc1pev8dpqw5yvvqga2zqqq9jpgev08nttv6rurejkemltdy7q2acd8qhsdwmd","bitcoin","BTC",0.72351744,0.0,"BTC",47028.633599999994,276,0,0,1,1,1.0,0.0,0.0,True,0.31845,0.14564430775439685,False,False,"",1.8,"",0,"[]","[]",0,False,False,"",""
"bc1pk26m4nh90nq5kzhpy6j6gv64hfa22z96s3knsd55vq64laj7zj7qpz8ykc","bitcoin","BTC",0.72351744,0.0,"BTC",47028.633599999994,276,0,0,1,1,1.0,0.0,0.0,True,0.31845,0.14564430775439685,False,False,"",1.8,"",0,"[]","[]",0,False,False,"",""
"bc1plg78etsqjt77p66q0qu3fmfqur23djc9ljad0es46vha5qlqv9dqd7mz3s","bitcoin","BTC",0.72351744,0.0,"BTC",47028.633599999994,276,0,0,1,1,1.0,0.0,0.0,True,0.31845,0.14564430775439685,False,False,"",1.8,"",0,"[]","[]",0,False,False,"",""
"bc1putycnrvmq28mfu46ttcupg5rtd26xmvl9rn2wkhp5ku8p3t3wlcsgr6cn2","bitcoin","BTC",0.72351744,0.0,"BTC",47028.633599999994,276,0,0,1,1,1.0,0.0,0.0,True,0.31845,0.14564430775439685,False,False,"",1.8,"",0,"[]","[]",0,False,False,"",""
"bc1pktnt33r8axkh7dv22f4tsxl50lpv9aqtfftnj32dy2mfglnqlz8s87uckc","bitcoin","BTC",0.9388791,0.0,"BTC",61027.1415,265,0,0,1,1,1.0,0.0,0.0,True,0.28049999999999997,0.14520002425841289,False,False,"",1.8,"",0,"[]","[]",0,False,False,"",""
"bc1p7mvqshmlwju0ukzjkkq0c4chf84e5vw6gwphnnstv6rn99zlpacsnet84y","bitcoin","BTC",0.9388791,0.0,"BTC",61027.1415,265,0,0,1,1,1.0,0.0,0.0,True,0.28049999999999997,0.14520002425841289,False,False,"",1.8,"",0,"[]","[]",0,False,False,"",""
"bc1phtj49vl4q4f8wrsylgt90lsm4pj6ff2tqevf8t90x5rhmg0l8afs4jsxyf","bitcoin","BTC",5.38968064,0.0,"BTC",350329.2416,257,0,0,1,1,1.0,0.0,0.0,True,0.247875,0.14504981589912075,False,False,"",1.8,"",0,"[]","[]",0,False,False,"",""
"bc1p9yrehewat5dqtl6wwxtwhshep7e6590gm348hfmnny6z68a6yzmsfzhgh5","bitcoin","BTC",5.38968064,0.0,"BTC",350329.2416,257,0,0,1,1,1.0,0.0,0.0,True,0.247875,0.14504981589912075,False,False,"",1.8,"",0,"[]","[]",0,False,False,"",""
"bc1pagaja6k2lvkfm0h0hwaup6xmhrxeu53ermy49tfdqgj45d2m3uzqpcgxwz","bitcoin","BTC",5.38968064,0.0,"BTC",350329.2416,257,0,0,1,1,1.0,0.0,0.0,True,0.247875,0.14504981589912075,False,False,"",1.8,"",0,"[]","[]",0,False,False,"",""
"bc1pp3k4t7nw764l0rjs6d57zfu0rqaz28r9zqpash8j2m0rlvwgdsqsvh4tfa","bitcoin","BTC",5.38968064,0.0,"BTC",350329.2416,257,0,0,1,1,1.0,0.0,0.0,True,0.247875,0.14504981589912075,False,False,"",1.8,"",0,"[]","[]",0,False,False,"",""
"bc1pv069sgtz4u34em58elyr93ar2d7q946gnfgf3r5l7dmpfnn3mg7qv2s7zd","bitcoin","BTC",5.38968064,0.0,"BTC",350329.2416,257,0,0,1,1,1.0,0.0,0.0,True,0.247875,0.14504981589912075,False,False,"",1.8,"",0,"[]","[]",0,False,False,"",""
"bc1p9hfzvzxjqxxhft0rjpe4pzgkaxhqkt3a7vmd0qfc8sq7s86md84qu2u37f","bitcoin","BTC",7.8121827,0.0,"BTC",507791.8755,245,0,0,1,1,1.0,0.0,0.0,True,0.21247500000000002,0.1452131906815426,False,False,"",1.8,"",0,"[]","[]",0,False,False,"",""
"bc1pwtwy4xjy9lgwgrmey2shfa9d4ee893nxfvjrrmp20qad6uc6r29q0fyeea","bitcoin","BTC",5.1380224,0.0,"BTC",333971.456,245,0,0,1,1,1.0,0.0,0.0,True,0.21247500000000002,0.1456545237607113,False,False,"",1.8,"",0,"[]","[]",0,False,False,"",""
"bc1p2stgk52k8fuxq5lc9drny7cyyw5fvx2d6s0jkqz5cwmvjv7vl9ls0zn028","bitcoin","BTC",0.8680203,0.0,"BTC",56421.3195,245,0,0,1,1,1.0,0.0,0.0,True,0.21247500000000002,0.14549578024569293,False,False,"",1.8,"",0,"[]","[]",0,False,False,"",""
"bc1p9uglpdaww3ccfs3gud3qhzn8kfmyhtu5qhh675w93n9y7uk4flss9xmuxc","bitcoin","BTC",7.8121827,0.0,"BTC",507791.8755,245,0,0,1,1,1.0,0.0,0.0,True,0.21247500000000002,0.1452131906815426,False,False,"",1.8,"",0,"[]","[]",0,False,False,"",""
"bc1p7gah0zzazcl38l6j62aqgp9h44jfgsanmcpz6f3pkwcxv5rjk5asgfdu9h","bitcoin","BTC",5.1380224,0.0,"BTC",333971.456,245,0,0,1,1,1.0,0.0,0.0,True,0.21247500000000002,0.1456545237607113,False,False,"",1.8,"",0,"[]","[]",0,False,False,"",""
"bc1q5j5klc4ehjtfzn3qxjflfcr8ynpegur88q4rmr","bitcoin","BTC",1.97348235,0.0,"BTC",128276.35275,245,0,0,1,1,1.0,0.0,0.0,True,0.21247500000000002,0.14511444016895503,False,False,"",1.8,"",0,"[]","[]",0,False,False,"",""
"bc1pjeh6fyal9uvlf0tukmhmjv37nnshtck76m98qafgmq80dqsl5gjsy02khv","bitcoin","BTC",0.8680203,0.0,"BTC",56421.3195,245,0,0,1,1,1.0,0.0,0.0,True,0.21247500000000002,0.14549578024569293,False,False,"",1.8,"",0,"[]","[]",0,False,False,"",""
"bc1pygnja670ng4g993nl0d7lrjd7zdk86smf4j3rlvgzxelq4gsv4vqujjlpg","bitcoin","BTC",0.8680203,0.0,"BTC",56421.3195,245,0,0,1,1,1.0,0.0,0.0,True,0.21247500000000002,0.14549578024569293,False,False,"",1.8,"",0,"[]","[]",0,False,False,"",""
"bc1pd66h99fcj2uey2xnqk5fqshn72vq2kv7xz6r5uvdn80tn4mfjyjsmsu8ak","bitcoin","BTC",7.8121827,0.0,"BTC",507791.8755,245,0,0,1,1,1.0,0.0,0.0,True,0.21247500000000002,0.1452131906815426,False,False,"",1.8,"",0,"[]","[]",0,False,False,"",""
"bc1p0s7awny5ty2tw0n0z2jjqykl7few9v72dfwmlrtys7q8gd02p09qpn3vxx","bitcoin","BTC",5.1380224,0.0,"BTC",333971.456,245,0,0,1,1,1.0,0.0,0.0,True,0.21247500000000002,0.1456545237607113,False,False,"",1.8,"",0,"[]","[]",0,False,False,"",""
"bc1pqyn33cg7pkss5eraf7l84vpcpk8xfmnvv2gh4vvcvnckkxz82nmqg332a6","bitcoin","BTC",5.1380224,0.0,"BTC",333971.456,245,0,0,1,1,1.0,0.0,0.0,True,0.21247500000000002,0.1456545237607113,False,False,"",1.8,"",0,"[]","[]",0,False,False,"",""
"bc1prw9nywf99dvznd5w59acvc9gvwmd87pjxhhvg48kgnq73wr8gq6qdh8n44","bitcoin","BTC",5.1380224,0.0,"BTC",333971.456,245,0,0,1,1,1.0,0.0,0.0,True,0.21247500000000002,0.1456545237607113,False,False,"",1.8,"",0,"[]","[]",0,False,False,"",""
"bc1pmgl6p0yzjys7at4e3tghuhty60pxqpdatdlz0x4cye9tksczjc4qxqmlcg","bitcoin","BTC",0.8680203,0.0,"BTC",56421.3195,245,0,0,1,1,1.0,0.0,0.0,True,0.21247500000000002,0.14549578024569293,False,False,"",1.8,"",0,"[]","[]",0,False,False,"",""
"bc1pxfh55kdyn9j0mdhntaflgxxymr74eykgjdgmwg5de3h8trfdz8zq9353yv","bitcoin","BTC",5.1380224,0.0,"BTC",333971.456,245,0,0,1,1,1.0,0.0,0.0,True,0.21247500000000002,0.1456545237607113,False,False,"",1.8,"",0,"[]","[]",0,False,False,"",""
"bc1pu7mk7wea4dv7v9r5c6kn5dhf52x52wvsk2tgc5plfu50jc2kfnmql4nu57","bitcoin","BTC",7.8121827,0.0,"BTC",507791.8755,245,0,0,1,1,1.0,0.0,0.0,True,0.21247500000000002,0.1452131906815426,False,False,"",1.8,"",0,"[]","[]",0,False,False,"",""
"bc1pep0pdy2yg83ac9det0na29jvfr3wjxt9y650ekdycvl3fkl64t7s24fh2m","bitcoin","BTC",0.8680203,0.0,"BTC",56421.3195,245,0,0,1,1,1.0,0.0,0.0,True,0.21247500000000002,0.14549578024569293,False,False,"",1.8,"",0,"[]","[]",0,False,False,"",""
"bc1ptueevmhzzg6qj6ekq0yfvhvx8jwkpx42vxen90c2cwxw4xssg7qswlag43","bitcoin","BTC",5.1380224,0.0,"BTC",333971.456,245,0,0,1,1,1.0,0.0,0.0,True,0.21247500000000002,0.1456545237607113,False,False,"",1.8,"",0,"[]","[]",0,False,False,"",""
"bc1q8xhpqkewr389yykxe99dpw3t8w50khsn4pszxe","bitcoin","BTC",1.29140163,0.0,"BTC",83941.10595,243,0,0,1,1,1.0,0.0,0.0,True,0.20182499999999998,0.14577602300579207,False,False,"",1.8,"",0,"[]","[]",0,False,False,"",""
"bc1p5dyvlvr0s3dxw0eywxkssn6dcjstprlpvmvwluukfvvua36dj5msh3ju5a","bitcoin","BTC",1.29140163,0.0,"BTC",83941.10595,243,0,0,1,1,1.0,0.0,0.0,True,0.20182499999999998,0.14577602300579207,False,False,"",1.8,"",0,"[]","[]",0,False,False,"",""
"bc1p53kxndx48a3895wtpmxva9nhkhhlcrcqn5986qqdn8uhcsvdv6cq9rua5u","bitcoin","BTC",1.29140163,0.0,"BTC",83941.10595,243,0,0,1,1,1.0,0.0,0.0,True,0.20182499999999998,0.14577602300579207,False,False,"",1.8,"",0,"[]","[]",0,False,False,"",""
"bc1paa7wvmmjv7ey277nccqhtser27t4a04jk4k2mgkwj9k06nqdgyxqduzu30","bitcoin","BTC",1.29140163,0.0,"BTC",83941.10595,243,0,0,1,1,1.0,0.0,0.0,True,0.20182499999999998,0.14577602300579207,False,False,"",1.8,"",0,"[]","[]",0,False,False,"",""
"bc1pz7n5md7dt30hnuq77rdhcjycd2celdetf02dxgac66kjsvmg454qn9al2m","bitcoin","BTC",2.58280326,0.0,"BTC",167882.2119,243,0,0,1,1,1.0,0.0,0.0,True,0.20182499999999998,0.14514249457318296,False,False,"",1.8,"",0,"[]","[]",0,False,False,"",""
"bc1pgkw8n6qnrdzuc4xfm9gn47f62t5pk2vq7r8z8h237yqlhuxqkpsqc7s47j","bitcoin","BTC",2.58280326,0.0,"BTC",167882.2119,243,0,0,1,1,1.0,0.0,0.0,True,0.20182499999999998,0.14514249457318296,False,False,"",1.8,"",0,"[]","[]",0,False,False,"",""
"bc1pkl0twezq3nuwj8q0799xuf6ar830yth4cymgf6tfenz8fmc7g7gq3xvvny","bitcoin","BTC",1.29140163,0.0,"BTC",83941.10595,243,0,0,1,1,1.0,0.0,0.0,True,0.20182499999999998,0.14577602300579207,False,False,"",1.8,"",0,"[]","[]",0,False,False,"",""
"bc1p9smxraf4ehth05v8ckawhpqk6pstnqlm275npxp54ya9fglav80qem4aga","bitcoin","BTC",1.29140163,0.0,"BTC",83941.10595,243,0,0,1,1,1.0,0.0,0.0,True,0.20182499999999998,0.14577602300579207,False,False,"",1.8,"",0,"[]","[]",0,False,False,"",""
"bc1pmjn73lrfu089xjm7pc3832v5kj2hkgvxrwd799lra6e9yz2xsa2suap86x","bitcoin","BTC",1.29140163,0.0,"BTC",83941.10595,243,0,0,1,1,1.0,0.0,0.0,True,0.20182499999999998,0.14577602300579207,False,False,"",1.8,"",0,"[]","[]",0,False,False,"",""
"bc1pyqgzxk8xk502v85666rygwgkuqlcnntcsrs0u5gfa9ssy6j4ptjqf9qthq","bitcoin","BTC",2.58280326,0.0,"BTC",167882.2119,243,0,0,1,1,1.0,0.0,0.0,True,0.20182499999999998,0.14514249457318296,False,False,"",1.8,"",0,"[]","[]",0,False,False,"",""
"bc1pgvd7yl3cpuhc56twck0wdyvn3s9jy7xxhxvw99tldkz0kesx5qrqwzkdjx","bitcoin","BTC",2.58280326,0.0,"BTC",167882.2119,243,0,0,1,1,1.0,0.0,0.0,True,0.20182499999999998,0.14514249457318296,False,False,"",1.8,"",0,"[]","[]",0,False,False,"",""
"bc1pz2rytv6glx5z942zwn8xej9nryhw0d894qlpkzp077clrfxp75kqa6pjw6","bitcoin","BTC",2.94418314,0.0,"BTC",191371.90409999999,277,0,0,1,1,1.0,0.0,0.0,True,0.325275,0.14609511742000147,False,False,"",1.7,"",0,"[]","[]",0,False,False,"",""
"bc1pas6ln0qq7u67hg5qx52un5fllgvfc40yghzu3f2sh8haz9z27cmq3xtmz2","bitcoin","BTC",2.94418314,0.0,"BTC",191371.90409999999,277,0,0,1,1,1.0,0.0,0.0,True,0.325275,0.14609511742000147,False,False,"",1.7,"",0,"[]","[]",0,False,False,"",""
"bc1ppfnt7dp9vpn96nh9czdgyh67pvgje6ut9uea9f0j9dmr2jqcrsvqphnwkf","bitcoin","BTC",1.47209157,0.0,"BTC",95685.95204999999,277,0,0,1,1,1.0,0.0,0.0,True,0.325275,0.14656434054078565,False,False,"",1.7,"",0,"[]","[]",0,False,False,"",""
"bc1p5j6g9zh96ywm2kwmjapx4veuj5z5wunffcrgrahc5cs6nzcwf0lqsfaa6d","bitcoin","BTC",0.71041024,0.0,"BTC",46176.6656,271,0,0,1,1,1.0,0.0,0.0,True,0.30555,0.14613503890754997,False,False,"",1.7,"",0,"[]","[]",0,False,False,"",""
"bc1payctssqh83pa759s0k9ekqe92z08e5fuac4w7srp32y86z7hmkdqr8tl7v","bitcoin","BTC",8.6093442,0.0,"BTC",559607.373,269,0,0,1,1,1.0,0.0,0.0,True,0.28522499999999995,0.14652074444471763,False,False,"",1.7,"",0,"[]","[]",0,False,False,"",""
"bc1pkhmup3qnwjq898xkqtx2xngme0e7mq5yy84ftatg8ns5csf9hynq2m26qc","bitcoin","BTC",8.6093442,0.0,"BTC",559607.373,269,0,0,1,1,1.0,0.0,0.0,True,0.28522499999999995,0.14652074444471763,False,False,"",1.7,"",0,"[]","[]",0,False,False,"",""
"bc1pa4w8wdl9r5smmzz6lqfrsrcwajktn7zy27cx4598tff4xpwdhtcsaqwy50","bitcoin","BTC",8.6093442,0.0,"BTC",559607.373,269,0,0,1,1,1.0,0.0,0.0,True,0.28522499999999995,0.14652074444471763,False,False,"",1.7,"",0,"[]","[]",0,False,False,"",""
"bc1pmc8qcvzlnducx7t4aqw0wc0k6276d4332hvws2d6lsz0965k5vlqxtermc","bitcoin","BTC",8.6093442,0.0,"BTC",559607.373,269,0,0,1,1,1.0,0.0,0.0,True,0.28522499999999995,0.14652074444471763,False,False,"",1.7,"",0,"[]","[]",0,False,False,"",""
"bc1p2r7wk008tgq7qqaw63fke7svstex0ry599x3hjfg0yc4tappfcws6zefte","bitcoin","BTC",8.6093442,0.0,"BTC",559607.373,269,0,0,1,1,1.0,0.0,0.0,True,0.28522499999999995,0.14652074444471763,False,False,"",1.7,"",0,"[]","[]",0,False,False,"",""
"bc1ppv6up2wg68qh0c8d6tc2ezq7g8uzcjv4cu80568gsy68dqpjtnuqmlphva","bitcoin","BTC",8.6093442,0.0,"BTC",559607.373,269,0,0,1,1,1.0,0.0,0.0,True,0.28522499999999995,0.14652074444471763,False,False,"",1.7,"",0,"[]","[]",0,False,False,"",""
"bc1pfa3xp96e3nj0uy5rtre37g2nknc5mmp7kgr5jnkxd4gstjt7cavsye9u2w","bitcoin","BTC",8.6093442,0.0,"BTC",559607.373,269,0,0,1,1,1.0,0.0,0.0,True,0.28522499999999995,0.14652074444471763,False,False,"",1.7,"",0,"[]","[]",0,False,False,"",""
"bc1p9gguajmztqhw8yrwcl0rlg0au3sgcszvhazj8afwy693j9t6fy6qxze2ad","bitcoin","BTC",2.6040609,0.0,"BTC",169263.9585,245,0,0,1,1,1.0,0.0,0.0,True,0.21247500000000002,0.14640775758529978,False,False,"",1.7,"",0,"[]","[]",0,False,False,"",""
"bc1pkwukv2sv06dlhduzlfycq988pe6ye6kg6q8aydwseqwxmy452t0qg578vf","bitcoin","BTC",5.1380224,0.0,"BTC",333971.456,245,0,0,1,1,1.0,0.0,0.0,True,0.21247500000000002,0.14599999137662667,False,False,"",1.7,"",0,"[]","[]",0,False,False,"",""
"bc1ptjec2ptzyuj6wk4nrz745exrsgz5apywazk66u4z42xw5wfdrdcsgvwmfy","bitcoin","BTC",5.1380224,0.0,"BTC",333971.456,245,0,0,1,1,1.0,0.0,0.0,True,0.21247500000000002,0.14599999137662667,False,False,"",1.7,"",0,"[]","[]",0,False,False,"",""
"bc1qsxk6qxeflg6zwf5xxkqpf4jzfe9dc6eflkyeq8","bitcoin","BTC",1.30203045,0.0,"BTC",84631.97925,245,0,0,1,1,1.0,0.0,0.0,True,0.21247500000000002,0.14642133958941667,False,False,"",1.7,"",0,"[]","[]",0,False,False,"",""
"bc1p63ek34ktkt3p2d7d8y7g8mujqhr4w5vfycur8qk7m5ers4nk5avsaf92pe","bitcoin","BTC",2.6040609,0.0,"BTC",169263.9585,245,0,0,1,1,1.0,0.0,0.0,True,0.21247500000000002,0.14640775758529978,False,False,"",1.7,"",0,"[]","[]",0,False,False,"",""
"bc1pdjpcyaux23f05545mjfwkgxlw9hydz3f9svux0e488dsx6dpfv5qxfenx2","bitcoin","BTC",2.6040609,0.0,"BTC",169263.9585,245,0,0,1,1,1.0,0.0,0.0,True,0.21247500000000002,0.14640775758529978,False,False,"",1.7,"",0,"[]","[]",0,False,False,"",""
"bc1pjfqy6xf5hrr36zrrj0f94z400kuhse8zcyyeasd9ma4ksqy5zsaqq0uakr","bitcoin","BTC",2.6040609,0.0,"BTC",169263.9585,245,0,0,1,1,1.0,0.0,0.0,True,0.21247500000000002,0.14640775758529978,False,False,"",1.7,"",0,"[]","[]",0,False,False,"",""
"bc1p80hkv943d3lge0ukclfhue9e8c3afk5kjwvpav35tnt4vj78emasl3q7h3","bitcoin","BTC",5.1380224,0.0,"BTC",333971.456,245,0,0,1,1,1.0,0.0,0.0,True,0.21247500000000002,0.14599999137662667,False,False,"",1.7,"",0,"[]","[]",0,False,False,"",""
"bc1q84wl976d8lpfp4m9nfhfn9ajlwreductyqcdl5","bitcoin","BTC",5.1380224,0.0,"BTC",333971.456,245,0,0,1,1,1.0,0.0,0.0,True,0.21247500000000002,0.14599999137662667,False,False,"",1.7,"",0,"[]","[]",0,False,False,"",""
"bc1pf38wdry6uyz8y5m8mzp6jhc4nmt90gmxh0lvztxgvagsdkgn82as00nug5","bitcoin","BTC",5.1380224,0.0,"BTC",333971.456,245,0,0,1,1,1.0,0.0,0.0,True,0.21247500000000002,0.14599999137662667,False,False,"",1.7,"",0,"[]","[]",0,False,False,"",""
"bc1qxmlnwr52yxvjjlev5yg0erkrveddr6968vua59","bitcoin","BTC",1.30203045,0.0,"BTC",84631.97925,245,0,0,1,1,1.0,0.0,0.0,True,0.21247500000000002,0.14642133958941667,False,False,"",1.7,"",0,"[]","[]",0,False,False,"",""
"bc1pc4qheqz2kx4p56maqly7l02rppqwvy07fyf3g937p832kp7z9gssdqna80","bitcoin","BTC",5.1380224,0.0,"BTC",333971.456,245,0,0,1,1,1.0,0.0,0.0,True,0.21247500000000002,0.14599999137662667,False,False,"",1.7,"",0,"[]","[]",0,False,False,"",""
"bc1qvsgz4n2g8h2qeskyufwnrdqsp4mepv6m3fhs9u","bitcoin","BTC",1.30203045,0.0,"BTC",84631.97925,245,0,0,1,1,1.0,0.0,0.0,True,0.21247500000000002,0.14642133958941667,False,False,"",1.7,"",0,"[]","[]",0,False,False,"",""
"bc1qaf200ck83wm5jx230mltdfnmnew8mg5jn6vmlt","bitcoin","BTC",1.30203045,0.0,"BTC",84631.97925,245,0,0,1,1,1.0,0.0,0.0,True,0.21247500000000002,0.14642133958941667,False,False,"",1.7,"",0,"[]","[]",0,False,False,"",""
"bc1pw8zxaa9dyyxgayjyc7tqsqn35zyklekrwsgqgpyfdhkx9m24h50qf4v7xu","bitcoin","BTC",2.6040609,0.0,"BTC",169263.9585,245,0,0,1,1,1.0,0.0,0.0,True,0.21247500000000002,0.14640775758529978,False,False,"",1.7,"",0,"[]","[]",0,False,False,"",""
"bc1q5c25xcg5a74wp2hsxflxz420t6rwsr8yx3yj3r","bitcoin","BTC",5.1380224,0.0,"BTC",333971.456,245,0,0,1,1,1.0,0.0,0.0,True,0.21247500000000002,0.14599999137662667,False,False,"",1.7,"",0,"[]","[]",0,False,False,"",""
"bc1pcslrfljw2562a4p0m6v5lh6n9ettnnrpw8v2unw2rut7h76pxc0qv9uae0","bitcoin","BTC",2.6040609,0.0,"BTC",169263.9585,245,0,0,1,1,1.0,0.0,0.0,True,0.21247500000000002,0.14640775758529978,False,False,"",1.7,"",0,"[]","[]",0,False,False,"",""
"bc1plry0muxvy8gklvr3yq98y389n58f8ly5tskaqum5j78e679cnyrswxgqgc","bitcoin","BTC",5.1380224,0.0,"BTC",333971.456,245,0,0,1,1,1.0,0.0,0.0,True,0.21247500000000002,0.14599999137662667,False,False,"",1.7,"",0,"[]","[]",0,False,False,"",""
"bc1pp9870lrz9gdfnex4j890p4vrsfj3wd56l3d54g0aamls5q48ul8q2t6l4a","bitcoin","BTC",2.6040609,0.0,"BTC",169263.9585,245,0,0,1,1,1.0,0.0,0.0,True,0.21247500000000002,0.14640775758529978,False,False,"",1.7,"",0,"[]","[]",0,False,False,"",""
"bc1pgqxh77muhe06r6uxc7mwrssk6ragk9wlzqxpw4yxtyf27z2uwgps5dc9xt","bitcoin","BTC",2.6040609,0.0,"BTC",169263.9585,245,0,0,1,1,1.0,0.0,0.0,True,0.21247500000000002,0.14640775758529978,False,False,"",1.7,"",0,"[]","[]",0,False,False,"",""
"bc1pw09m435ktnunddsz9gaphghzq7pce2qrc55s707dyq4fhmny5fqqn9m5h8","bitcoin","BTC",2.6040609,0.0,"BTC",169263.9585,245,0,0,1,1,1.0,0.0,0.0,True,0.21247500000000002,0.14640775758529978,False,False,"",1.7,"",0,"[]","[]",0,False,False,"",""
"bc1pyqrxqjzrylt2gd07llhe46htjxkjc3c9wthaywf0a5603tds0fpqjze74y","bitcoin","BTC",1.30203045,0.0,"BTC",84631.97925,245,0,0,1,1,1.0,0.0,0.0,True,0.21247500000000002,0.14642133958941667,False,False,"",1.7,"",0,"[]","[]",0,False,False,"",""
"bc1q6e5e28laakwnf7z5vyzaze44napr6snp9w8vwa","bitcoin","BTC",8.64123066,0.0,"BTC",561679.9929,271,0,0,1,1,1.0,0.0,0.0,True,0.30555,0.14730080075474133,False,False,"",1.6,"",0,"[]","[]",0,False,False,"",""
"bc1p9prgpma98t4gvnyys2suazzum9rqzjea6x400ex9gjycu4fyya4qff5ys4","bitcoin","BTC",8.64123066,0.0,"BTC",561679.9929,271,0,0,1,1,1.0,0.0,0.0,True,0.30555,0.14730080075474133,False,False,"",1.6,"",0,"[]","[]",0,False,False,"",""
"bc1p7hsakww409jd7tus42kq6vluv6ra5xudfh2xw2v9mlcm5jaqsr3sm2dcyq","bitcoin","BTC",8.6093442,0.0,"BTC",559607.373,270,0,0,1,1,1.0,0.0,0.0,True,0.292275,0.14710611258392425,False,False,"",1.6,"",0,"[]","[]",0,False,False,"",""
"bc1p5vvvkvdzcsp788mm9nz4prrnzjuyz2k5x53465gade03598yvaaqnutvnw","bitcoin","BTC",8.6093442,0.0,"BTC",559607.373,270,0,0,1,1,1.0,0.0,0.0,True,0.292275,0.14710611258392425,False,False,"",1.6,"",0,"[]","[]",0,False,False,"",""
"bc1pvfy0thqsj4v623zxxvccqv2m36cgv0xun5aws77r6w9q4guurxps3f4q6a","bitcoin","BTC",8.6093442,0.0,"BTC",559607.373,270,0,0,1,1,1.0,0.0,0.0,True,0.292275,0.14710611258392425,False,False,"",1.6,"",0,"[]","[]",0,False,False,"",""
"bc1p5vr6u2ynpgwekax40raxz8wt0saefscc0w8yazg4mfqv3umx7hyqv4a7s7","bitcoin","BTC",5.47356672,0.0,"BTC",355781.8368,261,0,0,1,1,1.0,0.0,0.0,True,0.26175000000000004,0.14692622131888783,False,False,"",1.6,"",0,"[]","[]",0,False,False,"",""
"bc1prv243nn2797synj7revudr0n0j474mmqpukqfqwjv8kjk3pytehqy6g669","bitcoin","BTC",5.47356672,0.0,"BTC",355781.8368,261,0,0,1,1,1.0,0.0,0.0,True,0.26175000000000004,0.14692622131888783,False,False,"",1.6,"",0,"[]","[]",0,False,False,"",""
"bc1pr4zswgx05j84ynx4tmxqtg7dcqlx4maf3wwv33zpp3lwxlwdr58su09p23","bitcoin","BTC",1.30203045,0.0,"BTC",84631.97925,245,0,0,1,1,1.0,0.0,0.0,True,0.21247500000000002,0.14726434203944405,False,False,"",1.6,"",0,"[]","[]",0,False,False,"",""
"bc1pze6tjuvzpmvj3n0sp6azfej78la5gymlshvkuaxrynkftrggr04q7w0mz9","bitcoin","BTC",1.30203045,0.0,"BTC",84631.97925,245,0,0,1,1,1.0,0.0,0.0,True,0.21247500000000002,0.14726434203944405,False,False,"",1.6,"",0,"[]","[]",0,False,False,"",""
"bc1pvs82fn9v5yqvuj2xl6tr6hdhwvze8rj2ztcajhzjn8rnpqj0k0qq5qvpqs","bitcoin","BTC",1.30203045,0.0,"BTC",84631.97925,245,0,0,1,1,1.0,0.0,0.0,True,0.21247500000000002,0.14726434203944405,False,False,"",1.6,"",0,"[]","[]",0,False,False,"",""
"bc1pjc09u47dudn5e0zppecyym95rmtlwkln92vg8q4lxhw0cpyenkpqm2jpuu","bitcoin","BTC",1.30203045,0.0,"BTC",84631.97925,245,0,0,1,1,1.0,0.0,0.0,True,0.21247500000000002,0.14726434203944405,False,False,"",1.6,"",0,"[]","[]",0,False,False,"",""
"bc1ptfn9ed7p8kshqdpyruhu8sk9wnxeqjjqqh4252nsr9mtfnu5ewqqwkysvk","bitcoin","BTC",1.30203045,0.0,"BTC",84631.97925,245,0,0,1,1,1.0,0.0,0.0,True,0.21247500000000002,0.14726434203944405,False,False,"",1.6,"",0,"[]","[]",0,False,False,"",""
"bc1pmvc9xt0ygq6ed0lachrxdq8gsjnw9uqw7y57chd92rlw7ekp7mask8sznn","bitcoin","BTC",2.93355432,0.0,"BTC",190681.03079999998,276,0,0,1,1,1.0,0.0,0.0,True,0.31845,0.14818452369642682,False,False,"",1.5,"",0,"[]","[]",0,False,False,"",""
"bc1q3uqyx2c3pzscq2nu9lel8vg3tectzfntrh4x6w","bitcoin","BTC",0.97785144,0.0,"BTC",63560.3436,276,0,0,1,1,1.0,0.0,0.0,True,0.31845,0.1476302955631018,False,False,"",1.5,"",0,"[]","[]",0,False,False,"",""
"bc1q78v50j094cumvp7fc75mhrkvyc8njzfe5qrdqh","bitcoin","BTC",0.97785144,0.0,"BTC",63560.3436,276,0,0,1,1,1.0,0.0,0.0,True,0.31845,0.1476302955631018,False,False,"",1.5,"",0,"[]","[]",0,False,False,"",""
"bc1qm5zaswvd2vsdta44vwrm97tdytsapfjyye95kn","bitcoin","BTC",0.97785144,0.0,"BTC",63560.3436,276,0,0,1,1,1.0,0.0,0.0,True,0.31845,0.1476302955631018,False,False,"",1.5,"",0,"[]","[]",0,False,False,"",""
"bc1purs8c83l4llf6sw84dql8t3mj2l2f07h39fsg83drrpm2dn9ax9qf7flpx","bitcoin","BTC",2.93355432,0.0,"BTC",190681.03079999998,276,0,0,1,1,1.0,0.0,0.0,True,0.31845,0.14818452369642682,False,False,"",1.5,"",0,"[]","[]",0,False,False,"",""
"bc1p602q9tgnppq2vq50dskl7x9vdjjlndp53h3z83lr5nwuqf5x6xjs6kuem2","bitcoin","BTC",2.93355432,0.0,"BTC",190681.03079999998,276,0,0,1,1,1.0,0.0,0.0,True,0.31845,0.14818452369642682,False,False,"",1.5,"",0,"[]","[]",0,False,False,"",""
"bc1pqr4qlu8y8sef5h067uwpvmnj72dclqhd7hddd004ldq8c9mttvgq0llz0p","bitcoin","BTC",0.97785144,0.0,"BTC",63560.3436,276,0,0,1,1,1.0,0.0,0.0,True,0.31845,0.1476302955631018,False,False,"",1.5,"",0,"[]","[]",0,False,False,"",""
"bc1pr7wsam9xr4hw5v2w9shnnw0xql6jx6jycv6cn4dpgqz8gdgd3tyqn9u7wf","bitcoin","BTC",2.93355432,0.0,"BTC",190681.03079999998,276,0,0,1,1,1.0,0.0,0.0,True,0.31845,0.14818452369642682,False,False,"",1.5,"",0,"[]","[]",0,False,False,"",""
"bc1p6km6qykrupxg20vxa60w95vxwwz3g75ga9jxtsef4295pjdfqu0slgy08v","bitcoin","BTC",2.93355432,0.0,"BTC",190681.03079999998,276,0,0,1,1,1.0,0.0,0.0,True,0.31845,0.14818452369642682,False,False,"",1.5,"",0,"[]","[]",0,False,False,"",""
"bc1pz38llf9afr5h9synhhgm20k7v4jk7dkjq0gkxlp4h5am6d9vgcqsw9050r","bitcoin","BTC",2.93355432,0.0,"BTC",190681.03079999998,276,0,0,1,1,1.0,0.0,0.0,True,0.31845,0.14818452369642682,False,False,"",1.5,"",0,"[]","[]",0,False,False,"",""
"bc1pszyw0kvczjxkzkmlshlk7sm7m0cngxgat7sjwrg30lgkw5gg9z4qwr3a5m","bitcoin","BTC",0.97785144,0.0,"BTC",63560.3436,276,0,0,1,1,1.0,0.0,0.0,True,0.31845,0.1476302955631018,False,False,"",1.5,"",0,"[]","[]",0,False,False,"",""
"bc1pz5q4vd4h9rw6cd539ddzmkllz9zw5d25tswdperp6z2qjvn226zqr52wxr","bitcoin","BTC",0.97785144,0.0,"BTC",63560.3436,276,0,0,1,1,1.0,0.0,0.0,True,0.31845,0.1476302955631018,False,False,"",1.5,"",0,"[]","[]",0,False,False,"",""
"bc1qlwdd5x2pnvg92ajgwp8sfh63n2yl929ppd9c6e","bitcoin","BTC",0.97785144,0.0,"BTC",63560.3436,276,0,0,1,1,1.0,0.0,0.0,True,0.31845,0.1476302955631018,False,False,"",1.5,"",0,"[]","[]",0,False,False,"",""
"bc1pcdhm6mggxc08gcl9r784f55rqtrnas2mwle546k8njyutc9kfl2sq54fjn","bitcoin","BTC",2.93355432,0.0,"BTC",190681.03079999998,276,0,0,1,1,1.0,0.0,0.0,True,0.31845,0.14818452369642682,False,False,"",1.5,"",0,"[]","[]",0,False,False,"",""
"bc1pzl6q8g4n7pn7yerd0vhs7nhnx5fmkuwe9qsdgdqusy8tk7q7k98sw2f0yj","bitcoin","BTC",0.96013674,0.0,"BTC",62408.888100000004,271,0,0,1,1,1.0,0.0,0.0,True,0.30555,0.1474406926808129,False,False,"",1.5,"",0,"[]","[]",0,False,False,"",""
"bc1pdwkmk2fme08z8dcfl0jlz9r76dwr50z4j9dspekkkwhh65hlxdeqhvx3lq","bitcoin","BTC",5.36870912,0.0,"BTC",348966.0928,256,0,0,1,1,1.0,0.0,0.0,True,0.2397,0.14745636376542975,False,False,"",1.5,"",0,"[]","[]",0,False,False,"",""
"bc1p64umhu398lp7fuunwc4azfeqcapuzd6cuuxhx0ez5gmrg80k9twseskdqk","bitcoin","BTC",5.36870912,0.0,"BTC",348966.0928,256,0,0,1,1,1.0,0.0,0.0,True,0.2397,0.14745636376542975,False,False,"",1.5,"",0,"[]","[]",0,False,False,"",""
"bc1p7qj27twxwg2pas73dw4vqykkkt4mjkp5kp5kmmsktgvzxsf0xvssemddgy","bitcoin","BTC",5.36870912,0.0,"BTC",348966.0928,256,0,0,1,1,1.0,0.0,0.0,True,0.2397,0.14745636376542975,False,False,"",1.5,"",0,"[]","[]",0,False,False,"",""
"bc1pau6m52qlgkldxtqap0gqgxhf083kn437835rvzm8405dr2u9an9su8jpt0","bitcoin","BTC",5.36870912,0.0,"BTC",348966.0928,256,0,0,1,1,1.0,0.0,0.0,True,0.2397,0.14745636376542975,False,False,"",1.5,"",0,"[]","[]",0,False,False,"",""
"bc1qcn2kq7at7t5p8j9h6xkcyg8mffaufut7h8w0yu","bitcoin","BTC",1.4407029,0.0,"BTC",93645.6885,245,0,0,1,1,1.0,0.0,0.0,True,0.21247500000000002,0.14762670361762037,False,False,"",1.5,"",0,"[]","[]",0,False,False,"",""
"bc1p55truud5p84qhwzdpy2zskwt3nftf8x9svksw4wnz4z8w9kjl5qq8hd8g4","bitcoin","BTC",1.46677716,0.0,"BTC",95340.51539999999,276,0,0,1,1,1.0,0.0,0.0,True,0.31845,0.14864178614863582,False,False,"",1.4,"",0,"[]","[]",0,False,False,"",""
"bc1pwrk735j4magx300q5kzvg8javk2efkj0y5n4l9tx84phsvwu2fwqjm8l3k","bitcoin","BTC",1.46677716,0.0,"BTC",95340.51539999999,276,0,0,1,1,1.0,0.0,0.0,True,0.31845,0.14864178614863582,False,False,"",1.4,"",0,"[]","[]",0,False,False,"",""
"bc1p6g2amhsql57gnp060876e75x77upyff3plrgghag5q9pl89lcauqhc5g9n","bitcoin","BTC",1.46677716,0.0,"BTC",95340.51539999999,276,0,0,1,1,1.0,0.0,0.0,True,0.31845,0.14864178614863582,False,False,"",1.4,"",0,"[]","[]",0,False,False,"",""
"bc1pn4tqqzv4a4pxjzpw2vnl4vw4dshghqn6za9yrampzdcqcfnflfrq7ar0tq","bitcoin","BTC",1.46677716,0.0,"BTC",95340.51539999999,276,0,0,1,1,1.0,0.0,0.0,True,0.31845,0.14864178614863582,False,False,"",1.4,"",0,"[]","[]",0,False,False,"",""
"bc1pnwqcr7tqxftvvn0v0hc77kun46ex9u64v0qu4x9075ltxg6g6s8qmy5uq3","bitcoin","BTC",1.46677716,0.0,"BTC",95340.51539999999,276,0,0,1,1,1.0,0.0,0.0,True,0.31845,0.14864178614863582,False,False,"",1.4,"",0,"[]","[]",0,False,False,"",""
"bc1p6vdrwnfajwsl72ywmzmzer6mc0mm5alwgk6uazd9h4ft2pkc4glqdsvumr","bitcoin","BTC",1.46677716,0.0,"BTC",95340.51539999999,276,0,0,1,1,1.0,0.0,0.0,True,0.31845,0.14864178614863582,False,False,"",1.4,"",0,"[]","[]",0,False,False,"",""
"bc1pghs6l59lr6hy7taqzxm2eh7zgsn8zg6skeadmlvp8yf4vfmud24se9cxun","bitcoin","BTC",1.46677716,0.0,"BTC",95340.51539999999,276,0,0,1,1,1.0,0.0,0.0,True,0.31845,0.14864178614863582,False,False,"",1.4,"",0,"[]","[]",0,False,False,"",""
"bc1pahmmrh9pplwttxswyh46zet3lzd5df7n86k8a0cvv7arpdpf7gcqhgf50z","bitcoin","BTC",1.46677716,0.0,"BTC",95340.51539999999,276,0,0,1,1,1.0,0.0,0.0,True,0.31845,0.14864178614863582,False,False,"",1.4,"",0,"[]","[]",0,False,False,"",""
"bc1pzs3sqs2pjt673dh4cxwdnxfzyln6vvejmvt7xrgl93eckqh8m92s3scswa","bitcoin","BTC",1.46677716,0.0,"BTC",95340.51539999999,276,0,0,1,1,1.0,0.0,0.0,True,0.31845,0.14864178614863582,False,False,"",1.4,"",0,"[]","[]",0,False,False,"",""
"bc1prumu3ekf2ltemrc63gmm8qmke7m8dxhhfrf86cx0fejr900q2hgq64lnwz","bitcoin","BTC",1.46677716,0.0,"BTC",95340.51539999999,276,0,0,1,1,1.0,0.0,0.0,True,0.31845,0.14864178614863582,False,False,"",1.4,"",0,"[]","[]",0,False,False,"",""
"bc1ps60ydd4yw7mlpmsckhq5msgpjax3fts7tffqqtt86xqqef6gq4lspmjen2","bitcoin","BTC",8.64123066,0.0,"BTC",561679.9929,271,0,0,1,1,1.0,0.0,0.0,True,0.30555,0.1489231295049891,False,False,"",1.4,"",0,"[]","[]",0,False,False,"",""
"bc1pvg36r9vvxjm37xsl2da4pv6hu6pfdwl78rdg6ntpzpzajhllw38s7fx72r","bitcoin","BTC",8.64123066,0.0,"BTC",561679.9929,271,0,0,1,1,1.0,0.0,0.0,True,0.30555,0.1489231295049891,False,False,"",1.4,"",0,"[]","[]",0,False,False,"",""
"bc1plgz666v7age8gnfts3qf86fwvg6c4pp9ys609he4hhfllsmsusms3gw6ta","bitcoin","BTC",8.64123066,0.0,"BTC",561679.9929,271,0,0,1,1,1.0,0.0,0.0,True,0.30555,0.1489231295049891,False,False,"",1.4,"",0,"[]","[]",0,False,False,"",""
"bc1pgz42ls6qq8qmz2rvzj7fcm7v22xknva8c8vyj3xm9fyrs4wz4ucsarr6dg","bitcoin","BTC",8.64123066,0.0,"BTC",561679.9929,271,0,0,1,1,1.0,0.0,0.0,True,0.30555,0.1489231295049891,False,False,"",1.4,"",0,"[]","[]",0,False,False,"",""
"bc1ptsvqaedpvajlg3chdqxd0ldk9t0z5a8ld4c2wufan9w498dsjmys9md858","bitcoin","BTC",8.64123066,0.0,"BTC",561679.9929,271,0,0,1,1,1.0,0.0,0.0,True,0.30555,0.1489231295049891,False,False,"",1.4,"",0,"[]","[]",0,False,False,"",""
"bc1pjyscfjq5u7rruf5vtuw44msr0jkh9kgzeg3wkrtc5p7r3cfh5x2qfrscwr","bitcoin","BTC",8.64123066,0.0,"BTC",561679.9929,271,0,0,1,1,1.0,0.0,0.0,True,0.30555,0.1489231295049891,False,False,"",1.4,"",0,"[]","[]",0,False,False,"",""
"bc1pr0p3s2zhaz5rr5rjkjnnhy4hntufyt3gzcwaz8j9va2a9pzvl3lsk9crxd","bitcoin","BTC",4.3046721,0.0,"BTC",279803.6865,269,0,0,1,1,1.0,0.0,0.0,True,0.28522499999999995,0.14852112067190376,False,False,"",1.4,"",0,"[]","[]",0,False,False,"",""
"bc1qxg4aeund28yfe4crpmuvt0ql6l5t2kenj75gun","bitcoin","BTC",4.3046721,0.0,"BTC",279803.6865,269,0,0,1,1,1.0,0.0,0.0,True,0.28522499999999995,0.14852112067190376,False,False,"",1.4,"",0,"[]","[]",0,False,False,"",""
"bc1pey74mzzx02x488pkyp8mwt45phgm6xnp2cuea3mfzld7hzv0363smv39z8","bitcoin","BTC",1.40831865,0.0,"BTC",91540.71225,265,0,0,1,1,1.0,0.0,0.0,True,0.28049999999999997,0.14858401889235234,False,False,"",1.4,"",0,"[]","[]",0,False,False,"",""
"bc1pj7eqhevtxvaxdeaglm7zpnzjkj4ufrzsyspa52x0a6fq0l7yd7rsr083gq","bitcoin","BTC",1.40831865,0.0,"BTC",91540.71225,265,0,0,1,1,1.0,0.0,0.0,True,0.28049999999999997,0.14858401889235234,False,False,"",1.4,"",0,"[]","[]",0,False,False,"",""
"bc1pqwya6delfkcksss6a6gc8dnzmhseerrsw4l48hcl326y0fw2ya5qfvy2hw","bitcoin","BTC",0.69206016,0.0,"BTC",44983.9104,264,0,0,1,1,1.0,0.0,0.0,True,0.27585,0.1486428945198563,False,False,"",1.4,"",0,"[]","[]",0,False,False,"",""
"bc1pjsr9n5cshwvwjjpjafegd87njcflstty8tu2ytlp4cfh75xgm6jssfuzq2","bitcoin","BTC",0.69206016,0.0,"BTC",44983.9104,264,0,0,1,1,1.0,0.0,0.0,True,0.27585,0.1486428945198563,False,False,"",1.4,"",0,"[]","[]",0,False,False,"",""
"bc1p43qrp4dwv222sjr7lpnft60du2qffphdm3yf3l09nzd74tqk6husar4vkv","bitcoin","BTC",0.69206016,0.0,"BTC",44983.9104,264,0,0,1,1,1.0,0.0,0.0,True,0.27585,0.1486428945198563,False,False,"",1.4,"",0,"[]","[]",0,False,False,"",""
"bc1pw6mwnlp43lweza2wwf6kvyf4zpmjkm33fx3rk97s7c92s603qacq2tkfkx","bitcoin","BTC",0.69206016,0.0,"BTC",44983.9104,264,0,0,1,1,1.0,0.0,0.0,True,0.27585,0.1486428945198563,False,False,"",1.4,"",0,"[]","[]",0,False,False,"",""
"bc1phaqtsar3yjgdeys3p6jzhdd2j57yg7ddpt7pnh7jhu7ugp35wzwsnpxe29","bitcoin","BTC",0.92825028,0.0,"BTC",60336.2682,261,0,0,1,1,1.0,0.0,0.0,True,0.26175000000000004,0.1482529224590931,False,False,"",1.4,"",0,"[]","[]",0,False,False,"",""
"bc1pajwhv32v5fqfnnf4ds6tuqlngfgxeaadyzjwxv5gw3d8dhkffqrsguess7","bitcoin","BTC",0.68681728,0.0,"BTC",44643.1232,261,0,0,1,1,1.0,0.0,0.0,True,0.26175000000000004,0.1483138333302697,False,False,"",1.4,"",0,"[]","[]",0,False,False,"",""
"bc1puukq0l6p3sx96epzry38ukmu4vsxfu5g4v5v960pf64uxuw9x34sfz9kxn","bitcoin","BTC",0.68681728,0.0,"BTC",44643.1232,261,0,0,1,1,1.0,0.0,0.0,True,0.26175000000000004,0.1483138333302697,False,False,"",1.4,"",0,"[]","[]",0,False,False,"",""
"bc1p2hw665fmzm0annrcxntpk48dhae33rutceghy7cn9ylcfjl0tymq2yykcl","bitcoin","BTC",0.92825028,0.0,"BTC",60336.2682,261,0,0,1,1,1.0,0.0,0.0,True,0.26175000000000004,0.1482529224590931,False,False,"",1.4,"",0,"[]","[]",0,False,False,"",""
"bc1p856v0gpnl7hxn456fnp5m7qvcjfn4kvjyswft95kn7tqhx4rvuvq6q6cpy","bitcoin","BTC",0.68681728,0.0,"BTC",44643.1232,261,0,0,1,1,1.0,0.0,0.0,True,0.26175000000000004,0.1483138333302697,False,False,"",1.4,"",0,"[]","[]",0,False,False,"",""
"bc1pe7hzvnrwc36cq50du8txnmxj5tuu3l5ujptv6kxqlqq4h6rqs7es4wec4c","bitcoin","BTC",0.68681728,0.0,"BTC",44643.1232,261,0,0,1,1,1.0,0.0,0.0,True,0.26175000000000004,0.1483138333302697,False,False,"",1.4,"",0,"[]","[]",0,False,False,"",""
"bc1pfp4wn20yer58r606kmqk3h2vmjc6a0efqfrz3yftyk65qtzwja8sxngv99","bitcoin","BTC",2.72097792,0.0,"BTC",176863.56480000002,256,0,0,1,1,1.0,0.0,0.0,True,0.2397,0.1486963854947222,False,False,"",1.4,"",0,"[]","[]",0,False,False,"",""
"bc1qgshmydhg2stqspja2tzjcgmhqskcwyxaeqmacl","bitcoin","BTC",2.72097792,0.0,"BTC",176863.56480000002,256,0,0,1,1,1.0,0.0,0.0,True,0.2397,0.1486963854947222,False,False,"",1.4,"",0,"[]","[]",0,False,False,"",""
"bc1pk2ura336gvsnda7tj5usz2527vqwxk9qzgkz7pls2s8cnklffzsqurszqn","bitcoin","BTC",2.72097792,0.0,"BTC",176863.56480000002,256,0,0,1,1,1.0,0.0,0.0,True,0.2397,0.1486963854947222,False,False,"",1.4,"",0,"[]","[]",0,False,False,"",""
"bc1pr0fzktczmxepaavs6s4e30djvsqmnesfrvqlynv9cdv0wv7ls83sla0dmg","bitcoin","BTC",2.72097792,0.0,"BTC",176863.56480000002,256,0,0,1,1,1.0,0.0,0.0,True,0.2397,0.1486963854947222,False,False,"",1.4,"",0,"[]","[]",0,False,False,"",""
"bc1pjpyqzmr2dt5qgk7hf9v70g7wsrzjzdkgfgajt8nac4n9m2qtclwskkzcvg","bitcoin","BTC",1.44020511,0.0,"BTC",93613.33215,271,0,0,1,1,1.0,0.0,0.0,True,0.30555,0.14928069619255158,False,False,"",1.3,"",0,"[]","[]",0,False,False,"",""
"bc1p6mjvpmkecjc6wga4um64ryje6xf858h5dn8kpde3nypvyrlvdh7stsghl5","bitcoin","BTC",8.32236606,0.0,"BTC",540953.7939,261,0,0,1,1,1.0,0.0,0.0,True,0.26175000000000004,0.14924514437809128,False,False,"",1.3,"",0,"[]","[]",0,False,False,"",""
"bc1psyg7r87g80ew30cf8h3nax5test7vdmzyawgvdzaxu2nemtter8s9ulawy","bitcoin","BTC",8.32236606,0.0,"BTC",540953.7939,261,0,0,1,1,1.0,0.0,0.0,True,0.26175000000000004,0.14924514437809128,False,False,"",1.3,"",0,"[]","[]",0,False,False,"",""
"bc1p25lrjqjf4nq9af0672nqrj4mfc464cvcnwq4m475vvgnnmnye7ms8nteeq","bitcoin","BTC",8.32236606,0.0,"BTC",540953.7939,261,0,0,1,1,1.0,0.0,0.0,True,0.26175000000000004,0.14924514437809128,False,False,"",1.3,"",0,"[]","[]",0,False,False,"",""
"bc1pz4nhtdv3u2tq6jq86d2qppfezvyuxtvq5lx2jmcyt9y7vvh72wrq4ud6qt","bitcoin","BTC",8.32236606,0.0,"BTC",540953.7939,261,0,0,1,1,1.0,0.0,0.0,True,0.26175000000000004,0.1496151267303774,False,False,"",1.3,"",0,"[]","[]",0,False,False,"",""
"bc1p05ar529stuz2jqny44g8p0t5yl6w7nfjcrrz6pt2agerftywvnss0pevw4","bitcoin","BTC",8.32236606,0.0,"BTC",540953.7939,261,0,0,1,1,1.0,0.0,0.0,True,0.26175000000000004,0.14924514437809128,False,False,"",1.3,"",0,"[]","[]",0,False,False,"",""
"bc1pzqvu0j4l4fj4d3p6rsxm9d58tzftardnx684ps5gsqrarpjq8gnqry8kcg","bitcoin","BTC",4.16118303,0.0,"BTC",270476.89695,261,0,0,1,1,1.0,0.0,0.0,True,0.26175000000000004,0.14929555282054968,False,False,"",1.3,"",0,"[]","[]",0,False,False,"",""
"bc1peayrgzttsha3q82afx338rjgrdttl2tnstxllfrmffgg9mleft8smmlq8j","bitcoin","BTC",8.32236606,0.0,"BTC",540953.7939,261,0,0,1,1,1.0,0.0,0.0,True,0.26175000000000004,0.1496151267303774,False,False,"",1.3,"",0,"[]","[]",0,False,False,"",""
"bc1pchuu772w5qn85z46a8f3rtnfh9jx87y3zzd5cfmcme295wgs2n5qwaas8y","bitcoin","BTC",8.32236606,0.0,"BTC",540953.7939,261,0,0,1,1,1.0,0.0,0.0,True,0.26175000000000004,0.14924514437809128,False,False,"",1.3,"",0,"[]","[]",0,False,False,"",""
"bc1p6rxe4qjvdq7adlw93yejm33ck2fxkdtfhhrqc04wx7jqmczhpa3sz6nl5d","bitcoin","BTC",4.16118303,0.0,"BTC",270476.89695,261,0,0,1,1,1.0,0.0,0.0,True,0.26175000000000004,0.14929555282054968,False,False,"",1.3,"",0,"[]","[]",0,False,False,"",""
"bc1pud8n7q464lurvulune9h2l4uczetfukcmvs8gflgu36mdhlfh65sg3dk6u","bitcoin","BTC",8.32236606,0.0,"BTC",540953.7939,261,0,0,1,1,1.0,0.0,0.0,True,0.26175000000000004,0.14924514437809128,False,False,"",1.3,"",0,"[]","[]",0,False,False,"",""
"bc1p7h8mxa6e7dr6d4m7j52rugsqavjkmxcsn38sz30dlrgd4ge2t33qcqnucs","bitcoin","BTC",4.16118303,0.0,"BTC",270476.89695,261,0,0,1,1,1.0,0.0,0.0,True,0.26175000000000004,0.14929555282054968,False,False,"",1.3,"",0,"[]","[]",0,False,False,"",""
"bc1p4l5sg0j5935szhjj52aewzmwglfwqnnq29g52j8h2vq6rlfezl0q2mggma","bitcoin","BTC",4.16118303,0.0,"BTC",270476.89695,261,0,0,1,1,1.0,0.0,0.0,True,0.26175000000000004,0.14929555282054968,False,False,"",1.3,"",0,"[]","[]",0,False,False,"",""
"bc1pm2pr4k5c3shdna477224u5wfh7rtddzrjlujsnuwlkmwwtx40aksecxuff","bitcoin","BTC",4.16118303,0.0,"BTC",270476.89695,261,0,0,1,1,1.0,0.0,0.0,True,0.26175000000000004,0.14929555282054968,False,False,"",1.3,"",0,"[]","[]",0,False,False,"",""
"bc1ppm9fxw2a7lcpymrhzmlzmapzkyaum4ksn0vyr4p5f5kwnz23fldqqmmaqx","bitcoin","BTC",8.32236606,0.0,"BTC",540953.7939,261,0,0,1,1,1.0,0.0,0.0,True,0.26175000000000004,0.1496151267303774,False,False,"",1.3,"",0,"[]","[]",0,False,False,"",""
"bc1qwxy9v35nqexa2rht5m0240c6lzdwv33nw3dgvk","bitcoin","BTC",8.32236606,0.0,"BTC",540953.7939,261,0,0,1,1,1.0,0.0,0.0,True,0.26175000000000004,0.14924514437809128,False,False,"",1.3,"",0,"[]","[]",0,False,False,"",""
"bc1pyhm6h4lzr3z9js6trw3d9x5z5u76yhvpakejw2e04r55hvtgz5gstecsmw","bitcoin","BTC",8.32236606,0.0,"BTC",540953.7939,261,0,0,1,1,1.0,0.0,0.0,True,0.26175000000000004,0.1496151267303774,False,False,"",1.3,"",0,"[]","[]",0,False,False,"",""
"bc1pa0y0z7ds0n6gv2zyvksgek67n8etmlak2dtrlhxddy8pgmyywzeq3tkuf3","bitcoin","BTC",8.32236606,0.0,"BTC",540953.7939,261,0,0,1,1,1.0,0.0,0.0,True,0.26175000000000004,0.1496151267303774,False,False,"",1.3,"",0,"[]","[]",0,False,False,"",""
"bc1p54z655vmaw3c0cpw60d9sauxk78ldymke8k4t45q0s7tk5dp8r7snydz9p","bitcoin","BTC",8.32236606,0.0,"BTC",540953.7939,261,0,0,1,1,1.0,0.0,0.0,True,0.26175000000000004,0.1496151267303774,False,False,"",1.3,"",0,"[]","[]",0,False,False,"",""
"bc1pxg4v9edg0n2tcvvu2664kv3dt5ug0g9um42qp0r6t2rnf3hmcchqj6k3ec","bitcoin","BTC",0.91053558,0.0,"BTC",59184.8127,257,0,0,1,1,1.0,0.0,0.0,True,0.247875,0.14952739668037318,False,False,"",1.3,"",0,"[]","[]",0,False,False,"",""
"bc1pesduc4clweft8h2elc5dlw6sv9rx0xmr8q6tdmfq4al426qsw0wq0y7e2m","bitcoin","BTC",0.91053558,0.0,"BTC",59184.8127,257,0,0,1,1,1.0,0.0,0.0,True,0.247875,0.14952739668037318,False,False,"",1.3,"",0,"[]","[]",0,False,False,"",""
"bc1prsthktuw50xjqfpv3ftdhv30pa2330engvdg6kxav9evjavyddxs0e8dgv","bitcoin","BTC",0.91053558,0.0,"BTC",59184.8127,257,0,0,1,1,1.0,0.0,0.0,True,0.247875,0.14952739668037318,False,False,"",1.3,"",0,"[]","[]",0,False,False,"",""
"bc1pg9qylp2p607q25an3c7nlnz0lxs96tqsua4g8n3a9urwz8gd67ls2tz9pc","bitcoin","BTC",0.91053558,0.0,"BTC",59184.8127,257,0,0,1,1,1.0,0.0,0.0,True,0.247875,0.14952739668037318,False,False,"",1.3,"",0,"[]","[]",0,False,False,"",""
"bc1p4ftgtmgc7uvj8zasnk7m22zc2l83ph59ndan54mqmyyvgf78gclsf7wysa","bitcoin","BTC",0.90699264,0.0,"BTC",58954.5216,256,0,0,1,1,1.0,0.0,0.0,True,0.2397,0.1493754651900443,False,False,"",1.3,"",0,"[]","[]",0,False,False,"",""
"bc1pg3gjj4vdc4rf7vvk9t29thtyw34duug6wsz7wxts2t52ng825r8s4tgd45","bitcoin","BTC",0.90699264,0.0,"BTC",58954.5216,256,0,0,1,1,1.0,0.0,0.0,True,0.2397,0.1493754651900443,False,False,"",1.3,"",0,"[]","[]",0,False,False,"",""
"bc1p25vhv47amqhy90sggxddaxga3dkucf9gxnv6v7hzrh9m4xdvqz9sm3zk9s","bitcoin","BTC",0.90699264,0.0,"BTC",58954.5216,256,0,0,1,1,1.0,0.0,0.0,True,0.2397,0.1493754651900443,False,False,"",1.3,"",0,"[]","[]",0,False,False,"",""
"bc1p2cxlrk5yysv60n7n7045sh8ayvvw9tsaant2n59vhrltnluar35qwmhdk4","bitcoin","BTC",0.90699264,0.0,"BTC",58954.5216,256,0,0,1,1,1.0,0.0,0.0,True,0.2397,0.1493754651900443,False,False,"",1.3,"",0,"[]","[]",0,False,False,"",""
"bc1plg6glg0yuja7ymhw9wj0ah5pha25zy7r5rg7qglczkdf45p3ages3tvkvz","bitcoin","BTC",0.90699264,0.0,"BTC",58954.5216,256,0,0,1,1,1.0,0.0,0.0,True,0.2397,0.1493754651900443,False,False,"",1.3,"",0,"[]","[]",0,False,False,"",""
"bc1p0ul5g5qzk3slpc4xs0urva7afqsqrqephlywkwrvrlal738ld8yq7x3jl8","bitcoin","BTC",0.90699264,0.0,"BTC",58954.5216,256,0,0,1,1,1.0,0.0,0.0,True,0.2397,0.1493754651900443,False,False,"",1.3,"",0,"[]","[]",0,False,False,"",""
"bc1pn6ydguatdc4ph83p866aadfn7gj2c93wv0mphtz0tcths49awxpspg4efw","bitcoin","BTC",0.90699264,0.0,"BTC",58954.5216,256,0,0,1,1,1.0,0.0,0.0,True,0.2397,0.1493754651900443,False,False,"",1.3,"",0,"[]","[]",0,False,False,"",""
"bc1p5hk6rfv4px2zyk88nz0544zt2lu88xk5eu3uuz5jrg9wywp4zfks6wvkwe","bitcoin","BTC",0.90699264,0.0,"BTC",58954.5216,256,0,0,1,1,1.0,0.0,0.0,True,0.2397,0.1493754651900443,False,False,"",1.3,"",0,"[]","[]",0,False,False,"",""
"bc1qxjhywjakdc9df9h8kcw2n952wktyh5zj6ufuxu","bitcoin","BTC",2.22194944,0.0,"BTC",144426.7136,256,0,0,1,1,1.0,0.0,0.0,True,0.2397,0.14918042320807334,False,False,"",1.3,"",0,"[]","[]",0,False,False,"",""
"bc1pjeu09x0vnx4u6vfjlwkuaqxqfjhp85xhud2pdz6v9wch8yf2w8lsehrpzg","bitcoin","BTC",0.90699264,0.0,"BTC",58954.5216,256,0,0,1,1,1.0,0.0,0.0,True,0.2397,0.1493754651900443,False,False,"",1.3,"",0,"[]","[]",0,False,False,"",""
"bc1p2auje0aeywhh6flhltyw59wasyctevhyehx8k4z5wzvtjla8ahvs3vh4gd","bitcoin","BTC",0.90699264,0.0,"BTC",58954.5216,256,0,0,1,1,1.0,0.0,0.0,True,0.2397,0.1493754651900443,False,False,"",1.3,"",0,"[]","[]",0,False,False,"",""
"bc1p4ayu38vydl3v4wykkprk5kqxmwd96a20lrmxhe75t444lu22l9csu9hdaw","bitcoin","BTC",0.90699264,0.0,"BTC",58954.5216,256,0,0,1,1,1.0,0.0,0.0,True,0.2397,0.1493754651900443,False,False,"",1.3,"",0,"[]","[]",0,False,False,"",""
"bc1pl9tgxwly8lj4kfev77zdf63nqfj2t64zaquqswl882dmdzx7dh8speahz0","bitcoin","BTC",0.90699264,0.0,"BTC",58954.5216,256,0,0,1,1,1.0,0.0,0.0,True,0.2397,0.1493754651900443,False,False,"",1.3,"",0,"[]","[]",0,False,False,"",""
"bc1p6yqtaqrgvxfvpwuatjgc3q9as04f8d2jz4x7q09lwawu0u57ys0qclg6wv","bitcoin","BTC",2.18242262,0.0,"BTC",141857.47030000002,271,0,0,1,1,1.0,0.0,0.0,True,0.30555,0.15012472948533984,False,False,"",1.2,"",0,"[]","[]",0,False,False,"",""
"bc1phxyevczpfuy62h5pnr8yw0auduwnxqvdmkja8leprpm2c2tq2ztq8ktvsm","bitcoin","BTC",5.2733187,0.0,"BTC",342765.7155,270,0,0,1,1,1.0,0.0,0.0,True,0.292275,0.15007038652935556,False,False,"",1.2,"",0,"[]","[]",0,False,False,"",""
"bc1pl8xafzlqyssk4mz2jrsfeayz8tczvpcmth9s9sjgtvl4en3sgetqw8t7sk","bitcoin","BTC",5.53648128,0.0,"BTC",359871.2832,264,0,0,1,1,1.0,0.0,0.0,True,0.27585,0.14993401100444725,False,False,"",1.2,"",0,"[]","[]",0,False,False,"",""
"bc1pej5u4hrr03j93yf2j9ha77hpa9n6tqq5x29zeyp388yegec6msdqqma5nx","bitcoin","BTC",5.53648128,0.0,"BTC",359871.2832,264,0,0,1,1,1.0,0.0,0.0,True,0.27585,0.14993401100444725,False,False,"",1.2,"",0,"[]","[]",0,False,False,"",""
"bc1pmw9muzdfyc0r8cc55h7hgazek7r5dhkwg268wu9m7dec7exrywfspqg4zp","bitcoin","BTC",5.53648128,0.0,"BTC",359871.2832,264,0,0,1,1,1.0,0.0,0.0,True,0.27585,0.14993401100444725,False,False,"",1.2,"",0,"[]","[]",0,False,False,"",""
"bc1prwk2gt4w9wmxc783s8xj9wgxm4ctxkry62un9myjrjxhwa0gj2fsyjgnsg","bitcoin","BTC",5.53648128,0.0,"BTC",359871.2832,264,0,0,1,1,1.0,0.0,0.0,True,0.27585,0.14993401100444725,False,False,"",1.2,"",0,"[]","[]",0,False,False,"",""
"bc1pxmu73smgthxzc8ely24dslh2szjx7j9dqy47xrwcakej6vtdm8cqd2pqzn","bitcoin","BTC",5.68328192,0.0,"BTC",369413.3248,271,0,0,1,1,1.0,0.0,0.0,True,0.30555,0.15091974301538025,False,False,"",1.1,"",0,"[]","[]",0,False,False,"",""
"bc1ptvmy8xvs63lrunyp7awu5cvlmg7j8tpzek5qkltuh6c6hlqwxeqquj2nsy","bitcoin","BTC",5.68328192,0.0,"BTC",369413.3248,271,0,0,1,1,1.0,0.0,0.0,True,0.30555,0.15075348366113367,False,False,"",1.1,"",0,"[]","[]",0,False,False,"",""
"bc1pgjyxaq6z26s8yvpwx80sqqzsgf4pw7t9udmlf9f49fdsru8f408sya8k70","bitcoin","BTC",5.68328192,0.0,"BTC",369413.3248,271,0,0,1,1,1.0,0.0,0.0,True,0.30555,0.15091974301538025,False,False,"",1.1,"",0,"[]","[]",0,False,False,"",""
"bc1p7925fqv6zkearkhug34z4p7we7ew7t06wyhsa0q8w653w64hvfvq90zxh5","bitcoin","BTC",5.68328192,0.0,"BTC",369413.3248,271,0,0,1,1,1.0,0.0,0.0,True,0.30555,0.15075348366113367,False,False,"",1.1,"",0,"[]","[]",0,False,False,"",""
"bc1pux4xg3q9sgvrhvp55qsldj7n8asr5uamjhl7c7ah0dt5w54s3cvs0gdnyr","bitcoin","BTC",5.68328192,0.0,"BTC",369413.3248,271,0,0,1,1,1.0,0.0,0.0,True,0.30555,0.15075348366113367,False,False,"",1.1,"",0,"[]","[]",0,False,False,"",""
"bc1p979vxgc3cs5dathd993xmxzvktxnwnzv44wp55f3khc9y6qpw00qyks8rf","bitcoin","BTC",5.68328192,0.0,"BTC",369413.3248,271,0,0,1,1,1.0,0.0,0.0,True,0.30555,0.15091974301538025,False,False,"",1.1,"",0,"[]","[]",0,False,False,"",""
"bc1pjwajhg7g8dsqqq94qdkj69rr697jpzh59m7nlwatemzs6w8fx8msgvfcst","bitcoin","BTC",5.68328192,0.0,"BTC",369413.3248,271,0,0,1,1,1.0,0.0,0.0,True,0.30555,0.15091974301538025,False,False,"",1.1,"",0,"[]","[]",0,False,False,"",""
"bc1pqre7h8qr60z0pnwh7q4yyl9h053valg57hsc6kp0aak8wey2mndsnkndu6","bitcoin","BTC",5.68328192,0.0,"BTC",369413.3248,271,0,0,1,1,1.0,0.0,0.0,True,0.30555,0.15075348366113367,False,False,"",1.1,"",0,"[]","[]",0,False,False,"",""
"bc1p9f54ddtwya6sr6qec6zueut0v8gefth8x7l9xjv02u6xr6auc0wqvx76xr","bitcoin","BTC",5.68328192,0.0,"BTC",369413.3248,271,0,0,1,1,1.0,0.0,0.0,True,0.30555,0.15075348366113367,False,False,"",1.1,"",0,"[]","[]",0,False,False,"",""
"bc1pntaa285j3hh62x7076dzvyeelcvmnulwxgkmfa200pq2xclek6qscp4xu4","bitcoin","BTC",5.68328192,0.0,"BTC",369413.3248,271,0,0,1,1,1.0,0.0,0.0,True,0.30555,0.15075348366113367,False,False,"",1.1,"",0,"[]","[]",0,False,False,"",""
"bc1p3qpfcmnppy9tld8vd2qrs2xt9pq0kuswg3gxhf6ffayy9xmqjuyqj0vhr4","bitcoin","BTC",5.68328192,0.0,"BTC",369413.3248,271,0,0,1,1,1.0,0.0,0.0,True,0.30555,0.15075348366113367,False,False,"",1.1,"",0,"[]","[]",0,False,False,"",""
"bc1p9d8j788gavfxukhraerez3jq6w95jwasfd0l4g693v7q87e42wsqpmd89c","bitcoin","BTC",5.68328192,0.0,"BTC",369413.3248,271,0,0,1,1,1.0,0.0,0.0,True,0.30555,0.15075348366113367,False,False,"",1.1,"",0,"[]","[]",0,False,False,"",""
"bc1plaltxecxqzgnnaxcky5h3g8l43tl79a0eark9ev8uhynnpdy9g4skmhdhr","bitcoin","BTC",5.68328192,0.0,"BTC",369413.3248,271,0,0,1,1,1.0,0.0,0.0,True,0.30555,0.15075348366113367,False,False,"",1.1,"",0,"[]","[]",0,False,False,"",""
"bc1pvef2ap0j6meyrcgr4av3tlx93ffw8zt4lgsucvkft78zu0ay6m9qqneg05","bitcoin","BTC",5.68328192,0.0,"BTC",369413.3248,271,0,0,1,1,1.0,0.0,0.0,True,0.30555,0.15075348366113367,False,False,"",1.1,"",0,"[]","[]",0,False,False,"",""
"bc1pwfws25jly6uwnve0yjmuk79g7l93pqs4hklk6hn6z5yrt0fwx5xqxr65jw","bitcoin","BTC",2.8697814,0.0,"BTC",186535.791,270,0,0,1,1,1.0,0.0,0.0,True,0.292275,0.151001596082876,False,False,"",1.1,"",0,"[]","[]",0,False,False,"",""
"bc1pd2eezs36k0kayxewvdcrmrvav393vynx2v63tmj63qazsswwsywqvj6v8s","bitcoin","BTC",2.8697814,0.0,"BTC",186535.791,270,0,0,1,1,1.0,0.0,0.0,True,0.292275,0.151001596082876,False,False,"",1.1,"",0,"[]","[]",0,False,False,"",""
"bc1phqecx4tzjneu08msg4m8dc09kkjpk2j9a6yfc5hxq944qu3rna6skc53n8","bitcoin","BTC",5.6623104,0.0,"BTC",368050.176,270,0,0,1,1,1.0,0.0,0.0,True,0.292275,0.1510940553538116,False,False,"",1.1,"",0,"[]","[]",0,False,False,"",""
"bc1pxpg4f83kprx5el76jjdrzpnfns65ajum6kcvv9gwdjuldmgepvaqhu4s5j","bitcoin","BTC",2.8697814,0.0,"BTC",186535.791,270,0,0,1,1,1.0,0.0,0.0,True,0.292275,0.151001596082876,False,False,"",1.1,"",0,"[]","[]",0,False,False,"",""
"bc1pj77nkmu9xnvrza4609uqsdnxvnfxadcl4h6kuqhkjr9nvlmenchqjs8g3l","bitcoin","BTC",5.6623104,0.0,"BTC",368050.176,269,0,0,1,1,1.0,0.0,0.0,True,0.28522499999999995,0.15091443820264921,False,False,"",1.1,"",0,"[]","[]",0,False,False,"",""
"bc1pmpyv4h5aprwnydnfaneczsgqrptu4ttyx243jk9qn7xtzj8mlx3q52e6zg","bitcoin","BTC",5.6623104,0.0,"BTC",368050.176,269,0,0,1,1,1.0,0.0,0.0,True,0.28522499999999995,0.15091443820264921,False,False,"",1.1,"",0,"[]","[]",0,False,False,"",""
"bc1ppt3f2sm4plnxyt5dv3vk08c4vadtdf8w24x6wmmyue9gw5w4y63qgmhhs2","bitcoin","BTC",5.6623104,0.0,"BTC",368050.176,269,0,0,1,1,1.0,0.0,0.0,True,0.28522499999999995,0.15091443820264921,False,False,"",1.1,"",0,"[]","[]",0,False,False,"",""
"bc1pc92e3cdjdwcfeedv68cuth78fplf3t0xek32y5arfp64e4aes63qzsu60j","bitcoin","BTC",5.6623104,0.0,"BTC",368050.176,269,0,0,1,1,1.0,0.0,0.0,True,0.28522499999999995,0.15091443820264921,False,False,"",1.1,"",0,"[]","[]",0,False,False,"",""
"bc1qcxgacmlkwuq0l42wr4eeu8nq04tmz6clpahz29","bitcoin","BTC",1.36048896,0.0,"BTC",88431.78240000001,256,0,0,1,1,1.0,0.0,0.0,True,0.2397,0.15112950063780556,False,False,"",1.1,"",0,"[]","[]",0,False,False,"",""
"bc1pxcn7g9lcajcshdcgkdhzfzekedqxfyck4n3493um342faueckjys6grmv3","bitcoin","BTC",1.36048896,0.0,"BTC",88431.78240000001,256,0,0,1,1,1.0,0.0,0.0,True,0.2397,0.15112950063780556,False,False,"",1.1,"",0,"[]","[]",0,False,False,"",""
"bc1p6z5q2shzyam8qk85e6j6g5f6v5cp3zn3amm8y79z7n46udnze75qux3n0x","bitcoin","BTC",1.36048896,0.0,"BTC",88431.78240000001,256,0,0,1,1,1.0,0.0,0.0,True,0.2397,0.15112950063780556,False,False,"",1.1,"",0,"[]","[]",0,False,False,"",""
"bc1pf8jnzs2whzaxpzxsxcpfkdpzz7k8ladrtz7hvgm570rtkmacrh7qclr2nf","bitcoin","BTC",1.36048896,0.0,"BTC",88431.78240000001,256,0,0,1,1,1.0,0.0,0.0,True,0.2397,0.15112950063780556,False,False,"",1.1,"",0,"[]","[]",0,False,False,"",""
"bc1p24m88h7teyl8r9h8yd58m340950egdyanh7v3rq5l25lgkdnj68s58hx95","bitcoin","BTC",0.71041024,0.0,"BTC",46176.6656,271,0,0,1,1,1.0,0.0,0.0,True,0.30555,0.15177395527165405,False,False,"",1.0,"",0,"[]","[]",0,False,False,"",""
"bc1pusrnq08j6xhw4puqhxwlcs090enp8suttjcjyc4gz7vpjz0pk88spk5m6w","bitcoin","BTC",0.71041024,0.0,"BTC",46176.6656,271,0,0,1,1,1.0,0.0,0.0,True,0.30555,0.15177395527165405,False,False,"",1.0,"",0,"[]","[]",0,False,False,"",""
"bc1pxky6kw4l7aelyp6uz93cew3chg7a2kqtag8n4apq290gq9vhtewsxlqg04","bitcoin","BTC",0.71041024,0.0,"BTC",46176.6656,271,0,0,1,1,1.0,0.0,0.0,True,0.30555,0.15177395527165405,False,False,"",1.0,"",0,"[]","[]",0,False,False,"",""
"bc1pr5jssv46as39l7g3fkjawjlpkst2478grsh2p3q25rw470k6xvuqfps00n","bitcoin","BTC",0.71041024,0.0,"BTC",46176.6656,271,0,0,1,1,1.0,0.0,0.0,True,0.30555,0.15177395527165405,False,False,"",1.0,"",0,"[]","[]",0,False,False,"",""
"bc1pgd8df0hcvp3xg7w2mcaydnrgghvdghk3xa7dmzhn0ewddfxe7mtqp7ps2w","bitcoin","BTC",0.71041024,0.0,"BTC",46176.6656,271,0,0,1,1,1.0,0.0,0.0,True,0.30555,0.15177395527165405,False,False,"",1.0,"",0,"[]","[]",0,False,False,"",""
"bc1p5wse68c64yyaz2vy2uemafhnjzx0xqtz0zg2rttswha9m4kqzlssanfldd","bitcoin","BTC",0.71041024,0.0,"BTC",46176.6656,271,0,0,1,1,1.0,0.0,0.0,True,0.30555,0.15177395527165405,False,False,"",1.0,"",0,"[]","[]",0,False,False,"",""
"bc1pn7l659sua0xyz23yagmvwpl6l7gz69ypuxjdfwp250fn5ny0fx2sq4zy03","bitcoin","BTC",0.71041024,0.0,"BTC",46176.6656,271,0,0,1,1,1.0,0.0,0.0,True,0.30555,0.15177395527165405,False,False,"",1.0,"",0,"[]","[]",0,False,False,"",""
"bc1p9wznn2gpc7swzzgzejevr406t8xuvswcg2rap6gdny0nwldgf6xqyxjwvz","bitcoin","BTC",0.71041024,0.0,"BTC",46176.6656,271,0,0,1,1,1.0,0.0,0.0,True,0.30555,0.15177395527165405,False,False,"",1.0,"",0,"[]","[]",0,False,False,"",""
"bc1p57uqegj04m4h5pg902q3zgwepzkw6z7l70dwyy35tzw540jde9usdunuja","bitcoin","BTC",0.71041024,0.0,"BTC",46176.6656,271,0,0,1,1,1.0,0.0,0.0,True,0.30555,0.15177395527165405,False,False,"",1.0,"",0,"[]","[]",0,False,False,"",""
"bc1pe4zk26qnmrzpcjzn5hth8klhz0ylgm2h3ylpd7e3x8jqjef9uads7gh8tn","bitcoin","BTC",0.71041024,0.0,"BTC",46176.6656,271,0,0,1,1,1.0,0.0,0.0,True,0.30555,0.15177395527165405,False,False,"",1.0,"",0,"[]","[]",0,False,False,"",""
"bc1pf7lg7u5pdlxhdyl5cvd58ck6cwsa7uctpk6fq7sxeyun2t9nk8ssdcmtm8","bitcoin","BTC",0.71041024,0.0,"BTC",46176.6656,271,0,0,1,1,1.0,0.0,0.0,True,0.30555,0.15177395527165405,False,False,"",1.0,"",0,"[]","[]",0,False,False,"",""
"bc1psqah80dgrs7jfrsew6qngq4w7tqfr6hsve3jp9h6xgk40at00dmq3d7pqw","bitcoin","BTC",0.71041024,0.0,"BTC",46176.6656,271,0,0,1,1,1.0,0.0,0.0,True,0.30555,0.15177395527165405,False,False,"",1.0,"",0,"[]","[]",0,False,False,"",""
"bc1pwlugcj67rfdmglwg0knk88050yt8df3swv8zre269ga5u26svvdqrm5tlm","bitcoin","BTC",0.71041024,0.0,"BTC",46176.6656,271,0,0,1,1,1.0,0.0,0.0,True,0.30555,0.15177395527165405,False,False,"",1.0,"",0,"[]","[]",0,False,False,"",""
"bc1ppzhqtusy2vwmknyja98pgnpuflss6fvhknsazvq34la8k772v9uqg3sg3j","bitcoin","BTC",0.71041024,0.0,"BTC",46176.6656,271,0,0,1,1,1.0,0.0,0.0,True,0.30555,0.15177395527165405,False,False,"",1.0,"",0,"[]","[]",0,False,False,"",""
"bc1ps3kc8qx4xtsnh0dwrfjvjvhd43dnx5dqwdk0vc8hjmlz2fds8r7qxh0xfz","bitcoin","BTC",0.71041024,0.0,"BTC",46176.6656,271,0,0,1,1,1.0,0.0,0.0,True,0.30555,0.15177395527165405,False,False,"",1.0,"",0,"[]","[]",0,False,False,"",""
"bc1puhzjrev8k945mvch5hmk5ddw37274z0l4fyghxaqv7kh6hpdyyks32jszn","bitcoin","BTC",0.71041024,0.0,"BTC",46176.6656,271,0,0,1,1,1.0,0.0,0.0,True,0.30555,0.15177395527165405,False,False,"",1.0,"",0,"[]","[]",0,False,False,"",""
"bc1pqwt0nd39d4mmlz5gu7juwmjf3eddykfmsq8df02apgq73lk3mles0ua7ux","bitcoin","BTC",2.80600848,0.0,"BTC",182390.55120000002,264,0,0,1,1,1.0,0.0,0.0,True,0.27585,0.15167117704826744,False,False,"",1.0,"",0,"[]","[]",0,False,False,"",""
"bc1puh2r0t99r8w2xa56ykq2t02xzrj9wprg2fr3yharrep2rhlq8c3sxu4s2l","bitcoin","BTC",2.80600848,0.0,"BTC",182390.55120000002,264,0,0,1,1,1.0,0.0,0.0,True,0.27585,0.15167117704826744,False,False,"",1.0,"",0,"[]","[]",0,False,False,"",""
"bc1pey4ry55su2tfekm4yz7wvz6y96csdcx60stdna6x8j3hrumpc6hsyvear4","bitcoin","BTC",2.80600848,0.0,"BTC",182390.55120000002,264,0,0,1,1,1.0,0.0,0.0,True,0.27585,0.15167117704826744,False,False,"",1.0,"",0,"[]","[]",0,False,False,"",""
"bc1pz25zz8y8urtte6yyu3j8e4tlfcvpr97khj7qypv2zp3zyfn8hv7srpmrmj","bitcoin","BTC",0.68419584,0.0,"BTC",44472.7296,261,0,0,1,1,1.0,0.0,0.0,True,0.26175000000000004,0.15182936447237166,False,False,"",1.0,"",0,"[]","[]",0,False,False,"",""
"bc1pp32j7dhktwf2640g28sw9m74sh6g5ur84ayjujnfgfq6fl2eue3qhr8qhh","bitcoin","BTC",0.68419584,0.0,"BTC",44472.7296,261,0,0,1,1,1.0,0.0,0.0,True,0.26175000000000004,0.15182936447237166,False,False,"",1.0,"",0,"[]","[]",0,False,False,"",""
"bc1p4zdtxwkkcnddhzp7060l8ravktmgxauzyr2zuhcx35tmhc0sd2fqv2g2t3","bitcoin","BTC",0.68419584,0.0,"BTC",44472.7296,261,0,0,1,1,1.0,0.0,0.0,True,0.26175000000000004,0.15182936447237166,False,False,"",1.0,"",0,"[]","[]",0,False,False,"",""
"bc1puky9a2pszuatxcww8m5z8ehwadvz7a0x0rpqv4680tc73lgx4m8sv0vsep","bitcoin","BTC",0.68419584,0.0,"BTC",44472.7296,261,0,0,1,1,1.0,0.0,0.0,True,0.26175000000000004,0.15182936447237166,False,False,"",1.0,"",0,"[]","[]",0,False,False,"",""
"bc1p8tluerpclujuvhta6pkdghyms98n5kwznn53uxuf6em23f9mjqdqsglp7d","bitcoin","BTC",2.77412202,0.0,"BTC",180317.9313,261,0,0,1,1,1.0,0.0,0.0,True,0.26175000000000004,0.15169623441697483,False,False,"",1.0,"",0,"[]","[]",0,False,False,"",""
"bc1pk44wqwnhudy092ll2lfum6x6s0t3wqe3f9aseqj4ny6kkfl820rqc00tcs","bitcoin","BTC",0.68419584,0.0,"BTC",44472.7296,261,0,0,1,1,1.0,0.0,0.0,True,0.26175000000000004,0.15182936447237166,False,False,"",1.0,"",0,"[]","[]",0,False,False,"",""
"bc1pzkf0g0fsrsleyedavqw2spt8g5eqssezzdsxxr323m0k5jdgdvcsw2p4pp","bitcoin","BTC",0.68419584,0.0,"BTC",44472.7296,261,0,0,1,1,1.0,0.0,0.0,True,0.26175000000000004,0.15182936447237166,False,False,"",1.0,"",0,"[]","[]",0,False,False,"",""
"bc1p293hdnzue56dyhcnaeqqj8k0vksqtxsm6y0zn99k67hyda00r0qswcvsuj","bitcoin","BTC",0.68419584,0.0,"BTC",44472.7296,261,0,0,1,1,1.0,0.0,0.0,True,0.26175000000000004,0.15179279468046059,False,False,"",1.0,"",0,"[]","[]",0,False,False,"",""
"bc1pe89tgrdl34w2z2e4nsqq7k3070mmg8grf7dzkee9722nkvk60dzqru42xa","bitcoin","BTC",0.68419584,0.0,"BTC",44472.7296,261,0,0,1,1,1.0,0.0,0.0,True,0.26175000000000004,0.15182936447237166,False,False,"",1.0,"",0,"[]","[]",0,False,False,"",""
"bc1pahq4l3kusvj9u4j3tfnauvadc9j478ksfg4awxuxshptylvy5cnqmq9nfj","bitcoin","BTC",0.68419584,0.0,"BTC",44472.7296,261,0,0,1,1,1.0,0.0,0.0,True,0.26175000000000004,0.15182936447237166,False,False,"",1.0,"",0,"[]","[]",0,False,False,"",""
"bc1phddlpjsjtnz6t4rs6jppwufvr89cspu27t3g6wpnpkfzftrmnznqq8jppa","bitcoin","BTC",0.68419584,0.0,"BTC",44472.7296,261,0,0,1,1,1.0,0.0,0.0,True,0.26175000000000004,0.15182936447237166,False,False,"",1.0,"",0,"[]","[]",0,False,False,"",""
"bc1pcy3adp8lefnhkwfgw80l000xxhshqefzaf5a2qsly2a8vkl2m9es6dcsuu","bitcoin","BTC",0.68419584,0.0,"BTC",44472.7296,261,0,0,1,1,1.0,0.0,0.0,True,0.26175000000000004,0.1523090837766724,False,False,"",1.0,"",0,"[]","[]",0,False,False,"",""
"bc1p3frn4any7ekl3rgfxj60mvx5des4q3uq2zdple50gt070ajxs7yqsukx2c","bitcoin","BTC",0.68419584,0.0,"BTC",44472.7296,261,0,0,1,1,1.0,0.0,0.0,True,0.26175000000000004,0.15182936447237166,False,False,"",1.0,"",0,"[]","[]",0,False,False,"",""
"bc1pj5qg4hrcanj8c2tr40yzhdvc328h5qpc5qwanashlvjuu3pwv83s3t4979","bitcoin","BTC",0.68419584,0.0,"BTC",44472.7296,261,0,0,1,1,1.0,0.0,0.0,True,0.26175000000000004,0.15182936447237166,False,False,"",1.0,"",0,"[]","[]",0,False,False,"",""
"bc1ptl6la8rn4cjkvtn32srsq2k4lhgshpkywhrmquvv4v4evluwpuqscdv2za","bitcoin","BTC",0.68419584,0.0,"BTC",44472.7296,261,0,0,1,1,1.0,0.0,0.0,True,0.26175000000000004,0.1523090837766724,False,False,"",1.0,"",0,"[]","[]",0,False,False,"",""
"bc1prev0g9znnf23q6w3zpcxxywusnc4zv70575nqtrmmp5260ysjazs05jxja","bitcoin","BTC",0.68419584,0.0,"BTC",44472.7296,261,0,0,1,1,1.0,0.0,0.0,True,0.26175000000000004,0.15182936447237166,False,False,"",1.0,"",0,"[]","[]",0,False,False,"",""
"bc1q37t0ds4khwl95xl60gj2gsjx59ccsydlvxsmzf","bitcoin","BTC",0.68419584,0.0,"BTC",44472.7296,261,0,0,1,1,1.0,0.0,0.0,True,0.26175000000000004,0.1523090837766724,False,False,"",1.0,"",0,"[]","[]",0,False,False,"",""
"bc1p6sz9ntzqj03ejt4ard57hppc6etlckwdf74qqftz07h0r9lu3d5q7txa4z","bitcoin","BTC",0.68419584,0.0,"BTC",44472.7296,261,0,0,1,1,1.0,0.0,0.0,True,0.26175000000000004,0.1523090837766724,False,False,"",1.0,"",0,"[]","[]",0,False,False,"",""
"bc1p84sxumk824vxplm66g5r96je5jmjyxhawwalyjaa2qelzzd2g9uqcj8hj8","bitcoin","BTC",0.68419584,0.0,"BTC",44472.7296,261,0,0,1,1,1.0,0.0,0.0,True,0.26175000000000004,0.15182936447237166,False,False,"",1.0,"",0,"[]","[]",0,False,False,"",""
"bc1pja6y3k3yz0ksk4tx9f37stlufj7ywc2qtkr4n6tts0kf98qw30eshsdqq5","bitcoin","BTC",0.68419584,0.0,"BTC",44472.7296,261,0,0,1,1,1.0,0.0,0.0,True,0.26175000000000004,0.1523090837766724,False,False,"",1.0,"",0,"[]","[]",0,False,False,"",""
"bc1pyrkwj7jv54ke2djwnwecahzxpyllmx9cv3y5x5gvul6dz79vxc6qvjvrxr","bitcoin","BTC",0.68419584,0.0,"BTC",44472.7296,261,0,0,1,1,1.0,0.0,0.0,True,0.26175000000000004,0.15179279468046059,False,False,"",1.0,"",0,"[]","[]",0,False,False,"",""
"bc1pqfkquy8hdfy48a8ph99w7wd2q4370ztyac77ylm0ve6xw335c94qnhkn9g","bitcoin","BTC",0.68419584,0.0,"BTC",44472.7296,261,0,0,1,1,1.0,0.0,0.0,True,0.26175000000000004,0.1523090837766724,False,False,"",1.0,"",0,"[]","[]",0,False,False,"",""
"bc1peevugv969nqd4vpz3rj6lrl622vm9ddan86dw492nv6dx2j5g7kqrc0m02","bitcoin","BTC",0.68419584,0.0,"BTC",44472.7296,261,0,0,1,1,1.0,0.0,0.0,True,0.26175000000000004,0.1523090837766724,False,False,"",1.0,"",0,"[]","[]",0,False,False,"",""
"bc1plaeardck8y856mqcwq80cs7978yymrh9a8hzhnup8lhqm52cdkfszr23ne","bitcoin","BTC",0.68419584,0.0,"BTC",44472.7296,261,0,0,1,1,1.0,0.0,0.0,True,0.26175000000000004,0.1523090837766724,False,False,"",1.0,"",0,"[]","[]",0,False,False,"",""
"bc1ppn33rc8la0m23rcqwrh0yrcv9fv286gflg0krst75md942zxeexqk7wn67","bitcoin","BTC",0.71041024,0.0,"BTC",46176.6656,271,0,0,1,1,1.0,0.0,0.0,True,0.30555,0.15285877993522112,False,False,"",0.9,"",0,"[]","[]",0,False,False,"",""
"bc1psalxc0af3j7kuucg0tf86adjhkj62hx9zme825nha7awzvn7g74szl8876","bitcoin","BTC",2.88041022,0.0,"BTC",187226.6643,271,0,0,1,1,1.0,0.0,0.0,True,0.30555,0.1525372880202494,False,False,"",0.9,"",0,"[]","[]",0,False,False,"",""
"bc1pmzzn2sq8gtfh9j43838dlhprxn77gflvj0h0ejm9tpgcg2fw5nds82p9ra","bitcoin","BTC",0.71041024,0.0,"BTC",46176.6656,271,0,0,1,1,1.0,0.0,0.0,True,0.30555,0.15285877993522112,False,False,"",0.9,"",0,"[]","[]",0,False,False,"",""
"bc1p5gmxf7naqct54nwtx0zrqdjv0jq6thf3gdcg4hdd866nh07x76pqs9g0ts","bitcoin","BTC",0.71041024,0.0,"BTC",46176.6656,271,0,0,1,1,1.0,0.0,0.0,True,0.30555,0.15285877993522112,False,False,"",0.9,"",0,"[]","[]",0,False,False,"",""
"bc1pk5t6q8udc5lttfvty6yra9xy45z9pmzhgveysjv92lyfqv54jggqjfj7vw","bitcoin","BTC",2.88041022,0.0,"BTC",187226.6643,271,0,0,1,1,1.0,0.0,0.0,True,0.30555,0.1525372880202494,False,False,"",0.9,"",0,"[]","[]",0,False,False,"",""
"bc1psvy6wa65aj54xzauuw8xyyvwq50fa5jyf2xze8cnqw2zs7vvkgfs69zutd","bitcoin","BTC",2.88041022,0.0,"BTC",187226.6643,271,0,0,1,1,1.0,0.0,0.0,True,0.30555,0.1525372880202494,False,False,"",0.9,"",0,"[]","[]",0,False,False,"",""
"bc1pwjyy30kdrp0nucqh7ant0zawz4se5sjw9hc4qjh0qpz0h4p2rljqrjhk7a","bitcoin","BTC",0.71041024,0.0,"BTC",46176.6656,271,0,0,1,1,1.0,0.0,0.0,True,0.30555,0.15285877993522112,False,False,"",0.9,"",0,"[]","[]",0,False,False,"",""
"bc1prfh8xjwtjjj3un4geyg43vf5mcjw9gr9q8ch7ua7x3cq8p63cjjqzc2a7k","bitcoin","BTC",2.88041022,0.0,"BTC",187226.6643,271,0,0,1,1,1.0,0.0,0.0,True,0.30555,0.1525372880202494,False,False,"",0.9,"",0,"[]","[]",0,False,False,"",""
"bc1pzsg3jvnfkwchv5xdpnrq3jzjwfyvvzsmp65dv45h69t0wz0s4nhqw8za3a","bitcoin","BTC",2.88041022,0.0,"BTC",187226.6643,271,0,0,1,1,1.0,0.0,0.0,True,0.30555,0.1525372880202494,False,False,"",0.9,"",0,"[]","[]",0,False,False,"",""
"bc1p4x6vc7738esk0e45kx2z7lwgl0ujrz6wm5ddycps996svktk2j0sgt9pp2","bitcoin","BTC",2.88041022,0.0,"BTC",187226.6643,271,0,0,1,1,1.0,0.0,0.0,True,0.30555,0.1525372880202494,False,False,"",0.9,"",0,"[]","[]",0,False,False,"",""
"bc1p0k72ggxlla7lc4nnhnjlkwa96qqm9e5xcdqlsxva5qt0mpexwzmsz00x0t","bitcoin","BTC",0.71041024,0.0,"BTC",46176.6656,271,0,0,1,1,1.0,0.0,0.0,True,0.30555,0.15285877993522112,False,False,"",0.9,"",0,"[]","[]",0,False,False,"",""
"bc1p4vg4xsqrrt39sfuelsutv05yee9lqlrewzyf2atxk3gzycxt6adstessfp","bitcoin","BTC",2.88041022,0.0,"BTC",187226.6643,271,0,0,1,1,1.0,0.0,0.0,True,0.30555,0.1525372880202494,False,False,"",0.9,"",0,"[]","[]",0,False,False,"",""
"bc1pqscnk7vslvculq0t9lcx6xnu2n6efwzyzvunkra34l2fpn6u25eqcs2tnn","bitcoin","BTC",0.7077888,0.0,"BTC",46006.272,269,0,0,1,1,1.0,0.0,0.0,True,0.28522499999999995,0.15296874118262493,False,False,"",0.9,"",0,"[]","[]",0,False,False,"",""
"bc1p0satemfxf2dcrxfs92ft8hux4arrpgkqlla47nzyjwueexx39q2qmh52jy","bitcoin","BTC",0.7077888,0.0,"BTC",46006.272,269,0,0,1,1,1.0,0.0,0.0,True,0.28522499999999995,0.15296874118262493,False,False,"",0.9,"",0,"[]","[]",0,False,False,"",""
"bc1pk5kfnlrzrcssc840x0m2uvfcypnzzuqnulswz4nhlm8t5e09v6pqjfj5ts","bitcoin","BTC",0.7077888,0.0,"BTC",46006.272,269,0,0,1,1,1.0,0.0,0.0,True,0.28522499999999995,0.15296874118262493,False,False,"",0.9,"",0,"[]","[]",0,False,False,"",""
"bc1pkrn44pgzk0m3gefzhqhwyf4q8spfclvk0uytnmjmh9heg5dh3xnq27zulm","bitcoin","BTC",0.7077888,0.0,"BTC",46006.272,269,0,0,1,1,1.0,0.0,0.0,True,0.28522499999999995,0.15296874118262493,False,False,"",0.9,"",0,"[]","[]",0,False,False,"",""
"bc1p6dcgxnv3wma4nyrask4g28u93qrdfh26hsf9fd900udthuyzagmqx78xr6","bitcoin","BTC",2.8697814,0.0,"BTC",186535.791,269,0,0,1,1,1.0,0.0,0.0,True,0.28522499999999995,0.15304935427004612,False,False,"",0.9,"",0,"[]","[]",0,False,False,"",""
"bc1pp937a7cnp9p6ze3yp30ylzlalfydvtx260pq6042z4zmqyv5m3us6twmey","bitcoin","BTC",5.47356672,0.0,"BTC",355781.8368,261,0,0,1,1,1.0,0.0,0.0,True,0.26175000000000004,0.15312902545415585,False,False,"",0.9,"",0,"[]","[]",0,False,False,"",""
"bc1p2ask882u5fldzscjjk899a7tx0hdj4uqgdccd67re0g3m9gtm4gqc0lgsr","bitcoin","BTC",5.47356672,0.0,"BTC",355781.8368,261,0,0,1,1,1.0,0.0,0.0,True,0.26175000000000004,0.15312902545415585,False,False,"",0.9,"",0,"[]","[]",0,False,False,"",""
"bc1px7xq2h30056ehk83q54jszv5xscg03vn6evx4zga040zl2etj0qqepndr7","bitcoin","BTC",5.47356672,0.0,"BTC",355781.8368,261,0,0,1,1,1.0,0.0,0.0,True,0.26175000000000004,0.15312902545415585,False,False,"",0.9,"",0,"[]","[]",0,False,False,"",""
"bc1pl4j3r45qa656l2re7yua34chmtgdsuvu0gpl72crt48797y8k5zq9wd5d3","bitcoin","BTC",5.47356672,0.0,"BTC",355781.8368,261,0,0,1,1,1.0,0.0,0.0,True,0.26175000000000004,0.15312902545415585,False,False,"",0.9,"",0,"[]","[]",0,False,False,"",""
"bc1p0zque0wsavhyguvyvpm5dk2eahx4f8w6w57fem7gf0sw0j3nzx3s5l72wp","bitcoin","BTC",0.7077888,0.0,"BTC",46006.272,270,0,0,1,1,1.0,0.0,0.0,True,0.292275,0.15377307837951065,False,False,"",0.8,"",0,"[]","[]",0,False,False,"",""
"bc1pxce98fs09jspq32gxqknrx8yze5fe528v9nlccc0zsj3wy3ckpjsjyusad","bitcoin","BTC",0.7077888,0.0,"BTC",46006.272,270,0,0,1,1,1.0,0.0,0.0,True,0.292275,0.15377307837951065,False,False,"",0.8,"",0,"[]","[]",0,False,False,"",""
"bc1pvjhn8jnc3v372jpj82t6hnlxwy8ryvurt3vl8ka90rxkuf02tztscs00xa","bitcoin","BTC",0.7077888,0.0,"BTC",46006.272,270,0,0,1,1,1.0,0.0,0.0,True,0.292275,0.15377307837951065,False,False,"",0.8,"",0,"[]","[]",0,False,False,"",""
"bc1p9m0gy83s6lu4xnyv576vrn9neq7crg0mgse5c6up0quwkvf7cqrsv8xkw7","bitcoin","BTC",1.4348907,0.0,"BTC",93267.8955,270,0,0,1,1,1.0,0.0,0.0,True,0.292275,0.1538122430059618,False,False,"",0.8,"",0,"[]","[]",0,False,False,"",""
"bc1pz88qayh4777dduextt7hppd6dcp0hy42gpr5hpf5u5fgr7etlljqupe5l5","bitcoin","BTC",0.7077888,0.0,"BTC",46006.272,270,0,0,1,1,1.0,0.0,0.0,True,0.292275,0.15377307837951065,False,False,"",0.8,"",0,"[]","[]",0,False,False,"",""
"bc1pjstgj3g40rdhztrt3884yx95ka2mn3smcmyz4measxrzxs8hwlusftlldx","bitcoin","BTC",0.7077888,0.0,"BTC",46006.272,270,0,0,1,1,1.0,0.0,0.0,True,0.292275,0.15377307837951065,False,False,"",0.8,"",0,"[]","[]",0,False,False,"",""
"bc1p4hh2pj47wzgnag26sfelvl6kx65c3s055s5psz2emaz5x5j4370qdrs4rp","bitcoin","BTC",0.7077888,0.0,"BTC",46006.272,270,0,0,1,1,1.0,0.0,0.0,True,0.292275,0.15377307837951065,False,False,"",0.8,"",0,"[]","[]",0,False,False,"",""
"bc1p73ktej2thqawjkr4uevnj4xm3xhuhqa6qmzphawljxtlf594mmcqyyfl8s","bitcoin","BTC",0.7077888,0.0,"BTC",46006.272,270,0,0,1,1,1.0,0.0,0.0,True,0.292275,0.15377307837951065,False,False,"",0.8,"",0,"[]","[]",0,False,False,"",""
"bc1pmpcr0cduk40j9gz58dyqvm262p7wjhlh5s3neyt7k48edlsk06ust5w982","bitcoin","BTC",0.7077888,0.0,"BTC",46006.272,270,0,0,1,1,1.0,0.0,0.0,True,0.292275,0.15377307837951065,False,False,"",0.8,"",0,"[]","[]",0,False,False,"",""
"bc1pz3g28hy566p3megy9g4qw7pxdxl57a2lce05ldwc9autds2fxtuqrh8wxt","bitcoin","BTC",0.7077888,0.0,"BTC",46006.272,270,0,0,1,1,1.0,0.0,0.0,True,0.292275,0.15377307837951065,False,False,"",0.8,"",0,"[]","[]",0,False,False,"",""
"bc1pl96gunsf3e4nve9kex0lypvc2wgkven0gvkqly68jpnn64605ckqu6mwp8","bitcoin","BTC",0.7077888,0.0,"BTC",46006.272,270,0,0,1,1,1.0,0.0,0.0,True,0.292275,0.15377307837951065,False,False,"",0.8,"",0,"[]","[]",0,False,False,"",""
"bc1pe0h8m9h3n3hdthkjsggrwjppquztl5neew2ls7d5lajka3c246rqgur54m","bitcoin","BTC",0.7077888,0.0,"BTC",46006.272,270,0,0,1,1,1.0,0.0,0.0,True,0.292275,0.15377307837951065,False,False,"",0.8,"",0,"[]","[]",0,False,False,"",""
"bc1qw5xq462useaumxjtj05qgf27d2vsuh67smd8gt","bitcoin","BTC",1.4348907,0.0,"BTC",93267.8955,270,0,0,1,1,1.0,0.0,0.0,True,0.292275,0.1538122430059618,False,False,"",0.8,"",0,"[]","[]",0,False,False,"",""
"bc1pdum5wf49yl0cdeghwxxgavlathxl6edxh52ng2dlryruk9mfzpqqderyt0","bitcoin","BTC",1.4348907,0.0,"BTC",93267.8955,270,0,0,1,1,1.0,0.0,0.0,True,0.292275,0.1538122430059618,False,False,"",0.8,"",0,"[]","[]",0,False,False,"",""
"bc1pu4z5vtdtaujhsx8s3gqm0ztlkvdl54yjvzaszsupfuvv8px73w3qv6pavd","bitcoin","BTC",0.7077888,0.0,"BTC",46006.272,270,0,0,1,1,1.0,0.0,0.0,True,0.292275,0.15377307837951065,False,False,"",0.8,"",0,"[]","[]",0,False,False,"",""
"bc1pv3x3gy9ygjs6uz8f228c3ds7umgc2vnftc0wmseywuwlwnxpqyaq2e75nx","bitcoin","BTC",0.7077888,0.0,"BTC",46006.272,270,0,0,1,1,1.0,0.0,0.0,True,0.292275,0.15377307837951065,False,False,"",0.8,"",0,"[]","[]",0,False,False,"",""
"bc1pllgkthahtpj7vj74vsrtnx8gf4ewcruutpgz9f2wtk6dn07kv73qh27euz","bitcoin","BTC",0.7077888,0.0,"BTC",46006.272,270,0,0,1,1,1.0,0.0,0.0,True,0.292275,0.15377307837951065,False,False,"",0.8,"",0,"[]","[]",0,False,False,"",""
"bc1p84wj2ccpskxxcu73nn0qz049cs2damp9gw5zr5qpdctv0kn8e2msr59yyd","bitcoin","BTC",0.7077888,0.0,"BTC",46006.272,270,0,0,1,1,1.0,0.0,0.0,True,0.292275,0.15377307837951065,False,False,"",0.8,"",0,"[]","[]",0,False,False,"",""
"bc1peqlstedsaun6g29tfj2tj3lpcz6r2s82pcsct7eyag79qaadz8hsepvyf9","bitcoin","BTC",1.4348907,0.0,"BTC",93267.8955,270,0,0,1,1,1.0,0.0,0.0,True,0.292275,0.1538122430059618,False,False,"",0.8,"",0,"[]","[]",0,False,False,"",""
"bc1ph9clg62xy24yxvrn7sx34s0q7uwty8wuaflk02kh9l6s74fpyeksw2n8yn","bitcoin","BTC",0.7077888,0.0,"BTC",46006.272,270,0,0,1,1,1.0,0.0,0.0,True,0.292275,0.15377307837951065,False,False,"",0.8,"",0,"[]","[]",0,False,False,"",""
"bc1pst9j3venm68w2y2tdp2w35euxtuef8ah32edshydwu98rm5k3y4qgtt76c","bitcoin","BTC",0.7077888,0.0,"BTC",46006.272,270,0,0,1,1,1.0,0.0,0.0,True,0.292275,0.15377307837951065,False,False,"",0.8,"",0,"[]","[]",0,False,False,"",""
"bc1ptqv0h6sjfgymf2pzx0ugedranvjq2dawk0hs3he97jlv3cwzwjasykseq7","bitcoin","BTC",0.7077888,0.0,"BTC",46006.272,270,0,0,1,1,1.0,0.0,0.0,True,0.292275,0.15377307837951065,False,False,"",0.8,"",0,"[]","[]",0,False,False,"",""
"bc1p6ml3d5qjggdd5qwx9qhakqgj6g7qpvfwyu488g3tzl9z0zwg35dsvg6vmk","bitcoin","BTC",0.7077888,0.0,"BTC",46006.272,270,0,0,1,1,1.0,0.0,0.0,True,0.292275,0.15377307837951065,False,False,"",0.8,"",0,"[]","[]",0,False,False,"",""
"bc1ptkycn7lkmd8cpa6z3anmgd22ucu8qyczuv223hr22gw4w5spx98sqrc3xt","bitcoin","BTC",1.4348907,0.0,"BTC",93267.8955,270,0,0,1,1,1.0,0.0,0.0,True,0.292275,0.1538122430059618,False,False,"",0.8,"",0,"[]","[]",0,False,False,"",""
"bc1p3zujaalk42ete7akhtlgdkxn2dv640yjgj092maatdtnc25cy59sp3pdu9","bitcoin","BTC",1.4348907,0.0,"BTC",93267.8955,270,0,0,1,1,1.0,0.0,0.0,True,0.292275,0.1538122430059618,False,False,"",0.8,"",0,"[]","[]",0,False,False,"",""
"bc1qrfagmu8pw80xu34zkqa9erta9kk4purc2am5dm","bitcoin","BTC",1.4348907,0.0,"BTC",93267.8955,270,0,0,1,1,1.0,0.0,0.0,True,0.292275,0.1538122430059618,False,False,"",0.8,"",0,"[]","[]",0,False,False,"",""
"bc1pdkqvjs55dh8swmy9g9cdpjsv8hfprglmpq0er89vde6e424x03jsu3fkgz","bitcoin","BTC",0.93533616,0.0,"BTC",60796.850399999996,264,0,0,1,1,1.0,0.0,0.0,True,0.27585,0.15376649249581875,False,False,"",0.8,"",0,"[]","[]",0,False,False,"",""
"bc1p6uqfxcc79f89ft7dxtp3g5ah8n30rwdx2uzt75js25lrtns3zugq52ngh5","bitcoin","BTC",0.93533616,0.0,"BTC",60796.850399999996,264,0,0,1,1,1.0,0.0,0.0,True,0.27585,0.15376649249581875,False,False,"",0.8,"",0,"[]","[]",0,False,False,"",""
"bc1pq3vsxxkwqqexpxcxxnrq729ly443ulc92k3snrkn9vly9zhdkf6sjrkw0c","bitcoin","BTC",1.39237542,0.0,"BTC",90504.4023,261,0,0,1,1,1.0,0.0,0.0,True,0.26175000000000004,0.1537051233042373,False,False,"",0.8,"",0,"[]","[]",0,False,False,"",""
"bc1ptpgfzanadyr8kyzx9nmfph2su0vnsq0rz4leatezw22d5c02k6cspzxtta","bitcoin","BTC",1.39237542,0.0,"BTC",90504.4023,261,0,0,1,1,1.0,0.0,0.0,True,0.26175000000000004,0.1537051233042373,False,False,"",0.8,"",0,"[]","[]",0,False,False,"",""
"bc1p3m2fq28fdyse3mqw25gqkz5csf6cgek9tnsqhupqqshzjf7mgapqcy2jyc","bitcoin","BTC",2.77412202,0.0,"BTC",180317.9313,261,0,0,1,1,1.0,0.0,0.0,True,0.26175000000000004,0.1538675469142548,False,False,"",0.8,"",0,"[]","[]",0,False,False,"",""
"bc1pk83et42e6p33vfsj4tmq9kcwytetxmsxd4c44emrht9pr9qcjxtsfhj6uv","bitcoin","BTC",5.47356672,0.0,"BTC",355781.8368,261,0,0,1,1,1.0,0.0,0.0,True,0.26175000000000004,0.15316845043647281,False,False,"",0.8,"",0,"[]","[]",0,False,False,"",""
"bc1p5f0dmrx7fhpyyhtrzzf06hf73ajwghkh3junjgutv3n2ggk4gmdq93czd9","bitcoin","BTC",5.47356672,0.0,"BTC",355781.8368,261,0,0,1,1,1.0,0.0,0.0,True,0.26175000000000004,0.15316845043647281,False,False,"",0.8,"",0,"[]","[]",0,False,False,"",""
"bc1pq867k5exn5fnql4ts3l05rcjfpgdu366pqexz7lqmv3ylndlnypsr2z6t2","bitcoin","BTC",2.77412202,0.0,"BTC",180317.9313,261,0,0,1,1,1.0,0.0,0.0,True,0.26175000000000004,0.1538675469142548,False,False,"",0.8,"",0,"[]","[]",0,False,False,"",""
"bc1px7j9cpg4gjljmeyz5xsnd8l32qsedy4rf5ymwgsn82n3tufzvjjszcgsm5","bitcoin","BTC",2.77412202,0.0,"BTC",180317.9313,261,0,0,1,1,1.0,0.0,0.0,True,0.26175000000000004,0.1538675469142548,False,False,"",0.8,"",0,"[]","[]",0,False,False,"",""
"bc1qatq0uu4w2dtyjvmwgg9yp48zqwjd0jlvh0ukr3","bitcoin","BTC",5.47356672,0.0,"BTC",355781.8368,261,0,0,1,1,1.0,0.0,0.0,True,0.26175000000000004,0.15316845043647281,False,False,"",0.8,"",0,"[]","[]",0,False,False,"",""
"bc1p9ghgq04y04dp2kjyp4enuxrmnye2wasssdya5tl263u3v2n29w0qdtczr0","bitcoin","BTC",2.77412202,0.0,"BTC",180317.9313,261,0,0,1,1,1.0,0.0,0.0,True,0.26175000000000004,0.1538675469142548,False,False,"",0.8,"",0,"[]","[]",0,False,False,"",""
"bc1pnjweh5p4lgftm7vv384lpa6d6um8xwfhcgx640l8qnn7a4flzerszw8dp6","bitcoin","BTC",2.77412202,0.0,"BTC",180317.9313,261,0,0,1,1,1.0,0.0,0.0,True,0.26175000000000004,0.1538675469142548,False,False,"",0.8,"",0,"[]","[]",0,False,False,"",""
"bc1przlzkt00xsdmgzscvdds6vex25t2kq6cqckp7zk87za8ealkxraszdl6se","bitcoin","BTC",2.77412202,0.0,"BTC",180317.9313,261,0,0,1,1,1.0,0.0,0.0,True,0.26175000000000004,0.1538675469142548,False,False,"",0.8,"",0,"[]","[]",0,False,False,"",""
"bc1p3qepdvyzje88w4aatf20tns24xqfss3xzlpt3ut74fndy7d0q6csj592jj","bitcoin","BTC",5.47356672,0.0,"BTC",355781.8368,261,0,0,1,1,1.0,0.0,0.0,True,0.26175000000000004,0.15316845043647281,False,False,"",0.8,"",0,"[]","[]",0,False,False,"",""
"bc1pwxm7jmw8yzcn8qfsn4yx5ffm8mfd00gtf2cqwcshen8s2kd53mfqfw52s8","bitcoin","BTC",1.39237542,0.0,"BTC",90504.4023,261,0,0,1,1,1.0,0.0,0.0,True,0.26175000000000004,0.1537051233042373,False,False,"",0.8,"",0,"[]","[]",0,False,False,"",""
"bc1p99q4f5x0syzgpr06w0x0zfythjxxrmqcgznd3yw55vx0pres9veqp3rjxd","bitcoin","BTC",1.44020511,0.0,"BTC",93613.33215,271,0,0,1,1,1.0,0.0,0.0,True,0.30555,0.15477556174885804,False,False,"",0.7,"",0,"[]","[]",0,False,False,"",""
"bc1pm5xs084auv5tu4tp4dymddzna706pnrah4qkmu6mejmlydkvyznsr92w5c","bitcoin","BTC",1.44020511,0.0,"BTC",93613.33215,271,0,0,1,1,1.0,0.0,0.0,True,0.30555,0.15477556174885804,False,False,"",0.7,"",0,"[]","[]",0,False,False,"",""
"bc1pwvg9uwefzjdmh59kknww307cm528540sdc5dgyy29t5z56pe3xvskgmwl7","bitcoin","BTC",1.4348907,0.0,"BTC",93267.8955,269,0,0,1,1,1.0,0.0,0.0,True,0.28522499999999995,0.15444805089812425,False,False,"",0.7,"",0,"[]","[]",0,False,False,"",""
"bc1psalzyaggzwanv308l2khx8mnx6xlqpyw0xwxj6lgarc9n4nvdn5qqg4x39","bitcoin","BTC",0.92470734,0.0,"BTC",60105.9771,261,0,0,1,1,1.0,0.0,0.0,True,0.26175000000000004,0.15460878274975887,False,False,"",0.7,"",0,"[]","[]",0,False,False,"",""
"bc1p8t5r29zhcdwjzwzws68h7q2kpuyasr20q6aj30zrp7plfzaqzkkqq8ddey","bitcoin","BTC",0.92470734,0.0,"BTC",60105.9771,261,0,0,1,1,1.0,0.0,0.0,True,0.26175000000000004,0.15460878274975887,False,False,"",0.7,"",0,"[]","[]",0,False,False,"",""
"bc1p8djkujx2ssyte9vh9gq02wwv89dvgy7lyghzu6zkf5svkm6g7u5qujxkqm","bitcoin","BTC",2.77412202,0.0,"BTC",180317.9313,261,0,0,1,1,1.0,0.0,0.0,True,0.26175000000000004,0.1547401111330166,False,False,"",0.7,"",0,"[]","[]",0,False,False,"",""
"bc1pu2lrkjk790gk25y7yylswyczhsyem0y4j8ul4n39vz8s60r20kasqp2qwt","bitcoin","BTC",2.77412202,0.0,"BTC",180317.9313,261,0,0,1,1,1.0,0.0,0.0,True,0.26175000000000004,0.1547401111330166,False,False,"",0.7,"",0,"[]","[]",0,False,False,"",""
"bc1paa3uqjuxyx8gm4eac7fvnskjxfs9tmg8yw5rmj8jp5unwkctxkwsjau2tg","bitcoin","BTC",1.44020511,0.0,"BTC",93613.33215,271,0,0,1,1,1.0,0.0,0.0,True,0.30555,0.15559933552775573,False,False,"",0.6,"",0,"[]","[]",0,False,False,"",""
"bc1qehlscv0w3pheu58ushrply6kgmteuhaj4ry07l","bitcoin","BTC",1.40300424,0.0,"BTC",91195.27560000001,264,0,0,1,1,1.0,0.0,0.0,True,0.27585,0.15495508515595124,False,False,"",0.6,"",0,"[]","[]",0,False,False,"",""
"bc1q6ph5lzk8vytn6cmtzu953ypj0mcywzh5xeue66","bitcoin","BTC",1.40300424,0.0,"BTC",91195.27560000001,264,0,0,1,1,1.0,0.0,0.0,True,0.27585,0.15495508515595124,False,False,"",0.6,"",0,"[]","[]",0,False,False,"",""
"bc1qdr30llt5vz7d9r3r4kp552e6jjmfvsl6565tdz","bitcoin","BTC",1.40300424,0.0,"BTC",91195.27560000001,264,0,0,1,1,1.0,0.0,0.0,True,0.27585,0.15495508515595124,False,False,"",0.6,"",0,"[]","[]",0,False,False,"",""
"bc1p8t5fp0n0e3z8t7ppsda7rclufrgnvca6s6axhsh67gy9fxd2fhdsu6l79z","bitcoin","BTC",1.40300424,0.0,"BTC",91195.27560000001,264,0,0,1,1,1.0,0.0,0.0,True,0.27585,0.15495508515595124,False,False,"",0.6,"",0,"[]","[]",0,False,False,"",""
"bc1pvdtzkk0xja0u47gy482rlxrc8a65qh275h6p2cjda539vw2pqwrspkc4hv","bitcoin","BTC",0.9565938,0.0,"BTC",62178.597,269,0,0,1,1,1.0,0.0,0.0,True,0.28522499999999995,0.15628239531518884,False,False,"",0.5,"",0,"[]","[]",0,False,False,"",""
"bc1ptg9l9ptszx5jthclgk2ad3yfmeedur7nqjsr2srgtlgh5rwcqlfs4a2ywf","bitcoin","BTC",0.9565938,0.0,"BTC",62178.597,269,0,0,1,1,1.0,0.0,0.0,True,0.28522499999999995,0.15628239531518884,False,False,"",0.5,"",0,"[]","[]",0,False,False,"",""
"bc1pqq7dsuc8eku6pnkfgdzy05ghs8ayhpfdhsmxaxyctmkj5hx8jrqqfuq6dw","bitcoin","BTC",0.9565938,0.0,"BTC",62178.597,269,0,0,1,1,1.0,0.0,0.0,True,0.28522499999999995,0.15628239531518884,False,False,"",0.5,"",0,"[]","[]",0,False,False,"",""
"bc1pmr28wq9rs9qvnhjj6qpuynwpazqnqcesfyegy6unrk7wag5ds49qhqcmnq","bitcoin","BTC",0.9565938,0.0,"BTC",62178.597,269,0,0,1,1,1.0,0.0,0.0,True,0.28522499999999995,0.15628239531518884,False,False,"",0.5,"",0,"[]","[]",0,False,False,"",""
"bc1p3zhu03r5hru4qfdjzj6d4kz0p576qat4jdxg8syrfypy7ph7366stmv792","bitcoin","BTC",0.9565938,0.0,"BTC",62178.597,269,0,0,1,1,1.0,0.0,0.0,True,0.28522499999999995,0.15628239531518884,False,False,"",0.5,"",0,"[]","[]",0,False,False,"",""
"bc1pxnllrhdzgfahj9rr3m5nrdr6vr7j9y07nqn9s3hphvgfee49kngszj7ehg","bitcoin","BTC",0.92470734,0.0,"BTC",60105.9771,261,0,0,1,1,1.0,0.0,0.0,True,0.26175000000000004,0.15612360299047595,False,False,"",0.5,"",0,"[]","[]",0,False,False,"",""
"bc1ph9v65u5jeprs7zxjdqqargr2wl0equhqlwnfg0ayw904mh9yzklsz885yx","bitcoin","BTC",0.92470734,0.0,"BTC",60105.9771,261,0,0,1,1,1.0,0.0,0.0,True,0.26175000000000004,0.15612360299047595,False,False,"",0.5,"",0,"[]","[]",0,False,False,"",""
"bc1q98zn9a5ztjeznw5f5rzj0mhycpddyz0mqvswms","bitcoin","BTC",0.92470734,0.0,"BTC",60105.9771,261,0,0,1,1,1.0,0.0,0.0,True,0.26175000000000004,0.15612360299047595,False,False,"",0.5,"",0,"[]","[]",0,False,False,"",""
"bc1pr4fywhwu587k86dnqpaf7my2fjapc2mhmfa5jhh4nyqmtcgwh9asvdyqrm","bitcoin","BTC",0.92470734,0.0,"BTC",60105.9771,261,0,0,1,1,1.0,0.0,0.0,True,0.26175000000000004,0.15612360299047595,False,False,"",0.5,"",0,"[]","[]",0,False,False,"",""
"bc1p06e2tnr06rys9gsd9qkzdxyqcaeul8sdh63rnhtanapsfreewreq7gcj76","bitcoin","BTC",0.92470734,0.0,"BTC",60105.9771,261,0,0,1,1,1.0,0.0,0.0,True,0.26175000000000004,0.15612360299047595,False,False,"",0.5,"",0,"[]","[]",0,False,False,"",""
"bc1ppzf0dyezt63s0v3807ugdx6ue9l55u609zshy3rdqx2ycz45hhjq9gv2hg","bitcoin","BTC",0.92470734,0.0,"BTC",60105.9771,261,0,0,1,1,1.0,0.0,0.0,True,0.26175000000000004,0.15612360299047595,False,False,"",0.5,"",0,"[]","[]",0,False,False,"",""
"bc1pywt0gw67xnjqz2ka2x2ppt4h7ufwykmryl4gljmqa9apny9e58xqk24cph","bitcoin","BTC",0.92470734,0.0,"BTC",60105.9771,261,0,0,1,1,1.0,0.0,0.0,True,0.26175000000000004,0.15612360299047595,False,False,"",0.5,"",0,"[]","[]",0,False,False,"",""
"bc1peqw5vfgqkuglwaayx8hvcjveuzsxhn2v5d45ppnsw65guffph28s59rhx8","bitcoin","BTC",0.96013674,0.0,"BTC",62408.888100000004,271,0,0,1,1,1.0,0.0,0.0,True,0.30555,0.15668325737933803,False,False,"",0.4,"",0,"[]","[]",0,False,False,"",""
"bc1pp6s25kvj2e0av9fmreg8n6e3x83hq9ralavslvfvxmladk4xucps6xeczv","bitcoin","BTC",0.96013674,0.0,"BTC",62408.888100000004,271,0,0,1,1,1.0,0.0,0.0,True,0.30555,0.15668325737933803,False,False,"",0.4,"",0,"[]","[]",0,False,False,"",""
"bc1pnfj4fxndftjaypfewldwgmeleu8efp5p8qwr8pur4eqrmeej3x6qe0959p","bitcoin","BTC",0.96013674,0.0,"BTC",62408.888100000004,271,0,0,1,1,1.0,0.0,0.0,True,0.30555,0.15668325737933803,False,False,"",0.4,"",0,"[]","[]",0,False,False,"",""
"bc1ptaeh408kqme2qukhpd7gjfms7h7k0832n5kv428jj2t9z58ws8nqs3pvph","bitcoin","BTC",0.96013674,0.0,"BTC",62408.888100000004,271,0,0,1,1,1.0,0.0,0.0,True,0.30555,0.15668325737933803,False,False,"",0.4,"",0,"[]","[]",0,False,False,"",""
"bc1pgau2dp0f4zdc22806kflqf5whg45fjahy0fjqn0cn6ys52g7scnq64423s","bitcoin","BTC",0.96013674,0.0,"BTC",62408.888100000004,271,0,0,1,1,1.0,0.0,0.0,True,0.30555,0.15668325737933803,False,False,"",0.4,"",0,"[]","[]",0,False,False,"",""
"bc1pu62qt2euek99zchh9nwhy50rz3j6tqhvhvu6486028l2vpsgalsq0ytfqz","bitcoin","BTC",0.96013674,0.0,"BTC",62408.888100000004,271,0,0,1,1,1.0,0.0,0.0,True,0.30555,0.15668325737933803,False,False,"",0.4,"",0,"[]","[]",0,False,False,"",""
"bc1q070rxxndpq53avf7mzgxxz304wtwnv6ykf99xr","bitcoin","BTC",0.96013674,0.0,"BTC",62408.888100000004,271,0,0,1,1,1.0,0.0,0.0,True,0.30555,0.15668325737933803,False,False,"",0.4,"",0,"[]","[]",0,False,False,"",""
"bc1puexw73f7ey6z5hflqmaa9zmsgrfrshx5zuwc6td4yd5zq0zmwpxs3lpfzx","bitcoin","BTC",0.96013674,0.0,"BTC",62408.888100000004,271,0,0,1,1,1.0,0.0,0.0,True,0.30555,0.15668325737933803,False,False,"",0.4,"",0,"[]","[]",0,False,False,"",""
"bc1pesyme40cyuc9qae0l5eh6ctq6l3znmus2ujltjn3h8zluphk3g2ql92070","bitcoin","BTC",0.96013674,0.0,"BTC",62408.888100000004,271,0,0,1,1,1.0,0.0,0.0,True,0.30555,0.15668325737933803,False,False,"",0.4,"",0,"[]","[]",0,False,False,"",""
"bc1plalpagzjkqcnkgvxey6z450ensu0qxc4vgdnrydpgqcv3hmnmueqslafax","bitcoin","BTC",0.96013674,0.0,"BTC",62408.888100000004,271,0,0,1,1,1.0,0.0,0.0,True,0.30555,0.15668325737933803,False,False,"",0.4,"",0,"[]","[]",0,False,False,"",""
"bc1pvzhgzwza2dqcqvwh5lrcfl5wg4p7qwvmxfh2j4wvupa9grt8z0zskwpfum","bitcoin","BTC",0.96013674,0.0,"BTC",62408.888100000004,271,0,0,1,1,1.0,0.0,0.0,True,0.30555,0.15668325737933803,False,False,"",0.4,"",0,"[]","[]",0,False,False,"",""
"bc1pswmu04mxzmmx4d6rdmf5n9q60l62hxlmadpzqtd357w5dtnk0pwqgu0a7e","bitcoin","BTC",0.96013674,0.0,"BTC",62408.888100000004,271,0,0,1,1,1.0,0.0,0.0,True,0.30555,0.15668325737933803,False,False,"",0.4,"",0,"[]","[]",0,False,False,"",""
"bc1p72dmtguauzwff234tzntmgy44r898adxkrd2aknh4hkuf5xncdcqz0esut","bitcoin","BTC",0.96013674,0.0,"BTC",62408.888100000004,271,0,0,1,1,1.0,0.0,0.0,True,0.30555,0.15668325737933803,False,False,"",0.4,"",0,"[]","[]",0,False,False,"",""
"bc1q5vpgpdquq6hh7nz80znkzxmwkdcxv9xwsdhl39","bitcoin","BTC",0.96013674,0.0,"BTC",62408.888100000004,271,0,0,1,1,1.0,0.0,0.0,True,0.30555,0.15668325737933803,False,False,"",0.4,"",0,"[]","[]",0,False,False,"",""
"bc1pntp7ehx7wgejq5vp5v9xzs5hqvw777y55hfmtzpv5a8ljd2wmgpq9nrc77","bitcoin","BTC",0.96013674,0.0,"BTC",62408.888100000004,271,0,0,1,1,1.0,0.0,0.0,True,0.30555,0.15668325737933803,False,False,"",0.4,"",0,"[]","[]",0,False,False,"",""
"bc1p06ww9psgecg48uppy8ep8h5qhc3u95da70yqlw36haxnl6tycq6q878ruy","bitcoin","BTC",0.9565938,0.0,"BTC",62178.597,270,0,0,1,1,1.0,0.0,0.0,True,0.292275,0.1568488176979166,False,False,"",0.4,"",0,"[]","[]",0,False,False,"",""
"bc1ph5eqxleh252m5d6x4mhxv03kxv6w93dpatghz6a0g6cm7d6dcu8stmj2j5","bitcoin","BTC",0.9565938,0.0,"BTC",62178.597,270,0,0,1,1,1.0,0.0,0.0,True,0.292275,0.1568488176979166,False,False,"",0.4,"",0,"[]","[]",0,False,False,"",""
"bc1pjtupdmzn3mzcdwy62wh4dt277hq9kfmv86qw8asxek9gwmmz8fqsnd9zw6","bitcoin","BTC",0.9565938,0.0,"BTC",62178.597,270,0,0,1,1,1.0,0.0,0.0,True,0.292275,0.1568488176979166,False,False,"",0.4,"",0,"[]","[]",0,False,False,"",""
"bc1p3kq5j8z20ndn07x262p8wsrdjvwp2xr02r89d90k6m2qd8hu84pqhu58ut","bitcoin","BTC",0.9565938,0.0,"BTC",62178.597,270,0,0,1,1,1.0,0.0,0.0,True,0.292275,0.1568488176979166,False,False,"",0.4,"",0,"[]","[]",0,False,False,"",""
"bc1pn29zers2vr0gw4yye5esmh02qdtwszlka95zy69yagfys494t7tsf80zne","bitcoin","BTC",0.9565938,0.0,"BTC",62178.597,270,0,0,1,1,1.0,0.0,0.0,True,0.292275,0.1568488176979166,False,False,"",0.4,"",0,"[]","[]",0,False,False,"",""
"bc1pf4x9f9jxymux425jut02h7uyh9q0rdu5m22dm26lm2mxx04qtf6qe4fjmc","bitcoin","BTC",0.9565938,0.0,"BTC",62178.597,270,0,0,1,1,1.0,0.0,0.0,True,0.292275,0.1568488176979166,False,False,"",0.4,"",0,"[]","[]",0,False,False,"",""
"bc1p39523n4z7sukdfgjswm6z5d2yl3f8gf7pp8q20me3ljwey76a6gq5zeeju","bitcoin","BTC",0.9565938,0.0,"BTC",62178.597,270,0,0,1,1,1.0,0.0,0.0,True,0.292275,0.1568488176979166,False,False,"",0.4,"",0,"[]","[]",0,False,False,"",""
"bc1qd7kff9ny73ydzu4dlc62kedld8z3u5ctrvyp77","bitcoin","BTC",1.65914046,0.0,"BTC",107844.1299,261,0,0,1,1,1.0,0.0,0.0,True,0.26175000000000004,0.15669850399815133,False,False,"",0.4,"",0,"[]","[]",0,False,False,"",""
"bc1prrg2xxmg98pnzn3njhqq3ge8aqaqp0ualrla9pn0dfudem6xxcqs2wnrf6","bitcoin","BTC",1.38706101,0.0,"BTC",90158.96565,261,0,0,1,1,1.0,0.0,0.0,True,0.26175000000000004,0.1574177679787126,False,False,"",0.3,"",0,"[]","[]",0,False,False,"",""
"bc1qxl9rkva3lhsky857ddjmcx5lf5t9quvatav773","bitcoin","BTC",1.38706101,0.0,"BTC",90158.96565,261,0,0,1,1,1.0,0.0,0.0,True,0.26175000000000004,0.1574177679787126,False,False,"",0.3,"",0,"[]","[]",0,False,False,"",""
"bc1qf94d8r0nn0lt9yns2c4vc5w9w3uaappmykzf4w","bitcoin","BTC",1.38706101,0.0,"BTC",90158.96565,261,0,0,1,1,1.0,0.0,0.0,True,0.26175000000000004,0.1574177679787126,False,False,"",0.3,"",0,"[]","[]",0,False,False,"",""
"bc1qa64eemnru2zye87m4c7uh9z6va9wj2w2307qup","bitcoin","BTC",1.38706101,0.0,"BTC",90158.96565,261,0,0,1,1,1.0,0.0,0.0,True,0.26175000000000004,0.1574177679787126,False,False,"",0.3,"",0,"[]","[]",0,False,False,"",""
"bc1plt3fm0exmeljgp6fsysmrs6q8m5j447yrdycyxu5cx4c8stvgmmspq3t7l","bitcoin","BTC",1.38706101,0.0,"BTC",90158.96565,261,0,0,1,1,1.0,0.0,0.0,True,0.26175000000000004,0.15812952085274234,False,False,"",0.2,"",0,"[]","[]",0,False,False,"",""
"bc1pk7yycllakhwlnkteucnpu49klmwvvyvrhj46k0rsjvv3k82hqmeq7gf32n","bitcoin","BTC",1.38706101,0.0,"BTC",90158.96565,261,0,0,1,1,1.0,0.0,0.0,True,0.26175000000000004,0.15812952085274234,False,False,"",0.2,"",0,"[]","[]",0,False,False,"",""
"bc1pw0agvgq2apvp40wewrsg6pxgjknpazu9ugw04xl96ptddehsl40spqyw0v","bitcoin","BTC",1.38706101,0.0,"BTC",90158.96565,261,0,0,1,1,1.0,0.0,0.0,True,0.26175000000000004,0.15887471504013712,False,False,"",0.2,"",0,"[]","[]",0,False,False,"",""
"bc1p2crmmunkqncgdxqx0qe9v4w76xhkd6g5l6dwld857ey5xpeyeqlse7k3vs","bitcoin","BTC",1.38706101,0.0,"BTC",90158.96565,261,0,0,1,1,1.0,0.0,0.0,True,0.26175000000000004,0.15887471504013712,False,False,"",0.2,"",0,"[]","[]",0,False,False,"",""
"bc1pugggdywgu30fgmu042vl88q3vevftm6a6pafjehmkgjfg5hfc7xsj3pea4","bitcoin","BTC",1.38706101,0.0,"BTC",90158.96565,261,0,0,1,1,1.0,0.0,0.0,True,0.26175000000000004,0.15887471504013712,False,False,"",0.2,"",0,"[]","[]",0,False,False,"",""
"bc1q99fttrkmxrtdvfnrsjted0083r4p8rg3zk3z6f","bitcoin","BTC",1.38706101,0.0,"BTC",90158.96565,261,0,0,1,1,1.0,0.0,0.0,True,0.26175000000000004,0.15812952085274234,False,False,"",0.2,"",0,"[]","[]",0,False,False,"",""
"bc1p3ya5qnspylmjd6q445563scp0df8cu5wu8kjsv5k9je3rjst6wlqp09v2h","bitcoin","BTC",1.38706101,0.0,"BTC",90158.96565,261,0,0,1,1,1.0,0.0,0.0,True,0.26175000000000004,0.15887471504013712,False,False,"",0.2,"",0,"[]","[]",0,False,False,"",""
"bc1p4neg4kxzecetcez2cry4yvha959ey756h0z8prpadksrcqmqpv4s3csfzw","bitcoin","BTC",1.38706101,0.0,"BTC",90158.96565,261,0,0,1,1,1.0,0.0,0.0,True,0.26175000000000004,0.15812952085274234,False,False,"",0.2,"",0,"[]","[]",0,False,False,"",""
"bc1p6x73yk9y7d3t3m7s4ja2t5het0s320fe6wmt8phhy32jds288kwqt23d5q","bitcoin","BTC",1.38706101,0.0,"BTC",90158.96565,261,0,0,1,1,1.0,0.0,0.0,True,0.26175000000000004,0.15887471504013712,False,False,"",0.2,"",0,"[]","[]",0,False,False,"",""
"bc1ptclk0ehag08ejw4nsns7scl7x9kw4344tp4f637vxwxn74u3wqrspuu834","bitcoin","BTC",1.38706101,0.0,"BTC",90158.96565,261,0,0,1,1,1.0,0.0,0.0,True,0.26175000000000004,0.15887471504013712,False,False,"",0.2,"",0,"[]","[]",0,False,False,"",""
"bc1q8teqpedtk0g6w3k7wg009dj2qs67jzukdckt5q","bitcoin","BTC",1.38706101,0.0,"BTC",90158.96565,261,0,0,1,1,1.0,0.0,0.0,True,0.26175000000000004,0.15812952085274234,False,False,"",0.2,"",0,"[]","[]",0,False,False,"",""
"bc1q9qtme4mn722e0fgcg9ydnsd4sze0h0djxmvcm7","bitcoin","BTC",1.38706101,0.0,"BTC",90158.96565,261,0,0,1,1,1.0,0.0,0.0,True,0.26175000000000004,0.15812952085274234,False,False,"",0.2,"",0,"[]","[]",0,False,False,"",""
"bc1q9rlkrwnaxalvxed4njgs6qyvdchx5shwmjc0td","bitcoin","BTC",1.38706101,0.0,"BTC",90158.96565,261,0,0,1,1,1.0,0.0,0.0,True,0.26175000000000004,0.15887471504013712,False,False,"",0.2,"",0,"[]","[]",0,False,False,"",""
"bc1q82hnmy6h8d9av52ak20vc7jwexxkf0x9ncq07y","bitcoin","BTC",1.38706101,0.0,"BTC",90158.96565,261,0,0,1,1,1.0,0.0,0.0,True,0.26175000000000004,0.15887471504013712,False,False,"",0.2,"",0,"[]","[]",0,False,False,"",""
"bc1p53ql8a6043w57ah4kqwq8ppl8476apr5cwzpur6eg5wn4gee7l4sq6vh3l","bitcoin","BTC",1.38706101,0.0,"BTC",90158.96565,261,0,0,1,1,1.0,0.0,0.0,True,0.26175000000000004,0.15812952085274234,False,False,"",0.2,"",0,"[]","[]",0,False,False,"",""
"bc1prtsnj5ad5dmn30rucs3cl2k57gty2zamh2n2lyze57xmvxj2d67shz647c","bitcoin","BTC",1.38706101,0.0,"BTC",90158.96565,261,0,0,1,1,1.0,0.0,0.0,True,0.26175000000000004,0.15887471504013712,False,False,"",0.2,"",0,"[]","[]",0,False,False,"",""
"bc1pl8ye7z0rfg5tq723s64uqg63ut5sesz9ngmjz63wfeg5xhtrcflqhzd7qk","bitcoin","BTC",1.38706101,0.0,"BTC",90158.96565,261,0,0,1,1,1.0,0.0,0.0,True,0.26175000000000004,0.15812952085274234,False,False,"",0.2,"",0,"[]","[]",0,False,False,"",""
"bc1pty0qm0j7l8v2dr9g9j6zj6vpaejvspq3ffzzf5keep2507ktu4es0f02wk","bitcoin","BTC",1.38706101,0.0,"BTC",90158.96565,261,0,0,1,1,1.0,0.0,0.0,True,0.26175000000000004,0.15887471504013712,False,False,"",0.2,"",0,"[]","[]",0,False,False,"",""
