"wallet","chain","asset","raw_value_in","raw_value_out","value_unit","value_in_usd_est","distinct_senders","distinct_recipients","out_cnt","active_days","hours_of_day_active","night_share","round100_share","pass_through","is_accumulator","informal_score","anomaly_score","is_anomaly","is_sanctioned","hops_to_sanctioned","risk_score","attributability","risk_attribution_score","risk_tags","risk_categories","risk_source_count","is_known_risk","confirmed","label_name","label_tags"
"0x8b7710171181ec25ce9aa254eb074ec85559347b","ethereum","USDT",306202.73140800005,306202.7314,"USDT",306202.73140800005,2439,2,25,5,24,0.6799037304452467,0.2647412755716005,0.9999999999738733,False,0.8317694369920937,-0.14319583529334268,True,False,"",76.6,"",0,"[]","[]",0,False,False,"",""
"0x5da5a370ecaf1663b10a5ffadde833ddb58d2f1e","ethereum","USDT",1850000.0,1850000.0,"USDT",1850000.0,1201,1,1,1,2,0.0,0.1440466278101582,1.0,False,0.9044235924932975,-0.12117162875732501,True,False,"",74.5,"",0,"[]","[]",0,False,False,"",""
"0x186b8b2ae81def818ccb8408861ce648595ae234","ethereum","USDT",1475425.5465109993,0.0,"USDT",1475425.5465109993,752,0,0,44,24,0.233392382639504,0.08436669619131976,0.0,True,0.4246648793565684,-0.16820481399580667,True,False,"",70.8,"",0,"[]","[]",0,False,False,"",""
"0x6438e3764fdc42366ef3c5fa19ca06851833ad4c","ethereum","USDT",1527153.7696049998,900000.0,"USDT",1527153.7696049998,1711,2,18,4,7,0.14457252641690682,0.06147934678194044,0.5893316167060152,False,0.8347564037701575,-0.10446952042397706,True,False,"",69.9,"",0,"[]","[]",0,False,False,"",""
"0x3b0e8e3b0fd8db2fa53a640cb9313973bb87916a","ethereum","USDT",256733.86277800036,170532.203151,"USDT",256733.86277800036,1982,15,22,70,24,0.22923433874709978,0.022273781902552203,0.6642372817740074,False,0.6113997351751768,-0.12600922415402693,True,False,"",68.1,"",0,"[]","[]",0,False,False,"",""
"0x9f006a5328d2f5fd44bbb728168620ba60863a70","ethereum","USDT",688174.9383380002,0.0,"USDT",688174.9383380002,554,0,0,46,24,0.2178702570379437,0.04957160342717258,0.0,True,0.38766756032171584,-0.1177763680277335,True,False,"",61.0,"",0,"[]","[]",0,False,False,"",""
"0x108828aeda605e33435d7abbd987b178434fe7eb","ethereum","USDT",1028116.3772450001,1005570.1467319999,"USDT",1028116.3772450001,438,5,24,87,24,0.32864450127877237,0.0025575447570332483,0.9780703517500458,False,0.6726918183392853,-0.07793547588348249,True,False,"",59.2,"",0,"[]","[]",0,False,False,"",""
"0x435b2c9e939ef9fd49a92a86f7bc1d03ee57cc51","ethereum","USDT",197221.008257,197550.848307,"USDT",197221.008257,1612,5,11,15,13,0.080545229244114,0.006815365551425031,1.0016724387169251,False,0.8497995605139876,-0.04029192894073208,True,False,"",59.0,"",0,"[]","[]",0,False,False,"",""
"0xad285fdedfc0d5f944a33e478356524293c7ec68","ethereum","USDT",377578.51314099994,416564.100105,"USDT",377578.51314099994,1574,5,5,4,7,0.2795425667090216,0.014612452350698857,1.1032516035928177,False,0.691548070702348,-0.05630389769048394,True,False,"",57.9,"",0,"[]","[]",0,False,False,"",""
"0xe865f239279350272892c30d450be9465ca3b8fa","ethereum","USDT",621438.064401,621438.064401,"USDT",621438.064401,159,3,24,17,24,0.2502685284640172,0.0053705692803437165,1.0,False,0.6349865951742628,-0.043250698864502835,True,False,"",54.2,"",0,"[]","[]",0,False,False,"",""
"0xd825011df49642535a4c0c07ed7b191407d2f7ea","ethereum","USDT",129436.38211600002,129436.01,"USDT",129436.38211600002,1078,4,13,2,24,0.42091152815013405,0.2806076854334227,0.9999971251050598,False,0.8288198003561327,-0.013938513195621782,True,False,"",53.9,"",0,"[]","[]",0,False,False,"",""
"0xa52b7763929343d2caa9182fb5cfd24772094290","ethereum","USDT",661907.7282759998,661907.6947270001,"USDT",661907.7282759998,910,9,22,22,12,0.053783044667274384,0.10665451230628988,0.999999949314688,False,0.8891420810157526,0.005793853377254465,False,False,"",51.9,"",0,"[]","[]",0,False,False,"",""
"0x7ed7f9f3cf6f0748c63a572ab383023c6e2fff4f","ethereum","USDT",573803.3669789999,526970.7165679999,"USDT",573803.3669789999,1210,5,15,79,24,0.08451536643026004,0.06382978723404255,0.9183820571538857,False,0.7508345883744769,-0.012608760224812499,True,False,"",51.7,"",0,"[]","[]",0,False,False,"",""
"0xbf8d7d490323d775ada8b20a35472acb7fc6a0c4","ethereum","USDT",48323.39790799999,48361.853853,"USDT",48323.39790799999,98,19,23,11,12,0.028846153846153848,0.19230769230769232,1.0007958038272313,False,0.803996335213106,-0.0037588023862064057,True,False,"",51.5,"",0,"[]","[]",0,False,False,"",""
"0xe741c16e9af36a09f7ef1e8aaa500a4faf906ca5","ethereum","USDT",683491.457705,763146.4277,"USDT",683491.457705,640,16,24,3,21,0.29249617151607965,0.01225114854517611,1.1165412809436746,False,0.623608633891694,-0.01815913138615377,True,False,"",49.5,"",0,"[]","[]",0,False,False,"",""
"0xeb187b6b15120eb3a6b09a0b73c6cd83ddb2c064","ethereum","USDT",29991.866146999997,29991.866147,"USDT",29991.866146999997,320,1,1,1,2,0.0,0.04375,1.0000000000000002,False,0.8235924932975871,0.01742042228758156,False,False,"",48.3,"",0,"[]","[]",0,False,False,"",""
"0x06798c9e490521a2958fc658293a1f89f5e2fbcf","ethereum","USDT",198156.08486800003,0.0,"USDT",198156.08486800003,287,0,0,29,8,0.44081632653061226,0.018367346938775512,0.0,True,0.3439678284182306,-0.04449237938462858,True,False,"",47.1,"",0,"[]","[]",0,False,False,"",""
"0x23543e729ed028e752d98e2af50e57d2d485f7b7","ethereum","USDT",610189.1130690002,234.073107,"USDT",610189.1130690002,780,6,19,34,24,0.31435643564356436,0.10396039603960396,0.0003836074783811015,True,0.4841249788683304,-0.023952035856781406,True,False,"",47.0,"",0,"[]","[]",0,False,False,"",""
"0x8d56e0e3847148019da2948b1ed6bf89924044eb","ethereum","USDT",1959565.7195269994,1959565.0,"USDT",1959565.7195269994,410,6,24,34,24,0.024623803009575923,0.17920656634746923,0.9999996328130298,False,0.799597781790488,0.02821468387384296,False,False,"",45.8,"",0,"[]","[]",0,False,False,"",""
"0x493a30a817541c033d128b151a7fcc4a0c6aefb4","ethereum","USDT",163842.21253999998,163842.01,"USDT",163842.21253999998,675,2,19,2,6,0.3718518518518519,0.017777777777777778,0.9999987638106393,False,0.710053372065077,0.015782657724534133,False,False,"",45.7,"",0,"[]","[]",0,False,False,"",""
"0xa275ec9ea4126f315ce78087b5fe94fcebb70efc","ethereum","USDT",33923.158597,33000.1,"USDT",33923.158597,50,4,5,21,22,0.32954545454545453,0.0,0.972789721382795,False,0.3693568718905,-0.03255174829843066,True,False,"",45.7,"",0,"[]","[]",0,False,False,"",""
"0x22a4247ad0f3f30f8e2ded14a290071c78a29453","ethereum","USDT",458478.5762160002,458390.0,"USDT",458478.5762160002,885,3,22,25,24,0.2835209825997953,0.021494370522006142,0.9998068040240151,False,0.7202026476680737,0.018534202092558627,False,False,"",45.5,"",0,"[]","[]",0,False,False,"",""
"0x2628cac51d5bffca6df89745dd829510bbe3b915","ethereum","USDT",168969.34402400008,168969.34402299998,"USDT",168969.34402400008,124,5,11,9,24,0.2710926694329184,0.005532503457814661,0.9999999999940812,False,0.60978552278702,0.002505868257471011,False,False,"",45.5,"",0,"[]","[]",0,False,False,"",""
"0x61a8a99099a4d46124cf2914bd8eb8dfafd7c99d","ethereum","USDT",56963.19433099999,56798.809152,"USDT",56963.19433099999,77,13,17,10,13,0.06172839506172839,0.19753086419753085,0.9971141860822483,False,0.7458035342673881,0.02640444765835659,False,False,"",44.7,"",0,"[]","[]",0,False,False,"",""
"0xd878319d64e05a38552761ed95e43948a0a19aad","ethereum","USDT",91628.38792999998,160000.0,"USDT",91628.38792999998,793,3,12,25,16,0.0022222222222222222,0.057777777777777775,1.7461837277136523,False,0.7555889917226851,0.029957757461680168,False,False,"",44.4,"",0,"[]","[]",0,False,False,"",""
"0x7f60a664e6e6eb7d3cfd17d49624922e8eba32b1","ethereum","USDT",19549.633937,0.0,"USDT",19549.633937,204,0,0,1,6,0.0,0.0196078431372549,0.0,True,0.48270777479892757,-0.0074236000512133415,True,False,"",44.1,"",0,"[]","[]",0,False,False,"",""
"0x7637b6063b942a219909e7584af64c3be139b30a","ethereum","USDT",379700.737872,379700.0,"USDT",379700.737872,570,4,8,12,14,0.007309941520467836,0.16666666666666666,0.999998056701169,False,0.9512060456565877,0.06720109006054176,False,False,"",42.7,"",0,"[]","[]",0,False,False,"",""
"0x1a2972d2baa3f1f535d37bb7fd01caf38d4c0921","ethereum","USDT",137159.51425200005,0.0,"USDT",137159.51425200005,219,0,0,15,24,0.2643171806167401,0.12334801762114538,0.0,True,0.41367292225201074,-0.008434332832280012,True,False,"",42.5,"",0,"[]","[]",0,False,False,"",""
"0x5f9acf4e85aa7283e0c16dd94cbc942f9d625151","ethereum","USDT",1372019.8467199989,1411047.092108,"USDT",1372019.8467199989,248,6,22,89,24,0.13521772345301758,0.060351413292589765,1.0284451026574442,False,0.7282251885837927,0.04324182232288354,False,False,"",41.4,"",0,"[]","[]",0,False,False,"",""
"0x28d0e0503726f62170f38d8496458877c12e4df4","ethereum","USDT",15110.199741,15110.022431000001,"USDT",15110.199741,51,18,23,17,20,0.09523809523809523,0.07936507936507936,0.9999882655422802,False,0.43927379251864374,0.0035922842978959313,False,False,"",41.1,"",0,"[]","[]",0,False,False,"",""
"0x92ea49b6e51de747f6cec1b4e07c78ce4bd72bc6","ethereum","USDT",20413.948138999993,20843.59138200001,"USDT",20413.948138999993,259,1,24,25,17,0.22393822393822393,0.0,1.0210465530760902,False,0.7356030218244602,0.04678286711510293,False,False,"",40.9,"",0,"[]","[]",0,False,False,"",""
"0x648199c2cb1cf5aff759a951983416a2f8f9e4e8","ethereum","USDT",510336.21090199985,0.0,"USDT",510336.21090199985,121,0,0,33,24,0.19143876337693222,0.1117717003567182,0.0,True,0.3560321715817695,-0.006572213324683496,True,False,"",40.8,"",0,"[]","[]",0,False,False,"",""
"0xabf865f07dfc60fad147b1118ad06e986a7d2056","ethereum","USDT",162778.23147699994,162778.231377,"USDT",162778.23147699994,583,3,3,1,1,1.0,0.04974271012006861,0.9999999993856675,False,0.7398123323168119,0.04993849730343214,False,False,"",40.5,"",0,"[]","[]",0,False,False,"",""
"0xec590f69d0cbe1d5d9512c484940232d601e7860","ethereum","USDT",503754.954477,465598.047194,"USDT",503754.954477,610,12,22,84,24,0.19395866454689983,0.0,0.9242550233126449,False,0.5939662861638694,0.03326286068878859,False,False,"",39.8,"",0,"[]","[]",0,False,False,"",""
"0x108828aeda605e33435d7abbd987b178434fe7eb","ethereum","USDT",1028116.3772450001,1005570.1467319999,"USDT",1028116.3772450001,438,5,24,87,24,0.32864450127877237,0.0025575447570332483,0.9780703517500458,False,0.6726918183392853,0.04721214878234692,False,False,"",39.3,"",0,"[]","[]",0,False,False,"",""
"0xc7d852aa12b4b0ce0db84df8942d19efbd1058ba","ethereum","USDT",13376.858768,13153.808707,"USDT",13376.858768,63,20,20,51,23,0.1450381679389313,0.0,0.9833256772110371,False,0.39304583249314573,0.008025502332240975,False,False,"",39.1,"",0,"[]","[]",0,False,False,"",""
"0xfdf75145954399e6694785437548aa07eaad681f","ethereum","USDT",230117.72134799996,73525.524727,"USDT",230117.72134799996,922,4,20,80,24,0.25692963752665243,0.1044776119402985,0.31951265767928233,True,0.551704140114945,0.03501958477725953,False,False,"",38.4,"",0,"[]","[]",0,False,False,"",""
"0x26db368c5009fd78164d9440645a08835a7df489","ethereum","USDT",15955.696517,15955.696517,"USDT",15955.696517,197,1,1,2,2,0.949238578680203,0.08121827411167512,1.0,False,0.6857908847184987,0.0593465069809897,False,False,"",37.5,"",0,"[]","[]",0,False,False,"",""
"0x9078791013192ddb9e2f09de320ce7bcd9fee99c","ethereum","USDT",23718.398104,23810.731961999998,"USDT",23718.398104,73,15,25,11,14,0.45161290322580644,0.5698924731182796,1.0038929213345325,False,0.6039131047411364,0.047336168385833266,False,False,"",37.5,"",0,"[]","[]",0,False,False,"",""
"0x03eb0ddb3dffd32bc2935e915f084892de38ac87","ethereum","USDT",651420.5219059999,651257.63,"USDT",651420.5219059999,337,11,20,76,24,0.20679886685552407,0.45892351274787535,0.9997499435456482,False,0.7696550825429097,0.07170626288457244,False,False,"",37.4,"",0,"[]","[]",0,False,False,"",""
"0x00f503370b6cfd14a742427e79b2859bd8d86df9","ethereum","USDT",64000.04639300001,0.0,"USDT",64000.04639300001,190,0,0,63,24,0.33157894736842103,0.05263157894736842,0.0,True,0.3554959785522788,0.015487699822704593,False,False,"",36.9,"",0,"[]","[]",0,False,False,"",""
"0x0a967bd313289b5543a1020dbf7e58609f1c2449","ethereum","USDT",13600.076313000003,0.0,"USDT",13600.076313000003,65,0,0,14,16,0.02631578947368421,0.32894736842105265,0.0,True,0.420911528150134,0.026247236159177345,False,False,"",36.7,"",0,"[]","[]",0,False,False,"",""
"0x042405da38b82c825c48144e93fe6d31eeb3606b","ethereum","USDT",41750.51066600002,41750.508023999995,"USDT",41750.51066600002,392,14,15,1,3,0.9974489795918368,0.02040816326530612,0.9999999367193364,False,0.6565683519551273,0.06186010207607562,False,False,"",36.3,"",0,"[]","[]",0,False,False,"",""
"0xa2f2372fa2ce8064610c72aa3c20a8b809d66c63","ethereum","USDT",33280.920619,0.0,"USDT",33280.920619,141,0,0,1,2,0.0,0.5957446808510638,0.0,True,0.5715817694369973,0.052149324465357694,False,False,"",35.9,"",0,"[]","[]",0,False,False,"",""
"0x8ffabe0e094e5fb4b7a47e8546d40218fd4e3ecc","ethereum","USDT",180309.119457,180309.119457,"USDT",180309.119457,399,3,3,1,1,1.0,0.06265664160401002,1.0,False,0.7494638069705094,0.07820432826742807,False,False,"",35.8,"",0,"[]","[]",0,False,False,"",""
"0xd1c538e88b8436fb1056c44c3fdab028f3a45bb7","ethereum","USDT",223463.08191600005,223463.081916,"USDT",223463.08191600005,465,12,20,24,24,0.39920948616600793,0.0533596837944664,0.9999999999999998,False,0.6914209115281501,0.07176599873734513,False,False,"",35.5,"",0,"[]","[]",0,False,False,"",""
"0x20b2a2fc71a2584659aba7fdfa1ab219d64b5523","ethereum","USDT",37278.318995,0.0,"USDT",37278.318995,55,0,0,2,4,0.01818181818181818,0.14545454545454545,0.0,True,0.339544235924933,0.02302173136197916,False,False,"",35.2,"",0,"[]","[]",0,False,False,"",""
"0xaf6f7be3985728ed008d19b0e6e5203d6f98009e","ethereum","USDT",89519.23717200001,80000.0,"USDT",89519.23717200001,440,4,6,15,21,0.5852017937219731,0.6322869955156951,0.8936626643309081,False,0.807284811686557,0.09029770135711535,False,False,"",35.1,"",0,"[]","[]",0,False,False,"",""
"0x98123302ebc563d3a6b31756ffcc280c1c21d1b2","ethereum","USDT",137880.30903499998,137880.294929,"USDT",137880.30903499998,72,17,20,1,5,0.9594594594594594,0.12162162162162163,0.9999998976938761,False,0.55630024763529,0.05657815098831759,False,False,"",34.7,"",0,"[]","[]",0,False,False,"",""
"0x34d67e70d689323eb03a1bef04b322663b6c276a","ethereum","USDT",57865.441360000004,57861.282333999996,"USDT",57865.441360000004,97,12,23,17,24,0.2236024844720497,0.0,0.9999281259089664,False,0.5013261077555198,0.05132285651857188,False,False,"",34.3,"",0,"[]","[]",0,False,False,"",""
"0x546fad8125d2b441470de495a963954033ac5490","ethereum","USDT",777493.7114510003,1036501.6077459999,"USDT",777493.7114510003,117,4,9,89,24,0.19033927544565843,0.0011500862564692352,1.3331318214929677,False,0.5296202844949722,0.057054301605477364,False,False,"",34.0,"",0,"[]","[]",0,False,False,"",""
"0x706aa393f29e10f99d1a7fb1311a7c34c7d28822","ethereum","USDT",20310.036155999995,19583.852431,"USDT",20310.036155999995,79,15,18,13,11,0.023809523809523808,0.7142857142857143,0.9642450796531218,False,0.7701948604346458,0.09285474039541403,False,False,"",33.7,"",0,"[]","[]",0,False,False,"",""
"0x7f7375cd22730845d8c5c90d7ff539781efb7dea","ethereum","USDT",52942.701025,52942.0,"USDT",52942.701025,122,19,22,2,6,0.16326530612244897,0.006802721088435374,0.9999867587979754,False,0.7123297914378792,0.08556151259439299,False,False,"",33.6,"",0,"[]","[]",0,False,False,"",""
"0x5a9f2f8f0508e2ac7bcfe6f3ef2e822c852ce48f","ethereum","USDT",90063.069188,0.0,"USDT",90063.069188,159,0,0,1,1,1.0,0.16352201257861634,0.0,True,0.40187667560321716,0.04212556838318782,False,False,"",33.4,"",0,"[]","[]",0,False,False,"",""
"0x672bde68f12e5939e6f1a4057e913619c5c340ec","ethereum","USDT",56271.61848899999,57200.26521,"USDT",56271.61848899999,138,13,13,6,9,0.0070921985815602835,0.9361702127659575,1.0165029324895203,False,0.8706940515718011,0.10942272162275374,False,False,"",33.3,"",0,"[]","[]",0,False,False,"",""
"0x26a082d1dc02ebd6a161ed56e6c8b8e82528a977","ethereum","USDT",106784.46698899996,106784.466989,"USDT",106784.46698899996,485,8,13,7,24,0.14857142857142858,0.08190476190476191,1.0000000000000002,False,0.7179624664879356,0.08801824654385904,False,False,"",33.3,"",0,"[]","[]",0,False,False,"",""
"0xca0b3d8f75bb7b7bc6916eb508b8b4513e17032f","ethereum","USDT",57008.47789699999,68186.985681,"USDT",57008.47789699999,82,17,24,44,15,0.1824561403508772,0.0,1.1960850069387359,False,0.5707025696578292,0.06706950518620253,False,False,"",33.3,"",0,"[]","[]",0,False,False,"",""
"0xb8721bcaff22c756e7a2ead2c404c14730e6a7cc","ethereum","USDT",39920.62502699999,39726.08878399999,"USDT",39920.62502699999,91,15,15,13,15,0.20149253731343283,0.5746268656716418,0.9951269239179391,False,0.8077385215128103,0.10253662538364966,False,False,"",33.0,"",0,"[]","[]",0,False,False,"",""
"0xa700de1a10c143e60465321189ea930d824cd03a","ethereum","USDT",27415.867116,30900.757121,"USDT",27415.867116,213,2,2,13,24,0.26277372262773724,0.9197080291970803,1.1271121569948888,False,0.7842290431318534,0.09898523354848504,False,False,"",33.0,"",0,"[]","[]",0,False,False,"",""
"0x52d4090ecefc7a56ea0c9d81829137f0ebb07a23","ethereum","USDT",34045.360492,33812.03886,"USDT",34045.360492,110,15,23,17,10,0.0,0.12781954887218044,0.9931467422101515,False,0.7995676862436388,0.10208169008130091,False,False,"",32.9,"",0,"[]","[]",0,False,False,"",""
"0x973d170fde3c96d482ec17560a7d7b552f11ef2d","ethereum","USDT",30155.860318000003,0.0,"USDT",30155.860318000003,148,2,2,59,3,0.8636363636363636,0.03977272727272727,0.0,True,0.37345844504021447,0.04107615719728763,False,False,"",32.9,"",0,"[]","[]",0,False,False,"",""
"0xd36cb32afaf64f867ebdf3e9a95d85fc20b97249","ethereum","USDT",709892.6398769993,749539.2424079999,"USDT",709892.6398769993,301,7,23,77,24,0.17908653846153846,0.046875,1.0558487302218966,False,0.6617525059663446,0.08340719096142168,False,False,"",32.7,"",0,"[]","[]",0,False,False,"",""
"0x300a06847cd62d9366b4c8ac14a70970415984aa","ethereum","USDT",488929.63053899986,461639.834377,"USDT",488929.63053899986,63,8,23,58,23,0.22957198443579765,0.0311284046692607,0.944184613781915,False,0.4490245903167047,0.05288931752149695,False,False,"",32.7,"",0,"[]","[]",0,False,False,"",""
"0x55035a3e39ae0e7ebc004949799e5c2c377afc0a","ethereum","USDT",130283.47778699998,145521.21,"USDT",130283.47778699998,192,13,22,89,24,0.24269480519480519,0.0016233766233766235,1.116958285669286,False,0.5717826056007272,0.07076317344213401,False,False,"",32.6,"",0,"[]","[]",0,False,False,"",""
"0x1a9f4b78ec0851d3b0bab9695aedbc4f9e6397c2","ethereum","USDT",25423.681145000006,20300.0,"USDT",25423.681145000006,99,4,6,22,9,0.6728395061728395,0.4012345679012346,0.7984681637651964,False,0.6835542225653717,0.1450677659292382,False,False,"",32.5,"",0,"[]","[]",0,False,False,"",""
"0x2ee0709411b1aa025368b9672bcc53ebdb8a3199","ethereum","USDT",494439.68141799996,454418.99,"USDT",494439.68141799996,62,13,23,53,22,0.18947368421052632,0.3473684210526316,0.9190584960672555,False,0.5417205463984377,0.06901618942555765,False,False,"",32.2,"",0,"[]","[]",0,False,False,"",""
"0x21135ec0db68bb607c4257e3c2468af66d3888b8","ethereum","USDT",219779.71616799998,0.0,"USDT",219779.71616799998,80,0,0,83,24,0.27232142857142855,0.11383928571428571,0.0,True,0.28190348525469167,0.033847656971355056,False,False,"",31.8,"",0,"[]","[]",0,False,False,"",""
"0x0cff831dd8dc0afeacce0e84532a67413ff20220","ethereum","USDT",104855.80627,0.0,"USDT",104855.80627,76,0,0,3,3,0.0,0.7303370786516854,0.0,True,0.46702412868632714,0.06169702512194658,False,False,"",31.6,"",0,"[]","[]",0,False,False,"",""
"0x6e87bc70a030ce1f19e11c0fd89533e8f82ca2e7","ethereum","USDT",13476.746242000005,0.0,"USDT",13476.746242000005,92,0,0,26,9,0.0,0.008928571428571428,0.0,True,0.37184986595174263,0.048303844925277895,False,False,"",31.6,"",0,"[]","[]",0,False,False,"",""
"0xc2b9da89f92d20a4bd1440ae50165db3a4431751","ethereum","USDT",26608.736260000005,27228.06842,"USDT",26608.736260000005,70,2,2,6,7,0.013513513513513514,0.918918918918919,1.0232755195116505,False,0.7948087030681793,0.11029969711502396,False,False,"",31.3,"",0,"[]","[]",0,False,False,"",""
"0xc3a35428de74e7981055e26c3a4163d383a9c9d1","ethereum","USDT",27670.082580000002,0.0,"USDT",27670.082580000002,136,0,0,2,3,0.0,0.0,0.0,True,0.3939678284182305,0.05276457646347088,False,False,"",31.3,"",0,"[]","[]",0,False,False,"",""
"0x88cf6c6319cb5ed2f8a968919648cc46e855650b","ethereum","USDT",50536.56415,50500.0,"USDT",50536.56415,85,1,1,1,2,0.0,0.17647058823529413,0.9992764812840962,False,0.7620536876777309,0.10626597146825656,False,False,"",31.2,"",0,"[]","[]",0,False,False,"",""
"0xa7a3da44ccf09ce44bd8845c1c7c90ba7c4edcd6","ethereum","USDT",92322.33532999999,92322.33533,"USDT",92322.33532999999,213,1,4,10,20,0.2801724137931034,0.008620689655172414,1.0000000000000002,False,0.6154155495978552,0.08522291901541373,False,False,"",31.2,"",0,"[]","[]",0,False,False,"",""
"0xe25ce841e0c33e6c08c965c0ea6f63ae24affdf0","ethereum","USDT",1285817.7420259998,1285823.5844059999,"USDT",1285817.7420259998,54,9,16,48,16,0.27450980392156865,0.0,1.0000045437077192,False,0.348524560427357,0.04770206188109766,False,False,"",31.1,"",0,"[]","[]",0,False,False,"",""
"0xe37c9d39ae8f819ba0077d51bf4f62a6fbd0f6a0","ethereum","USDT",217499.651131,0.0,"USDT",217499.651131,119,0,0,30,24,0.13513513513513514,0.1891891891891892,0.0,True,0.3743967828418231,0.05178210195328681,False,False,"",31.0,"",0,"[]","[]",0,False,False,"",""
"0x6528d54ae8f64cd47ac2eac9b6240f53f0d5c622","ethereum","USDT",180199.976768,0.0,"USDT",180199.976768,106,0,0,15,24,0.17028985507246377,0.13043478260869565,0.0,True,0.3450402144772118,0.048567894917665,False,False,"",30.9,"",0,"[]","[]",0,False,False,"",""
"0xb9ba84bfe3cb1ad5b93df43fc86abe8777257dc5","ethereum","USDT",523394.73370999994,523393.91728700005,"USDT",523394.73370999994,59,10,18,9,10,0.0,0.06557377049180328,0.9999984401390627,False,0.6257369534433621,0.08869098387976798,False,False,"",30.8,"",0,"[]","[]",0,False,False,"",""
"0x938ad29920abd82842d5acc6b7b4fb4af9e83c8e","ethereum","USDT",371932.6140569999,380131.321335,"USDT",371932.6140569999,317,4,13,42,24,0.18928571428571428,0.07321428571428572,1.0220435287687453,False,0.748272259393704,0.10788380616843118,False,False,"",30.6,"",0,"[]","[]",0,False,False,"",""
"0xbbe7b62f61351bf70cf6f277d99d6af0cec859cc","ethereum","USDT",42404.266457,42404.296457,"USDT",42404.266457,80,1,1,2,5,0.0,0.1125,1.0000007074759807,False,0.7313671507300049,0.10547501635208106,False,False,"",30.6,"",0,"[]","[]",0,False,False,"",""
"0x2b9962048a732264579bb837adc56779de2e8949","ethereum","USDT",14250.965129000004,14430.135718,"USDT",14250.965129000004,161,1,17,32,23,0.2422360248447205,0.006211180124223602,1.012572523150407,False,0.586493538265361,0.08465570233901715,False,False,"",30.6,"",0,"[]","[]",0,False,False,"",""
"0x75e6766af534f83d9a9f6d8448cb735473b8aa4c","ethereum","USDT",14499.178254999999,14455.861255,"USDT",14499.178254999999,113,1,24,12,9,0.0,0.007352941176470588,0.9970124513790938,False,0.7016813106511539,0.10146159747274064,False,False,"",30.5,"",0,"[]","[]",0,False,False,"",""
"0x87a9f7c46faf5e6fdaa14e376e4cb6d610f113bf","ethereum","USDT",18368.449242000002,0.0,"USDT",18368.449242000002,109,0,0,8,12,0.009174311926605505,0.0,0.0,True,0.36742627345844503,0.05475046255258886,False,False,"",30.3,"",0,"[]","[]",0,False,False,"",""
"0xbdb45cb409957303ca67fe64d99b6bf5236dfb0d","ethereum","USDT",95306.02551399998,101652.32243300001,"USDT",95306.02551399998,204,5,10,47,22,0.5122950819672131,0.3155737704918033,1.0665886221230345,False,0.7787734283904065,0.11412599344720215,False,False,"",30.2,"",0,"[]","[]",0,False,False,"",""
"0x6e2c6d050bd0187b7da4adb2afb97b9be37594f0","ethereum","USDT",183845.626552,183845.62310199998,"USDT",183845.626552,302,9,12,2,8,0.9577922077922078,0.06168831168831169,0.9999999812342557,False,0.6924932938339825,0.10492571410990253,False,False,"",29.7,"",0,"[]","[]",0,False,False,"",""
"0x00aacd79b72b32b1b38796d4985928f64f8a4924","ethereum","USDT",12526.229631999999,13116.0,"USDT",12526.229631999999,51,13,21,25,18,0.0,0.007575757575757576,1.047082832211007,False,0.503988259295064,0.07758832198600535,False,False,"",29.7,"",0,"[]","[]",0,False,False,"",""
"0x972c08af800631109c9755ac0fe536120bc21057","ethereum","USDT",18752.550000000003,0.0,"USDT",18752.550000000003,114,0,0,5,21,0.06756756756756757,0.08783783783783784,0.0,True,0.3367292225201073,0.05419515589506624,False,False,"",29.7,"",0,"[]","[]",0,False,False,"",""
"0x39056ebd0410b5e7105913cc8f4a2b0675d6f79b","ethereum","USDT",76512.91742799999,76512.917428,"USDT",76512.91742799999,246,4,5,1,2,0.0,0.04580152671755725,1.0000000000000002,False,0.8654155495978553,0.13060122974088922,False,False,"",29.5,"",0,"[]","[]",0,False,False,"",""
"0x7ebcb8e15c47c99629619b9a5a571c3aa2698258","ethereum","USDT",53130.457109999996,46500.0,"USDT",53130.457109999996,61,2,18,24,17,0.024096385542168676,0.03614457831325301,0.8752042148579211,False,0.6329496901565709,0.09752901399084452,False,False,"",29.5,"",0,"[]","[]",0,False,False,"",""
"0x8a7786cdc1995bba1c4a10d957af861c1e0b43d3","ethereum","USDT",267181.603498,265223.719005,"USDT",267181.603498,58,1,2,1,4,0.0,0.15,0.9926720834542239,False,0.6564432638758314,0.10132520463675765,False,False,"",29.4,"",0,"[]","[]",0,False,False,"",""
"0x52973b2822fdc5bef1966b46b3ed7d1858b92d33","ethereum","USDT",15363.912127,0.0,"USDT",15363.912127,67,1,1,3,8,0.47761194029850745,0.05970149253731343,0.0,True,0.21126005361930295,0.03777375897692481,False,False,"",29.4,"",0,"[]","[]",0,False,False,"",""
"0xda24a7b7aa5964fcdd51595c6c7324544974c75e","ethereum","USDT",114423.72541000001,114423.72511200001,"USDT",114423.72541000001,224,3,22,5,12,0.008438818565400843,0.05063291139240506,0.999999997395645,False,0.8672922246802014,0.1329199029507333,False,False,"",29.2,"",0,"[]","[]",0,False,False,"",""
"0xe21f61ceea148acc99878eb5e606acd0d6c4ec4e","ethereum","USDT",326399.5874110001,455218.264277,"USDT",326399.5874110001,157,6,24,79,24,0.2251264755480607,0.16610455311973019,1.3946655628084244,False,0.6714690322104332,0.10457405722421992,False,False,"",29.2,"",0,"[]","[]",0,False,False,"",""
"0xcde45e10524f33d5562491313d7afb25253c7ae9","ethereum","USDT",20282.988808,19700.848233,"USDT",20282.988808,70,15,25,20,22,0.17567567567567569,0.5,0.9712990733017419,False,0.5872893052769703,0.09285307239347873,False,False,"",29.2,"",0,"[]","[]",0,False,False,"",""
"0x487445bc46ce5ba9918db8609a1928fbfa7382f4","ethereum","USDT",53486.54524299999,53486.542409,"USDT",53486.54524299999,318,9,11,5,7,0.9658385093167702,0.052795031055900624,0.9999999470147122,False,0.6836461020034786,0.10724711515557545,False,False,"",29.1,"",0,"[]","[]",0,False,False,"",""
"0x20be14ccc0739827d00b2f7d51bff9180b4b759d","ethereum","USDT",15465.335718999995,15919.049841999995,"USDT",15465.335718999995,60,1,19,51,14,0.3717948717948718,0.0,1.029337489417872,False,0.37684027691535327,0.06314130246033495,False,False,"",29.1,"",0,"[]","[]",0,False,False,"",""
"0x9cff7022aec825b5551055752e9f1ad2547b61f3","ethereum","USDT",95733.71761200002,0.0,"USDT",95733.71761200002,116,0,0,30,9,0.2832764505119454,0.09215017064846416,0.0,True,0.34048257372654156,0.058492985283496,False,False,"",29.0,"",0,"[]","[]",0,False,False,"",""
"0x150bab5d5fb52025e493cca4612a11475968e31f","ethereum","USDT",22055.146358999995,22055.0,"USDT",22055.146358999995,127,2,14,10,9,0.20714285714285716,0.24285714285714285,0.9999933639524484,False,0.8955750802971921,0.138410984508741,False,False,"",28.9,"",0,"[]","[]",0,False,False,"",""
"0xe70b60011cff7649974cdc85c403f4aabe0674b8","ethereum","USDT",233976.28941300002,233976.0,"USDT",233976.28941300002,56,1,3,9,18,0.046153846153846156,0.23076923076923078,0.9999987630669726,False,0.6644769644096412,0.10600965223285208,False,False,"",28.8,"",0,"[]","[]",0,False,False,"",""
"0x8d962aa68f3da54d56877b9a8375b728c0613b56","ethereum","USDT",38223.617595,0.0,"USDT",38223.617595,122,0,0,6,24,0.17509727626459143,0.07392996108949416,0.0,True,0.33847184986595175,0.059334483514859704,False,False,"",28.8,"",0,"[]","[]",0,False,False,"",""
"0x35f4a82ffcc461f5255ad028604cb74973428cd0","ethereum","USDT",253780.59863599995,0.0,"USDT",253780.59863599995,86,0,0,28,24,0.1223021582733813,0.23741007194244604,0.0,True,0.3273458445040215,0.057630426722316386,False,False,"",28.8,"",0,"[]","[]",0,False,False,"",""
"0x2d3c7c3effff1dce08b8ac796e242f5f0c36ac47","ethereum","USDT",11038.404882,10745.990955000001,"USDT",11038.404882,90,1,14,12,17,0.18681318681318682,0.01098901098901099,0.9735094037475622,False,0.6637367332964293,0.10630068376557905,False,False,"",28.7,"",0,"[]","[]",0,False,False,"",""
"0x5122fb2d35474ac6c46e333a2212ef8efcbe0646","ethereum","USDT",829385.7058309998,1008575.327377,"USDT",829385.7058309998,51,7,19,68,24,0.37259100642398285,0.2698072805139186,1.2160510125580979,False,0.4483447572739032,0.07588409677805563,False,False,"",28.7,"",0,"[]","[]",0,False,False,"",""
"0x0919084167f0d0d0a3601a377f2505a9ed97437b","ethereum","USDT",404873.44842200004,404800.0,"USDT",404873.44842200004,236,4,8,9,23,0.08459214501510574,0.17522658610271905,0.9998185891856176,False,0.7805267205180887,0.12345095053253802,False,False,"",28.6,"",0,"[]","[]",0,False,False,"",""
"0xf81c4b52c840e7aa2f7b2321d20fabe50dc63f03","ethereum","USDT",492553.728738,492553.72873800003,"USDT",492553.728738,135,3,11,5,6,0.9785714285714285,0.09285714285714286,1.0000000000000002,False,0.7112600536193029,0.11531895517144386,False,False,"",28.3,"",0,"[]","[]",0,False,False,"",""
"0xd07931fa27d726449b74277f20bec3bd59eb25f2","ethereum","USDT",35765.76904100001,29949.590276000003,"USDT",35765.76904100001,306,8,12,68,20,0.3333333333333333,0.020289855072463767,0.8373814146612466,False,0.6184146207338579,0.10279135889324853,False,False,"",28.2,"",0,"[]","[]",0,False,False,"",""
"0x32b66cd6ea668b9d85c3f14c0b2509a94d41593d","ethereum","USDT",56460.55368700001,0.0,"USDT",56460.55368700001,64,0,0,10,23,0.175,0.10625,0.0,True,0.22412868632707778,0.046792419272621844,False,False,"",28.1,"",0,"[]","[]",0,False,False,"",""
"0x02c875192a6d8f81d7c3798feb5db3ce67b592fb","ethereum","USDT",106136.873636,106136.873636,"USDT",106136.873636,242,3,5,1,6,0.128099173553719,0.0,1.0,False,0.7873994638069706,0.12792839283150376,False,False,"",28.0,"",0,"[]","[]",0,False,False,"",""
"0x2089f03117bb13f50e163be379ba5aa2250c2184","ethereum","USDT",24641.048331,24641.0,"USDT",24641.048331,121,2,15,14,8,0.015267175572519083,0.1984732824427481,0.9999980385980599,False,0.8828414307759124,0.14230725983678805,False,False,"",27.9,"",0,"[]","[]",0,False,False,"",""
"0xb9d99e65e84c181d36b2f579002f0dc2172e2adb","ethereum","USDT",18550.991417999998,10214.146499,"USDT",18550.991417999998,86,1,1,1,6,0.0,0.0851063829787234,0.5505984164862062,False,0.6429615063535414,0.10884495303721958,False,False,"",27.8,"",0,"[]","[]",0,False,False,"",""
"0x278878f81daf0802db2a49323060a6fb2942b584","ethereum","USDT",11117.413773999999,11117.413422,"USDT",11117.413773999999,62,10,11,2,4,0.031746031746031744,0.06349206349206349,0.99999996833796,False,0.6411528086809968,0.108518202332688,False,False,"",27.8,"",0,"[]","[]",0,False,False,"",""
"0x20b3747cb7c2fb265ba65dd1a5b9f7dbea266e18","ethereum","USDT",61554.455401,0.0,"USDT",61554.455401,73,0,0,14,23,0.27906976744186046,0.08837209302325581,0.0,True,0.24892761394101875,0.05211180719179381,False,False,"",27.8,"",0,"[]","[]",0,False,False,"",""
"0x82eb2a88e83f68448b5aa4c36900c3be157eb575","ethereum","USDT",44719.973668,44468.61,"USDT",44719.973668,102,2,2,2,2,0.0,0.45098039215686275,0.9943791633271943,False,0.8767578701989509,0.14249919506191977,False,False,"",27.7,"",0,"[]","[]",0,False,False,"",""
"0x3c06dcf9e00becd995c3741f80fc500d5501f261","ethereum","USDT",59452.09852599999,59450.0,"USDT",59452.09852599999,141,14,14,1,4,0.0,0.01282051282051282,0.9999647022384068,False,0.7367221629677886,0.12271757371121728,False,False,"",27.7,"",0,"[]","[]",0,False,False,"",""
"0xed7eb6de51d1cea385cc18d7d40a686a70078a9f","ethereum","USDT",62790.850654999995,0.0,"USDT",62790.850654999995,79,0,0,6,18,0.23076923076923078,0.08791208791208792,0.0,True,0.41729222520107245,0.07693249795286156,False,False,"",27.7,"",0,"[]","[]",0,False,False,"",""
"0x6fcf9f202fa3936342780a1f7f0b98c06e55fa79","ethereum","USDT",80201.53437699996,80201.53437699997,"USDT",80201.53437699996,87,2,24,29,15,0.06172839506172839,0.09259259259259259,1.0000000000000002,False,0.7899463806970509,0.13091258348408347,False,False,"",27.6,"",0,"[]","[]",0,False,False,"",""
"0x3b24896e63dc335a9a00835c3535a0134eac2a7a","ethereum","USDT",104223.214143,104223.213704,"USDT",104223.214143,320,4,9,5,5,0.9925925925925926,0.037037037037037035,0.9999999957878865,False,0.7195710447339848,0.12148512678319018,False,False,"",27.5,"",0,"[]","[]",0,False,False,"",""
"0x602d48dbb7477bccb95860e6ce74defdb944decd","ethereum","USDT",119287.52090300003,119287.518803,"USDT",119287.52090300003,64,12,14,3,2,0.0,0.07575757575757576,0.9999999823954759,False,0.6575066988919638,0.11241108850675963,False,False,"",27.5,"",0,"[]","[]",0,False,False,"",""
"0xcf1499161121cd6c34d7561a35b9e5c096e96eb6","ethereum","USDT",86082.18633099998,85991.0,"USDT",86082.18633099998,170,4,22,10,12,0.026881720430107527,0.44623655913978494,0.9989407061450629,False,0.9330321090574308,0.15254442882360497,False,False,"",27.4,"",0,"[]","[]",0,False,False,"",""
"0xc4db7a60042f04dc3e137b4942fa09c3f9582f0c","ethereum","USDT",14210.440116,14212.0,"USDT",14210.440116,50,11,11,8,6,0.17647058823529413,0.014705882352941176,1.0001097702806716,False,0.5187448019760372,0.09364538613859624,False,False,"",27.3,"",0,"[]","[]",0,False,False,"",""
"0x79cc2735b559b9557587920b7ad70bd103043521","ethereum","USDT",30363.381328999996,30363.381329,"USDT",30363.381328999996,173,3,3,2,2,0.05202312138728324,0.017341040462427744,1.0000000000000002,False,0.8147453083109919,0.13632891819744636,False,False,"",27.2,"",0,"[]","[]",0,False,False,"",""
"0x334e1acae8cebebc88e94ea153e869330916e70c","ethereum","USDT",65831.72693199999,936.3199999999999,"USDT",65831.72693199999,226,2,3,84,24,0.19834710743801653,0.0,0.014222929332647755,True,0.3378311810407923,0.06845595515255315,False,False,"",27.2,"",0,"[]","[]",0,False,False,"",""
"0x092678b476c6eec7000a5d74773cbab045887139","ethereum","USDT",77855.285798,77855.28502,"USDT",77855.285798,105,2,2,2,2,0.0,0.05714285714285714,0.999999990007101,False,0.8025469148915008,0.13530722929354966,False,False,"",27.1,"",0,"[]","[]",0,False,False,"",""
"0x9eed4dbf8472ea97d3432035cfe6552a16f2fb83","ethereum","USDT",142108.05684599996,142108.03226900002,"USDT",142108.05684599996,108,13,13,2,3,0.0,0.03418803418803419,0.9999998270541411,False,0.7320374989228926,0.1254522191003496,False,False,"",27.1,"",0,"[]","[]",0,False,False,"",""
"0x9c473e81abfca09c1628c13b48c65d26ad377483","ethereum","USDT",52492.321744,55816.773423,"USDT",52492.321744,58,13,21,43,14,0.14099783080260303,0.0,1.063332151609011,False,0.5063684222251147,0.0935106118347992,False,False,"",27.0,"",0,"[]","[]",0,False,False,"",""
"0x094b4cf43908f0adb3dbdb5025f52470aac3b160","ethereum","USDT",605661.578325,3470910.940194,"USDT",605661.578325,97,6,20,7,24,0.24870466321243523,0.19689119170984457,5.730776170073476,False,0.5020107238605899,0.0930748015807315,False,False,"",27.0,"",0,"[]","[]",0,False,False,"",""
"0x0399873e7214513439b090bc817214cbc94994ff","ethereum","USDT",57210.37163799998,63942.0,"USDT",57210.37163799998,268,3,8,55,24,0.04810126582278481,0.05822784810126582,1.1176644753261622,False,0.7093089279910679,0.12402622982746031,False,False,"",26.8,"",0,"[]","[]",0,False,False,"",""
"0x25ebd965904e55c39b49b7a32f9151dbe607876d","ethereum","USDT",11663.847271000004,13887.124463,"USDT",11663.847271000004,192,9,10,74,21,0.015544041450777202,0.0,1.1906126803912944,False,0.533995426388229,0.0987577431451358,False,False,"",26.8,"",0,"[]","[]",0,False,False,"",""
"0x9fd2e59e295fc0ce2f27647e68632d1eeb833241","ethereum","USDT",62505.176813999984,83646.555212,"USDT",62505.176813999984,241,11,21,16,22,0.026706231454005934,0.13056379821958458,1.3382340387726854,False,0.6519242378218704,0.11674750117045551,False,False,"",26.6,"",0,"[]","[]",0,False,False,"",""
"0x94537ff7ad3e801562fefcfd3558d0c5d2226299","ethereum","USDT",13855.873724,1501.139365,"USDT",13855.873724,94,1,1,24,20,0.0594059405940594,0.27722772277227725,0.10833956738504699,True,0.3755553129408164,0.07795771732061108,False,False,"",26.5,"",0,"[]","[]",0,False,False,"",""
"0xf23f1d95fc60dbc30efcef5bfd2675caca04f0df","ethereum","USDT",48122.313668999996,47920.313669,"USDT",48122.313668999996,81,5,8,42,23,0.09375,0.08333333333333333,0.9958023630910723,False,0.6180612769077587,0.11330248639696977,False,False,"",26.4,"",0,"[]","[]",0,False,False,"",""
"0x0099bb3f8dc85137d26af5d604b348339d1474ad","ethereum","USDT",26124.303813,0.0,"USDT",26124.303813,58,0,0,58,24,0.16806722689075632,0.04201680672268908,0.0,True,0.14249329758713136,0.04481625100239117,False,False,"",26.4,"",0,"[]","[]",0,False,False,"",""
"0x5b71d5fd6bb118665582dd87922bf3b9de6c75f9","ethereum","USDT",169859.53527100006,164574.25,"USDT",169859.53527100006,286,4,6,86,23,0.347682119205298,0.056291390728476824,0.96888437694965,False,0.7266186984462303,0.12926197216717156,False,False,"",26.3,"",0,"[]","[]",0,False,False,"",""
"0x196b1399b34f1c9972d8e9cace3786bc9691d991","ethereum","USDT",64895.446869000014,0.0,"USDT",64895.446869000014,78,0,0,33,24,0.1891025641025641,0.0673076923076923,0.0,True,0.24959785522788203,0.0609944604974913,False,False,"",26.3,"",0,"[]","[]",0,False,False,"",""
"0xd440fce225019c76a4007505d35ecc31058437d5","ethereum","USDT",284404.7376160001,283939.0,"USDT",284404.7376160001,53,9,23,64,18,0.025,0.6,0.9983624125958516,False,0.6666966112054974,0.1210925446557673,False,False,"",26.2,"",0,"[]","[]",0,False,False,"",""
"0xbfed48267f1986776186400f59cab1bc9ecf198f","ethereum","USDT",685481.7367339999,693600.0,"USDT",685481.7367339999,70,6,17,28,16,0.4132231404958678,0.23140495867768596,1.0118431503436982,False,0.6277922278401076,0.11600594670605158,False,False,"",26.1,"",0,"[]","[]",0,False,False,"",""
"0x9fe5b1d3b41af721e444020cd8f06b3e14fe6ebe","ethereum","USDT",65021.446858999996,69770.0,"USDT",65021.446858999996,55,1,2,1,1,0.0,0.05454545454545454,1.0730305671495948,False,0.5761445568113679,0.10887574950457957,False,False,"",26.1,"",0,"[]","[]",0,False,False,"",""
"0x8ca569b8e7cc18282a756636427472809cde1545","ethereum","USDT",54636.059137,49682.19013,"USDT",54636.059137,56,15,16,66,24,0.4438202247191011,0.0056179775280898875,0.9093296792402585,False,0.3660482414780786,0.07925599472751577,False,False,"",26.0,"",0,"[]","[]",0,False,False,"",""
"0x567baa4dadbacbd2594a5f67d382ec69a6fab620","ethereum","USDT",109229.32393400003,117934.0,"USDT",109229.32393400003,193,5,13,1,11,0.0,0.37755102040816324,1.0796917508274575,False,0.9245442235610501,0.15954767081161814,False,False,"",25.9,"",0,"[]","[]",0,False,False,"",""
"0x906b36021157a67ef4b86bb5ec6daff1dd24f726","ethereum","USDT",11245.729607,11245.0,"USDT",11245.729607,59,2,2,1,2,0.0,0.15254237288135594,0.9999351214171516,False,0.714866380851795,0.12985558310566314,False,False,"",25.9,"",0,"[]","[]",0,False,False,"",""
"0x266573525cc74c10f0deb6c663e5b39c900ed30d","ethereum","USDT",183220.72647800003,0.0,"USDT",183220.72647800003,98,0,0,20,22,0.05982905982905983,0.017094017094017096,0.0,True,0.2522788203753351,0.0638968543259168,False,False,"",25.9,"",0,"[]","[]",0,False,False,"",""
"0x5b7d33811f59f719a8f8a113e17f793cd2b360bd","ethereum","USDT",92202.43829900002,99700.0,"USDT",92202.43829900002,192,5,11,36,17,0.20833333333333334,0.13636363636363635,1.0813163061554447,False,0.8904391516375438,0.15521470717100927,False,False,"",25.8,"",0,"[]","[]",0,False,False,"",""
"0xa8c673c234395085e3ce54f5e84bae375cf8bc12","ethereum","USDT",44739.209208,44739.19549399999,"USDT",44739.209208,143,10,10,3,5,0.018292682926829267,0.08536585365853659,0.9999996934679837,False,0.8138069092029802,0.14451605217244867,False,False,"",25.8,"",0,"[]","[]",0,False,False,"",""
"0x7433036715c2b5559b002b896ce3ae18c487b7e3","ethereum","USDT",66828.633172,66828.6329,"USDT",66828.633172,90,8,23,11,15,0.16205128205128205,0.0,0.9999999959298883,False,0.6336461117865139,0.11852387314220258,False,False,"",25.8,"",0,"[]","[]",0,False,False,"",""
"0x1d4969b90fd3d7a9463ec577d1af2cc4f1f02cb9","ethereum","USDT",38916.613978,38916.6032,"USDT",38916.613978,107,2,2,5,7,0.0,0.037037037037037035,0.9999997230488755,False,0.7839141537250567,0.1410116024854864,False,False,"",25.7,"",0,"[]","[]",0,False,False,"",""
"0x47b3e4851f4530066bf4fffc56a402eccfa224ab","ethereum","USDT",11387.000028999999,11441.184484,"USDT",11387.000028999999,109,3,18,59,22,0.28440366972477066,0.5688073394495413,1.0047584486574168,False,0.738056353163959,0.13425721634303805,False,False,"",25.7,"",0,"[]","[]",0,False,False,"",""
"0xf2777e5303f80ea39b16b4f9d8cd2d9b9170f8fd","ethereum","USDT",18616.943321,18718.0,"USDT",18616.943321,157,3,15,13,17,0.2558139534883721,0.563953488372093,1.0054282100588452,False,0.777198540293861,0.1401333119120774,False,False,"",25.6,"",0,"[]","[]",0,False,False,"",""
"0x40695431cc5cb5bdbdc1a421012710d14cecce2c","ethereum","USDT",10870.438590000002,10870.43859,"USDT",10870.438590000002,61,3,3,1,1,0.0,0.03278688524590164,0.9999999999999998,False,0.6538873994638069,0.12259212346285919,False,False,"",25.6,"",0,"[]","[]",0,False,False,"",""
"0xbc4d3fc87ab4666663504414e09f0c57e989f80c","ethereum","USDT",34483.07766400001,34483.077664000004,"USDT",34483.07766400001,97,1,20,10,11,0.13761467889908258,0.0,0.9999999999999998,False,0.6513404825737265,0.1228919241240608,False,False,"",25.5,"",0,"[]","[]",0,False,False,"",""
"0x50b15ff153d662143e4b12a53462b5faac81321f","ethereum","USDT",72057.427771,72056.6757,"USDT",72057.427771,54,5,18,7,17,0.3793103448275862,0.15517241379310345,0.9999895628941629,False,0.5395421485037656,0.10729674136164946,False,False,"",25.4,"",0,"[]","[]",0,False,False,"",""
"0xb5acc81cdf7c2148e7b9e957792ca7609217a532","ethereum","USDT",193879.81549800004,193800.0,"USDT",193879.81549800004,51,2,5,7,18,0.01694915254237288,0.3559322033898305,0.9995883248712868,False,0.6968345550546864,0.1308127385716225,False,False,"",25.3,"",0,"[]","[]",0,False,False,"",""
"0xc9a24fa24563be6de9f5daa83752facb566c80ea","ethereum","USDT",209318.82872700007,220969.85026500002,"USDT",209318.82872700007,64,9,22,40,15,0.10344827586206896,0.16091954022988506,1.0556616029664276,False,0.6817631217659638,0.12819076815878327,False,False,"",25.3,"",0,"[]","[]",0,False,False,"",""
"0x6291680980daa5135599d192b6a09a73ab677ba7","ethereum","USDT",24799.460000000006,24681.51,"USDT",24799.460000000006,85,1,25,18,13,0.0449438202247191,0.0,0.9952438480515299,False,0.6154026570097698,0.11883012896370598,False,False,"",25.3,"",0,"[]","[]",0,False,False,"",""
"0xb9ffa4fe83b744e8d53dd44e904e3a57cd3ba152","ethereum","USDT",10322.535929,10322.535929,"USDT",10322.535929,53,1,5,1,2,0.0,0.0,1.0,False,0.4932975871313673,0.10174383423906075,False,False,"",25.3,"",0,"[]","[]",0,False,False,"",""
"0x21b65af41c1355ac1b3171d3dca5d24fc8a7f865","ethereum","USDT",14216.054701000003,12263.0,"USDT",14216.054701000003,162,2,6,52,19,0.6280487804878049,0.012195121951219513,0.8626162643519781,False,0.6218530115835323,0.12022247442708561,False,False,"",25.2,"",0,"[]","[]",0,False,False,"",""
"0xe1b323827500e7dd641697c88d185906e6bdd4d1","ethereum","USDT",111959.921164,0.0,"USDT",111959.921164,82,0,0,2,22,0.14705882352941177,0.18627450980392157,0.0,True,0.30790884718498657,0.07565833720418552,False,False,"",25.2,"",0,"[]","[]",0,False,False,"",""
"0x6ca77efbc58ad48960003d051478f534a782a5c5","ethereum","USDT",231352.257753,231352.257753,"USDT",231352.257753,133,3,19,10,24,0.2332657200811359,0.004056795131845842,1.0,False,0.6146112600536193,0.120091893575482,False,False,"",25.1,"",0,"[]","[]",0,False,False,"",""
"0xe0b723e75a8d32d5a682926de4738fdbc6822c09","ethereum","USDT",27118.277409,27177.877948,"USDT",27118.277409,200,2,12,2,6,0.385,0.0,1.0021977995910694,False,0.6265041398136897,0.12213775523561005,False,False,"",25.0,"",0,"[]","[]",0,False,False,"",""
"0xca03fa4399a806301471a500a35f3cb109bf3f80","ethereum","USDT",79620.26596599999,0.0,"USDT",79620.26596599999,78,0,0,51,22,0.043010752688172046,0.13978494623655913,0.0,True,0.28445040214477213,0.07339835287646368,False,False,"",25.0,"",0,"[]","[]",0,False,False,"",""
"0x2467e4ab5a11e783102bb48db82b700de7000073","ethereum","USDT",140733.648583,140733.64846399997,"USDT",140733.648583,83,4,23,27,11,0.011494252873563218,0.6666666666666666,0.9999999991544308,False,0.8391420909837013,0.15305581853499722,False,False,"",24.9,"",0,"[]","[]",0,False,False,"",""
"0x55a36340db449287c3ad254d692c9dc651e56a2d","ethereum","USDT",16900.685944999997,16900.0,"USDT",16900.685944999997,60,2,2,2,2,0.016666666666666666,0.36666666666666664,0.999959413185818,False,0.7489194965781824,0.1405911925658998,False,False,"",24.8,"",0,"[]","[]",0,False,False,"",""
"0xa56be7c6b8da82d7212880fccd8804c92bef7a00","ethereum","USDT",154339.53439099996,220993.333017,"USDT",154339.53439099996,293,6,24,8,24,0.20175438596491227,0.04093567251461988,1.4318647123629449,False,0.6298468966695022,0.1241061801954984,False,False,"",24.8,"",0,"[]","[]",0,False,False,"",""
"0xdcb69ff30aeb0947cc68e602224cb719b6505b9a","ethereum","USDT",125086.32404300004,112178.643714,"USDT",125086.32404300004,125,13,18,36,15,0.0,0.0,0.8968098197164796,False,0.6636783178306954,0.12948467394740204,False,False,"",24.7,"",0,"[]","[]",0,False,False,"",""
"0x0cf69506cea10ef3cd2d287a51260c092f913f3b","ethereum","USDT",170951.2831189999,280189.367654,"USDT",170951.2831189999,160,3,4,61,9,0.38972809667673713,0.054380664652567974,1.6390012554568485,False,0.5709933145922764,0.11586598070562953,False,False,"",24.7,"",0,"[]","[]",0,False,False,"",""
"0xfa551dc7a3536063b812cd8bcc324d069017c680","ethereum","USDT",10046.672957999997,10590.090999,"USDT",10046.672957999997,131,6,19,35,21,0.06818181818181818,0.0,1.054089353089501,False,0.5775199309906789,0.11772632529580201,False,False,"",24.6,"",0,"[]","[]",0,False,False,"",""
"0xd35e0895c5551b48fc2a84f7614542757d34c0b6","ethereum","USDT",59917.68141799999,0.0,"USDT",59917.68141799999,121,0,0,51,2,1.0,0.024793388429752067,0.0,True,0.28900804289544235,0.07683927257481249,False,False,"",24.5,"",0,"[]","[]",0,False,False,"",""
"0xc0e2cd68b80fda3c740f73b796a70a3916941eb7","ethereum","USDT",264479.19663900003,300274.40850799996,"USDT",264479.19663900003,127,8,17,17,24,0.1712403951701427,0.003293084522502744,1.1353422587632043,False,0.5333873123224262,0.11251875270405554,False,False,"",24.4,"",0,"[]","[]",0,False,False,"",""
"0x24d443559267a387e87e9a34cf4b64d479c5ea63","ethereum","USDT",486195.5725540001,496217.918372,"USDT",486195.5725540001,66,11,23,10,13,0.33986928104575165,0.013071895424836602,1.0206138154762543,False,0.4480220090227116,0.10032090660993859,False,False,"",24.4,"",0,"[]","[]",0,False,False,"",""
"0xd299b8f2ae45dc948dae4bbfd6ee335b07686f02","ethereum","USDT",12001.723184,12000.0,"USDT",12001.723184,76,2,2,3,3,0.0,0.013157894736842105,0.9998564219509497,False,0.6810704801006457,0.13450486455493327,False,False,"",24.2,"",0,"[]","[]",0,False,False,"",""
"0x1fee6ec9bee894187f1b2ca15b5ca19db32a0fbf","ethereum","USDT",207172.88461399986,203092.29969099996,"USDT",207172.88461399986,89,1,23,25,20,0.02247191011235955,0.0,0.9803034797212832,False,0.4760875055957312,0.10543792819519571,False,False,"",24.2,"",0,"[]","[]",0,False,False,"",""
"0x66867e811ad86b36a38453d15e34b18017b0b06f","ethereum","USDT",89346.52138300001,89346.521383,"USDT",89346.52138300001,86,11,20,8,13,0.3906432748538012,0.0,0.9999999999999999,False,0.4691689008042895,0.10429707045972597,False,False,"",24.2,"",0,"[]","[]",0,False,False,"",""
"0x6eeaab454c66041b87baa28f3f387814a2bfd701","ethereum","USDT",641987.978565,641987.978565,"USDT",641987.978565,52,6,18,3,9,0.32142857142857145,0.0,1.0,False,0.38766756032171584,0.09293608297025047,False,False,"",24.2,"",0,"[]","[]",0,False,False,"",""
"0xea46a927046cac33a671ab1ff5bca3a11e2c51a9","ethereum","USDT",323079.492506,323079.48773,"USDT",323079.492506,166,4,8,8,23,0.09210526315789473,0.21052631578947367,0.9999999852172604,False,0.7690348495903689,0.1479549706576545,False,False,"",24.1,"",0,"[]","[]",0,False,False,"",""
"0x85b312d08977a54e1af1e8f247928c8aca58bf8e","ethereum","USDT",62535.1046,62535.1046,"USDT",62535.1046,60,10,24,8,14,0.19157608695652173,0.0,1.0,False,0.5327077747989276,0.11386152633571961,False,False,"",24.1,"",0,"[]","[]",0,False,False,"",""
"0xabdb4263d59c61c71810a6a151ef906f36f900f6","ethereum","USDT",340816.24343400006,340816.238827,"USDT",340816.24343400006,79,3,8,2,4,0.0,0.09523809523809523,0.9999999864824517,False,0.7705093806745065,0.14890182852439177,False,False,"",23.9,"",0,"[]","[]",0,False,False,"",""
"0x3c3ab2e5191b4f61b38d14c9721f43f4ab835727","ethereum","USDT",13205.167317999998,13205.167218,"USDT",13205.167317999998,56,6,6,1,3,0.0,0.07142857142857142,0.999999992427207,False,0.6621983899063529,0.13343868419265054,False,False,"",23.9,"",0,"[]","[]",0,False,False,"",""
"0x78fb7f2c09d940f26003fe19a4dd2bdfed2fead6","ethereum","USDT",19782.196087,23548.385229,"USDT",19782.196087,89,16,17,5,8,0.5050505050505051,0.0,1.190382762633466,False,0.4419502571247813,0.10208352106654006,False,False,"",23.9,"",0,"[]","[]",0,False,False,"",""
"0x2d93c85208222286641c856345b187cc0bf000d2","ethereum","USDT",34178.361358999995,33706.0,"USDT",34178.361358999995,99,11,18,53,22,0.08571428571428572,0.01904761904761905,0.9861795200174039,False,0.55527879944584,0.11916386556754854,False,False,"",23.8,"",0,"[]","[]",0,False,False,"",""
"0x11a7526a267ff202c919a16c577aaf213241649c","ethereum","USDT",142861.66505200003,2000.0,"USDT",142861.66505200003,204,3,6,79,24,0.05741626794258373,0.1722488038277512,0.013999556838932422,True,0.47558811512113763,0.10726918987357753,False,False,"",23.8,"",0,"[]","[]",0,False,False,"",""
"0x9e5501ab92f7be2cb30ddcd22881bb81cc07f291","ethereum","USDT",19782.269014,19782.268674000003,"USDT",19782.269014,94,9,10,3,3,0.021052631578947368,0.05263157894736842,0.9999999828128918,False,0.7274798893239725,0.1443369181386529,False,False,"",23.7,"",0,"[]","[]",0,False,False,"",""
"0x32da03df1c069183b6e96012518b8a7bec165c05","ethereum","USDT",99318.97393499997,128867.429327,"USDT",99318.97393499997,197,11,25,85,24,0.171875,0.0,1.2975106791914528,False,0.5158329848051411,0.11406210145896623,False,False,"",23.7,"",0,"[]","[]",0,False,False,"",""
"0xb7f859ac1e05ddc11e3a2fb69d753e2b4619080c","ethereum","USDT",30763.216222000003,30763.216221999995,"USDT",30763.216222000003,126,8,9,2,2,0.007936507936507936,0.07936507936507936,0.9999999999999998,False,0.7931635388739946,0.15429910161215116,False,False,"",23.6,"",0,"[]","[]",0,False,False,"",""
"0x280ae8ac85305f7acc61a2251eed1b4bbfd55a00","ethereum","USDT",15635.753143,15635.753143,"USDT",15635.753143,52,6,6,5,8,0.0,0.019230769230769232,1.0,False,0.5902144772117963,0.1253875391304261,False,False,"",23.5,"",0,"[]","[]",0,False,False,"",""
"0xeb0a1faed771722eff735e00bd3ff13f902bc51f","ethereum","USDT",10398.642731,10290.0,"USDT",10398.642731,73,2,2,14,19,0.14606741573033707,0.1797752808988764,0.9895522200530923,False,0.6279372536620931,0.13161146919881367,False,False,"",23.4,"",0,"[]","[]",0,False,False,"",""
"0xdc665ed66ab8dfbc77d87e16ef559dde40509b97","ethereum","USDT",463813.225144,463813.196182,"USDT",463813.225144,64,5,8,1,3,1.0,0.19696969696969696,0.9999999375567611,False,0.6020107113719421,0.12772712777026557,False,False,"",23.4,"",0,"[]","[]",0,False,False,"",""
"0xb0fb0e6a6a1e26b28d7cfc215f078a99e9fc5c34","ethereum","USDT",65482.30391,65482.303909999995,"USDT",65482.30391,197,6,16,4,7,0.03015075376884422,0.005025125628140704,0.9999999999999999,False,0.8005361930294906,0.15671474404296643,False,False,"",23.3,"",0,"[]","[]",0,False,False,"",""
"0xec9904e391cbb2b2609b656478e41fdddb0f988f","ethereum","USDT",32213.971307000003,33984.70942299999,"USDT",32213.971307000003,78,3,3,31,15,0.0,0.11627906976744186,1.054968016800065,False,0.7654139033423999,0.1518568338481731,False,False,"",23.3,"",0,"[]","[]",0,False,False,"",""
"0x05b46f8002db616579c4f82cedfe2523206a131b","ethereum","USDT",32810.0701,32810.0701,"USDT",32810.0701,58,1,25,33,16,0.015384615384615385,0.0,1.0,False,0.5190348525469168,0.11639114165484232,False,False,"",23.3,"",0,"[]","[]",0,False,False,"",""
"0xf12f1d92aab16f4675763119071befb85391b9ef","ethereum","USDT",29688.45591300001,0.0,"USDT",29688.45591300001,83,0,0,41,24,0.5060240963855421,0.0,0.0,True,0.164343163538874,0.06615820293440011,False,False,"",23.3,"",0,"[]","[]",0,False,False,"",""
"0xfd7540420761aac496b29895e4f894abc699cd4a","ethereum","USDT",43057.55024500002,38608.339747,"USDT",43057.55024500002,134,4,23,13,17,0.005847953216374269,0.03508771929824561,0.8966682852906459,False,0.7884489385594697,0.15594251591573705,False,False,"",23.2,"",0,"[]","[]",0,False,False,"",""
"0xfe6f5844501c23b70cc1a2d875aaad645ee4b053","ethereum","USDT",21624.813021999995,38044.301033,"USDT",21624.813021999995,133,2,2,50,8,0.028735632183908046,0.0,1.7592892476941027,False,0.5880885311582305,0.1267543154466264,False,False,"",23.2,"",0,"[]","[]",0,False,False,"",""
"0xcc1c3f6eb02f8ff2e62a287894073d2dd4d76d5a","ethereum","USDT",10921.312959000004,10016.010178,"USDT",10921.312959000004,54,12,19,47,24,0.18888888888888888,0.0,0.9171067815382065,False,0.3319468254765421,0.09051245821215387,False,False,"",23.2,"",0,"[]","[]",0,False,False,"",""
"0x4e5f8a9fbc93f76c9b7535a98750a8c480450961","ethereum","USDT",26293.012522999998,26999.478935,"USDT",26293.012522999998,159,6,6,2,3,0.6163522012578616,0.4088050314465409,1.026868979405917,False,0.7717039521080927,0.1536391138427683,False,False,"",23.1,"",0,"[]","[]",0,False,False,"",""
"0xe127b48e855861e1c6bfd93bfd1b9e7cf0bbf094","ethereum","USDT",45404.332992,0.0,"USDT",45404.332992,73,0,0,22,9,0.4024390243902439,0.024390243902439025,0.0,True,0.19128686327077749,0.07110465141355127,False,False,"",23.1,"",0,"[]","[]",0,False,False,"",""
"0x9e2de63c8306a89d71d637e2ee27827c06a51028","ethereum","USDT",14592.740274,14592.740274,"USDT",14592.740274,59,2,2,1,1,0.0,0.05084745762711865,1.0,False,0.6591152815013406,0.13823253788155976,False,False,"",23.0,"",0,"[]","[]",0,False,False,"",""
"0x2704ba2d5d3544e6292d9aca536b6bbbfebd80e9","ethereum","USDT",284648.8343769998,300900.0,"USDT",284648.8343769998,149,4,6,71,24,0.23968565815324164,0.021611001964636542,1.057091980223873,False,0.6482330784860565,0.13667883295359118,False,False,"",23.0,"",0,"[]","[]",0,False,False,"",""
"0x7757be29e1e0e6b00f6037a4527bf2918faec28d","ethereum","USDT",53086.85033199999,53086.847932,"USDT",53086.85033199999,146,5,6,3,5,0.03333333333333333,0.04666666666666667,0.9999999547910645,False,0.8281501250064702,0.16386375925506963,False,False,"",22.8,"",0,"[]","[]",0,False,False,"",""
"0xc7d7a089b085b86047dd7551a697d1b17c7838c4","ethereum","USDT",41875.763528,41968.71436800001,"USDT",41875.763528,73,2,14,19,12,0.06976744186046512,0.13953488372093023,1.002219681079674,False,0.7677866267867463,0.15492575402401176,False,False,"",22.8,"",0,"[]","[]",0,False,False,"",""
"0xd5d38d7216f5af0a2aed4fd315f5d44c404f84cc","ethereum","USDT",217592.38756499998,217592.0,"USDT",217592.38756499998,60,7,11,3,5,0.012048192771084338,0.1927710843373494,0.9999982188485346,False,0.6828414668260072,0.14297316058570753,False,False,"",22.8,"",0,"[]","[]",0,False,False,"",""
"0x5dece94334c1f2961e68f69f3a263f2479b522a8","ethereum","USDT",123418.65058400002,123418.650484,"USDT",123418.65058400002,56,3,4,1,2,0.0,0.05357142857142857,0.9999999991897496,False,0.6445040212856711,0.13721098394868558,False,False,"",22.8,"",0,"[]","[]",0,False,False,"",""
"0x95cace276e1986fe328afcfc0e94f92165e13f97","ethereum","USDT",56996.504991,56996.504991,"USDT",56996.504991,59,8,24,7,13,0.2198100407055631,0.0,1.0,False,0.5254691689008043,0.12027699831263733,False,False,"",22.8,"",0,"[]","[]",0,False,False,"",""
"0xe40c9699449b25b197da8cbcb7d325e31df3be53","ethereum","USDT",220364.7260580001,50000.0,"USDT",220364.7260580001,274,6,12,87,24,0.08812260536398467,0.10153256704980843,0.22689656776938055,True,0.5074436567174151,0.11776131742919799,False,False,"",22.8,"",0,"[]","[]",0,False,False,"",""
"0x9fad7da84392f6f5499668232ed1d1e815d7621f","ethereum","USDT",15421.124328999997,15531.624329,"USDT",15421.124328999997,51,1,4,5,5,0.05660377358490566,0.0,1.007165495695551,False,0.47980014482871824,0.114037710608343,False,False,"",22.8,"",0,"[]","[]",0,False,False,"",""
"0x3c178a783e264c6450dbcddef3bb96a45c2323d5","ethereum","USDT",80379.65341500004,0.0,"USDT",80379.65341500004,115,0,0,58,22,0.26229508196721313,0.0,0.0,True,0.22225201072386058,0.07690490406510186,False,False,"",22.8,"",0,"[]","[]",0,False,False,"",""
"0x239cd4e777ad7d47d3f65e1bc07ab282b2be7de5","ethereum","USDT",125722.01587400003,125722.015874,"USDT",125722.01587400003,88,3,20,15,11,0.031914893617021274,0.10638297872340426,0.9999999999999998,False,0.7994638069705093,0.16009817833979312,False,False,"",22.7,"",0,"[]","[]",0,False,False,"",""
"0x5530b1f19395f42b9e917a5c02bc35a1f2168310","ethereum","USDT",18568.481742,18568.480441000003,"USDT",18568.481742,82,5,5,2,4,0.0,0.04819277108433735,0.9999999299350364,False,0.739276125397195,0.15150278336138095,False,False,"",22.7,"",0,"[]","[]",0,False,False,"",""
"0x5c92445246269078e042064c309f508829757fbf","ethereum","USDT",150867.385389,102300.0,"USDT",150867.385389,92,2,3,5,21,0.03076923076923077,0.15384615384615385,0.6780789614417144,False,0.6136318780792276,0.13368228688868983,False,False,"",22.7,"",0,"[]","[]",0,False,False,"",""
"0x9e510740892a3fbdbbcfdbad69583c1f34fbb794","ethereum","USDT",26246.264341000002,21610.0,"USDT",26246.264341000002,206,4,4,79,23,0.10144927536231885,0.0,0.8233552676005946,False,0.5948319114289661,0.13092240152592416,False,False,"",22.7,"",0,"[]","[]",0,False,False,"",""
"0x970bc03dc4ef8b4e675c9af71770d886bd4a143d","ethereum","USDT",16706.228713999997,16706.228714,"USDT",16706.228713999997,62,1,20,8,9,0.016129032258064516,0.0,1.0000000000000002,False,0.5427613941018766,0.12368550856512711,False,False,"",22.7,"",0,"[]","[]",0,False,False,"",""
"0xb6ca71192940d6fbf10b5a91bf1ff61fbaf402e1","ethereum","USDT",44850.23616199999,44850.236162,"USDT",44850.23616199999,82,12,19,11,13,0.5354477611940298,0.0,1.0000000000000002,False,0.45991957104557635,0.11154167485902378,False,False,"",22.7,"",0,"[]","[]",0,False,False,"",""
"0x08f502da0f69ec96a1240cad3781000ca4b6c524","ethereum","USDT",411470.269957,490.0,"USDT",411470.269957,50,3,8,38,19,0.205607476635514,0.205607476635514,0.0011908515287172672,True,0.22946069041298206,0.07891795826901582,False,False,"",22.7,"",0,"[]","[]",0,False,False,"",""
"0x5a5d922bee066cc594e307b0c19c1972bef40088","ethereum","USDT",50322.159617,0.0,"USDT",50322.159617,120,0,0,29,23,0.22131147540983606,0.0,0.0,True,0.22707774798927613,0.07903538862240794,False,False,"",22.6,"",0,"[]","[]",0,False,False,"",""
"0xbfc64e5510d43633d65c1dec8ee92567e0c13261","ethereum","USDT",306254.6522580001,215000.0,"USDT",306254.6522580001,117,8,25,61,24,0.2579505300353357,0.17667844522968199,0.7020301517538292,False,0.6110494619861546,0.13417795410111438,False,False,"",22.5,"",0,"[]","[]",0,False,False,"",""
"0x6a03d95e863ed59d5f39575ec5ab395b30210763","ethereum","USDT",15211.123849000001,10638.2,"USDT",15211.123849000001,63,2,14,9,8,0.024691358024691357,0.2222222222222222,0.6993697576592521,False,0.6928230131940489,0.1464968110602503,False,False,"",22.4,"",0,"[]","[]",0,False,False,"",""
"0xf7e98e419c387815a00c7ae1ccb348925023e2ab","ethereum","USDT",201560.14381799995,199194.67657599994,"USDT",201560.14381799995,156,3,21,4,24,0.19428571428571428,0.05142857142857143,0.9882642113803216,False,0.6878673194878605,0.1460422092550383,False,False,"",22.4,"",0,"[]","[]",0,False,False,"",""
"0xdf70a7494dbaab2d400138c223152659862032bd","ethereum","USDT",66426.23409,66426.21209,"USDT",66426.23409,96,10,19,12,24,0.3772893772893773,0.0,0.999999668805551,False,0.49772111338577507,0.1188668123511245,False,False,"",22.4,"",0,"[]","[]",0,False,False,"",""
"0x00d1331f4404bdfd0372fe6971de5422fd1a04d3","ethereum","USDT",22261.914332,22261.913031,"USDT",22261.914332,70,5,5,2,4,0.0,0.1267605633802817,0.9999999415593834,False,0.7536192912609384,0.15594986883643663,False,False,"",22.3,"",0,"[]","[]",0,False,False,"",""
"0xa2010cd90f30a67dd07efc6bf6d53735fbf98270","ethereum","USDT",49917.68273900001,47248.550684,"USDT",49917.68273900001,51,13,22,60,24,0.39166666666666666,0.008333333333333333,0.946529327714272,False,0.3532468843096105,0.09916815097273585,False,False,"",22.2,"",0,"[]","[]",0,False,False,"",""
"0xb12b1d81782b94ceed4734cb7a49e62e921a435a","ethereum","USDT",33311.000742,33310.997989999996,"USDT",33311.000742,90,4,4,2,3,0.0,0.07777777777777778,0.9999999173846496,False,0.7908847019755895,0.16207032590740444,False,False,"",22.1,"",0,"[]","[]",0,False,False,"",""
"0x9090bd330e88984d1aae8759a7e7395bea0f598a","ethereum","USDT",16659.514682000005,15555.0,"USDT",16659.514682000005,111,3,3,62,23,0.09352517985611511,0.050359712230215826,0.9337006687719785,False,0.6386168093576129,0.14056846621985775,False,False,"",22.1,"",0,"[]","[]",0,False,False,"",""
"0xa674253a0ca76726998a2ad5856abffb38229b35","ethereum","USDT",71554.353294,71554.3532,"USDT",71554.353294,66,2,2,2,7,0.0,0.0,0.9999999986863133,False,0.6124664876729196,0.13742799941384914,False,False,"",22.0,"",0,"[]","[]",0,False,False,"",""
"0x4341222204b8b46f995da6385f04b65cea26dcd2","ethereum","USDT",86084.345482,86084.345482,"USDT",86084.345482,64,3,3,10,23,0.2361111111111111,0.1388888888888889,1.0,False,0.5859249329758713,0.1333690967513379,False,False,"",22.0,"",0,"[]","[]",0,False,False,"",""
"0x208261df8489b5b6fcbf77b64cc4beb5ba9f0922","ethereum","USDT",17230.590000000004,17625.510000000002,"USDT",17230.590000000004,56,1,17,22,15,0.1076923076923077,0.015384615384615385,1.0229197026915502,False,0.5478289280943978,0.12808825441744348,False,False,"",22.0,"",0,"[]","[]",0,False,False,"",""
"0x739cd2285e566caacd98b06590a123a08bac9f58","ethereum","USDT",10741.236932,10741.236771,"USDT",10741.236932,72,7,7,1,1,1.0,0.06944444444444445,0.9999999850110373,False,0.5305629996831726,0.12587683861750415,False,False,"",22.0,"",0,"[]","[]",0,False,False,"",""
"0x302dd19007fd01efdf1894c38cf5030aa9b50d0b","ethereum","USDT",203756.841426,203756.841426,"USDT",203756.841426,50,4,5,1,2,0.0,0.0,1.0,False,0.5247989276139411,0.12487352133075813,False,False,"",22.0,"",0,"[]","[]",0,False,False,"",""
"0x095665c4bea6591e035192c46e9ad72cfe8d8393","ethereum","USDT",26167.912792,25006.0,"USDT",26167.912792,128,3,4,26,23,0.07065217391304347,0.08152173913043478,0.9555978040267997,False,0.6901812230037514,0.14928434395708096,False,False,"",21.9,"",0,"[]","[]",0,False,False,"",""
"0x066bbbcef713297ef1f07a8646afc33ed008bd75","ethereum","USDT",128341.48792800002,128341.48551900001,"USDT",128341.48792800002,105,8,24,19,21,0.15454545454545454,0.34545454545454546,0.9999999812297641,False,0.6760053581762476,0.14702628090047776,False,False,"",21.9,"",0,"[]","[]",0,False,False,"",""
"0x1e33fa7c3ec49e187d5619627442c1e5342cd41e","ethereum","USDT",23360.916801,23360.916593,"USDT",23360.916801,102,6,7,3,4,0.18627450980392157,0.029411764705882353,0.9999999910962399,False,0.771715815913618,0.16104474056431667,False,False,"",21.8,"",0,"[]","[]",0,False,False,"",""
"0xa502fd81cbea1fb3a90259667e2d630de2093353","ethereum","USDT",16854.444008,16854.443808,"USDT",16854.444008,61,6,6,2,4,0.0,0.04838709677419355,0.9999999881336935,False,0.6686327054015376,0.14678505366068922,False,False,"",21.8,"",0,"[]","[]",0,False,False,"",""
"0x0a3815bf16e2c6e21ee2b15275c8a2309a49b541","ethereum","USDT",15950.036295999998,15950.036295999998,"USDT",15950.036295999998,56,6,12,1,1,0.0,0.05357142857142857,1.0,False,0.6445040214477212,0.14321250869185076,False,False,"",21.8,"",0,"[]","[]",0,False,False,"",""
"0x280756917632049d4c6ce960d6f3e2da8062d75d","ethereum","USDT",77251.07172299996,104376.0,"USDT",77251.07172299996,78,14,17,55,22,0.10628019323671498,0.13526570048309178,1.3511268862943702,False,0.5120802527679356,0.12391838073194361,False,False,"",21.8,"",0,"[]","[]",0,False,False,"",""
"0xf4f77ef5a426728a6ac8d8abca22fee6fca1f57a","ethereum","USDT",63105.84424,63090.893240000005,"USDT",63105.84424,77,9,12,9,13,0.4358353510895884,0.0,0.9997630805802529,False,0.44459068582114436,0.11469079417376388,False,False,"",21.8,"",0,"[]","[]",0,False,False,"",""
"0x6dae673b23769fa65d943ac7fe4fc48097fa06b3","ethereum","USDT",95685.08919999999,100764.94154100001,"USDT",95685.08919999999,155,9,14,24,24,0.1419753086419753,0.2962962962962963,1.0530892784181052,False,0.7076127073190599,0.15242930446604047,False,False,"",21.7,"",0,"[]","[]",0,False,False,"",""
"0x21e5952f2174ffbf666591fb209511c59ca5f4af","ethereum","USDT",21491.486051999997,21394.686052,"USDT",21491.486051999997,66,1,15,12,9,0.20833333333333334,0.0,0.9954958908022562,False,0.561565666096108,0.13204380094502288,False,False,"",21.7,"",0,"[]","[]",0,False,False,"",""
"0x90d26309f9c83852aa626ee1f698caee73d1d7b7","ethereum","USDT",97134.41114199998,97190.0,"USDT",97134.41114199998,67,11,19,49,24,0.13247863247863248,0.2777777777777778,1.0005722880011982,False,0.578705917734881,0.13472948493353354,False,False,"",21.6,"",0,"[]","[]",0,False,False,"",""
"0xf673fb4db7af28b274bd586454be9ccfa49ef223","ethereum","USDT",44295.201529000005,44295.20052,"USDT",44295.201529000005,121,8,10,3,4,0.00819672131147541,0.03278688524590164,0.9999999772210088,False,0.7446380651492956,0.15896477451662916,False,False,"",21.5,"",0,"[]","[]",0,False,False,"",""
"0x14e4148539d95998d80766bef1b14770523d77de","ethereum","USDT",131557.626379,130497.33919500001,"USDT",131557.626379,56,8,21,7,16,0.240234375,0.0,0.9919405114459466,False,0.5057607564446853,0.12508000807431147,False,False,"",21.5,"",0,"[]","[]",0,False,False,"",""
"0xab1566f0b38bd2249cb74fc0c4f8888a6dbaadd5","ethereum","USDT",115863.30934499997,79632.744569,"USDT",115863.30934499997,52,12,25,63,16,0.006578947368421052,0.02631578947368421,0.6872990683520168,False,0.48571718632455885,0.12238554394178852,False,False,"",21.5,"",0,"[]","[]",0,False,False,"",""
"0xc014cb39f8d69d19c821013a3f6b404638483c31","ethereum","USDT",121098.919503,42830.0,"USDT",121098.919503,150,10,13,88,23,0.04909560723514212,0.06718346253229975,0.35367780468874427,True,0.42515915343104643,0.11403028639294027,False,False,"",21.4,"",0,"[]","[]",0,False,False,"",""
"0x35bf0689841fd1f1fecbc8200eb5478dd4d9fe79","ethereum","USDT",19640.000022,19640.000001,"USDT",19640.000022,59,2,10,5,6,0.0,0.0684931506849315,0.9999999989307535,False,0.6773458442901722,0.1505193462898642,False,False,"",21.3,"",0,"[]","[]",0,False,False,"",""
"0x18204bcdff03c63fc80d03643c13a1bf1082378e","ethereum","USDT",32702.071739,32702.071413,"USDT",32702.071739,54,3,3,2,3,0.9814814814814815,0.24074074074074073,0.9999999900312126,False,0.557238603904366,0.13347605986754507,False,False,"",21.3,"",0,"[]","[]",0,False,False,"",""
"0x15cffe3f4951e63cc248dbd41c10914017819f30","ethereum","USDT",296080.87230800005,330477.594382,"USDT",296080.87230800005,103,7,13,16,24,0.20781032078103207,0.012552301255230125,1.1161734015638083,False,0.5244864993119032,0.12919520120515754,False,False,"",21.2,"",0,"[]","[]",0,False,False,"",""
"0x82fadf747ed53d36e04fc4abd7a9ef269a67e471","ethereum","USDT",12560.277995,12560.277995,"USDT",12560.277995,60,9,10,2,3,0.9833333333333333,0.03333333333333333,1.0,False,0.4486595174262735,0.11833636945425485,False,False,"",21.2,"",0,"[]","[]",0,False,False,"",""
"0xddcdcbfd03cd92db391167d0c69112a78b2296ac","ethereum","USDT",25044.948181999996,25349.840973,"USDT",25044.948181999996,53,11,18,21,19,0.05660377358490566,0.03773584905660377,1.012173823989747,False,0.4121764952556699,0.11329193926371128,False,False,"",21.2,"",0,"[]","[]",0,False,False,"",""
"0x7b18ea773785003e53e0a0267bd079d17bbdd9a3","ethereum","USDT",104174.25008600001,409000.0,"USDT",104174.25008600001,92,6,8,8,8,0.01818181818181818,0.7090909090909091,3.9261141756466125,False,0.6634048257372654,0.14999799665384955,False,False,"",21.1,"",0,"[]","[]",0,False,False,"",""
"0x39060c6deb6f17a34b1635e806cf5ebb5e908bc1","ethereum","USDT",18449.460882000003,14522.831127000001,"USDT",18449.460882000003,138,4,4,18,23,0.1032258064516129,0.01935483870967742,0.7871683199788796,False,0.6070315192236581,0.14172636871958383,False,False,"",21.1,"",0,"[]","[]",0,False,False,"",""
"0x7e9eb60cba63b9f26f64e5b32e199c021c96535f","ethereum","USDT",44945.22731999999,44945.0,"USDT",44945.22731999999,88,4,7,10,24,0.42662116040955633,0.0,0.9999949422883464,False,0.5256022056158463,0.13031088367651872,False,False,"",21.1,"",0,"[]","[]",0,False,False,"",""
"0x93a8333ec4db34211d068919ae1ab022be8188d6","ethereum","USDT",65083.26870599998,66829.55201,"USDT",65083.26870599998,88,10,13,32,18,0.12571428571428572,0.08571428571428572,1.0268315242722132,False,0.7349822206147263,0.16121532507282071,False,False,"",20.9,"",0,"[]","[]",0,False,False,"",""
"0xfe40be1cc011179f3e1282514e840f65ee19f665","ethereum","USDT",254229.77934499996,256310.99253,"USDT",254229.77934499996,74,5,11,4,8,0.08791208791208792,0.04395604395604396,1.008186346974623,False,0.710561122025987,0.15773674538169485,False,False,"",20.9,"",0,"[]","[]",0,False,False,"",""
"0x9baefb2eb210669335524bc56eb3098162ac8e02","ethereum","USDT",264186.7403469999,305326.927347,"USDT",264186.7403469999,101,7,13,16,24,0.22446236559139784,0.006720430107526882,1.1557238904040525,False,0.5055844444392967,0.12966980122607968,False,False,"",20.7,"",0,"[]","[]",0,False,False,"",""
"0xc5f04b7b745149d625e81a6c1543feb08242e4b3","ethereum","USDT",277204.74132999993,320128.84219299996,"USDT",277204.74132999993,96,7,16,16,24,0.21081081081081082,0.006756756756756757,1.1548462001661826,False,0.4962425562134123,0.1279763255705479,False,False,"",20.7,"",0,"[]","[]",0,False,False,"",""
"0xf0a34c2de2879491c538d5f92656e5ed87ff11ff","ethereum","USDT",112944.06217200005,127505.89800900001,"USDT",112944.06217200005,70,12,22,77,24,0.3920704845814978,0.04405286343612335,1.1289296272594131,False,0.47287359197439083,0.12464528343024034,False,False,"",20.7,"",0,"[]","[]",0,False,False,"",""
"0x668e824f92fa05d35612c87b2beed8cbe0db0f9e","ethereum","USDT",86753.92742600001,91014.391733,"USDT",86753.92742600001,171,6,13,20,21,0.25821596244131456,0.1267605633802817,1.0491097571419359,False,0.7369608903946692,0.163392276886613,False,False,"",20.6,"",0,"[]","[]",0,False,False,"",""
"0xac602e5c020beff4185707fbc2b3640dff56af73","ethereum","USDT",162239.98139400012,110418.0,"USDT",162239.98139400012,208,7,15,64,24,0.14084507042253522,0.15492957746478872,0.6805843975773744,False,0.6575646006950996,0.1518977543936728,False,False,"",20.6,"",0,"[]","[]",0,False,False,"",""
"0xc6d8581385d7110073048921f151ec4a6c0daaef","ethereum","USDT",26128.702462999998,26573.0,"USDT",26128.702462999998,57,2,11,12,13,0.07936507936507936,0.06349206349206349,1.0170041944344217,False,0.6587975525340273,0.15266729318026445,False,False,"",20.5,"",0,"[]","[]",0,False,False,"",""
"0x88dbc09428802f46e77eba200c9ab40b1a159b23","ethereum","USDT",16721.528242,17578.298329,"USDT",16721.528242,65,3,4,6,16,0.10666666666666667,0.013333333333333334,1.0512375468677573,False,0.6378758150232314,0.14990787636901698,False,False,"",20.4,"",0,"[]","[]",0,False,False,"",""
"0xbf1f7daa28f1039e68e124b098e1082e564ea054","ethereum","USDT",13593.980000000001,12026.569999999998,"USDT",13593.980000000001,97,7,15,31,24,0.18487394957983194,0.1092436974789916,0.8846982267150604,False,0.6032131037880523,0.14546389295536188,False,False,"",20.4,"",0,"[]","[]",0,False,False,"",""
"0xe59f80afdd011540a1f74122e434465d1e8856ed","ethereum","USDT",167111.038389,215453.115992,"USDT",167111.038389,94,11,18,16,19,0.11666666666666667,0.058333333333333334,1.289281175373165,False,0.5273984566143751,0.13454596809867103,False,False,"",20.4,"",0,"[]","[]",0,False,False,"",""
"0x525c25526141d86199cef9b007901bed94222f21","ethereum","USDT",33094.125801999995,27152.520003999998,"USDT",33094.125801999995,86,14,16,10,22,0.05952380952380952,0.05952380952380952,0.8204634310769157,False,0.5270953671805306,0.13418466404085572,False,False,"",20.4,"",0,"[]","[]",0,False,False,"",""
"0xd5c461b3f5ae0bfa2ca5ae2a4033720b91031a8d","ethereum","USDT",29780.324362,29780.324362,"USDT",29780.324362,53,2,2,7,21,0.30973451327433627,0.13274336283185842,1.0,False,0.5268096514745308,0.13415135488565844,False,False,"",20.4,"",0,"[]","[]",0,False,False,"",""
"0xe2f8f90d14cf818383df78b2736905fabe04ec20","ethereum","USDT",16404.5147,16404.5147,"USDT",16404.5147,51,1,15,18,19,0.19230769230769232,0.019230769230769232,1.0,False,0.3837801608579089,0.11363104236624921,False,False,"",20.4,"",0,"[]","[]",0,False,False,"",""
"0xdb3beeac13a0343216b3a0c168a610d3cf300a4b","ethereum","USDT",183364.19125600002,100233.109167,"USDT",183364.19125600002,63,3,4,3,4,0.0,0.12307692307692308,0.546634042778078,False,0.6354662187432832,0.15049061770691513,False,False,"",20.3,"",0,"[]","[]",0,False,False,"",""
"0xc81dd237e91da015dbfc90f44ff78e2e2d1ac9b4","ethereum","USDT",52833.11033400001,52833.0,"USDT",52833.11033400001,93,9,14,10,24,0.4551282051282051,0.0,0.9999979116504912,False,0.4904821560566398,0.1294694469284861,False,False,"",20.3,"",0,"[]","[]",0,False,False,"",""
"0x724718f697a95a5421198515144866e15314ce49","ethereum","USDT",58795.30770599999,58795.30734,"USDT",58795.30770599999,92,7,23,5,7,0.05154639175257732,0.041237113402061855,0.9999999937750136,False,0.7109919558595603,0.16232339026714565,False,False,"",20.1,"",0,"[]","[]",0,False,False,"",""
"0xc733b196599bad41618b4588d47441a865b30ee9","ethereum","USDT",72486.96697200001,72461.979972,"USDT",72486.96697200001,97,6,13,9,13,0.2653333333333333,0.0,0.9996552897569896,False,0.5512715405251245,0.13947184549430053,False,False,"",20.1,"",0,"[]","[]",0,False,False,"",""
"0x436f33146f5a3846499f691bdc7992aa90460677","ethereum","USDT",54976.64034199999,54976.640342,"USDT",54976.64034199999,90,5,14,8,13,0.2770745428973277,0.0,1.0000000000000002,False,0.5336461126005362,0.13669681167141262,False,False,"",20.1,"",0,"[]","[]",0,False,False,"",""
"0xd3d68e362b153e30de6e2b72476578db0936555c","ethereum","USDT",44299.06131900001,44299.06043,"USDT",44299.06131900001,52,10,13,6,6,0.015151515151515152,0.0,0.9999999799318544,False,0.48766755630808667,0.13157843044406747,False,False,"",19.9,"",0,"[]","[]",0,False,False,"",""
"0x4f4f2758ce7b9bf9f2edc0260ad5d9d3ac6c59fa","ethereum","USDT",29946.745000000003,29946.745,"USDT",29946.745000000003,67,7,11,8,13,0.589622641509434,0.0,0.9999999999999999,False,0.41689008042895437,0.12116698190444736,False,False,"",19.9,"",0,"[]","[]",0,False,False,"",""
"0x18caa57a13209ceb2807b763b2570e5c667eb52a","ethereum","USDT",285211.7884709999,204100.0,"USDT",285211.7884709999,61,4,11,35,18,0.023255813953488372,0.19767441860465115,0.7156085696673534,False,0.6844085772042482,0.1600024184785086,False,False,"",19.8,"",0,"[]","[]",0,False,False,"",""
"0x1d7689724aaa0e833c1add5b84af2bcd9475c0b1","ethereum","USDT",14424.278496,14424.278495999997,"USDT",14424.278496,57,6,6,1,2,0.9824561403508771,0.07017543859649122,0.9999999999999998,False,0.517828418230563,0.13661637656261122,False,False,"",19.8,"",0,"[]","[]",0,False,False,"",""
"0x0387b9f4802591e4d8ee30a57ff83f6e6b0cc0c1","ethereum","USDT",18500.998524000006,17953.939375,"USDT",18500.998524000006,58,12,14,33,21,0.359375,0.0,0.9704308311634994,False,0.3631210187796168,0.11405579463291976,False,False,"",19.8,"",0,"[]","[]",0,False,False,"",""
"0x02200081af9419af307c6716d045e3fc45c2ef3e","ethereum","USDT",15761.179999999998,15761.18,"USDT",15761.179999999998,73,1,17,10,13,0.3783783783783784,0.0,1.0000000000000002,False,0.4325737265415549,0.1246774974442143,False,False,"",19.7,"",0,"[]","[]",0,False,False,"",""
"0xbd53634f5812b28fee4bfa72e3eed6da0114dfb5","ethereum","USDT",12469.901670000001,12469.90167,"USDT",12469.901670000001,57,1,13,9,13,0.3157894736842105,0.0,0.9999999999999999,False,0.3638069705093834,0.11520888003093666,False,False,"",19.7,"",0,"[]","[]",0,False,False,"",""
"0x90504b2a9cf4faae2c6476807b0f7d78dad74f47","ethereum","USDT",27513.16828700001,24854.586509,"USDT",27513.16828700001,140,5,19,59,22,0.05454545454545454,0.04242424242424243,0.9033705696753146,False,0.6518537385999423,0.15661912961662638,False,False,"",19.6,"",0,"[]","[]",0,False,False,"",""
"0xfa841ae3eb46970f4ebd354905355ab9cce2f8f4","ethereum","USDT",28476.327163,28476.327162,"USDT",28476.327163,188,5,15,3,20,0.17553191489361702,0.0,0.9999999999648831,False,0.6189008042825209,0.15200157604765058,False,False,"",19.6,"",0,"[]","[]",0,False,False,"",""
"0x1935d7fe63154042fbcd138eefbedeb2718d0093","ethereum","USDT",37755.908401999994,37755.908402,"USDT",37755.908401999994,73,8,12,11,13,0.558091286307054,0.0,1.0000000000000002,False,0.4325737265415549,0.12549080293125509,False,False,"",19.6,"",0,"[]","[]",0,False,False,"",""
"0x4aeb55d21c7083b4b04a0eb44cb40d13376735d9","ethereum","USDT",16809.895523000003,16760.602823,"USDT",16809.895523000003,89,3,6,50,17,0.033707865168539325,0.0,0.9970676379319219,False,0.6794403372378589,0.16114451718043582,False,False,"",19.5,"",0,"[]","[]",0,False,False,"",""
"0xb69c735841c5247ef6cb691d3cad4f14acb8c7a5","ethereum","USDT",16905.125051,12000.0,"USDT",16905.125051,82,3,4,30,17,0.40476190476190477,0.19047619047619047,0.7098439061407686,False,0.6009500144721216,0.1502665407160393,False,False,"",19.5,"",0,"[]","[]",0,False,False,"",""
"0x11b99b4f3d7418f6849ce194772d53ad9618b429","ethereum","USDT",32147.944516999993,34000.0,"USDT",32147.944516999993,65,11,24,58,18,0.18691588785046728,0.0,1.0576103856973074,False,0.5453143839865439,0.14213523620591906,False,False,"",19.5,"",0,"[]","[]",0,False,False,"",""
"0x6ba457c996b0ad840d1d21c67bf54aec9237ab0b","ethereum","USDT",226270.55812999996,260584.82681499998,"USDT",226270.55812999996,83,7,12,15,24,0.20880681818181818,0.0014204545454545455,1.1516514961937085,False,0.4565329715387382,0.1299567030428161,False,False,"",19.4,"",0,"[]","[]",0,False,False,"",""
"0x8e2ebe2778822b325a1fc4ec9ef29b32d2856a26","ethereum","USDT",13146.637829,13156.971438,"USDT",13146.637829,60,10,10,25,20,0.08080808080808081,0.0,1.0007860267495319,False,0.3825505694490212,0.11951912461118641,False,False,"",19.4,"",0,"[]","[]",0,False,False,"",""
"0x745fd9772ef7b25be8f07b6aef3b7276067e15d8","ethereum","USDT",78796.113302,75155.804924,"USDT",78796.113302,137,6,20,14,24,0.2,0.05454545454545454,0.9538009144683587,False,0.6745403437515806,0.16151964774703487,False,False,"",19.3,"",0,"[]","[]",0,False,False,"",""
"0xccd9d403687e7ddb28019b57ffe6de051f3d9b9c","ethereum","USDT",11233.631853000003,10717.6,"USDT",11233.631853000003,66,2,2,15,13,0.7808219178082192,0.0136986301369863,0.9540636670533054,False,0.4953703741613313,0.136297957114263,False,False,"",19.3,"",0,"[]","[]",0,False,False,"",""
"0x37afc7e9097f6fe56913bfe015377c4f4522515c","ethereum","USDT",112061.94212,112061.93,"USDT",112061.94212,66,3,4,2,4,0.21428571428571427,0.0,0.9999998918455295,False,0.6124664663047628,0.15412040178963476,False,False,"",19.1,"",0,"[]","[]",0,False,False,"",""
"0x39750010c46f4b2792348eab4edb54e336839d08","ethereum","USDT",24515.61210699999,23816.0,"USDT",24515.61210699999,93,10,11,51,22,0.11764705882352941,0.06862745098039216,0.9714625886579341,False,0.5871879600908362,0.15006649260918264,False,False,"",19.1,"",0,"[]","[]",0,False,False,"",""
"0xf643c88b4dabdb8420da7058f54bb328c17d09e4","ethereum","USDT",68748.43759000002,67802.29999999999,"USDT",68748.43759000002,54,11,25,46,21,0.47619047619047616,0.02857142857142857,0.9862376859290596,False,0.4079713977756243,0.12464097947233965,False,False,"",19.1,"",0,"[]","[]",0,False,False,"",""
"0x984a3f9a33c6d2245e39c3ca4f47772f1d55fe05","ethereum","USDT",43377.395249999994,43379.527018,"USDT",43377.395249999994,119,7,18,6,6,0.0,0.00641025641025641,1.0000491446751867,False,0.703743522271397,0.16732120965575686,False,False,"",19.0,"",0,"[]","[]",0,False,False,"",""
"0xccf5e0c3625fd2cd0d2ad951634a0793cce14902","ethereum","USDT",295578.157973,295578.0,"USDT",295578.157973,55,3,6,5,20,0.06779661016949153,0.22033898305084745,0.9999994655457591,False,0.5577746920367659,0.14648910582853125,False,False,"",19.0,"",0,"[]","[]",0,False,False,"",""
"0xdc335f5b2ba7649d07c00e73e880bbf592132a5a","ethereum","USDT",14996.949026999993,14559.322296,"USDT",14996.949026999993,52,3,4,46,24,0.3333333333333333,0.10344827586206896,0.9708189492267991,False,0.5030109748319551,0.1389378882747263,False,False,"",19.0,"",0,"[]","[]",0,False,False,"",""
"0xb430ae8ecb6854ce6b5c70c9e35d36495f2ab44b","ethereum","USDT",37799.541835,37799.541834999996,"USDT",37799.541835,121,4,12,12,24,0.24427480916030533,0.09923664122137404,0.9999999999999998,False,0.699597855227882,0.1674011992135513,False,False,"",18.9,"",0,"[]","[]",0,False,False,"",""
"0xf5ea415e7f8f6c4080d64b91a9c6ce367da2f461","ethereum","USDT",224019.861128,240000.0,"USDT",224019.861128,95,4,13,26,21,0.04964539007092199,0.14893617021276595,1.0713335808331268,False,0.6689772516617929,0.16316316433255346,False,False,"",18.9,"",0,"[]","[]",0,False,False,"",""
"0x1edfd40bd03fa0f718c87eb1a53e85518660822f","ethereum","USDT",54421.71334800001,81085.036448,"USDT",54421.71334800001,189,10,22,29,23,0.11818181818181818,0.0,1.489939060343455,False,0.4717172817650892,0.1351052848570663,False,False,"",18.9,"",0,"[]","[]",0,False,False,"",""
"0x7a51633527ec6a1fba9af4023662125b2fe1d4a1","ethereum","USDT",49769.43920700001,49769.438949999996,"USDT",49769.43920700001,76,9,20,9,14,0.592128801431127,0.0,0.9999999948361883,False,0.44061662095115184,0.13030805049090105,False,False,"",18.9,"",0,"[]","[]",0,False,False,"",""
"0x88d79714f5a9e3749e0b8391940378b5d78dcb19","ethereum","USDT",146334.81598900002,146181.791969,"USDT",146334.81598900002,53,3,9,12,9,0.24358974358974358,0.0641025641025641,0.9989542883628493,False,0.6428203482891919,0.15975647688234518,False,False,"",18.8,"",0,"[]","[]",0,False,False,"",""
"0x12c2edbe9d3bb3c7bee8d2eaa6c251cd405bbee9","ethereum","USDT",38564.979916,38564.978848,"USDT",38564.979916,109,4,17,8,24,0.1925925925925926,0.08148148148148149,0.9999999723064812,False,0.6784182250242989,0.16540657428808092,False,False,"",18.7,"",0,"[]","[]",0,False,False,"",""
"0xc43dbffd19944caa3c5a1b4a2c6e96453777753e","ethereum","USDT",20001.940661,20011.088029,"USDT",20001.940661,108,4,9,41,23,0.3181818181818182,0.05454545454545454,1.000457324024455,False,0.6539299829162887,0.1621756226596115,False,False,"",18.7,"",0,"[]","[]",0,False,False,"",""
"0x9f9dcde881f8f2576b9e5d0bc627a5918ce8f8ad","ethereum","USDT",43295.024258,43295.024258000005,"USDT",43295.024258,77,12,18,12,23,0.2073170731707317,0.06097560975609756,1.0000000000000002,False,0.5406166219839141,0.14636818274826335,False,False,"",18.6,"",0,"[]","[]",0,False,False,"",""
"0x1a9f4b78ec0851d3b0bab9695aedbc4f9e6397c2","ethereum","USDT",25423.681145000006,20300.0,"USDT",25423.681145000006,99,4,6,22,9,0.6728395061728395,0.4012345679012346,0.7984681637651964,False,0.6835542225653717,0.16810625726106176,False,False,"",18.4,"",0,"[]","[]",0,False,False,"",""
"0x287ffc7c224bd33dc85d83313d9eb60fb17c26f8","ethereum","USDT",26232.109046000005,23000.0,"USDT",26232.109046000005,148,5,8,59,18,0.3392857142857143,0.017857142857142856,0.8767880599942515,False,0.6268321428299495,0.16049526370105965,False,False,"",18.3,"",0,"[]","[]",0,False,False,"",""
"0xe0f9ee725be0b5b5ba8d33fb87377f08d7bb97c4","ethereum","USDT",84131.072535,77300.0,"USDT",84131.072535,180,7,12,17,22,0.05,0.025,0.9188044044944493,False,0.6119110149471473,0.15832655917480887,False,False,"",18.3,"",0,"[]","[]",0,False,False,"",""
"0xe978f4fff4d9856e66fddec5c007b3bbd273cf71","ethereum","USDT",27243.740967,27243.718039999996,"USDT",27243.740967,88,9,11,5,9,0.9191919191919192,0.08080808080808081,0.9999991584489064,False,0.584986426864044,0.1545031580375672,False,False,"",18.3,"",0,"[]","[]",0,False,False,"",""
"0xd07e6ab4b75b3da5a96b5e81064a65fc04f98814","ethereum","USDT",198099.87348500005,182154.56900000002,"USDT",198099.87348500005,51,2,11,58,22,0.08080808080808081,0.1414141414141414,0.9195087598770859,False,0.5018642184633529,0.14263084653583352,False,False,"",18.3,"",0,"[]","[]",0,False,False,"",""
"0xa1d1b75543f2fa8d81b454efd9dd2c90b8e3f345","ethereum","USDT",121803.16440400004,119677.911404,"USDT",121803.16440400004,50,4,25,36,24,0.2680722891566265,0.02710843373493976,0.9825517423098226,False,0.4329714744673265,0.13263791047538237,False,False,"",18.3,"",0,"[]","[]",0,False,False,"",""
"0x2f0cac46377ff8c209fb9124705d41247316762f","ethereum","USDT",35554.245917,35554.237663,"USDT",35554.245917,108,5,5,1,4,0.8739495798319328,0.05042016806722689,0.999999767847699,False,0.647587084936832,0.1639570938849496,False,False,"",18.2,"",0,"[]","[]",0,False,False,"",""
"0x221753d199d0615cbf1328d81f431982f977f1c5","ethereum","USDT",22018.534381,13468.180882,"USDT",22018.534381,66,2,4,57,19,0.04807692307692308,0.21153846153846154,0.6116747213484753,False,0.5402974107576307,0.1486154035227975,False,False,"",18.2,"",0,"[]","[]",0,False,False,"",""
"0xbde628972d1ef01a7b0b5a9194d61e8b209a7ceb","ethereum","USDT",18686.897109999998,21530.121351,"USDT",18686.897109999998,89,2,2,20,19,0.1953125,0.0,1.1521506874182177,False,0.49959667216783094,0.14273481529704024,False,False,"",18.2,"",0,"[]","[]",0,False,False,"",""
"0x8fe0ed7219253ba556443eb7e798dc996704b5e0","ethereum","USDT",209107.56024299996,100000.0,"USDT",209107.56024299996,162,4,18,75,24,0.12863705972434916,0.013782542113323124,0.4782227858418504,True,0.45140863223539424,0.13613895671923187,False,False,"",18.2,"",0,"[]","[]",0,False,False,"",""
"0x50e261760127a4cd1022199377994eb8e18db267","ethereum","USDT",43070.62149000002,43070.62125,"USDT",43070.62149000002,70,8,14,10,14,0.6138211382113821,0.0,0.9999999944277558,False,0.422520106124157,0.13196782885978958,False,False,"",18.2,"",0,"[]","[]",0,False,False,"",""
"0x1daa8faff39b63890a2961d01acaa70003ae6ae0","ethereum","USDT",36598.56905700001,36598.568092,"USDT",36598.56905700001,77,8,11,12,17,0.14285714285714285,0.012987012987012988,0.9999999736328488,False,0.6337801555844786,0.1626411493378067,False,False,"",18.1,"",0,"[]","[]",0,False,False,"",""
"0x81b5348cbb03ee418461295f91c9f1ea29665b61","ethereum","USDT",86589.36754600002,60000.0,"USDT",86589.36754600002,174,3,5,40,24,0.21978021978021978,0.0,0.6929257217189558,False,0.5558773695448636,0.15145106952087023,False,False,"",18.1,"",0,"[]","[]",0,False,False,"",""
"0x5529c35a87314e9e470419953cd444378d52eef6","ethereum","USDT",14929.036111999998,14929.036111999998,"USDT",14929.036111999998,59,7,9,2,3,0.9661016949152542,0.03389830508474576,1.0,False,0.4419571045576408,0.13503151095623794,False,False,"",18.1,"",0,"[]","[]",0,False,False,"",""
"0xe7264330744d882bd1f3d9c04cb981d401422214","ethereum","USDT",254942.96994599997,254813.787499,"USDT",254942.96994599997,67,6,15,14,21,0.24719101123595505,0.056179775280898875,0.9994932888440605,False,0.5568691671521901,0.15232663885475628,False,False,"",18.0,"",0,"[]","[]",0,False,False,"",""
"0xd6e2888f054c7cf9e77e338cad5bff59cd849a75","ethereum","USDT",64241.905993000015,64252.986540000005,"USDT",64241.905993000015,88,8,16,27,22,0.3153153153153153,0.4774774774774775,1.0001724816041604,False,0.6455419111858703,0.16565083274787562,False,False,"",17.9,"",0,"[]","[]",0,False,False,"",""
"0x19c4da80d5e6041535fe610d9f92d69b603f14ea","ethereum","USDT",11944.639899999998,6998.359665,"USDT",11944.639899999998,65,5,11,59,20,0.07017543859649122,0.043859649122807015,0.5858995937583686,False,0.4490834040063654,0.13750341465090726,False,False,"",17.9,"",0,"[]","[]",0,False,False,"",""
"0x6f629121e4e6feb7f788da80ed9c3102f3a64b03","ethereum","USDT",77801.36852099998,71534.59,"USDT",77801.36852099998,80,4,6,68,20,0.12027491408934708,0.058419243986254296,0.9194515644116406,False,0.5814774442496204,0.1572510308106383,False,False,"",17.7,"",0,"[]","[]",0,False,False,"",""
"0xcc5cae763f0c1c59e09c710b7d5111de6c240290","ethereum","USDT",39206.778978999995,49676.0,"USDT",39206.778978999995,73,7,11,1,9,0.0,0.12162162162162163,1.2670257872141844,False,0.6581229926912114,0.16890482815133223,False,False,"",17.6,"",0,"[]","[]",0,False,False,"",""
"0xf800d2cfe145ecc3d034e7736cdfd4cae6b68edd","ethereum","USDT",14574.479767000003,15000.0,"USDT",14574.479767000003,69,2,3,56,24,0.16541353383458646,0.0,1.0291962553588687,False,0.46346369798988846,0.14136167496890284,False,False,"",17.6,"",0,"[]","[]",0,False,False,"",""
"0x0612821945ad460c07379f0db4819815302ca76f","ethereum","USDT",27668.905131999993,27683.867939,"USDT",27668.905131999993,80,3,12,48,23,0.20930232558139536,0.19767441860465115,1.000540780595713,False,0.6567283050068629,0.17072385625063313,False,False,"",17.3,"",0,"[]","[]",0,False,False,"",""
"0x545cb11290455a7a6cfd7c6b8ae97d90d76fe719","ethereum","USDT",114821.69704800006,114458.933355,"USDT",114821.69704800006,88,3,20,43,20,0.024489795918367346,0.0163265306122449,0.9968406346332923,False,0.5721563306800097,0.15847132378460072,False,False,"",17.3,"",0,"[]","[]",0,False,False,"",""
"0xaad84c0f9380b2d213bc91a0fa6f48e221b240fc","ethereum","USDT",37778.245641000016,37760.0,"USDT",37778.245641000016,65,4,4,5,19,0.23232323232323232,0.06060606060606061,0.9995170331313582,False,0.5521822270016068,0.1559079117514393,False,False,"",17.3,"",0,"[]","[]",0,False,False,"",""
"0xd430c1e8df5810d6b7f1152977252ce765175d55","ethereum","USDT",11425.219965999999,11366.019967,"USDT",11425.219965999999,57,2,4,31,24,0.1553398058252427,0.0,0.9948184805915186,False,0.4127706666276871,0.13598440625933056,False,False,"",17.3,"",0,"[]","[]",0,False,False,"",""
"0x7954ba20a355a1a3a4d8211040cd9000ae4d7dda","ethereum","USDT",19398.932989999994,16737.166319,"USDT",19398.932989999994,76,5,23,69,22,0.1,0.023076923076923078,0.8627879856911659,False,0.521083066307134,0.1516551539288844,False,False,"",17.2,"",0,"[]","[]",0,False,False,"",""
"0x7c27c15cac1cf76afaa336f3e5892b3d1c47d647","ethereum","USDT",70491.19324300006,55877.7683,"USDT",70491.19324300006,76,3,5,31,23,0.13680781758957655,0.035830618892508145,0.7926914800175949,False,0.5177876257622321,0.151284016790793,False,False,"",17.2,"",0,"[]","[]",0,False,False,"",""
"0xac7cfeeebb9944b3d5ba02162ad6b9a79e61c35a","ethereum","USDT",55913.83260999996,55913.83149,"USDT",55913.83260999996,64,5,16,11,17,0.46882217090069284,0.0,0.9999999799691791,False,0.4508042855380718,0.1419427659260234,False,False,"",17.2,"",0,"[]","[]",0,False,False,"",""
"0xf66eeaf06c33e89b90e2def994c7b0c200e6c8ef","ethereum","USDT",13355.508089,8931.208089,"USDT",13355.508089,60,8,8,43,23,0.2,0.0,0.6687284399427688,False,0.31645346278748143,0.1243774207372843,False,False,"",16.9,"",0,"[]","[]",0,False,False,"",""
"0xcbbf0684b08bb78c06ee2033b9d0a5874adc75e3","ethereum","USDT",146118.91915599996,155105.09999999998,"USDT",146118.91915599996,78,6,14,68,22,0.34306569343065696,0.08029197080291971,1.0614990919444605,False,0.5948047392518586,0.16437387755940236,False,False,"",16.8,"",0,"[]","[]",0,False,False,"",""
"0xa1883f0e489837c1ca9508ba48b8302dae0d492f","ethereum","USDT",14285.545586,14285.545586,"USDT",14285.545586,65,5,6,1,1,1.0,0.015384615384615385,1.0,False,0.5018766756032172,0.15128445297863374,False,False,"",16.8,"",0,"[]","[]",0,False,False,"",""
"0x5f26548baac4db3b44e7f1ea20c4607116d8fe11","ethereum","USDT",48291.877963,48057.551114,"USDT",48291.877963,58,9,21,49,21,0.38738738738738737,0.08108108108108109,0.9951476964888478,False,0.4779839628902629,0.14786363352758253,False,False,"",16.8,"",0,"[]","[]",0,False,False,"",""
"0x6d30e4ccaf9722856802c5575e0e67a03c440949","ethereum","USDT",23021.000143,26237.661501000002,"USDT",23021.000143,56,10,18,17,15,0.375,0.03125,1.1397272637165632,False,0.39377036495105733,0.13562013266864564,False,False,"",16.8,"",0,"[]","[]",0,False,False,"",""
"0x9b37c05c2a91c761db7f7d3cbcb1faed8742ef9b","ethereum","USDT",51737.21597300002,33670.0,"USDT",51737.21597300002,152,4,5,31,24,0.12418300653594772,0.006535947712418301,0.6507887865008292,False,0.5629995803564661,0.16072749554317073,False,False,"",16.7,"",0,"[]","[]",0,False,False,"",""
"0x8838670e27287e47b69b4a9b8bd6f7e222c986ca","ethereum","USDT",20252.47895200001,20391.848952,"USDT",20252.47895200001,87,7,7,36,24,0.22535211267605634,0.0,1.006881626705072,False,0.47060758886810083,0.14736761905521,False,False,"",16.7,"",0,"[]","[]",0,False,False,"",""
"0x55dd39a3a46c32e647c54a2046aa717056614406","ethereum","USDT",43510.94266199998,44162.148805000004,"USDT",43510.94266199998,82,11,12,61,23,0.13609467455621302,0.0,1.0149664912585026,False,0.4569262727938759,0.1464330970176982,False,False,"",16.5,"",0,"[]","[]",0,False,False,"",""
"0x143d7a791f45c6f340be16e6d12a6c8c406dedca","ethereum","USDT",15431.177924000001,15431.177924,"USDT",15431.177924000001,53,4,5,5,22,0.18181818181818182,0.0,0.9999999999999999,False,0.39329758713136725,0.13761696025232617,False,False,"",16.5,"",0,"[]","[]",0,False,False,"",""
"0xd0eab309f1bf1179485c6dfa4d61d457c0e1ada6","ethereum","USDT",13163.248539999999,5728.0,"USDT",13163.248539999999,75,2,10,22,24,0.14545454545454545,0.045454545454545456,0.43515094185101516,True,0.35150740016644966,0.13178273532674223,False,False,"",16.5,"",0,"[]","[]",0,False,False,"",""
"0xc74f588cf3066bc9516a87d4d1a2814e98d5d6a3","ethereum","USDT",121332.259945,121331.800351,"USDT",121332.259945,88,5,15,12,23,0.3211009174311927,0.03669724770642202,0.9999962121038526,False,0.5953075534127277,0.16708891009733934,False,False,"",16.4,"",0,"[]","[]",0,False,False,"",""
"0x4dad9b6bf236ad701d602f4bba62351dcae145c1","ethereum","USDT",32968.17097600001,25344.864494,"USDT",32968.17097600001,65,5,21,85,23,0.09968847352024922,0.0,0.7687676854275726,False,0.4105899982115199,0.1406263525205732,False,False,"",16.4,"",0,"[]","[]",0,False,False,"",""
"0x27f8e7b0c5d0e33aa0b8d052e00e079908abb646","ethereum","USDT",108753.640312,58192.359698,"USDT",108753.640312,62,2,6,71,23,0.42073170731707316,0.10975609756097561,0.5350842466611114,False,0.47524741233490325,0.15034680041943305,False,False,"",16.3,"",0,"[]","[]",0,False,False,"",""
"0x0bbfebbeef6044bf50d1bae287b0bad397926ed6","ethereum","USDT",37701.572871,37788.267712,"USDT",37701.572871,60,5,12,24,21,0.25,0.2727272727272727,1.0022995019676404,False,0.5931057832525846,0.16801177830469588,False,False,"",16.2,"",0,"[]","[]",0,False,False,"",""
"0xf42829ecd6feca2b416ccc979fa10569d1dece4d","ethereum","USDT",44973.06430300001,44625.325865,"USDT",44973.06430300001,96,7,8,46,21,0.4880952380952381,0.047619047619047616,0.9922678509150018,False,0.5749951251427858,0.1651667113735486,False,False,"",16.2,"",0,"[]","[]",0,False,False,"",""
"0x9ead0ca977bbdfe551e34349604919ea1bf73a89","ethereum","USDT",309502.565187,400000.0,"USDT",309502.565187,53,3,9,63,22,0.37037037037037035,0.1111111111111111,1.2923963966447964,False,0.4608236697327029,0.14911502689647366,False,False,"",16.2,"",0,"[]","[]",0,False,False,"",""
"0x5b88f22ee43ea866fe6cdb4a0c224eec6ff1b48d","ethereum","USDT",47280.73334899999,50511.180506,"USDT",47280.73334899999,95,7,21,85,24,0.3253968253968254,0.03571428571428571,1.0683248107247967,False,0.5493377188201881,0.16199241451301966,False,False,"",16.1,"",0,"[]","[]",0,False,False,"",""
"0x8e665d4a48cc979d89ffc640d815565cd7e7560a","ethereum","USDT",159558.082775,120138.680188,"USDT",159558.082775,56,8,15,8,23,0.176056338028169,0.176056338028169,0.7529463760066166,False,0.4532702403487764,0.1488607641301966,False,False,"",16.0,"",0,"[]","[]",0,False,False,"",""
"0x0bb8130190f1a05e45527bd6b9bdbe86fec14195","ethereum","USDT",27844.110738999996,27844.110623,"USDT",27844.110738999996,72,3,7,2,3,0.8333333333333334,0.06944444444444445,0.9999999958339486,False,0.5805630018477549,0.16811888892751115,False,False,"",15.8,"",0,"[]","[]",0,False,False,"",""
"0x129b3d4061c716ff08ff315c14c9f05f14ebbb0a","ethereum","USDT",72423.404719,79356.813055,"USDT",72423.404719,52,8,13,59,23,0.3916083916083916,0.04895104895104895,1.0957343604999152,False,0.3989496426453253,0.14218576890610596,False,False,"",15.8,"",0,"[]","[]",0,False,False,"",""
"0xac9ff64110a544fb0a44f21613da7be042f13379","ethereum","USDT",11661.268715,38491.631513,"USDT",11661.268715,95,10,25,36,23,0.1388888888888889,0.0,3.300809925037389,False,0.2949061662198391,0.12753409558721868,False,False,"",15.8,"",0,"[]","[]",0,False,False,"",""
"0xa23a7d1eca0658a8aa69ce022532178a7ec702f6","ethereum","USDT",88448.14616499998,90634.357044,"USDT",88448.14616499998,76,10,22,26,24,0.2318840579710145,0.007246376811594203,1.0247174301982729,False,0.46677233165471543,0.15254142036778112,False,False,"",15.7,"",0,"[]","[]",0,False,False,"",""
"0x44be7aebfb49a4a8924532058d832d15ed2d92d6","ethereum","USDT",42262.98588400001,48983.51,"USDT",42262.98588400001,65,11,24,57,19,0.4727272727272727,0.01818181818181818,1.159016784437473,False,0.4254352490106287,0.14761965482384765,False,False,"",15.5,"",0,"[]","[]",0,False,False,"",""
"0xc1d94181cff8ba03b78599e988122140c46ced55","ethereum","USDT",15113.594078000002,83955.618006,"USDT",15113.594078000002,133,5,6,66,23,0.15555555555555556,0.0,5.554973725820083,False,0.38994638069705095,0.1426658554824659,False,False,"",15.5,"",0,"[]","[]",0,False,False,"",""
"0xbaaadf5a9b14450931cb5b4850d05e656fcbed30","ethereum","USDT",28235.964923000014,15478.620530999999,"USDT",28235.964923000014,72,11,24,36,23,0.18181818181818182,0.00909090909090909,0.5481881201230585,False,0.37129982241603265,0.13990675627186083,False,False,"",15.5,"",0,"[]","[]",0,False,False,"",""
"0x6f49ee86b06f9be33d4537cfe54a99634ffea63d","ethereum","USDT",42024.572752,41184.09016,"USDT",42024.572752,64,7,12,34,24,0.2727272727272727,0.10606060606060606,0.9800002109013708,False,0.5195925354778613,0.16207377142748958,False,False,"",15.4,"",0,"[]","[]",0,False,False,"",""
"0xea7d7c32c461c64005e0c80c25904f09a11c0b7c","ethereum","USDT",61798.513122,61797.485,"USDT",61798.513122,58,8,17,9,7,0.6153846153846154,0.015384615384615385,0.9999833633214125,False,0.41407173968841116,0.14875047251797785,False,False,"",15.1,"",0,"[]","[]",0,False,False,"",""
"0x3ca05ce17d50d3c7a9c5c3a0d7ab1dd1bfbc6fd9","ethereum","USDT",71222.65520000001,82184.456583,"USDT",71222.65520000001,50,4,9,48,24,0.2672811059907834,0.0967741935483871,1.1539089121602981,False,0.4635881907582889,0.15603519093815144,False,False,"",15.0,"",0,"[]","[]",0,False,False,"",""
"0xfb9410e21625659b429eab63145872c6757cc178","ethereum","USDT",113984.58285100003,83395.25442299999,"USDT",113984.58285100003,57,7,10,67,23,0.3351063829787234,0.09042553191489362,0.73163626463426,False,0.42702430386518986,0.15092035603789788,False,False,"",15.0,"",0,"[]","[]",0,False,False,"",""
"0x6509a362e11321c8e4e6522c288516a696a1e839","ethereum","USDT",51082.80619999999,50000.0,"USDT",51082.80619999999,98,4,6,46,19,0.22448979591836735,0.01020408163265306,0.9788029225379558,False,0.5851707721751515,0.1747496789585281,False,False,"",14.8,"",0,"[]","[]",0,False,False,"",""
"0xe1445568485b24589b9b3bccbb9c0175ef1331ee","ethereum","USDT",50717.927917,70000.0,"USDT",50717.927917,96,3,4,43,21,0.28125,0.0,1.3801825680764237,False,0.47168466600938014,0.1591349034656852,False,False,"",14.7,"",0,"[]","[]",0,False,False,"",""
"0xcd119c2011e1dbd6bb30beb790a5350049fff06d","ethereum","USDT",160488.83001600002,326719.36216799996,"USDT",160488.83001600002,82,4,5,17,21,0.24271844660194175,0.1553398058252427,2.0357763349351323,False,0.4514745308310992,0.15779599517111315,False,False,"",14.4,"",0,"[]","[]",0,False,False,"",""
"0xfaaef1bbd0fb57cd1543428d4e532f75e648cdbb","ethereum","USDT",22732.341109,20439.514238,"USDT",22732.341109,67,5,12,16,4,0.8653846153846154,0.019230769230769232,0.8991381107644807,False,0.49926461947193096,0.16576792498000553,False,False,"",14.2,"",0,"[]","[]",0,False,False,"",""
"0x4475bc3bdbce892bded1f78fb7c0787d8d0b592c","ethereum","USDT",40548.836581999996,56288.163987,"USDT",40548.836581999996,62,12,19,32,24,0.2465753424657534,0.0136986301369863,1.3881573118175932,False,0.3572210845533714,0.14598934094134036,False,False,"",14.1,"",0,"[]","[]",0,False,False,"",""
"0xd4c24e52aa94657b372ee8ad2ec2d993581998a2","ethereum","USDT",21532.00317899999,19900.833179,"USDT",21532.00317899999,72,5,20,50,20,0.07291666666666667,0.0,0.9242443916416074,False,0.4621947228323429,0.1615541837097204,False,False,"",14.0,"",0,"[]","[]",0,False,False,"",""
"0xc48042826ed32bd2026c88d1a9ca61626c0484f4","ethereum","USDT",41809.733361999984,60350.0,"USDT",41809.733361999984,90,3,9,78,24,0.23931623931623933,0.01282051282051282,1.4434437904081658,False,0.48329515612748214,0.1651137598025217,False,False,"",13.9,"",0,"[]","[]",0,False,False,"",""
"0xfb8e6042755ab41042ad2d2acc5c3d9ce51a558c","ethereum","USDT",59618.50646899999,38175.97,"USDT",59618.50646899999,59,11,13,51,24,0.1984126984126984,0.015873015873015872,0.6403375773905117,False,0.3501854779445903,0.14835167028452284,False,False,"",13.5,"",0,"[]","[]",0,False,False,"",""
"0xc0d58060ad2787ed28f20dc4036c4e283fa9cd92","ethereum","USDT",248575.19536500005,25198.04,"USDT",248575.19536500005,53,4,23,63,24,0.24113475177304963,0.19858156028368795,0.10136988915165082,True,0.26745896442550443,0.13721063665905026,False,False,"",13.4,"",0,"[]","[]",0,False,False,"",""
"0xa99fb507bb15988cdb6a26a7451f7f21de8cd5a2","ethereum","USDT",18029.409387000003,7800.0,"USDT",18029.409387000003,74,3,10,19,21,0.14285714285714285,0.07142857142857142,0.4326264844606692,True,0.377946208420284,0.15393444998120698,False,False,"",13.2,"",0,"[]","[]",0,False,False,"",""
"0xc20f8f4ba9f34a4a8e140c706784b7f6d6f7d010","ethereum","USDT",39000.132197,90908.054986,"USDT",39000.132197,135,8,8,6,23,0.11851851851851852,0.0,2.330967867667713,False,0.34276139410187667,0.15029203992093176,False,False,"",13.0,"",0,"[]","[]",0,False,False,"",""
"0x62ac7c440eefb3d0df2ec2ea6a1a42be4b78204c","ethereum","USDT",16164.082912,26000.0,"USDT",16164.082912,82,4,5,49,18,0.40476190476190477,0.011904761904761904,1.6085044936696005,False,0.42414360528752765,0.16244317405906683,False,False,"",12.9,"",0,"[]","[]",0,False,False,"",""
"0xf83cbc1cfc97361391859a02c5011c6a19423dcd","ethereum","USDT",41133.50185899998,33588.766362999995,"USDT",41133.50185899998,56,5,12,70,22,0.05232558139534884,0.01744186046511628,0.816579305067137,False,0.4194820808525695,0.1637312676978946,False,False,"",12.6,"",0,"[]","[]",0,False,False,"",""
"0xadcd5ae004fde617b37a1380731050a1a25b3f36","ethereum","USDT",146498.61850900002,100100.0,"USDT",146498.61850900002,51,3,11,40,24,0.15425531914893617,0.026595744680851064,0.6832828938509781,False,0.3790158280999543,0.1593068350538816,False,False,"",12.3,"",0,"[]","[]",0,False,False,"",""
"0x200c02b6fb479e5d8edccda25b7bab7780880558","ethereum","USDT",88830.181322,45003.620053,"USDT",88830.181322,56,9,21,64,20,0.36054421768707484,0.02040816326530612,0.5066253314272391,False,0.31419369899322264,0.15604538450056793,False,False,"",11.3,"",0,"[]","[]",0,False,False,"",""
"0xe94be4c8fc72d8a555c86821f8b1964252ae666d","ethereum","USDT",44174.847546000005,17458.679829,"USDT",44174.847546000005,61,4,6,9,8,0.0,0.0,0.39521765889106886,True,0.3677834781589108,0.1639307021309222,False,False,"",11.2,"",0,"[]","[]",0,False,False,"",""
"0xffc5d18d44a3ffea7fdda70a2e201c67ef575a59","ethereum","USDT",32582.989329999997,5023.0,"USDT",32582.989329999997,70,4,7,47,23,0.3858267716535433,0.015748031496062992,0.15416019534386904,True,0.24946474684357273,0.14784707895330534,False,False,"",11.1,"",0,"[]","[]",0,False,False,"",""
"0x0bfb6c5691a20fffa9bf23ba23ed0d65d6fbf2fa","ethereum","USDT",23792.621526999996,9005.0,"USDT",23792.621526999996,59,5,8,43,21,0.06097560975609756,0.024390243902439025,0.3784786804506211,True,0.259878041720151,0.15541898418053401,False,False,"",10.0,"",0,"[]","[]",0,False,False,"",""
"0x09c953d3667ca40a1ac5153f0a015fa1a74473b9","ethereum","USDT",36310.84290700001,53010.0,"USDT",36310.84290700001,60,4,9,33,19,0.05,0.0,1.4598945041229192,False,0.34072887397434376,0.17110300698394282,False,False,"",9.3,"",0,"[]","[]",0,False,False,"",""
"0x695ed81607de56c77c494c47ff661b9c1bad8a58","ethereum","USDT",49287.37104399998,76637.875,"USDT",49287.37104399998,60,8,15,31,19,0.10256410256410256,0.0,1.5549191076063602,False,0.2717239532776556,0.1633145008217396,False,False,"",8.9,"",0,"[]","[]",0,False,False,"",""
"0x01a3f7f638cd0bead3c0ac5714b0a38d1b61d15c","ethereum","USDT",315410.450773,30000.0,"USDT",315410.450773,58,5,7,5,22,0.19736842105263158,0.013157894736842105,0.09511415974479208,True,0.17854025822241687,0.15035499686304082,False,False,"",8.9,"",0,"[]","[]",0,False,False,"",""
"0x7245d1a91dcfe639f6c3a5b644fc1652f3947652","ethereum","USDT",34169.04464,84924.028764,"USDT",34169.04464,86,6,11,17,20,0.14893617021276595,0.0,2.485408347196915,False,0.31916890080428956,0.17269603783912818,False,False,"",8.5,"",0,"[]","[]",0,False,False,"",""
"0x71a2f4f28f876688fbe21307713faeb22366a261","ethereum","USDT",77841.11873300002,27953.866303,"USDT",77841.11873300002,51,3,8,64,21,0.3953488372093023,0.031007751937984496,0.35911439555337754,True,0.2163269005583967,0.15767717076676574,False,False,"",8.5,"",0,"[]","[]",0,False,False,"",""
