"wallet","chain","asset","raw_value_in","raw_value_out","value_unit","value_in_usd_est","distinct_senders","distinct_recipients","out_cnt","active_days","hours_of_day_active","night_share","round100_share","pass_through","is_accumulator","informal_score","anomaly_score","is_anomaly","is_sanctioned","hops_to_sanctioned","risk_score","attributability","risk_attribution_score","risk_tags","risk_categories","risk_source_count","is_known_risk","confirmed","label_name","label_tags"
"0xca616bd0732cdc22e91abadf77e7c9f654ef1a23","tron","USDT",1425189.0669479934,1328187.900559,"USDT",1425189.0669479934,4924,2,4,3,5,0.8339051463168516,0.0012108980827447023,0.9319380364061317,False,0.6525238690472506,-0.16211180255027435,True,False,"",76.5,"",0,"[]","[]",0,False,False,"",""
"0x7320b8cbc1a6c24eb5ca377fe1d7726fca5ce343","tron","USDT",806540.428067,715000.0,"USDT",806540.428067,3897,2,3,3,24,0.3189887640449438,0.08359550561797753,0.8865023687821937,False,0.6897388422010825,-0.13800090242340135,True,False,"",73.3,"",0,"[]","[]",0,False,False,"",""
"0x73a25bf6d4bcd7e8881780a7f6f70dcd96c2fa97","tron","USDT",1412790.5430480004,1600000.0,"USDT",1412790.5430480004,1745,1,6,8,10,0.0,0.11257376305038584,1.1325104120162837,False,0.797276492226954,-0.11216896344505867,True,False,"",71.5,"",0,"[]","[]",0,False,False,"",""
"0xc93b59594d1800be4b4d80dfe6068229cae2af4b","tron","USDT",1041536.3048280001,1099000.0,"USDT",1041536.3048280001,2556,1,14,8,24,0.09855862874951304,0.028827425009738995,1.0551720520020562,False,0.6284097850276479,-0.13493293968433162,True,False,"",71.2,"",0,"[]","[]",0,False,False,"",""
"0x17f50305de363118d028999b02cd477ae056f474","tron","USDT",296340.07165299996,302367.85340600007,"USDT",296340.07165299996,2205,4,14,6,16,0.26175687666370895,0.009760425909494233,1.020340758235553,False,0.6716153983304779,-0.10999144721777232,True,False,"",68.0,"",0,"[]","[]",0,False,False,"",""
"0xd9d77f1b2a45bc9b3fb74a58cf827f1ec9a9150c","tron","USDT",797915.27886,150000.0,"USDT",797915.27886,3595,1,1,1,9,0.7390524048815507,0.010768126346015794,0.187989883104267,True,0.36529855931919497,-0.1536516412356158,True,False,"",67.8,"",0,"[]","[]",0,False,False,"",""
"0x8a0bb11bab04561cdccde3e16ec7923c433dd946","tron","USDT",879087.246912,874679.0,"USDT",879087.246912,2122,4,18,8,21,0.07276995305164319,0.036619718309859155,0.9949854272969094,False,0.6911306578484451,-0.10101601806565985,True,False,"",67.0,"",0,"[]","[]",0,False,False,"",""
"0xae209791b277f72cb0ecef99211248da81479da7","tron","USDT",358209.27848000027,358209.269,"USDT",358209.27848000027,2577,2,10,3,12,0.26731927710843373,0.005647590361445783,0.999999973535023,False,0.6696772694716842,-0.10404805720891208,True,False,"",66.9,"",0,"[]","[]",0,False,False,"",""
"0x16ecd2fad6ded45f8059c92c7a44d62199e85394","tron","USDT",544827.0257799996,544827.02578,"USDT",544827.0257799996,1353,1,7,7,1,0.0,0.20063567739372268,1.0000000000000009,False,0.8511653966831016,-0.06829586262051723,True,False,"",65.4,"",0,"[]","[]",0,False,False,"",""
"0xed965ad2196b22ffd960a9b9b44666b5a952bce1","tron","USDT",1201406.2642200002,0.0,"USDT",1201406.2642200002,754,0,0,2,20,0.13906678865507777,0.0585544373284538,0.0,True,0.3482743164500224,-0.13927663285495162,True,False,"",64.9,"",0,"[]","[]",0,False,False,"",""
"0x67c78194382b347359976a518271469ab1ba1b73","tron","USDT",580984.2757589995,603000.0,"USDT",580984.2757589995,1832,1,7,8,24,0.33781763826606875,0.02491280518186348,1.037893838369789,False,0.6302069786281489,-0.09727362471918855,True,False,"",64.8,"",0,"[]","[]",0,False,False,"",""
"0xef876dbd05e9ea96eb5f04d3cf3b666934493aae","tron","USDT",1401126.6590000002,1416217.0,"USDT",1401126.6590000002,74,18,24,6,14,0.011538461538461539,0.11153846153846154,1.0107701476544382,False,0.6518800359106184,-0.09237336877394464,True,False,"",64.5,"",0,"[]","[]",0,False,False,"",""
"0x970775693b164145e6ce9d092f97555cfe89e6f9","tron","USDT",1144212.991812,1146279.9708170001,"USDT",1144212.991812,1326,1,7,8,24,0.1784121320249777,0.057091882247992866,1.0018064634991837,False,0.6497507646735384,-0.08672187857629754,True,False,"",63.5,"",0,"[]","[]",0,False,False,"",""
"0x7b160f8bd4331024b6f1175259d2ca7f78599e44","tron","USDT",1036956.4659369998,1000000.0,"USDT",1036956.4659369998,1410,1,1,8,24,0.21828490432317504,0.005669737774627924,0.9643606388975976,False,0.6113840058610973,-0.09241676962743883,True,False,"",63.5,"",0,"[]","[]",0,False,False,"",""
"0x6c2c1922e27b85dab12128195fe71a0cb66cb5fd","tron","USDT",1160974.1555570003,1186020.85326,"USDT",1160974.1555570003,1483,3,13,8,15,0.4001103752759382,0.4735099337748344,1.0215738632794829,False,0.8177157069496616,-0.059951947339970446,True,False,"",63.1,"",0,"[]","[]",0,False,False,"",""
"0xeaa80562b641e0f2c44eb27d2545903c709cb3bf","tron","USDT",249300.0,252609.92,"USDT",249300.0,52,18,23,8,18,0.14492753623188406,1.0,1.0132768551945448,False,0.6687251758010732,-0.08072136994579926,True,False,"",62.9,"",0,"[]","[]",0,False,False,"",""
"0x0d443683833d220942df0afa51926477dfff0fc9","tron","USDT",1967981.3778550003,1922754.71,"USDT",1967981.3778550003,103,6,13,8,24,0.21480582524271843,0.22694174757281554,0.9770187521264581,False,0.6517461977583262,-0.08178481048188047,True,False,"",62.7,"",0,"[]","[]",0,False,False,"",""
"0x3e68e5a0eab1dea0bf52da58471bf625ca3e4911","tron","USDT",1331221.770462,0.0,"USDT",1331221.770462,367,0,0,2,17,0.18134715025906736,0.18393782383419688,0.0,True,0.536709995517705,-0.09781243644599757,True,False,"",62.6,"",0,"[]","[]",0,False,False,"",""
"0x4cf6e63710a551e7b9dd3be0933b92116e657c26","tron","USDT",135472.23876300006,0.0,"USDT",135472.23876300006,729,0,0,4,4,0.47127937336814624,0.08877284595300261,0.0,True,0.35970416853428955,-0.12382435882255105,True,False,"",62.6,"",0,"[]","[]",0,False,False,"",""
"0x58dde87af8875f5a589e3ad518112046d1ca7ca1","tron","USDT",286017.58161999995,286017.57999999996,"USDT",286017.58161999995,1128,11,22,8,4,0.99822695035461,0.2473404255319149,0.9999999943360125,False,0.7134020607228726,-0.06911098286878892,True,False,"",62.1,"",0,"[]","[]",0,False,False,"",""
"0xf04fab638509c87cc7ca00e52830dac5d0b3025b","tron","USDT",793902.4172019996,0.0,"USDT",793902.4172019996,553,0,0,8,24,0.22851153039832284,0.09748427672955975,0.0,True,0.3619004930524428,-0.11850371072446608,True,False,"",61.7,"",0,"[]","[]",0,False,False,"",""
"0x20276073f25118fe777ba0acc0a4c0e541a5ffcb","tron","USDT",442844.999599,462000.0,"USDT",442844.999599,1724,2,12,8,23,0.06742151312403499,0.006176016469377252,1.0432544127591934,False,0.6612056840102412,-0.06901449798305115,True,False,"",60.7,"",0,"[]","[]",0,False,False,"",""
"0xc46565b7ed169873a905af56459986a2f8cc130b","tron","USDT",235057.91205800007,146030.0,"USDT",235057.91205800007,1670,4,8,8,24,0.0336,0.07893333333333333,0.621251157731578,False,0.6339544000806052,-0.06950921088559381,True,False,"",60.1,"",0,"[]","[]",0,False,False,"",""
"0x87bcb5bf81f04fa596f83311f5f6b7c5c960cacd","tron","USDT",94985.815672,0.0,"USDT",94985.815672,449,0,0,3,24,0.05199306759098787,0.005199306759098787,0.0,True,0.30986104885701476,-0.11238566711306175,True,False,"",59.4,"",0,"[]","[]",0,False,False,"",""
"0x7015f1baa789e899509504ea23b27deae4c6ae4e","tron","USDT",1005115.7284389996,1050517.658476,"USDT",1005115.7284389996,1575,3,11,8,20,0.10031347962382445,0.011912225705329153,1.0451708482440247,False,0.6690698195936873,-0.059627110364402824,True,False,"",59.3,"",0,"[]","[]",0,False,False,"",""
"0x6dc8b917433b1a8c0ccf349bf25e0b6d42e6bc5a","tron","USDT",1369515.043967,1346891.3,"USDT",1369515.043967,50,15,19,6,14,0.011363636363636364,0.4431818181818182,0.9834804706478675,False,0.6191523917539572,-0.06674118522038786,True,False,"",59.3,"",0,"[]","[]",0,False,False,"",""
"0xa5504497ee5a29d2f5596ae136539dd8d48296fb","tron","USDT",999999.9999999999,1000000.0,"USDT",999999.9999999999,90,1,1,2,14,0.22522522522522523,0.2072072072072072,1.0000000000000002,False,0.7291125056028686,-0.04993802026114913,True,False,"",59.2,"",0,"[]","[]",0,False,False,"",""
"0x3706b67d8f7e0dd2013d325261fc92f4d4d3f5c0","tron","USDT",336595.76002300007,374910.1,"USDT",336595.76002300007,56,15,25,6,16,0.005333333333333333,0.04,1.1138289441744063,False,0.5239621358625638,-0.07999194992050518,True,False,"",59.2,"",0,"[]","[]",0,False,False,"",""
"0xb0e3dab2556ebad531739305f59139b3339bdb18","tron","USDT",1663150.2755139999,2048219.47,"USDT",1663150.2755139999,1171,3,11,8,24,0.24765957446808512,0.3880851063829787,1.2315300067319495,False,0.7546128691152866,-0.04536108069362976,True,False,"",59.0,"",0,"[]","[]",0,False,False,"",""
"0xc35c44e36594571dd86de3e60f7dfed17473d67d","tron","USDT",1353677.0654169994,1413965.99798,"USDT",1353677.0654169994,778,6,19,8,24,0.06449738524113888,0.10517141196978501,1.0445371603783717,False,0.7087752214429272,-0.05146037679418891,True,False,"",58.9,"",0,"[]","[]",0,False,False,"",""
"0x83ea7ca9ca7277a10244ad197a985d3c397c4d5e","tron","USDT",1148706.0000000005,1148706.0,"USDT",1148706.0000000005,889,1,1,1,2,0.0,0.06974128233970754,0.9999999999999996,False,0.8037875392200806,-0.03634602691068578,True,False,"",58.7,"",0,"[]","[]",0,False,False,"",""
"0xee5aab446e2a2340ecca7c6e1cbafe5cf128ad90","tron","USDT",1050383.5599999998,0.0,"USDT",1050383.5599999998,348,0,0,8,24,0.19556451612903225,0.24798387096774194,0.0,True,0.4027790228597042,-0.09404911079969569,True,False,"",58.6,"",0,"[]","[]",0,False,False,"",""
"0x088a1cff92c7a922837505dd12fd5810a38be21e","tron","USDT",331495.90757700003,338445.847581,"USDT",331495.90757700003,51,19,23,6,17,0.011111111111111112,0.2111111111111111,1.0209653870384074,False,0.5665151251920496,-0.06331645374008543,True,False,"",57.4,"",0,"[]","[]",0,False,False,"",""
"0x2246b1948a3e95592f87669a6ec08c21b9e36f43","tron","USDT",1052818.002263,1023614.0,"USDT",1052818.002263,125,10,22,8,24,0.05976520811099253,0.96051227321238,0.9722611104671207,False,0.7117762920172251,-0.03772482846663239,True,False,"",56.6,"",0,"[]","[]",0,False,False,"",""
"0x8a8fad2637da7de8d4def905969218e0cc30b6d0","tron","USDT",1558148.2700000003,1111591.63,"USDT",1558148.2700000003,713,8,21,8,24,0.22205882352941175,0.3291176470588235,0.7134055541453701,False,0.6756708015507235,-0.03799291902939406,True,False,"",55.8,"",0,"[]","[]",0,False,False,"",""
"0xa334214850be3cac5373aee957d9f0360c5f2d34","tron","USDT",369455.9089170005,370681.706541,"USDT",369455.9089170005,997,2,2,2,3,0.6872509960159362,0.008964143426294821,1.0033178454977014,False,0.6715686137780931,-0.0384707164337208,True,False,"",55.8,"",0,"[]","[]",0,False,False,"",""
"0xde47622a82c9e7504b266ee42ad0665d2d0692a7","tron","USDT",11434.010906000001,11434.010906,"USDT",11434.010906000001,77,23,23,1,2,0.0,0.012987012987012988,0.9999999999999999,False,0.6231958762886598,-0.0432134667799553,True,False,"",55.4,"",0,"[]","[]",0,False,False,"",""
"0xe202ba09d77c5d0934a7b926107747242b0adb15","tron","USDT",312123.9,300346.0,"USDT",312123.9,53,6,8,8,14,0.10084033613445378,0.9327731092436975,0.962265305540524,False,0.7163661045863657,-0.026549074363849234,True,False,"",54.8,"",0,"[]","[]",0,False,False,"",""
"0x6a6734098f444d9c20c70685c68e002ebbaf0b7f","tron","USDT",1650471.6505839995,1648430.51,"USDT",1650471.6505839995,670,7,25,8,24,0.20268256333830104,0.3412816691505216,0.9987632986102626,False,0.7349386749618553,-0.0227917853442412,True,False,"",54.7,"",0,"[]","[]",0,False,False,"",""
"0xdc0254b78bf8f0412cc5fe01859f4d3a76b27e56","tron","USDT",1280496.7990000003,1302000.0,"USDT",1280496.7990000003,930,3,14,8,24,0.17755344418052257,0.008907363420427554,1.0167928580663321,False,0.6680667981760657,-0.03287826468914612,True,False,"",54.7,"",0,"[]","[]",0,False,False,"",""
"0x108828aeda605e33435d7abbd987b178434fe7eb","tron","USDT",1603386.6283270002,1648272.0,"USDT",1603386.6283270002,958,1,4,8,24,0.2160751565762004,0.0041753653444676405,1.0279941037800933,False,0.6099099197191046,-0.040548842407276076,True,False,"",54.6,"",0,"[]","[]",0,False,False,"",""
"0x1b746bfebec1a0859f5487794c281dd07b4e7d7b","tron","USDT",469623.081777,474900.0,"USDT",469623.081777,869,1,17,7,10,0.0,0.3132664437012263,1.0112364967305967,False,0.8776944308197256,-0.0011020979518886476,True,False,"",54.5,"",0,"[]","[]",0,False,False,"",""
"0x412dc22c1b80230ae9735240fe69570b795780ff","tron","USDT",781997.7649999999,781936.0,"USDT",781997.7649999999,64,15,23,6,10,0.0,0.04216867469879518,0.9999210163983014,False,0.5881509446512425,-0.04266017740109118,True,False,"",54.4,"",0,"[]","[]",0,False,False,"",""
"0x52e2e937ede3e11ce7f410a3cb63470781ddfe69","tron","USDT",1567587.1285009999,1366370.3627000002,"USDT",1567587.1285009999,199,22,24,8,24,0.09263657957244656,0.669833729216152,0.8716391821911599,False,0.7240140757927815,-0.02180047547980246,True,False,"",54.2,"",0,"[]","[]",0,False,False,"",""
"0x0cce553d70e49ef04ece2d9badfea7f487eea834","tron","USDT",116730.829939,0.0,"USDT",116730.829939,244,0,0,1,2,0.0,0.10655737704918032,0.0,True,0.49690721649484537,-0.05416208413889123,True,False,"",54.1,"",0,"[]","[]",0,False,False,"",""
"0x5bffa80dc1b70dd2f76465329e551ac6252d60c0","tron","USDT",928727.1207940002,0.0,"USDT",928727.1207940002,261,0,0,8,24,0.08743169398907104,0.0947176684881603,0.0,True,0.34468848050201706,-0.07552544521876581,True,False,"",53.9,"",0,"[]","[]",0,False,False,"",""
"0x5040e917ec134f9ba9b551fb1d67992de1c7d582","tron","USDT",148771.09236500002,0.0,"USDT",148771.09236500002,334,0,0,7,2,1.0,0.005988023952095809,0.0,True,0.30625280143433437,-0.08032524565954402,True,False,"",53.8,"",0,"[]","[]",0,False,False,"",""
"0xe91f322c81a91a4590dd7eb74ef1534d18848a69","tron","USDT",471796.3574,520906.51,"USDT",471796.3574,62,7,14,8,12,0.16417910447761194,0.917910447761194,1.1040918435034954,False,0.7056271714158405,-0.019314160382944645,True,False,"",53.3,"",0,"[]","[]",0,False,False,"",""
"0xd92243c9c40663eac6ceae6f7c285d02facf9932","tron","USDT",427180.01654999994,376467.03955900006,"USDT",427180.01654999994,579,3,20,8,12,0.983729662077597,0.07509386733416772,0.8812842946152559,False,0.6793272309535309,-0.022556158358440048,True,False,"",53.2,"",0,"[]","[]",0,False,False,"",""
"0x99e9b348e6cdcf5e8c1dc1e573fb250686ec52b5","tron","USDT",480428.9,486052.64,"USDT",480428.9,63,4,12,8,16,0.15671641791044777,0.9253731343283582,1.0117056655001395,False,0.7794383379891698,-0.006571900642971085,True,False,"",53.0,"",0,"[]","[]",0,False,False,"",""
"0x93b702ee4109d5a68bcc5cb03d1925d25c49fe5d","tron","USDT",486271.868442,0.0,"USDT",486271.868442,201,0,0,8,24,0.2321699544764795,0.30045523520485584,0.0,True,0.39455401165396686,-0.06251725136765751,True,False,"",53.0,"",0,"[]","[]",0,False,False,"",""
"0xb992bb96430d10899fe663a69e18cbe6c40c37dd","tron","USDT",1852204.53,2326400.0,"USDT",1852204.53,223,9,22,8,24,0.2236503856041131,0.8894601542416453,1.2560167963739943,False,0.7122659370048964,-0.01609032780645081,True,False,"",52.9,"",0,"[]","[]",0,False,False,"",""
"0x5ce43b37c075c3a08c6f6dd38f0e019a3085ec88","tron","USDT",934421.2116949998,889500.0,"USDT",934421.2116949998,116,7,13,8,24,0.07489451476793249,0.959915611814346,0.951926164418384,False,0.69921535390564,-0.017830612452979344,True,False,"",52.9,"",0,"[]","[]",0,False,False,"",""
"0x7656fea82da08e15b5864274ef598c209a2559e4","tron","USDT",504948.0276840007,60000.0,"USDT",504948.0276840007,1358,3,4,1,2,0.0007363770250368188,0.0007363770250368188,0.11882411002810835,True,0.5379288740002429,-0.04103838998020015,True,False,"",52.9,"",0,"[]","[]",0,False,False,"",""
"0xaf9e851a2b567c5be778c7e1a3984ea0bbb3e605","tron","USDT",87890.91246399998,0.0,"USDT",87890.91246399998,235,0,0,7,2,0.0,0.06,0.0,True,0.47586284177498883,-0.05029605739908016,True,False,"",52.9,"",0,"[]","[]",0,False,False,"",""
"0x71484be4f28364ad4e93698490b00a38178c42a6","tron","USDT",1925756.1908049996,1991136.752095,"USDT",1925756.1908049996,626,1,3,8,24,0.11241217798594848,0.2302888368462139,1.0339505912545814,False,0.6989472192658923,-0.01658385894323744,True,False,"",52.7,"",0,"[]","[]",0,False,False,"",""
"0x0f3bbefb6a750b28f4d59a8aa9a8b358c9ec1350","tron","USDT",1185744.680963,1155811.0,"USDT",1185744.680963,87,20,25,8,10,0.0,0.41025641025641024,0.9747553740332282,False,0.7723603083342118,-0.0017748818338638728,True,False,"",52.0,"",0,"[]","[]",0,False,False,"",""
"0x759e105caef608314497615e803aeb8255eba522","tron","USDT",12374.973918999998,0.0,"USDT",12374.973918999998,55,0,0,8,17,0.10126582278481013,0.05063291139240506,0.0,True,0.24515912147019273,-0.07879330322067135,True,False,"",52.0,"",0,"[]","[]",0,False,False,"",""
"0x82294040a3afe657c758fc6bde7b1b547c8928d5","tron","USDT",1903273.663762,2233000.0,"USDT",1903273.663762,675,3,3,8,8,0.4243727598566308,0.08387096774193549,1.1732416848485492,False,0.6727698611477263,-0.014357737909223123,True,False,"",51.7,"",0,"[]","[]",0,False,False,"",""
"0x94e6b7eadc659e4266d32e5b7be519f588d11d5e","tron","USDT",226214.60176100009,732999.0,"USDT",226214.60176100009,1011,4,9,1,3,0.0,0.12462908011869436,3.2402815481134457,False,0.6771402958314657,-0.01125644150952354,True,False,"",51.2,"",0,"[]","[]",0,False,False,"",""
"0xb601a8a0e6cf3fc218949187d9c4437ea2bf44cb","tron","USDT",1494656.5700000003,1497643.5,"USDT",1494656.5700000003,770,5,9,8,24,0.05317769130998703,0.17250324254215305,1.001998405560148,False,0.7401426765751062,-0.001541551733485802,True,False,"",51.1,"",0,"[]","[]",0,False,False,"",""
"0xa03f3eb1e7948bae55c04a27c9d6988a83845b3a","tron","USDT",1023173.7932209998,1008548.9159999999,"USDT",1023173.7932209998,96,23,24,8,22,0.20918367346938777,0.02040816326530612,0.9857063606223141,False,0.5157427961047407,-0.033878990778618,True,False,"",51.1,"",0,"[]","[]",0,False,False,"",""
"0xaa5686be081e38b91b0f9732b91705623f5d8285","tron","USDT",216833.876993,0.0,"USDT",216833.876993,238,0,0,6,24,0.11079545454545454,0.12215909090909091,0.0,True,0.35183774092335274,-0.05765615690426518,True,False,"",51.1,"",0,"[]","[]",0,False,False,"",""
"0xb87f17cd9c6fd20aa484dd482a17988468a8b070","tron","USDT",1306745.72,1257921.8900000001,"USDT",1306745.72,53,12,16,7,14,0.023255813953488372,0.21705426356589147,0.9626370844359836,False,0.5785874796393259,-0.02355304926025381,True,False,"",50.9,"",0,"[]","[]",0,False,False,"",""
"0x49c0094aa91ea01f08f1f2bb8d77cb38452d0543","tron","USDT",24066.616767,0.0,"USDT",24066.616767,220,0,0,8,24,0.22727272727272727,0.09545454545454546,0.0,True,0.3367772299417302,-0.05752487650325577,True,False,"",50.7,"",0,"[]","[]",0,False,False,"",""
"0x2e6536e372cb2c6c5329c349d61cffdc0b89a15b","tron","USDT",45538.43,0.0,"USDT",45538.43,265,0,0,8,24,0.1687116564417178,0.006134969325153374,0.0,True,0.29896907216494845,-0.06350129369416047,True,False,"",50.7,"",0,"[]","[]",0,False,False,"",""
"0x7763cb79d598fa0c6eba1ce5b30a7c91160e5e8b","tron","USDT",756743.2070929998,615874.212021,"USDT",756743.2070929998,583,12,17,3,24,0.6205016357688113,0.11886586695747,0.8138483520544006,False,0.6338140451307367,-0.013618683321798164,True,False,"",50.6,"",0,"[]","[]",0,False,False,"",""
"0x9264410dda0a68f1d2a03710ac8eee2770c5d035","tron","USDT",1001938.37,831970.7300000001,"USDT",1001938.37,76,23,23,1,12,0.5675675675675675,0.7747747747747747,0.8303611827941075,False,0.5936159389344379,-0.020009806667158014,True,False,"",50.6,"",0,"[]","[]",0,False,False,"",""
"0x3535c68aaea3cf10b714d6a5645a69c218ea9cd5","tron","USDT",918738.0,927632.0,"USDT",918738.0,176,1,8,8,24,0.13493975903614458,0.9855421686746988,1.0096806706590997,False,0.7485793297857057,0.00487585358509135,False,False,"",50.3,"",0,"[]","[]",0,False,False,"",""
"0x00bd406a9a1fe2ec186846f254d9021b84559151","tron","USDT",96188.84480299999,63074.93,"USDT",96188.84480299999,976,4,13,7,24,0.04633920296570899,0.03892493049119555,0.6557405916370127,False,0.6225197005775146,-0.013753298967751904,True,False,"",50.3,"",0,"[]","[]",0,False,False,"",""
"0xd99f58152e5883636677674e2378a44dbae66089","tron","USDT",619475.3549749999,625500.0,"USDT",619475.3549749999,757,1,12,8,24,0.1730917501927525,0.3835774865073246,1.0097253990439108,False,0.7459482415717646,0.006999172942670051,False,False,"",49.8,"",0,"[]","[]",0,False,False,"",""
"0x121725de8ccdc4b7c81de64e6a52a8203e0d9f69","tron","USDT",61350.61545399999,0.0,"USDT",61350.61545399999,256,0,0,8,24,0.24289405684754523,0.002583979328165375,0.0,True,0.29399372478709096,-0.05862690125829162,True,False,"",49.8,"",0,"[]","[]",0,False,False,"",""
"0x8fc1492181aa0eee36ae58f197df0f14806aaca6","tron","USDT",101154.550353,69869.36,"USDT",101154.550353,604,6,6,7,2,0.0,0.05539358600583091,0.6907189024732573,False,0.7835494281862696,0.013460020561951502,False,False,"",49.7,"",0,"[]","[]",0,False,False,"",""
"0x4f9d00d0c0b7be06a454ee218112d3744aea71ea","tron","USDT",1671768.6940719998,1705000.0,"USDT",1671768.6940719998,538,1,7,8,24,0.1400304414003044,0.5251141552511416,1.0198779329017444,False,0.7678307782784588,0.011921904862583488,False,False,"",49.5,"",0,"[]","[]",0,False,False,"",""
"0xc901f5b73281c8241d08484208b05ed2577e8224","tron","USDT",274663.167262,321202.0,"USDT",274663.167262,951,2,6,8,24,0.1201255042581802,0.1828776333482743,1.1694396565871057,False,0.7115401278488721,0.0046947636212100186,False,False,"",49.4,"",0,"[]","[]",0,False,False,"",""
"0xf2dc9792d926c008d1b4bd797e29377ef8ff3501","tron","USDT",958165.2790859996,1007446.359089,"USDT",958165.2790859996,922,1,11,8,21,0.09129967776584318,0.00966702470461869,1.0514327549522666,False,0.6123490384313306,-0.01014536430764923,True,False,"",49.4,"",0,"[]","[]",0,False,False,"",""
"0xec74f3ad6d7b6f4cee9bb6eb6611b250a67eb8bd","tron","USDT",193157.27800000002,191180.0,"USDT",193157.27800000002,72,19,24,7,22,0.16304347826086957,0.532608695652174,0.9897633782145138,False,0.600776521451957,-0.009415834251731536,True,False,"",49.0,"",0,"[]","[]",0,False,False,"",""
"0x17a1e86e1af71ef9a644b3e458332eb3a9f982ea","tron","USDT",481134.51,511373.0,"USDT",481134.51,54,12,13,6,14,0.0,0.10526315789473684,1.0628483082620699,False,0.5455208807052732,-0.015656647447633287,True,False,"",48.7,"",0,"[]","[]",0,False,False,"",""
"0xc6b45c844af61a9cbf487f14b2669eb9e908911c","tron","USDT",1427065.9173609999,1258908.9,"USDT",1427065.9173609999,99,18,25,8,16,0.21774193548387097,0.47580645161290325,0.8821659074642016,False,0.7889387843615091,0.020239199878157588,False,False,"",48.6,"",0,"[]","[]",0,False,False,"",""
"0xd616d4c1bcb363282a01e34f6a9e0af294d280dd","tron","USDT",554148.5,554446.258338,"USDT",554148.5,170,21,23,4,5,0.38823529411764707,0.8705882352941177,1.000537325893691,False,0.7431242694694017,0.014050980492345433,False,False,"",48.6,"",0,"[]","[]",0,False,False,"",""
"0x4d9461b699808af40a6dfd4761a203d642c45e15","tron","USDT",770690.9211730001,740000.0,"USDT",770690.9211730001,824,2,15,8,24,0.2805314256515074,0.1599386816555953,0.9601773936479124,False,0.7293505840635135,0.012034442341400609,False,False,"",48.6,"",0,"[]","[]",0,False,False,"",""
"0xc8f5a8ddf96dcf46397dd7f08a6342a62d2fe704","tron","USDT",16150.807734999999,20193.769999999997,"USDT",16150.807734999999,54,9,18,8,17,0.23780487804878048,0.018292682926829267,1.250325700815483,False,0.47023965589248384,-0.025968995253182414,True,False,"",48.6,"",0,"[]","[]",0,False,False,"",""
"0x335ef66ea8140cae1c463582676a8a1b0d8b87a6","tron","USDT",487888.47,479136.0,"USDT",487888.47,107,22,25,8,10,0.0,0.12962962962962962,0.9820605106736793,False,0.7295138502297605,0.012079014523670661,False,False,"",48.5,"",0,"[]","[]",0,False,False,"",""
"0x4735d24abb7ccbd8724c026a590016d3bcabf9e0","tron","USDT",1094663.9820199998,1220188.0,"USDT",1094663.9820199998,370,12,20,8,24,0.22433927473878304,0.3933620159803319,1.1146689943596837,False,0.7200065866054276,0.011326764239543818,False,False,"",48.4,"",0,"[]","[]",0,False,False,"",""
"0xbb5d7e3e501a0cb3a95ebb7d75f512a335b27b75","tron","USDT",563589.517341,522067.377341,"USDT",563589.517341,51,20,23,4,5,0.0,0.2222222222222222,0.9263255636905734,False,0.5587523381975499,-0.010887121821392731,True,False,"",48.2,"",0,"[]","[]",0,False,False,"",""
"0xf0983e4dff1e98f7f701cf3431d5c3d7c48d6457","tron","USDT",87903.11974700002,0.0,"USDT",87903.11974700002,192,0,0,5,24,0.39819004524886875,0.40271493212669685,0.0,True,0.41844464365755263,-0.03076097490284535,True,False,"",48.1,"",0,"[]","[]",0,False,False,"",""
"0xa1349e0b953403446e82a6706e589e54b8201c63","tron","USDT",358851.37799999997,443424.80000000005,"USDT",358851.37799999997,277,16,25,8,24,0.23651452282157676,0.26141078838174275,1.2356781307943037,False,0.6522592640249133,0.0039004470700726435,False,False,"",48.0,"",0,"[]","[]",0,False,False,"",""
"0xc123813581db091b091ce9cd2a3c153ab5e7bcc2","tron","USDT",183906.20980599997,3040.266,"USDT",183906.20980599997,757,2,2,6,15,0.0,0.039190897597977246,0.01653161142958214,True,0.5430866898341011,-0.011068772005581762,True,False,"",47.9,"",0,"[]","[]",0,False,False,"",""
"0xcda12fe1a14e250450b3039cc22419698dedab48","tron","USDT",43514.64387299999,52746.08810499999,"USDT",43514.64387299999,50,25,25,2,22,0.23008849557522124,0.26548672566371684,1.2121456918949514,False,0.3840836361615745,-0.03364935117708434,True,False,"",47.7,"",0,"[]","[]",0,False,False,"",""
"0x37b7856bf7c42b58904857b7ca79dce3b716d4b6","tron","USDT",1652807.5526879998,0.0,"USDT",1652807.5526879998,112,0,0,1,2,0.0,0.1282051282051282,0.0,True,0.4392200806813088,-0.024498561460503665,True,False,"",47.6,"",0,"[]","[]",0,False,False,"",""
"0x8713173887299b893e17d98a473444cf19b28779","tron","USDT",258132.722624,251380.0,"USDT",258132.722624,556,3,4,8,24,0.22105597964376592,0.21692111959287533,0.9738401138942927,False,0.7451714293230092,0.021139446844369747,False,False,"",47.4,"",0,"[]","[]",0,False,False,"",""
"0xb676c2bd50652ea8c90d3339101b314d19cd9611","tron","USDT",537028.243293,545198.0,"USDT",537028.243293,698,3,19,8,24,0.2710951526032316,0.23159784560143626,1.0152128995244345,False,0.7534567477508729,0.02298298595867676,False,False,"",47.3,"",0,"[]","[]",0,False,False,"",""
"0xb00da0113218a9f68b41644a877705b8bc6d5972","tron","USDT",1231814.8946190001,1110000.0,"USDT",1231814.8946190001,624,2,19,8,24,0.27621483375959077,0.31628303495311166,0.9011094157481531,False,0.7582362264934226,0.024278821219501423,False,False,"",47.2,"",0,"[]","[]",0,False,False,"",""
"0xd77e3244e89012b35950ec6920e0892519effe38","tron","USDT",371769.158118,356324.0,"USDT",371769.158118,523,6,15,7,24,0.034688995215311005,0.03110047846889952,0.9584549772870139,False,0.6746358632297021,0.012093394136248992,False,False,"",47.2,"",0,"[]","[]",0,False,False,"",""
"0x5bde78be0af3063503f2557d76d19aee05cef644","tron","USDT",144005.67402400004,0.0,"USDT",144005.67402400004,205,0,0,7,23,0.05485232067510549,0.11814345991561181,0.0,True,0.3422008068130883,-0.03632754759128165,True,False,"",47.2,"",0,"[]","[]",0,False,False,"",""
"0x3f0c3780f170389b068a429ae18d33e36f5b68cc","tron","USDT",713955.6150570002,721544.320801,"USDT",713955.6150570002,401,9,25,8,24,0.07446808510638298,0.43351063829787234,1.0106291001624714,False,0.7515048388648612,0.02451143738456385,False,False,"",47.0,"",0,"[]","[]",0,False,False,"",""
"0x48099773cce87e6a6a158c9ca1b618ad3213602b","tron","USDT",163231.377207,0.0,"USDT",163231.377207,197,0,0,8,24,0.17966101694915254,0.061016949152542375,0.0,True,0.3172344240251008,-0.03783223284539616,True,False,"",46.8,"",0,"[]","[]",0,False,False,"",""
"0xc64926ed23de0df495792d6a4d79dde8b56a6bc9","tron","USDT",1866898.0224060002,1624354.0,"USDT",1866898.0224060002,517,1,23,8,16,0.2779220779220779,0.048051948051948054,0.8700818044183168,False,0.6149397136402748,0.006079172172911318,False,False,"",46.7,"",0,"[]","[]",0,False,False,"",""
"0xeb5c6ee8f8e10523c473dd0ba3ccde14f31aa2f7","tron","USDT",34324.161497,37318.176005,"USDT",34324.161497,51,22,25,7,19,0.19642857142857142,0.07142857142857142,1.0872276081168561,False,0.3549883645263374,-0.03162712671752177,True,False,"",46.7,"",0,"[]","[]",0,False,False,"",""
"0x7bba792bccebb458ea8c42dcbfac3c66dcf561ec","tron","USDT",46038.34756699999,0.0,"USDT",46038.34756699999,209,0,0,8,22,0.07042253521126761,0.0,0.0,True,0.27406992380098605,-0.04364079467183202,True,False,"",46.7,"",0,"[]","[]",0,False,False,"",""
"0x5fc3aa6f55afa3f2a3371e0c8d36e006a5480ada","tron","USDT",23544.62,27005.411900000003,"USDT",23544.62,78,16,24,8,17,0.22429906542056074,0.09345794392523364,1.1469886496363078,False,0.6330406385173821,0.009252745586793343,False,False,"",46.6,"",0,"[]","[]",0,False,False,"",""
"0xf7f266c9f192beed722abceb76bf0c231da66a88","tron","USDT",1008952.81,1008952.8099999999,"USDT",1008952.81,77,17,17,1,10,0.0,0.8549618320610687,0.9999999999999999,False,0.784737785746302,0.032488701601992354,False,False,"",46.4,"",0,"[]","[]",0,False,False,"",""
"0x60478b37ef3bf579c7f6c145118142c87e7fed04","tron","USDT",10847.684126,12348.060000000001,"USDT",10847.684126,56,15,15,8,18,0.16161616161616163,0.29292929292929293,1.1383130128580958,False,0.6025704767650012,0.006149997384387373,False,False,"",46.4,"",0,"[]","[]",0,False,False,"",""
"0x2a7acbfc163f4640132e4760c9df32a9ceecfa3e","tron","USDT",14237.0,14526.0,"USDT",14237.0,69,13,15,8,18,0.24271844660194175,0.05825242718446602,1.020299220341364,False,0.61109031281205,0.00785762868801021,False,False,"",46.3,"",0,"[]","[]",0,False,False,"",""
"0x5749cb9a67eab8bc9ead26e801b5e46d62660a87","tron","USDT",936727.54,921303.0,"USDT",936727.54,60,5,17,7,17,0.025423728813559324,0.1016949152542373,0.9835335897138243,False,0.6394005771987039,0.01246464869129893,False,False,"",46.2,"",0,"[]","[]",0,False,False,"",""
"0xabf863f79cb83924cfb97083357cd8244aa97eee","tron","USDT",115369.81198999994,124155.81182300001,"USDT",115369.81198999994,513,3,12,6,22,0.03985507246376811,0.009057971014492754,1.076155102287604,False,0.6514431167007042,0.014881772145497685,False,False,"",46.1,"",0,"[]","[]",0,False,False,"",""
"0x790311dcfb2f023592cb2a9544da8aec62ad8056","tron","USDT",825675.0000000002,0.0,"USDT",825675.0000000002,55,0,0,8,17,0.18181818181818182,0.06060606060606061,0.0,True,0.2490138951142985,-0.04367637545791514,True,False,"",46.1,"",0,"[]","[]",0,False,False,"",""
"0xaa6067162a89188a608414dad134f6bd9c274a2c","tron","USDT",826726.7489930002,835318.0,"USDT",826726.7489930002,469,8,19,8,24,0.0463980463980464,0.358974358974359,1.0103918870623994,False,0.7340040968143242,0.027380959644543235,False,False,"",46.0,"",0,"[]","[]",0,False,False,"",""
"0xa00d87ff699cd55a2d4530b5f3647a37785b758c","tron","USDT",1805038.1335630005,1875077.803234,"USDT",1805038.1335630005,632,2,18,5,21,0.23566084788029926,0.007481296758104738,1.03880232132977,False,0.6585550892974705,0.016403830514873596,False,False,"",46.0,"",0,"[]","[]",0,False,False,"",""
"0x9ac7985c0e4954ba48b9a161da53ff8c6550dc30","tron","USDT",83816.28123000014,0.0,"USDT",83816.28123000014,172,0,0,8,20,0.03717472118959108,0.024163568773234202,0.0,True,0.28984760197220977,-0.036987585184865446,True,False,"",46.0,"",0,"[]","[]",0,False,False,"",""
"0x6371ebbbdb3eba24fbffcdc75f8f107a4710b194","tron","USDT",1633928.5384510001,1633680.798981,"USDT",1633928.5384510001,125,15,22,7,18,0.051094890510948905,0.029197080291970802,0.9998483780262294,False,0.7113995276895131,0.02583992777333266,False,False,"",45.7,"",0,"[]","[]",0,False,False,"",""
"0x8c0dda87bab425edfa2564122149d4b1ee43cb10","tron","USDT",332556.79423,385296.32296499994,"USDT",332556.79423,60,20,21,7,10,0.0,0.4574468085106383,1.158588035637981,False,0.6609762521283429,0.0187434900279152,False,False,"",45.7,"",0,"[]","[]",0,False,False,"",""
"0x970b39f2f5bf7b781173a921df462a86a63ad6d5","tron","USDT",960164.307465,983234.8989649997,"USDT",960164.307465,550,3,16,8,24,0.19120567375886524,0.001702127659574468,1.0240277537090605,False,0.6544279768243018,0.018025303213432098,False,False,"",45.7,"",0,"[]","[]",0,False,False,"",""
"0x35a56707efd8ccdc1e6f02716a8fe520e5ae192c","tron","USDT",365793.678197,317434.153398,"USDT",365793.678197,76,24,25,2,12,0.27184466019417475,0.27184466019417475,0.8677956244696068,False,0.5351234458262387,0.00044359651145964296,False,False,"",45.7,"",0,"[]","[]",0,False,False,"",""
"0x5feb85e096871950f9455b7f414a8567f9332e6c","tron","USDT",332332.9400000002,341140.0,"USDT",332332.9400000002,58,3,15,8,24,0.22826086956521738,0.0,1.0265007134110744,False,0.41538564844284115,-0.016945044904647544,True,False,"",45.7,"",0,"[]","[]",0,False,False,"",""
"0xd931eb0dbc0fb38039437f4bbcedaebe12713017","tron","USDT",56793.785737000006,0.0,"USDT",56793.785737000006,149,0,0,8,24,0.1875,0.36160714285714285,0.0,True,0.38570147915732855,-0.02085585459939321,True,False,"",45.6,"",0,"[]","[]",0,False,False,"",""
"0x5ee5efbb77232721bc763c99e87fb05f9defb442","tron","USDT",1118121.1210000003,1122545.0,"USDT",1118121.1210000003,66,4,22,8,24,0.1320754716981132,0.5031446540880503,1.0039565293212986,False,0.6285229030106843,0.014912807591234256,False,False,"",45.5,"",0,"[]","[]",0,False,False,"",""
"0x003ccc4b2f5ce234af0e0837381f713baf45eea0","tron","USDT",634912.210373,0.0,"USDT",634912.210373,133,0,0,7,24,0.08959537572254335,0.16473988439306358,0.0,True,0.31976692066337964,-0.0298562989550345,True,False,"",45.5,"",0,"[]","[]",0,False,False,"",""
"0x197e849b9d67c7a0b15b43522f2e67117a66a454","tron","USDT",633590.0,653627.0,"USDT",633590.0,55,10,21,8,10,0.1834862385321101,0.8899082568807339,1.0316245521551792,False,0.6825365866554725,0.02439745739203869,False,False,"",45.3,"",0,"[]","[]",0,False,False,"",""
"0x94b9f9f3cb2cf5be942dbd4c77e5e8ca7e85a639","tron","USDT",149521.961026,0.0,"USDT",149521.961026,164,0,0,2,20,0.15073529411764705,0.1801470588235294,0.0,True,0.34477812640071714,-0.0250876689269236,True,False,"",45.3,"",0,"[]","[]",0,False,False,"",""
"0x51421688cebb065e21f1c040b7d5d1ae78b70621","tron","USDT",1074561.0,1051925.0,"USDT",1074561.0,176,1,7,8,23,0.10420841683366733,0.9719438877755511,0.9789346533142371,False,0.7456748732894722,0.033911884210566456,False,False,"",45.2,"",0,"[]","[]",0,False,False,"",""
"0xb78ae7ffbdccfe02e9d9ec523a63275e21176701","tron","USDT",1684162.1838369998,1670569.698561,"USDT",1684162.1838369998,64,5,11,8,16,0.0547945205479452,0.3424657534246575,0.9919292302092709,False,0.7318461777316794,0.032811634003007906,False,False,"",45.1,"",0,"[]","[]",0,False,False,"",""
"0x19dde7fadf9327e7512ccc97e2990552c43caeba","tron","USDT",427641.43231099995,427641.43231099995,"USDT",427641.43231099995,52,21,21,2,12,0.6206896551724138,0.1206896551724138,1.0,False,0.40062752129090096,-0.014992516638234643,True,False,"",45.0,"",0,"[]","[]",0,False,False,"",""
"0x6b8fc76fac7b7cbc4e2576b45b66b8d1062f4037","tron","USDT",327979.929845,228160.21674899996,"USDT",327979.929845,371,16,23,8,6,0.9847494553376906,0.023965141612200435,0.6956529835738003,False,0.565038261439099,0.00952834947924408,False,False,"",44.9,"",0,"[]","[]",0,False,False,"",""
"0x74524ee8f578d962366fae4dbf2b953abd550010","tron","USDT",1870206.885552,2100000.0,"USDT",1870206.885552,305,1,2,7,7,0.037359900373599,0.17310087173100872,1.1228704247766554,False,0.803462669863136,0.04577382935257135,False,False,"",44.6,"",0,"[]","[]",0,False,False,"",""
"0x2be2c7075598fe00f40f82812e0c0d0b36c5fb63","tron","USDT",474081.37530299986,700000.0,"USDT",474081.37530299986,615,3,3,7,10,0.19337016574585636,0.08839779005524862,1.47653975976721,False,0.7628274133535952,0.040157817251926464,False,False,"",44.6,"",0,"[]","[]",0,False,False,"",""
"0xd4b13bad3b585c1786a86c9527909fdb879f685c","tron","USDT",718992.3157299998,691000.0,"USDT",718992.3157299998,621,1,8,8,24,0.757557063541024,0.04503392967304133,0.9610672949938569,False,0.6338539789449839,0.021697158003257,False,False,"",44.5,"",0,"[]","[]",0,False,False,"",""
"0x11a9f955774a774bcd3d3dc9c4dbdff5ae05cd14","tron","USDT",1206111.240012,1363895.92,"USDT",1206111.240012,54,17,18,8,13,0.0,0.1111111111111111,1.130821001209167,False,0.5340330207353069,0.007159689632597388,False,False,"",44.5,"",0,"[]","[]",0,False,False,"",""
"0x5a6e970558d3512ac288ab1e0b10b5095f6474ea","tron","USDT",631933.1399349998,0.0,"USDT",631933.1399349998,124,0,0,7,17,0.016129032258064516,0.008064516129032258,0.0,True,0.3934110264455401,-0.01318097777092997,True,False,"",44.5,"",0,"[]","[]",0,False,False,"",""
"0x7bfcb78b795f613a24b983842fe52e9ad854944c","tron","USDT",31754.0,38200.0,"USDT",31754.0,135,19,23,8,24,0.17901234567901234,0.6296296296296297,1.2029980474900799,False,0.6732730933258299,0.02838301644515917,False,False,"",44.4,"",0,"[]","[]",0,False,False,"",""
"0xc4d7d4d03caa27fd06d0a4de8c5c1be947e78b8b","tron","USDT",35622.604413,46888.0,"USDT",35622.604413,329,3,5,8,24,0.22193211488250653,0.07049608355091384,1.3162428961226889,False,0.6294901029807514,0.02174240886044554,False,False,"",44.4,"",0,"[]","[]",0,False,False,"",""
"0xaba3735a644b81d45bcf1d6165a7a2bf151fade7","tron","USDT",160656.41276699997,1565335.806,"USDT",160656.41276699997,61,13,15,7,16,0.0,0.43956043956043955,9.7433758107758,False,0.4938592559390408,0.0022544414201748353,False,False,"",44.3,"",0,"[]","[]",0,False,False,"",""
"0x5f26d67037ff12dc991129fafefc1b41186b5b4c","tron","USDT",37660.0,0.0,"USDT",37660.0,150,0,0,8,18,0.10059171597633136,0.023668639053254437,0.0,True,0.4279022859704168,-0.007024171601025309,True,False,"",44.3,"",0,"[]","[]",0,False,False,"",""
"0x202640475269c40e54bd557e38242ecc474c2749","tron","USDT",1509084.932147,1505275.0,"USDT",1509084.932147,395,6,6,8,24,0.1407035175879397,0.4371859296482412,0.9974753361684027,False,0.8038204818459621,0.04804749122338037,False,False,"",44.2,"",0,"[]","[]",0,False,False,"",""
"0x60eaae988e348457d090c1bc1e54cc3d4c9b8dac","tron","USDT",1935539.0,1884734.0,"USDT",1935539.0,87,4,19,8,24,0.23449612403100775,0.5949612403100775,0.973751497644842,False,0.6974396764899724,0.032710362518745595,False,False,"",44.2,"",0,"[]","[]",0,False,False,"",""
"0x6ed430fcf5cb4b998904e5c843a3069ddb34cf6d","tron","USDT",78343.61489999999,79148.0,"USDT",78343.61489999999,289,5,13,8,24,0.1761786600496278,0.0,1.010267398319911,False,0.6364046108783755,0.023836023665911532,False,False,"",44.2,"",0,"[]","[]",0,False,False,"",""
"0x0d3997175300fca96337c82183cbed03f2af5278","tron","USDT",271744.390586,232674.39058600002,"USDT",271744.390586,51,19,19,4,10,0.0,0.4025974025974026,0.8562251831003836,False,0.592782463782784,0.017262726839495923,False,False,"",44.2,"",0,"[]","[]",0,False,False,"",""
"0x652cdb66c86edbb0445b4ecb99885e6253ccd16e","tron","USDT",1205082.01802,1226274.5599999998,"USDT",1205082.01802,54,16,23,8,22,0.14705882352941177,0.6323529411764706,1.0175859747827123,False,0.5175720027126642,0.006488329823738703,False,False,"",44.2,"",0,"[]","[]",0,False,False,"",""
"0x22530df2704ca6350fbd2be223a78138a2d38f18","tron","USDT",240650.88195499996,0.0,"USDT",240650.88195499996,142,0,0,8,24,0.06921241050119331,0.04295942720763723,0.0,True,0.2809950694755715,-0.027328570934538,True,False,"",44.1,"",0,"[]","[]",0,False,False,"",""
"0xbc828ab113a1d12d16a78f3a09966386c19affea","tron","USDT",633853.6413160003,718167.4998590001,"USDT",633853.6413160003,776,1,11,8,20,0.05430932703659976,0.010625737898465172,1.133017865714155,False,0.5971077670633546,0.019573376221647898,False,False,"",44.0,"",0,"[]","[]",0,False,False,"",""
"0x7cfa58092c599462444bbd5fbedb12fddc7e0650","tron","USDT",94978.68881299999,94703.53,"USDT",94978.68881299999,504,8,13,7,1,1.0,0.14285714285714285,0.997102941549954,False,0.6766505300401566,0.03128918036742412,False,False,"",43.9,"",0,"[]","[]",0,False,False,"",""
"0xd39e3ca1776c438b7c5ea1e68a62cc45ca0b2f2e","tron","USDT",96664.02158300001,119132.0,"USDT",96664.02158300001,60,20,23,8,18,0.1,0.225,1.2324337230032167,False,0.5855168412353047,0.018454995538926933,False,False,"",43.9,"",0,"[]","[]",0,False,False,"",""
"0x814bd9ffb396137eeae0f49af16c011699ce3b7c","tron","USDT",54751.25826,196639.004,"USDT",54751.25826,247,18,23,8,24,0.19690265486725664,0.3163716814159292,3.5914974422361334,False,0.5096817570596145,0.006877943283760235,False,False,"",43.9,"",0,"[]","[]",0,False,False,"",""
"0x91d8f2e6a25cc4cbfc2cb34ed9ca96c82a45f1a3","tron","USDT",216950.72141,222650.736,"USDT",216950.72141,81,19,22,7,10,0.011764705882352941,0.24705882352941178,1.0262733147553262,False,0.7146915495097147,0.038104529560292644,False,False,"",43.7,"",0,"[]","[]",0,False,False,"",""
"0xb2770f1bdf9f9fd949a79958256aa0692b2e2e87","tron","USDT",812707.2,836465.5,"USDT",812707.2,57,5,22,8,13,0.18796992481203006,0.9022556390977443,1.0292335296155861,False,0.7459910350002356,0.043351916293701165,False,False,"",43.6,"",0,"[]","[]",0,False,False,"",""
"0x340595fe12e09b411193a15fae11fb65c5a9f86e","tron","USDT",1006358.7810000001,471268.21,"USDT",1006358.7810000001,82,22,24,2,8,0.0,0.8053097345132744,0.4682904535614123,True,0.591304885871404,0.0206800123638351,False,False,"",43.6,"",0,"[]","[]",0,False,False,"",""
"0x58b5f1010770969b6e3ccf0c432ea6d7857238d4","tron","USDT",123658.10128999996,122214.33988699997,"USDT",123658.10128999996,210,19,24,8,22,0.039473684210526314,0.03070175438596491,0.9883245708292567,False,0.6049710549099123,0.023164839311302865,False,False,"",43.5,"",0,"[]","[]",0,False,False,"",""
"0xcc1aa1e65e2e86131d2c13b4d1eb648619d9ef2f","tron","USDT",513255.95063899993,513255.95063899993,"USDT",513255.95063899993,491,1,2,2,2,0.0,0.09523809523809523,1.0,False,0.8089421783953384,0.053799387219763906,False,False,"",43.4,"",0,"[]","[]",0,False,False,"",""
"0x58e6148ae1913c0fad31a3e2dceabf37128c1225","tron","USDT",211045.734935,188486.113,"USDT",211045.734935,55,19,21,8,11,0.0,0.29069767441860467,0.8931055302209822,False,0.6015480446367558,0.023324484929368117,False,False,"",43.4,"",0,"[]","[]",0,False,False,"",""
"0xe03028d0c58c144180e7dd71bec8cc09edf0e99f","tron","USDT",842139.5229469995,550000.0,"USDT",842139.5229469995,519,1,2,8,24,0.21860816944024206,0.10665658093797277,0.6530984296703226,False,0.5950302641501112,0.022492639626978672,False,False,"",43.4,"",0,"[]","[]",0,False,False,"",""
"0xa15fe0aab13780c7cf2ac1d8b55d877f4cc7f016","tron","USDT",26054.0,0.0,"USDT",26054.0,147,0,0,8,19,0.19161676646706588,0.2934131736526946,0.0,True,0.3669206633796504,-0.010667713213623364,True,False,"",43.4,"",0,"[]","[]",0,False,False,"",""
"0xf7d673b002e71d3fe49ab0e4ead6891352a82b5f","tron","USDT",456489.67130000005,468587.426,"USDT",456489.67130000005,87,18,21,8,24,0.29555555555555557,0.20222222222222222,1.0265017052095564,False,0.5672456024811725,0.018796010625714454,False,False,"",43.3,"",0,"[]","[]",0,False,False,"",""
"0x244b8db3c9893e35c101bc8ef5d0823d33046537","tron","USDT",851541.4524920001,887580.31,"USDT",851541.4524920001,421,5,7,8,24,0.2399403874813711,0.6736214605067065,1.0423219062354907,False,0.8176898096986661,0.056291658665512834,False,False,"",43.2,"",0,"[]","[]",0,False,False,"",""
"0x32b032e63c5bad21fa7965a9fb2d185f17615fbd","tron","USDT",108385.686762,110276.33,"USDT",108385.686762,308,4,18,8,21,0.16783216783216784,0.3682983682983683,1.0174436615616194,False,0.7776183945366227,0.050104096177856106,False,False,"",43.2,"",0,"[]","[]",0,False,False,"",""
"0x4615e5615d578f89a4dfba08ee5af1398cd59275","tron","USDT",1726468.9065120004,1740000.0,"USDT",1726468.9065120004,334,4,19,8,24,0.19910514541387025,0.5615212527964206,1.0078374382747133,False,0.8161375773383339,0.056963403437440996,False,False,"",43.0,"",0,"[]","[]",0,False,False,"",""
"0x5686a39af3d308b14a33b8ee644f429cbf4b64f5","tron","USDT",126776.023922,141035.44999999998,"USDT",126776.023922,98,20,21,8,23,0.13942307692307693,0.07692307692307693,1.1124773094853742,False,0.5244341660724455,0.014555478406577116,False,False,"",43.0,"",0,"[]","[]",0,False,False,"",""
"0xe77763e792afd057a7680b1462f0a9923079402c","tron","USDT",15314.223646,0.0,"USDT",15314.223646,111,0,0,2,9,0.018018018018018018,0.11711711711711711,0.0,True,0.4344688480502017,0.0012051810822945042,False,False,"",43.0,"",0,"[]","[]",0,False,False,"",""
"0x34830584e21c3261c0578f60084648d697ac83c2","tron","USDT",14213.734,0.0,"USDT",14213.734,117,0,0,1,1,0.0,0.008547008547008548,0.0,True,0.38767368892873144,-0.005559699574173349,True,False,"",43.0,"",0,"[]","[]",0,False,False,"",""
"0x44aa71f7da82013c858b3f020c67b22724debac9","tron","USDT",509700.69358400017,475613.0,"USDT",509700.69358400017,220,5,14,8,24,0.04419191919191919,0.32323232323232326,0.933122136161303,False,0.7413532483886928,0.04697321272492849,False,False,"",42.9,"",0,"[]","[]",0,False,False,"",""
"0x164105a2f1a3229ab4e1803f0d3780f787f1ecd3","tron","USDT",702736.9987659999,820000.0,"USDT",702736.9987659999,655,2,15,8,24,0.2782312925170068,0.20272108843537415,1.1668661269292964,False,0.7150131484375384,0.04273885035139657,False,False,"",42.9,"",0,"[]","[]",0,False,False,"",""
"0x6596825a5623c0ddf1ed9dc155bea362259680e9","tron","USDT",879434.3633549999,921127.5299999999,"USDT",879434.3633549999,54,17,21,8,13,0.17567567567567569,0.3108108108108108,1.04740907153769,False,0.6096127621155907,0.027549003022547147,False,False,"",42.9,"",0,"[]","[]",0,False,False,"",""
"0xad3c744bea5fab5550dbce7bfcb9e3fe434cfa2f","tron","USDT",277881.45960999955,80000.0,"USDT",277881.45960999955,794,2,2,1,2,0.0,0.003778337531486146,0.2878925427852517,True,0.5716080917036214,0.02190401382752938,False,False,"",42.9,"",0,"[]","[]",0,False,False,"",""
"0xd106fddca6b1e920b39187bc3e042db273bfa0bf","tron","USDT",534866.0,862119.0,"USDT",534866.0,58,6,7,8,18,0.06060606060606061,0.06060606060606061,1.6118410966485064,False,0.49426109487917363,0.010814952699979119,False,False,"",42.9,"",0,"[]","[]",0,False,False,"",""
"0x43729452e5c1d6a1e000f7159563dc4b9f0c3d28","tron","USDT",184854.434725,190453.644187,"USDT",184854.434725,50,11,14,7,5,0.0,0.88,1.030289830321516,False,0.6419025897402687,0.034139459257302884,False,False,"",42.6,"",0,"[]","[]",0,False,False,"",""
"0x023502a93f28a952289760b6acc10e59460f6d80","tron","USDT",500759.7046539999,0.0,"USDT",500759.7046539999,127,0,0,4,24,0.2446043165467626,0.3669064748201439,0.0,True,0.36985656656207977,-0.005758710492457131,True,False,"",42.6,"",0,"[]","[]",0,False,False,"",""
"0xa75e89e5abe9399b27f8336a559d0b60ef1dc656","tron","USDT",1809760.4299999997,1950000.0,"USDT",1809760.4299999997,247,1,7,8,24,0.22799097065462753,0.9525959367945824,1.0774906820125358,False,0.7558599989627999,0.050969932852822475,False,False,"",42.5,"",0,"[]","[]",0,False,False,"",""
"0x7eaf53a7e195c094f5068c3a1eb98d28b50e20a3","tron","USDT",1019886.36,1019633.2700000001,"USDT",1019886.36,91,17,18,2,14,0.4297520661157025,0.8264462809917356,0.9997518449016223,False,0.6671623815307502,0.03821674783046036,False,False,"",42.5,"",0,"[]","[]",0,False,False,"",""
"0x33c37b3baf8af21667434ce930b511ef2ec5c54c","tron","USDT",164404.0,229594.8,"USDT",164404.0,56,15,21,8,17,0.18292682926829268,0.07317073170731707,1.3965280650105836,False,0.48176565548734984,0.011381294467475378,False,False,"",42.5,"",0,"[]","[]",0,False,False,"",""
"0xec52c55b11035ebfe4d741c0f88eb74a6651543b","tron","USDT",1239098.19967,0.0,"USDT",1239098.19967,104,0,0,3,24,0.29120879120879123,0.13186813186813187,0.0,True,0.27906768265351856,-0.018621454208232024,True,False,"",42.5,"",0,"[]","[]",0,False,False,"",""
"0x28588ae1384afa3524dda5da9772444cf3da053d","tron","USDT",132839.854001,146135.32289399998,"USDT",132839.854001,142,13,24,8,18,0.14832535885167464,0.40669856459330145,1.1000864461421336,False,0.8227662159262125,0.06146336688851567,False,False,"",42.4,"",0,"[]","[]",0,False,False,"",""
"0x9e00ea8798d5e2aa25111dd3a805aa7d290d141c","tron","USDT",21100.0,0.0,"USDT",21100.0,75,0,0,5,12,0.0,1.0,0.0,True,0.4831241595696997,0.011939156484266467,False,False,"",42.4,"",0,"[]","[]",0,False,False,"",""
"0x50ae4b0956f83e27047166c4a61c917ba6dc18bc","tron","USDT",137451.434298,128010.64,"USDT",137451.434298,71,19,20,8,13,0.18269230769230768,0.25961538461538464,0.9313154180877298,False,0.6747884085839287,0.040539668927753514,False,False,"",42.3,"",0,"[]","[]",0,False,False,"",""
"0x655a21d977be3d167c26ce6e9929c0136a34ec2f","tron","USDT",10092.577177000001,0.0,"USDT",10092.577177000001,117,0,0,8,24,0.15384615384615385,0.08547008547008547,0.0,True,0.2772075302554908,-0.01615711389746588,True,False,"",42.1,"",0,"[]","[]",0,False,False,"",""
"0x5afff4635de39d1afb640a6c0e264c49f8195219","tron","USDT",434432.26514400006,0.0,"USDT",434432.26514400006,124,0,0,3,24,0.09701492537313433,0.34328358208955223,0.0,True,0.3616091438816674,-0.0031912988572020407,True,False,"",42.0,"",0,"[]","[]",0,False,False,"",""
"0x2faa90aa75d5d7068bf76a68189964ab13671496","tron","USDT",999473.6300000001,0.0,"USDT",999473.6300000001,84,0,0,2,21,0.27102803738317754,0.7757009345794392,0.0,True,0.35154639175257735,-0.0046968126674158395,True,False,"",42.0,"",0,"[]","[]",0,False,False,"",""
"0xb6ad184e8afb28dd0738f745d5c4393fecf2ff69","tron","USDT",35036.5,32096.0,"USDT",35036.5,62,14,19,8,15,0.06329113924050633,0.27848101265822783,0.9160732379090377,False,0.6403190850537932,0.03793670223879808,False,False,"",41.9,"",0,"[]","[]",0,False,False,"",""
"0x1464252a984c6ca5f4136e8e3ae5f8cf73b6781b","tron","USDT",999017.6290000001,0.0,"USDT",999017.6290000001,87,0,0,2,20,0.2777777777777778,0.6851851851851852,0.0,True,0.3557373375168086,-0.003577565149549433,True,False,"",41.9,"",0,"[]","[]",0,False,False,"",""
"0x2656ede502afaebe172399a1d2e1efca2d80b257","tron","USDT",52441.90115099999,0.0,"USDT",52441.90115099999,154,0,0,8,24,0.19101123595505617,0.11235955056179775,0.0,True,0.3176378305692515,-0.009050870816412426,True,False,"",41.9,"",0,"[]","[]",0,False,False,"",""
"0x0aade2e123dce0cf6a43a1709bfdfe03875820ef","tron","USDT",1463381.1462,1373356.0,"USDT",1463381.1462,186,9,22,8,24,0.15141955835962145,0.6324921135646687,0.9384814090069626,False,0.7308831935001824,0.05145428496937182,False,False,"",41.8,"",0,"[]","[]",0,False,False,"",""
"0xdba0f3238654005bcb9cc588131c88000ac8f4ed","tron","USDT",785797.2159759998,708428.0,"USDT",785797.2159759998,452,2,23,8,24,0.17070484581497797,0.5638766519823789,0.9015404809243268,False,0.8034591495241751,0.06313465203191987,False,False,"",41.7,"",0,"[]","[]",0,False,False,"",""
"0xbf2de023d4e876d9e234439ac4d2e48ffa8031eb","tron","USDT",157594.69006400002,155974.080064,"USDT",157594.69006400002,62,2,9,8,24,0.26299694189602446,0.22018348623853212,0.989716595150878,False,0.5381495045971859,0.024224043064019263,False,False,"",41.7,"",0,"[]","[]",0,False,False,"",""
"0xa9dd9b206a11a5c21ee88453e549d5d3f6f78a46","tron","USDT",360255.983626,359820.0,"USDT",360255.983626,207,15,24,8,24,0.10606060606060606,0.125,0.9987897949074661,False,0.6452980755211616,0.04007364750322262,False,False,"",41.6,"",0,"[]","[]",0,False,False,"",""
"0xeafec0217504c844fc5ef57de8c53ed942eda210","tron","USDT",157999.14,157354.75000000003,"USDT",157999.14,62,2,9,8,24,0.22468354430379747,0.24367088607594936,0.9959215600793777,False,0.5458450022892956,0.02564349961979495,False,False,"",41.6,"",0,"[]","[]",0,False,False,"",""
"0x0fbb72d75c1a24d32dac174082bfa494eafa964a","tron","USDT",122038.48923000004,127766.59,"USDT",122038.48923000004,393,8,16,8,24,0.07765151515151515,0.22537878787878787,1.0469368377643915,False,0.6892231210172696,0.04745138764596046,False,False,"",41.5,"",0,"[]","[]",0,False,False,"",""
"0xa78c9083c22e289011347d9b2de454e0500df9db","tron","USDT",161505.34985800003,161014.929858,"USDT",161505.34985800003,67,2,9,8,24,0.27639751552795033,0.22981366459627328,0.9969634442423657,False,0.5664926440255239,0.029630703201197428,False,False,"",41.5,"",0,"[]","[]",0,False,False,"",""
"0x6a32937cc5d479a0823bf0f8e73b47edd52d9e92","tron","USDT",999689.0100000001,0.0,"USDT",999689.0100000001,84,0,0,2,23,0.24193548387096775,0.6612903225806451,0.0,True,0.348005378753922,-0.00223420363795257,True,False,"",41.5,"",0,"[]","[]",0,False,False,"",""
"0xc681df379ce1950a73a5b1211628954bb2d9f296","tron","USDT",927254.0900000004,0.0,"USDT",927254.0900000004,127,0,0,8,21,0.2905027932960894,0.00558659217877095,0.0,True,0.2427386822052891,-0.01796746213108036,True,False,"",41.5,"",0,"[]","[]",0,False,False,"",""
"0x67ea1870966b9c3c0ab5ecf8d881da1fe7e20cac","tron","USDT",395158.20856700005,414000.0,"USDT",395158.20856700005,522,1,10,7,8,0.0,0.22385321100917432,1.0476816399723232,False,0.8421221211314879,0.07000194333584608,False,False,"",41.4,"",0,"[]","[]",0,False,False,"",""
"0x88552414c10ce14e2d5b21105bf5525378e5e4c5","tron","USDT",539639.620966,0.0,"USDT",539639.620966,97,0,0,8,19,0.2716049382716049,0.6975308641975309,0.0,True,0.37189601075750783,0.0017952083225850624,False,False,"",41.4,"",0,"[]","[]",0,False,False,"",""
"0x23c4acf2384c312074bd47d7f644c1103bf5969a","tron","USDT",1140454.72,1204108.4,"USDT",1140454.72,57,13,25,8,14,0.1794871794871795,0.21794871794871795,1.0558142983528533,False,0.6040321201591021,0.036302762388305654,False,False,"",41.3,"",0,"[]","[]",0,False,False,"",""
"0xfc8538b70baf877a6413eeeb0fd813145fcb1067","tron","USDT",18702.842119,0.0,"USDT",18702.842119,99,0,0,1,4,0.1388888888888889,0.08333333333333333,0.0,True,0.40080681308830124,0.006738424044970159,False,False,"",41.2,"",0,"[]","[]",0,False,False,"",""
"0xb94051ce3204336073c54e96b42c70d89d87cc9b","tron","USDT",205912.34053,192987.35,"USDT",205912.34053,51,17,25,6,7,0.7115384615384616,0.038461538461538464,0.9372306171804361,False,0.3456263116924745,-0.0007752807638968795,True,False,"",41.2,"",0,"[]","[]",0,False,False,"",""
"0xe7e7230be5a4c05a76775b7849c88ce360264019","tron","USDT",1266726.15,1207805.0,"USDT",1266726.15,60,12,22,8,11,0.18181818181818182,0.8363636363636363,0.9534854869775918,False,0.7042336280992387,0.05328313877784563,False,False,"",40.9,"",0,"[]","[]",0,False,False,"",""
"0x080194855b77fd0ad47b2cac6188da4077c8fb22","tron","USDT",701359.046325,700620.789356,"USDT",701359.046325,53,5,10,7,15,0.01694915254237288,0.2711864406779661,0.9989473908223351,False,0.6512686354930193,0.045640110467374484,False,False,"",40.8,"",0,"[]","[]",0,False,False,"",""
"0x9a8a38f4fc1367728593c6bcb5ddf62fd85dcd34","tron","USDT",14664.104178999998,11288.554689,"USDT",14664.104178999998,86,17,18,8,21,0.13953488372093023,0.06976744186046512,0.7698086805170127,False,0.47821095170178896,0.020946512572639797,False,False,"",40.7,"",0,"[]","[]",0,False,False,"",""
"0xe9d855d0afee2e58a6fa865a53ca4af2269d2efd","tron","USDT",15805.814365000002,0.0,"USDT",15805.814365000002,60,0,0,7,12,0.25,0.5833333333333334,0.0,True,0.4056925145674586,0.011033084539772253,False,False,"",40.6,"",0,"[]","[]",0,False,False,"",""
"0xe9f9b08a12f595e2009e8ecad6e5220025823c48","tron","USDT",95397.271585,0.0,"USDT",95397.271585,99,0,0,1,1,0.0,0.16161616161616163,0.0,True,0.4299417301658449,0.015491899104470908,False,False,"",40.5,"",0,"[]","[]",0,False,False,"",""
"0xbae45062dc13b492c013066b783b2905a83d4db2","tron","USDT",31394.136881,0.0,"USDT",31394.136881,96,0,0,8,24,0.15120274914089346,0.39862542955326463,0.0,True,0.3394890183774092,0.002062236209728452,False,False,"",40.5,"",0,"[]","[]",0,False,False,"",""
"0xd9fcd35ebcf3f404fcb4693deb325497636d947f","tron","USDT",131280.15159999998,121238.0,"USDT",131280.15159999998,456,1,1,8,24,0.16774193548387098,0.0064516129032258064,0.9235059414724199,False,0.5967137387203021,0.04051908073205546,False,False,"",40.4,"",0,"[]","[]",0,False,False,"",""
"0xa35a26a4d26472aa4ec13c9df0dd5a4fafb19df2","tron","USDT",411213.85,412855.23000000004,"USDT",411213.85,55,17,24,8,18,0.2804878048780488,0.3170731707317073,1.003991548436416,False,0.4784486647636357,0.023190526065885897,False,False,"",40.4,"",0,"[]","[]",0,False,False,"",""
"0xa38339639ce9a6c8185e1cfe9391be7b2449915d","tron","USDT",743849.43,731940.38,"USDT",743849.43,187,12,25,8,19,0.23697916666666666,0.24479166666666666,0.9839899722716733,False,0.6708455067806457,0.05281884098095446,False,False,"",40.1,"",0,"[]","[]",0,False,False,"",""
"0xf059439979be189009593b0d8e83bc6d880d609b","tron","USDT",53985.34223199999,50162.072232,"USDT",53985.34223199999,529,1,5,8,24,0.21172022684310018,0.003780718336483932,0.9291794801713097,False,0.5963244661821776,0.04195687634578704,False,False,"",40.1,"",0,"[]","[]",0,False,False,"",""
"0x654c6c03e9fa4241603ff596b44c00dab4a25656","tron","USDT",170719.619623,174224.779623,"USDT",170719.619623,73,1,9,8,24,0.24471299093655588,0.22658610271903323,1.020531676486513,False,0.5328277749671528,0.032469481938966926,False,False,"",40.1,"",0,"[]","[]",0,False,False,"",""
"0xca571c1b4b2b163a90cd60a52edfa16db40ad9a1","tron","USDT",1148706.0000000002,1148706.0,"USDT",1148706.0000000002,302,1,1,1,2,0.0,0.09602649006622517,0.9999999999999998,False,0.8005154639175257,0.07247838815977797,False,False,"",40.0,"",0,"[]","[]",0,False,False,"",""
"0x26bf55b0e70abc6131937e07b2e951dcb27d68b4","tron","USDT",752729.540026,948760.536,"USDT",752729.540026,518,2,4,8,17,0.010676156583629894,0.13345195729537365,1.260426867221431,False,0.8223207224768254,0.07602256781223327,False,False,"",39.9,"",0,"[]","[]",0,False,False,"",""
"0x8f76b1843acfbaebb4cfa3246bc15b1d3cd581c6","tron","USDT",1944565.9412770001,1944566.0,"USDT",1944565.9412770001,119,7,24,7,8,0.0,0.3697478991596639,1.000000030198513,False,0.8131779410692171,0.07450470521806768,False,False,"",39.9,"",0,"[]","[]",0,False,False,"",""
"0x4a31bc2f069f0fb961fe292408878c00240c9bbb","tron","USDT",90363.977678,90363.977678,"USDT",90363.977678,58,14,20,2,17,0.06896551724137931,0.43103448275862066,1.0,False,0.6770282384580906,0.055547448708035796,False,False,"",39.8,"",0,"[]","[]",0,False,False,"",""
"0x9ff46117eb7d38e237b0dd1e183460ff47ca3634","tron","USDT",173576.735628,150494.72,"USDT",173576.735628,562,1,5,7,24,0.025333333333333333,0.044,0.8670212598221222,False,0.6135207916327347,0.046349676940163564,False,False,"",39.8,"",0,"[]","[]",0,False,False,"",""
"0x7db9e5cda07798f0a6f38fb2e13705c2e8aaced5","tron","USDT",67500.464302,0.0,"USDT",67500.464302,89,0,0,7,17,0.04371584699453552,0.01092896174863388,0.0,True,0.35044822949350063,0.007714575928375655,False,False,"",39.8,"",0,"[]","[]",0,False,False,"",""
"0xc507801ef3e88ebe5620c918ff2fdf1b286b3a07","tron","USDT",231998.806166,0.0,"USDT",231998.806166,134,0,0,5,24,0.11042944785276074,0.09202453987730061,0.0,True,0.2944643657552667,-0.00044359651145953194,True,False,"",39.8,"",0,"[]","[]",0,False,False,"",""
"0x8e9fd943e6929298aa47c37ca18eb97ade63f6a8","tron","USDT",56452.886709,200.0,"USDT",56452.886709,308,1,1,6,4,0.0,0.07871720116618076,0.003542777201650434,True,0.4953970359423471,0.029303919742032947,False,False,"",39.7,"",0,"[]","[]",0,False,False,"",""
"0x4aef6b58db00033e22a27e79f771b12ca29599c2","tron","USDT",775707.4923,782219.7000000001,"USDT",775707.4923,53,16,24,8,20,0.07017543859649122,0.17543859649122806,1.0083951847373436,False,0.422816704872343,0.019012902919571917,False,False,"",39.7,"",0,"[]","[]",0,False,False,"",""
"0x7c0d0abc751076bb1e4632a05ac8441caad9476e","tron","USDT",11803.0,0.0,"USDT",11803.0,68,0,0,8,15,0.2147239263803681,0.2392638036809816,0.0,True,0.37277005826983417,0.01144116012955565,False,False,"",39.7,"",0,"[]","[]",0,False,False,"",""
"0x32285f88d727d221044be04305acacda4d9ee868","tron","USDT",314861.318761,313455.25046,"USDT",314861.318761,62,17,24,8,24,0.1796875,0.78125,0.995534325059258,False,0.5706218806998838,0.040996733071332336,False,False,"",39.6,"",0,"[]","[]",0,False,False,"",""
"0xc29a45a248fe79b3cd110c469a9f0754c300ca1c","tron","USDT",18746.9,12771.7,"USDT",18746.9,54,15,22,8,16,0.1267605633802817,0.028169014084507043,0.6812699699683681,False,0.4620720128193123,0.025166297391915116,False,False,"",39.6,"",0,"[]","[]",0,False,False,"",""
"0xbc755f72d1af430b80e291eb25d72585f32b5b7d","tron","USDT",39604.380000000005,34204.82,"USDT",39604.380000000005,52,11,15,8,20,0.1864406779661017,0.0847457627118644,0.863662554495235,False,0.3582098753096252,0.010099533757482515,False,False,"",39.6,"",0,"[]","[]",0,False,False,"",""
"0x61c515c857bdf272937114fef99c158e7eb8d6cc","tron","USDT",20044.489221000036,0.0,"USDT",20044.489221000036,77,0,0,1,1,0.0,0.07792207792207792,0.0,True,0.35331689825190493,0.009257302959925329,False,False,"",39.6,"",0,"[]","[]",0,False,False,"",""
"0x08e9c98d2b51ead33914f09d2baac8644bd620d9","tron","USDT",252695.6780540001,252857.078921,"USDT",252695.6780540001,337,4,20,1,9,0.0,0.0,1.0006387163731603,False,0.7936418667657086,0.07400021997391237,False,False,"",39.5,"",0,"[]","[]",0,False,False,"",""
"0xc855c73d7028c461619742b1501d5188a401ede5","tron","USDT",84637.313478,108767.5,"USDT",84637.313478,111,12,22,8,16,0.1751412429378531,0.4124293785310734,1.2851010450405214,False,0.759833219947521,0.06905053256790705,False,False,"",39.5,"",0,"[]","[]",0,False,False,"",""
"0x09bdef4976491d096fc138d127af62cf17368e7c","tron","USDT",1503957.3853790006,1653000.0,"USDT",1503957.3853790006,319,1,6,8,24,0.24565217391304348,0.05,1.0991002910520902,False,0.6140212685488827,0.048227314783151676,False,False,"",39.5,"",0,"[]","[]",0,False,False,"",""
"0x59f805ba81196735c232fa5ace71d50cb9de5734","tron","USDT",149237.06162499997,158161.044673,"USDT",149237.06162499997,112,12,19,8,24,0.14985163204747776,0.228486646884273,1.059797365016634,False,0.6072919837425271,0.04732352130901024,False,False,"",39.5,"",0,"[]","[]",0,False,False,"",""
"0x10d1083ed7d617dffcbe38d87b1019446c24edf3","tron","USDT",57150.34100000001,0.0,"USDT",57150.34100000001,60,0,0,8,18,0.12295081967213115,0.02459016393442623,0.0,True,0.2607350963693411,-0.003706565747490509,True,False,"",39.5,"",0,"[]","[]",0,False,False,"",""
"0x26cde02e24bbe546b6ef10d02c97ff709c29eb53","tron","USDT",484235.9901799999,484235.99018,"USDT",484235.9901799999,602,2,18,2,13,0.5107084019769358,0.14332784184514002,1.0000000000000002,False,0.7295159121470193,0.06544903895373444,False,False,"",39.4,"",0,"[]","[]",0,False,False,"",""
"0xa9579d9ca995c201b4086e97a16f9f1f2437816b","tron","USDT",185540.0,164772.94,"USDT",185540.0,57,16,24,8,17,0.13829787234042554,0.39361702127659576,0.8880723294168373,False,0.6400976572773612,0.05325863292280025,False,False,"",39.3,"",0,"[]","[]",0,False,False,"",""
"0xfdea7effa6cc445f9ace360313a4d1d49dfa13db","tron","USDT",959074.699786,723253.0,"USDT",959074.699786,255,9,16,8,17,0.23376623376623376,0.3220779220779221,0.7541153991043458,False,0.8126787499239619,0.07866318225503288,False,False,"",39.2,"",0,"[]","[]",0,False,False,"",""
"0x9778d2e04a75882e9ea008a484057ca9d664a67f","tron","USDT",84784.73097099998,0.0,"USDT",84784.73097099998,131,0,0,8,19,0.6995073891625616,0.04926108374384237,0.0,True,0.27510085163603765,0.0005278112576492244,False,False,"",39.2,"",0,"[]","[]",0,False,False,"",""
"0xca95699a605c1e86d4231d1d32a99777b5045aad","tron","USDT",632300.0,683000.0,"USDT",632300.0,115,9,24,8,21,0.04230769230769231,1.0,1.0801834572196742,False,0.6948776967228065,0.06302428543444899,False,False,"",39.0,"",0,"[]","[]",0,False,False,"",""
"0x630f7e3557a53bcc07b4e2454bf8e94338d78800","tron","USDT",103551.588475,0.0,"USDT",103551.588475,82,0,0,2,15,0.13861386138613863,0.31683168316831684,0.0,True,0.4414388166741372,0.02591160939355741,False,False,"",39.0,"",0,"[]","[]",0,False,False,"",""
"0x874e5af37b95201e2a73d4e448e9e34307004cf5","tron","USDT",13521.35,0.0,"USDT",13521.35,119,0,0,8,20,0.05714285714285714,0.0,0.0,True,0.22337516808606006,-0.006293091887119684,True,False,"",39.0,"",0,"[]","[]",0,False,False,"",""
"0xf3d501b6dccd04edcb7521440ec54d7966d923f9","tron","USDT",115992.670808,115996.0,"USDT",115992.670808,305,7,7,7,6,0.1448087431693989,0.09016393442622951,1.000028701744488,False,0.7984478678985251,0.0786425536551914,False,False,"",38.9,"",0,"[]","[]",0,False,False,"",""
"0x0b243c687a6d72abf41831fe71bdbbbfd3011644","tron","USDT",43154.16315299999,48244.496863,"USDT",43154.16315299999,401,4,9,8,23,0.0397489539748954,0.06694560669456066,1.1179569556696674,False,0.6715677303362593,0.05980819354610839,False,False,"",38.9,"",0,"[]","[]",0,False,False,"",""
"0x5937adb4b174137a4cad17f34d9117c3e1a87389","tron","USDT",1786112.9500000002,1790000.0,"USDT",1786112.9500000002,63,1,18,8,21,0.256,0.964,1.0021762621451236,False,0.582688907140675,0.04691766738850944,False,False,"",38.9,"",0,"[]","[]",0,False,False,"",""
"0x3180f9026061031108e59d786e64f86a44d0584b","tron","USDT",310592.57999999996,384740.0,"USDT",310592.57999999996,50,3,6,6,13,0.0,0.08176100628930817,1.238728883993301,False,0.5193317669037154,0.037873637544408645,False,False,"",38.9,"",0,"[]","[]",0,False,False,"",""
"0xba40d128ab6eab7c3f072d8458e0187b9833ff9c","tron","USDT",19595.809129,18076.428828999997,"USDT",19595.809129,76,16,20,8,20,0.11842105263157894,0.0,0.9224640181991025,False,0.43081732179311494,0.025125648191979044,False,False,"",38.8,"",0,"[]","[]",0,False,False,"",""
"0x84f6fdd11e3b4f155d15f8592344e4e37028bc2a","tron","USDT",14654.298707000002,0.0,"USDT",14654.298707000002,59,0,0,4,18,0.037037037037037035,0.48148148148148145,0.0,True,0.39177498879426265,0.019613693619008776,False,False,"",38.8,"",0,"[]","[]",0,False,False,"",""
"0x5fc804c6362731f2d71b822d1978ab339403e293","tron","USDT",122498.68258800004,0.0,"USDT",122498.68258800004,122,0,0,8,23,0.11428571428571428,0.16428571428571428,0.0,True,0.31064545047064096,0.008015284054577743,False,False,"",38.8,"",0,"[]","[]",0,False,False,"",""
"0xd542942456cae0af4e9e5c8fdf9cc210cc4617d9","tron","USDT",55477.62844,54400.01,"USDT",55477.62844,88,15,19,8,16,0.20175438596491227,0.02631578947368421,0.9805756217361479,False,0.6556624125587939,0.05881607512966991,False,False,"",38.7,"",0,"[]","[]",0,False,False,"",""
"0x3439d34364cb341a26dda4f2689cd188bcf62c57","tron","USDT",550130.353946,550119.0,"USDT",550130.353946,57,7,18,8,16,0.16417910447761194,0.1044776119402985,0.9999793613533255,False,0.5789290860761335,0.04732820899843965,False,False,"",38.7,"",0,"[]","[]",0,False,False,"",""
"0x9e7b2b4d273339f909364488f31fcdbf66a6f1fd","tron","USDT",81097.5,0.0,"USDT",81097.5,106,0,0,8,20,0.288,0.752,0.0,True,0.38917525773195877,0.019908879828681836,False,False,"",38.7,"",0,"[]","[]",0,False,False,"",""
"0x8c493b998bb7845cd6881746dc2d7a53ad339509","tron","USDT",718547.9499999998,843231.97,"USDT",718547.9499999998,75,16,23,8,23,0.25252525252525254,0.32323232323232326,1.1735221984837618,False,0.5349504235932522,0.04170901791501991,False,False,"",38.6,"",0,"[]","[]",0,False,False,"",""
"0x07f28c6c585508e7b579e5651321171027640ac0","tron","USDT",953071.6366779999,961782.94,"USDT",953071.6366779999,301,8,21,8,24,0.10419026047565119,0.056625141562853906,1.0091402398169815,False,0.6325959771374553,0.05652894686722809,False,False,"",38.5,"",0,"[]","[]",0,False,False,"",""
"0x5ba1be0d01d3176c62fe728b7059af14d6466f66","tron","USDT",23351.229686,0.0,"USDT",23351.229686,53,0,0,7,15,0.03773584905660377,0.3018867924528302,0.0,True,0.30936799641416407,0.009603118186304549,False,False,"",38.5,"",0,"[]","[]",0,False,False,"",""
"0xd2852087edce6718b85b27675a14d6ea2533a705","tron","USDT",48495.114008000004,54308.740000000005,"USDT",48495.114008000004,52,14,22,4,9,0.014285714285714285,0.2714285714285714,1.1198806541838617,False,0.5712502250574455,0.04831925837085971,False,False,"",38.4,"",0,"[]","[]",0,False,False,"",""
"0x3d2c995167d2a11ac34325aebbce3997f5a0a7f7","tron","USDT",121170.108174,0.0,"USDT",121170.108174,76,0,0,1,10,0.0,0.33,0.0,True,0.42653518601523976,0.0269976021099525,False,False,"",38.4,"",0,"[]","[]",0,False,False,"",""
"0xaf56c52b540c8c3f49f4fa53d7f7cb1dba61b6c5","tron","USDT",493502.10000000003,698065.0,"USDT",493502.10000000003,72,9,16,8,17,0.06578947368421052,0.05921052631578947,1.414512724464597,False,0.543341291951545,0.044619773633379545,False,False,"",38.3,"",0,"[]","[]",0,False,False,"",""
"0xef4774fd9ea39f65a4facfe6effa41bf87c0491e","tron","USDT",13078.0,0.0,"USDT",13078.0,68,0,0,8,16,0.1375,0.0875,0.0,True,0.3232406992380099,0.012595448168644552,False,False,"",38.3,"",0,"[]","[]",0,False,False,"",""
"0x185cd22ac0ea74af17ec076879735021e34bc43a","tron","USDT",12632.692175,0.0,"USDT",12632.692175,70,0,0,1,4,0.04285714285714286,0.0,0.0,True,0.2738009861048857,0.00532973705568307,False,False,"",38.3,"",0,"[]","[]",0,False,False,"",""
"0xd9c407246fe0244c63155d5c766d85ca7995a481","tron","USDT",581798.4443069999,538804.0,"USDT",581798.4443069999,432,1,3,4,24,0.13102409638554216,0.39457831325301207,0.9261007919018895,False,0.7304913372239458,0.07275728201974907,False,False,"",38.2,"",0,"[]","[]",0,False,False,"",""
"0xa4228a4fccbabebd6830c8b1f663844d0d80b0f7","tron","USDT",1805435.673081,1880211.87,"USDT",1805435.673081,76,9,18,8,16,0.1523809523809524,0.3523809523809524,1.0414172590216928,False,0.7237201340316094,0.0717100711230858,False,False,"",38.2,"",0,"[]","[]",0,False,False,"",""
"0x40f9c4f2e198973f2a96d52f259731d1ab778fdc","tron","USDT",1601288.4877059998,1595800.0,"USDT",1601288.4877059998,404,2,13,8,24,0.04308797127468582,0.414721723518851,0.9965724554019229,False,0.7990679648589593,0.08316297084851504,False,False,"",38.1,"",0,"[]","[]",0,False,False,"",""
"0x56fc5380979b599a83ca53c5ce55076db6f11cd3","tron","USDT",81832.523,81365.51000000001,"USDT",81832.523,72,15,24,8,17,0.061224489795918366,0.24489795918367346,0.9942930636514776,False,0.6870477655765528,0.06702223296990001,False,False,"",38.1,"",0,"[]","[]",0,False,False,"",""
"0x5ab8a789c9b9e6bfcefb328f20a83a6e8b398452","tron","USDT",123964.228254,123964.22825399997,"USDT",123964.228254,69,16,22,3,21,0.057971014492753624,0.5072463768115942,0.9999999999999998,False,0.5903406544150605,0.05264364528085824,False,False,"",38.1,"",0,"[]","[]",0,False,False,"",""
"0x21a729ca446b45b056ddf8ba71db64859b906d05","tron","USDT",171849.04000000004,171371.32,"USDT",171849.04000000004,80,1,9,8,24,0.23380281690140844,0.21971830985915494,0.9972201183084873,False,0.5593050725187122,0.04797220560369331,False,False,"",38.1,"",0,"[]","[]",0,False,False,"",""
"0x2e07157c5eea7cda463b536f0e6e825e8f0e7554","tron","USDT",93510.774122,91405.6,"USDT",93510.774122,50,15,18,7,16,0.23636363636363636,0.01818181818181818,0.9774873629080062,False,0.4844710270414847,0.037064371065586466,False,False,"",38.1,"",0,"[]","[]",0,False,False,"",""
"0x0ba10fd2f42ac688901ea87319ebbb5b331f777d","tron","USDT",66406.476043,52778.909999999996,"USDT",66406.476043,98,17,25,8,22,0.33152173913043476,0.002717391304347826,0.7947855863609479,False,0.4625429532201949,0.034209770867096534,False,False,"",38.1,"",0,"[]","[]",0,False,False,"",""
"0x0244f1f5fb1fa5b48d573361b61df81e200ddd6b","tron","USDT",59568.05828799999,0.0,"USDT",59568.05828799999,100,0,0,1,2,0.0,0.0,0.0,True,0.34863290004482295,0.017259575668264193,False,False,"",38.1,"",0,"[]","[]",0,False,False,"",""
"0x3eafd80df5a3bf967cf00f2effd434846ea5dd2b","tron","USDT",13962.0,0.0,"USDT",13962.0,82,0,0,8,23,0.2672413793103448,0.4396551724137931,0.0,True,0.3239354549529359,0.013892805533474384,False,False,"",38.1,"",0,"[]","[]",0,False,False,"",""
"0x373baa05219b065c58f3cd307217805362365ab2","tron","USDT",202799.20356799994,193000.0,"USDT",202799.20356799994,438,3,13,8,24,0.22270114942528735,0.3132183908045977,0.9516802660188248,False,0.7637784557138502,0.07841384934689821,False,False,"",38.0,"",0,"[]","[]",0,False,False,"",""
"0x65f079b4feb6bc9a7ba29f5e99a7cb75c2a6b0b6","tron","USDT",777992.698,774702.0,"USDT",777992.698,195,7,24,8,20,0.2872340425531915,0.18439716312056736,0.9957702713554261,False,0.6609424899501529,0.06348221153920663,False,False,"",38.0,"",0,"[]","[]",0,False,False,"",""
"0x96bb44deba17ef8d1fe6df681ee6f631b0905ef4","tron","USDT",56781.917125,0.0,"USDT",56781.917125,119,0,0,4,24,0.24031007751937986,0.26356589147286824,0.0,True,0.33623935454952936,0.016064231612430424,False,False,"",38.0,"",0,"[]","[]",0,False,False,"",""
"0x390c81c4058bb986511c9034246af285288d7926","tron","USDT",1945856.0,1913000.0,"USDT",1945856.0,194,6,11,8,24,0.14492753623188406,0.9536231884057971,0.9831148861991843,False,0.8047583425468741,0.08534972893047549,False,False,"",37.9,"",0,"[]","[]",0,False,False,"",""
"0x77d5584fc7a0dbf369cc0b43952a21e45a7efb31","tron","USDT",87941.0,81860.0,"USDT",87941.0,65,11,13,8,17,0.19318181818181818,0.3522727272727273,0.9308513662569222,False,0.6770712145333208,0.0666694543410119,False,False,"",37.9,"",0,"[]","[]",0,False,False,"",""
"0xb04ad8b23acdc4b7d64382ed9be44f6bc9f46dce","tron","USDT",1991791.3779279997,1715098.21,"USDT",1991791.3779279997,119,3,8,8,24,0.04560622914349277,0.27586206896551724,0.8610832585208621,False,0.6624900716952079,0.0645364263371585,False,False,"",37.9,"",0,"[]","[]",0,False,False,"",""
"0x6811f896e696e296375bd3fb3a3a5793668f5bb7","tron","USDT",827615.7069149999,822992.380557,"USDT",827615.7069149999,64,13,14,2,4,0.0,0.16923076923076924,0.9944136797799142,False,0.6349203872334369,0.06052799207071241,False,False,"",37.9,"",0,"[]","[]",0,False,False,"",""
"0xc013dd891f844586571bab5d14426774523c4a08","tron","USDT",58471.36208899997,54000.0,"USDT",58471.36208899997,445,1,3,8,22,0.05380333951762523,0.00927643784786642,0.9235290246498096,False,0.6003041913037853,0.05537652170696461,False,False,"",37.9,"",0,"[]","[]",0,False,False,"",""
"0xd30d583d8b5ae6bd8ab57259976520ea96c7e417","tron","USDT",164386.088549,157198.0,"USDT",164386.088549,57,15,19,8,19,0.2222222222222222,0.4583333333333333,0.956273133496589,False,0.5193362044671349,0.04441842384317163,False,False,"",37.8,"",0,"[]","[]",0,False,False,"",""
"0x9732e0c59eb150ac4c66dd448811cd800c22c63b","tron","USDT",18336.439001000013,0.0,"USDT",18336.439001000013,65,0,0,1,1,0.0,0.07692307692307693,0.0,True,0.3078440161362618,0.01344867493506463,False,False,"",37.8,"",0,"[]","[]",0,False,False,"",""
"0xe140fe368b7f9c2a4ad38540f9837b2a5ef3b574","tron","USDT",1525016.4340099995,1851276.09,"USDT",1525016.4340099995,188,4,22,8,18,0.002336448598130841,0.21728971962616822,1.21393845253989,False,0.8241777958210225,0.08939896802384711,False,False,"",37.7,"",0,"[]","[]",0,False,False,"",""
"0x6ca30b6343db5ba5677289050562804bbf952fc2","tron","USDT",1985332.3896859998,1721958.91,"USDT",1985332.3896859998,80,9,19,8,22,0.14393939393939395,0.4393939393939394,0.8673403602065571,False,0.5914644862053634,0.05540043157707769,False,False,"",37.7,"",0,"[]","[]",0,False,False,"",""
"0xb954a51c0f9335560a4e79657888b0d413f9b80d","tron","USDT",122545.60473199998,126000.459687,"USDT",122545.60473199998,473,2,5,2,3,0.0,0.02748414376321353,1.0281924020249897,False,0.824930771051748,0.09016917391054474,False,False,"",37.6,"",0,"[]","[]",0,False,False,"",""
"0x6eca4a68accbfc3bbea6b1da13dc74e51cb718f6","tron","USDT",856680.153128,500000.0,"USDT",856680.153128,403,1,1,8,24,0.1606837606837607,0.11282051282051282,0.5836483992005042,False,0.5809161433093971,0.05439213006528082,False,False,"",37.6,"",0,"[]","[]",0,False,False,"",""
"0xcf009ee189be8e525496dda214be0964fd057127","tron","USDT",239734.50746400002,318327.73,"USDT",239734.50746400002,57,16,23,8,13,0.014084507042253521,0.2535211267605634,1.327834417195038,False,0.5601166665385809,0.05144047260767903,False,False,"",37.6,"",0,"[]","[]",0,False,False,"",""
"0x02d45d93b0e6961c60702486b56116403c155d43","tron","USDT",68144.36401399999,69594.0,"USDT",68144.36401399999,50,12,20,8,24,0.19402985074626866,0.3283582089552239,1.0212730136523422,False,0.4383047876774204,0.033584715570677104,False,False,"",37.6,"",0,"[]","[]",0,False,False,"",""
"0x83c5629c1f77fac05be69013d0b44076f8f69a78","tron","USDT",867286.9899999999,0.0,"USDT",867286.9899999999,58,0,0,8,24,0.12886597938144329,0.18556701030927836,0.0,True,0.16190049305244286,-0.006567461919282147,True,False,"",37.6,"",0,"[]","[]",0,False,False,"",""
"0xebdf0568afe79760fe2c40fd1e6b3160a522618d","tron","USDT",57107.26550000001,49813.243341,"USDT",57107.26550000001,69,14,19,7,9,0.0,0.391304347826087,0.8722750582585677,False,0.6911291488099386,0.07117256158423291,False,False,"",37.5,"",0,"[]","[]",0,False,False,"",""
"0x6abe932eb7abd2a8f346194aa100e690556f46aa","tron","USDT",144395.83449100002,150640.83449100002,"USDT",144395.83449100002,59,13,25,8,17,0.16455696202531644,0.45569620253164556,1.0432491700471405,False,0.678732505748528,0.06916489790842428,False,False,"",37.5,"",0,"[]","[]",0,False,False,"",""
"0x74a122587d9d571536e585fbe963f37d39dec043","tron","USDT",466987.25,444451.0,"USDT",466987.25,55,13,25,8,16,0.3,0.24285714285714285,0.9517411877947417,False,0.45005240609323793,0.03554450673763265,False,False,"",37.5,"",0,"[]","[]",0,False,False,"",""
"0x360c92553708e9a09605598329ab18e2ed8f28ad","tron","USDT",17940.906464,16958.199999999997,"USDT",17940.906464,55,12,15,8,21,0.12244897959183673,0.05102040816326531,0.9452253727551677,False,0.3844731337173267,0.026376379694119545,False,False,"",37.5,"",0,"[]","[]",0,False,False,"",""
"0x4a16eaeb5d048214fc43332d63db26e1677f8291","tron","USDT",1129181.8641109997,922108.0,"USDT",1129181.8641109997,185,6,20,8,24,0.18429003021148035,0.3423967774420947,0.8166160202422059,False,0.7119561040932642,0.0748965065659461,False,False,"",37.4,"",0,"[]","[]",0,False,False,"",""
"0xc6d1d778d13b02ba50c0df174e7cc00b65c079f3","tron","USDT",274854.93701699993,266420.395825,"USDT",274854.93701699993,443,5,21,8,23,0.052083333333333336,0.0125,0.9693127535435966,False,0.6640777008655997,0.0678321731962988,False,False,"",37.4,"",0,"[]","[]",0,False,False,"",""
"0x31b0634adfb5a10598eb3d534993ed5da79b8987","tron","USDT",123336.502736,0.0,"USDT",123336.502736,72,0,0,1,13,0.17,0.26,0.0,True,0.3927162707306141,0.02778430601767845,False,False,"",37.4,"",0,"[]","[]",0,False,False,"",""
"0x02ba37e55cfbfea0dc0745d8ed4dc0f83f4c3c98","tron","USDT",123308.11255900002,116998.0,"USDT",123308.11255900002,485,2,13,8,24,0.08156028368794327,0.40602836879432624,0.948826460578733,False,0.7888015987047202,0.08614000293749752,False,False,"",37.3,"",0,"[]","[]",0,False,False,"",""
"0xedd2c4e2ea140de0a3fa4ede67edc1a571839c46","tron","USDT",140398.84999999998,137924.84999999998,"USDT",140398.84999999998,86,1,3,5,19,0.3191489361702128,0.10638297872340426,0.9823787730455057,False,0.5355165434930097,0.04940694654369254,False,False,"",37.3,"",0,"[]","[]",0,False,False,"",""
"0x9f5e952dd02cb21eb91f7bbded5fdcc8b36c13c9","tron","USDT",341163.15880900004,409250.1622219999,"USDT",341163.15880900004,55,15,21,8,18,0.01818181818181818,0.05454545454545454,1.1995731416331454,False,0.5067236504721159,0.045302541749399294,False,False,"",37.3,"",0,"[]","[]",0,False,False,"",""
"0x0e7f45caafa8af0aceb98c59285a9b07d35bda28","tron","USDT",536017.710872,522212.96220000007,"USDT",536017.710872,51,13,21,7,16,0.015384615384615385,0.15384615384615385,0.9742457228707198,False,0.5485246264208494,0.052163327047088814,False,False,"",37.2,"",0,"[]","[]",0,False,False,"",""
"0x8333839bcad324988cb6223d86df572911ea76a8","tron","USDT",518254.93104,0.0,"USDT",518254.93104,62,0,0,3,24,0.23529411764705882,0.3088235294117647,0.0,True,0.21405199462124608,0.0030277999233619957,False,False,"",37.2,"",0,"[]","[]",0,False,False,"",""
"0x6772ee29b0f17be60a91908a489441008f7c1e75","tron","USDT",11656.941480000003,81089.528485,"USDT",11656.941480000003,53,1,1,8,20,0.3220338983050847,0.05084745762711865,6.956329722005259,False,0.17882115643209323,-0.00220501903388004,True,False,"",37.2,"",0,"[]","[]",0,False,False,"",""
"0x8d8c5f7beef944114410175c52bccf0cfba4b143","tron","USDT",186034.30845600006,211800.0,"USDT",186034.30845600006,150,12,19,8,17,0.2471264367816092,0.5689655172413793,1.138499676526569,False,0.8453390606606208,0.09597852603601692,False,False,"",37.1,"",0,"[]","[]",0,False,False,"",""
"0x7224e909f2bf00b40d391647971bf1a770c57ff6","tron","USDT",410475.1438280001,428000.0,"USDT",410475.1438280001,414,1,7,8,22,0.6391752577319587,0.11246485473289597,1.042694074015218,False,0.6553787109701522,0.0683366239269968,False,False,"",37.1,"",0,"[]","[]",0,False,False,"",""
"0xada806bbcb97e621adcfc6432d011e54b3a96607","tron","USDT",36061.119999999995,20519.0,"USDT",36061.119999999995,75,19,22,8,19,0.21212121212121213,0.1414141414141414,0.5690061761808841,False,0.43307510345670575,0.035758729729047145,False,False,"",37.1,"",0,"[]","[]",0,False,False,"",""
"0xfd05f74093894c341f26be4731e0ff2d45b6b418","tron","USDT",392523.459,361924.0,"USDT",392523.459,57,10,15,7,19,0.2,0.12,0.9220442541753919,False,0.4200655070430569,0.03392517858681732,False,False,"",37.1,"",0,"[]","[]",0,False,False,"",""
"0x37c5eda7cece3d13d206c8b28559db8c084435a0","tron","USDT",18939.64,14912.3,"USDT",18939.64,55,10,14,8,22,0.08571428571428572,0.12857142857142856,0.7873592106291355,False,0.38364844454626634,0.028702812958216417,False,False,"",37.1,"",0,"[]","[]",0,False,False,"",""
"0x1baabc11666c7c453541bb9bff419994686a291d","tron","USDT",10080.415639000003,0.0,"USDT",10080.415639000003,73,0,0,8,22,0.136986301369863,0.0,0.0,True,0.13469296279695206,-0.007688827542913335,True,False,"",37.1,"",0,"[]","[]",0,False,False,"",""
"0x3adaf3c42c46acb92ab857fe6a80725f4cf6bdaf","tron","USDT",1646467.61,1657000.0,"USDT",1646467.61,187,4,9,8,24,0.20833333333333334,0.9083333333333333,1.0063969615533463,False,0.8021047403652609,0.09018375501347581,False,False,"",37.0,"",0,"[]","[]",0,False,False,"",""
"0xa786414128ec1be01850fb8bc02a5c44f2502992","tron","USDT",15678.788300000004,0.0,"USDT",15678.788300000004,105,0,0,8,23,0.18604651162790697,0.007751937984496124,0.0,True,0.22151501568803225,0.005490148181274912,False,False,"",37.0,"",0,"[]","[]",0,False,False,"",""
"0xc8c5438147db9f69f88181bfb8981e16b4c000fb","tron","USDT",12075.219999999996,0.0,"USDT",12075.219999999996,58,0,0,5,18,0.1076923076923077,0.0,0.0,True,0.220685791125056,0.005362016077130938,False,False,"",37.0,"",0,"[]","[]",0,False,False,"",""
"0x4dbfee6539022752920ec5bae3d746af1f288fcb","tron","USDT",999410.9299999999,770332.49,"USDT",999410.9299999999,106,10,14,8,18,0.20187793427230047,0.4131455399061033,0.7707865372254834,False,0.7641976480995117,0.08540205368949921,False,False,"",36.9,"",0,"[]","[]",0,False,False,"",""
"0xebb108461f528dae04111e9ce3a097b464229217","tron","USDT",160600.0,161009.08355600003,"USDT",160600.0,58,10,12,2,2,0.0,0.8620689655172413,1.0025472201494399,False,0.7045331377719946,0.07631286839100049,False,False,"",36.9,"",0,"[]","[]",0,False,False,"",""
"0x894d6c4d477ba8911be7fbac82ab718a8153c0d7","tron","USDT",1607204.33,1450034.5,"USDT",1607204.33,70,12,21,8,23,0.13846153846153847,0.5461538461538461,0.9022091795882605,False,0.5773042294631474,0.057947882983836685,False,False,"",36.9,"",0,"[]","[]",0,False,False,"",""
"0x50a1721eeba2c767872fdd7f63973b2ea45304cf","tron","USDT",149259.88000000003,100737.37000000001,"USDT",149259.88000000003,229,13,19,8,24,0.10480349344978165,0.20087336244541484,0.6749125753015478,False,0.6090748503359706,0.06324054762256703,False,False,"",36.8,"",0,"[]","[]",0,False,False,"",""
"0x632965785e518c8ecabb3595d4e2efcdf82332b1","tron","USDT",284098.5,584100.2638869999,"USDT",284098.5,99,18,18,2,2,0.010101010101010102,0.98989898989899,2.055977993150263,False,0.6360824742268041,0.06790056953522089,False,False,"",36.7,"",0,"[]","[]",0,False,False,"",""
"0x97311001109d3a0f8e8a62f2d9564092d7fdd4df","tron","USDT",74092.01000000001,87282.35,"USDT",74092.01000000001,50,16,16,8,18,0.11403508771929824,0.10526315789473684,1.1780264835574037,False,0.4912884728985596,0.046347209544967294,False,False,"",36.7,"",0,"[]","[]",0,False,False,"",""
"0x27989c9d2489ae93bf41fc3dac452c86abbbfa91","tron","USDT",16895.834,12117.0,"USDT",16895.834,56,15,19,8,22,0.20481927710843373,0.07228915662650602,0.717159034588053,False,0.35409966886292654,0.026419326040332813,False,False,"",36.7,"",0,"[]","[]",0,False,False,"",""
"0x72dc100fa1b5478650b323c3bdb9a0d92b60485b","tron","USDT",46006.169999000005,44884.5,"USDT",46006.169999000005,52,12,23,8,18,0.13432835820895522,0.2835820895522388,0.9756191398018051,False,0.5939808427519343,0.062298332200441564,False,False,"",36.6,"",0,"[]","[]",0,False,False,"",""
"0xc57c03f7a319cb05388b21147618ab286e1f2e5d","tron","USDT",223900.0,0.0,"USDT",223900.0,62,0,0,8,20,0.06542056074766354,1.0,0.0,True,0.28101748095024653,0.0162253767370929,False,False,"",36.6,"",0,"[]","[]",0,False,False,"",""
"0x702f23f0f910e192e7aafd6f6b77e4c68806782c","tron","USDT",1446894.03,1500000.0,"USDT",1446894.03,194,1,1,8,24,0.19602272727272727,0.9232954545454546,1.0367034274099534,False,0.7498085749393449,0.08547885038262926,False,False,"",36.5,"",0,"[]","[]",0,False,False,"",""
"0xd1b8f7ead801e323939a6fbbc4e8cc3df05b17b4","tron","USDT",972411.47181,1031328.0,"USDT",972411.47181,65,11,22,8,14,0.10810810810810811,0.3783783783783784,1.0605880636931766,False,0.6855067709458111,0.07589055156835084,False,False,"",36.5,"",0,"[]","[]",0,False,False,"",""
"0x6ea24503db1a2a6ea1e44eab5d787a0ec21fc3e9","tron","USDT",83071.73284400001,83071.732844,"USDT",83071.73284400001,50,14,19,2,20,0.14,0.42,0.9999999999999998,False,0.4666741371582249,0.043930942251847016,False,False,"",36.5,"",0,"[]","[]",0,False,False,"",""
"0x84b4dcb09ca0dd40db91123c689e877dd57549aa","tron","USDT",1390290.351404,1338200.0,"USDT",1390290.351404,52,3,6,6,15,0.23809523809523808,0.14285714285714285,0.9625327534270838,False,0.6003953897710287,0.06392255211130488,False,False,"",36.4,"",0,"[]","[]",0,False,False,"",""
"0x64dd963628ed13208c9090546af1aa95c3b6fa05","tron","USDT",20973.0,20609.4,"USDT",20973.0,66,12,13,3,5,0.015151515151515152,0.0,0.9826634244028036,False,0.5562816763642003,0.05752173127543758,False,False,"",36.4,"",0,"[]","[]",0,False,False,"",""
"0x6e7fe1875785c86d9f4d8702ad03d091dc1b7184","tron","USDT",108026.44953700001,102146.636268,"USDT",108026.44953700001,60,7,13,8,22,0.17073170731707318,0.25609756097560976,0.9455706144726518,False,0.4800822986004918,0.04653089459574378,False,False,"",36.4,"",0,"[]","[]",0,False,False,"",""
"0xee4acec6ee3ff806c6bc8f6e04f795afd4293459","tron","USDT",30658.572065,32611.66,"USDT",30658.572065,72,16,24,8,21,0.13978494623655913,0.0967741935483871,1.0637044651283565,False,0.4788323924965161,0.04640632827246016,False,False,"",36.4,"",0,"[]","[]",0,False,False,"",""
"0x938eb6df7e79515f10a3a55e20acdf370c34a386","tron","USDT",14927.859766000001,24214.123246,"USDT",14927.859766000001,55,5,12,8,20,0.02040816326530612,0.006802721088435374,1.6220760126076867,False,0.2919675854659122,0.018922479173827944,False,False,"",36.4,"",0,"[]","[]",0,False,False,"",""
"0xd1d378e80be3a8c1faad45d49930e251bb86b285","tron","USDT",1367402.139531,1360135.139531,"USDT",1367402.139531,82,5,25,8,17,0.05555555555555555,0.19047619047619047,0.9946855429065714,False,0.7565794214455008,0.08736985885220339,False,False,"",36.3,"",0,"[]","[]",0,False,False,"",""
"0x4d664c96ac29995825fca1a6f17a58da04d2130a","tron","USDT",245707.1,214181.0,"USDT",245707.1,69,8,9,8,21,0.175,0.4875,0.8716923523984451,False,0.5621242167817957,0.05924187932118874,False,False,"",36.3,"",0,"[]","[]",0,False,False,"",""
"0xa0083b41e0e8554d62f86c710c8e185e319e76f6","tron","USDT",25920.36,3690.0,"USDT",25920.36,72,3,3,8,16,0.16853932584269662,0.10112359550561797,0.14235913390091803,True,0.42156909258027325,0.03881750039996734,False,False,"",36.3,"",0,"[]","[]",0,False,False,"",""
"0x9fb1256bf6336ab476945d89552d4a58d4aac672","tron","USDT",69066.576732,57740.2766,"USDT",69066.576732,173,12,15,8,23,0.15422885572139303,0.44776119402985076,0.8360089544332043,False,0.6878875820116969,0.07819325835588975,False,False,"",36.2,"",0,"[]","[]",0,False,False,"",""
"0x67698a5c6d8057a7d55b9fe1b2a23570b1d5c261","tron","USDT",551258.64,564739.23,"USDT",551258.64,76,14,23,8,21,0.19736842105263158,0.7105263157894737,1.024454201751831,False,0.6213081735447481,0.06810563449735874,False,False,"",36.2,"",0,"[]","[]",0,False,False,"",""
"0x8038187027f93f2fcff6d46131f76690cb9b399c","tron","USDT",175406.189797,114818.5,"USDT",175406.189797,80,5,13,8,23,0.21862348178137653,0.23481781376518218,0.6545863639868185,False,0.5449020329945847,0.057245561596655836,False,False,"",36.2,"",0,"[]","[]",0,False,False,"",""
"0x1fdb80e24424f3a35f7299eafdb78748e94d5820","tron","USDT",20630.7,23547.5,"USDT",20630.7,51,8,17,8,18,0.18478260869565216,0.16304347826086957,1.1413815333459358,False,0.5279989062398223,0.054898327444618145,False,False,"",36.2,"",0,"[]","[]",0,False,False,"",""
"0x1272d9e230c786601def6d384c80a81e127b3962","tron","USDT",1533948.9828,1596201.0,"USDT",1533948.9828,136,1,3,8,11,0.12694300518134716,0.9948186528497409,1.040582847212016,False,0.8697184821039886,0.10550025222864978,False,False,"",36.1,"",0,"[]","[]",0,False,False,"",""
"0xab7ab53a641f1900cc45e0e3f0326aeff0da4c92","tron","USDT",51848.600000000006,0.0,"USDT",51848.600000000006,69,0,0,2,18,0.16071428571428573,0.15178571428571427,0.0,True,0.3511878081577768,0.02955439286740469,False,False,"",36.1,"",0,"[]","[]",0,False,False,"",""
"0xe98e907389c1c31822ab7c68f8332b0d4abf32eb","tron","USDT",1244499.992771,1269511.0,"USDT",1244499.992771,340,4,9,8,24,0.10465116279069768,0.17151162790697674,1.020097233727829,False,0.7266618620845553,0.0846754037692874,False,False,"",36.0,"",0,"[]","[]",0,False,False,"",""
"0xf5c5ddad0e71d2456a6c33b095b9c6351403160c","tron","USDT",1063524.092116,535000.0,"USDT",1063524.092116,390,1,3,8,24,0.20639147802929428,0.2782956058588549,0.5030445515677578,False,0.614324732814672,0.06874876834276977,False,False,"",36.0,"",0,"[]","[]",0,False,False,"",""
"0xa724896f98f63bffc2b87a3ffd4255d8e784fa7c","tron","USDT",53530.108689999994,72626.0,"USDT",53530.108689999994,306,1,1,8,24,0.0631911532385466,0.04897314375987362,1.3567317866023187,False,0.5613519842304103,0.060681467223911545,False,False,"",36.0,"",0,"[]","[]",0,False,False,"",""
"0xee093a173bfd5a154002bf8507900d8be1575ac3","tron","USDT",21870.3,0.0,"USDT",21870.3,95,0,0,8,19,0.06,0.04,0.0,True,0.22649036306588977,0.011809689474808205,False,False,"",36.0,"",0,"[]","[]",0,False,False,"",""
"0xa2e6ca909578a3e50922e162bf5fc37a1f707614","tron","USDT",1752971.7925,1855926.679463,"USDT",1752971.7925,69,7,19,7,18,0.15503875968992248,0.7984496124031008,1.058731627858182,False,0.7408758169653425,0.0877042285200082,False,False,"",35.9,"",0,"[]","[]",0,False,False,"",""
"0xa9357a850a067fcd79496ba84e1bc90d049f8bfa","tron","USDT",1627848.5726269998,1670000.0,"USDT",1627848.5726269998,195,1,13,8,24,0.2651209677419355,0.3397177419354839,1.0258939486643877,False,0.697846759348252,0.08121024860805587,False,False,"",35.9,"",0,"[]","[]",0,False,False,"",""
"0x12521f4b2edbb87753ce80b948ec75f62d2c222a","tron","USDT",25474.232036999998,23698.0,"USDT",25474.232036999998,54,10,19,8,15,0.45454545454545453,0.5606060606060606,0.9302733823567237,False,0.5042752053821471,0.052996657414759674,False,False,"",35.9,"",0,"[]","[]",0,False,False,"",""
"0x7fdf5918dd05a720b570c6d73d03f0b519cb22ef","tron","USDT",92314.39568799999,92314.395688,"USDT",92314.39568799999,54,14,21,2,21,0.14814814814814814,0.3333333333333333,1.0000000000000002,False,0.4748767368892872,0.04883026273734148,False,False,"",35.9,"",0,"[]","[]",0,False,False,"",""
"0xe88a00c919462d17b9c2efc24fd581b9e474197f","tron","USDT",53612.90807400001,0.0,"USDT",53612.90807400001,114,0,0,5,22,0.06382978723404255,0.11347517730496454,0.0,True,0.28588077095472886,0.020914855062406756,False,False,"",35.9,"",0,"[]","[]",0,False,False,"",""
"0xa68b683076870e7a537eac69844b877842475d5d","tron","USDT",1055930.5788770001,1240000.0,"USDT",1055930.5788770001,225,2,7,8,24,0.18120805369127516,0.49952061361457334,1.1743196236619653,False,0.762536344205303,0.09136088969053185,False,False,"",35.8,"",0,"[]","[]",0,False,False,"",""
"0x13ebcfa9116838b441f1c60e392d16c30928f461","tron","USDT",617155.5,531553.11,"USDT",617155.5,53,13,13,8,14,0.375,0.1125,0.8612952651317213,False,0.37541907095552396,0.034936208276951874,False,False,"",35.8,"",0,"[]","[]",0,False,False,"",""
"0x9e82fb0d6d3352e27ae4f26dad7a46bef1d8386f","tron","USDT",1402149.5958719999,1402000.0,"USDT",1402149.5958719999,367,2,10,6,7,0.09113924050632911,0.04050632911392405,0.9998933096208562,False,0.8329011182217956,0.10202991704397163,False,False,"",35.7,"",0,"[]","[]",0,False,False,"",""
"0x5e5b57d5ef12d6a42405b3e957c920b309d1dc80","tron","USDT",1529179.8000000003,1560796.0,"USDT",1529179.8000000003,76,9,20,8,15,0.20869565217391303,0.22608695652173913,1.0206752665710073,False,0.6941616746104959,0.08222407415318167,False,False,"",35.7,"",0,"[]","[]",0,False,False,"",""
"0xcb230672903edb9d9be91f2622faf91be31fc761","tron","USDT",1434304.9028969998,1451520.0,"USDT",1434304.9028969998,147,7,12,8,23,0.19555555555555557,0.36,1.012002397166899,False,0.681418435851246,0.08001470235512348,False,False,"",35.7,"",0,"[]","[]",0,False,False,"",""
"0x8d65a38726e8b1f150d6ccd224249c568d9b5186","tron","USDT",178326.36743299998,179579.44,"USDT",178326.36743299998,50,8,9,6,11,0.0,0.11320754716981132,1.007026849618696,False,0.5288949438369063,0.058007657408126745,False,False,"",35.7,"",0,"[]","[]",0,False,False,"",""
"0xd846b68dab76ceca364ef7bf2ba81ba2c483cef0","tron","USDT",17531.408826,12041.329826,"USDT",17531.408826,51,10,13,8,21,0.045454545454545456,0.2727272727272727,0.6868432506201142,False,0.37533368822352986,0.03554926225020327,False,False,"",35.7,"",0,"[]","[]",0,False,False,"",""
"0xe3288d4ed34d53dc8905f50df16e4efbc98252b7","tron","USDT",72628.87650299999,0.0,"USDT",72628.87650299999,50,0,0,4,10,0.18,0.06,0.0,True,0.2087404751232631,0.011220058547601108,False,False,"",35.7,"",0,"[]","[]",0,False,False,"",""
"0x93719e3a778c9f952981e81d496493048d35e205","tron","USDT",16573.530000000006,0.0,"USDT",16573.530000000006,84,0,0,8,21,0.18,0.02,0.0,True,0.19731062303899596,0.00921015341419551,False,False,"",35.7,"",0,"[]","[]",0,False,False,"",""
"0x8dc09ff8135444cdc3180d9f6f103c0b15d1b55b","tron","USDT",225318.46109000006,199900.0,"USDT",225318.46109000006,62,13,25,8,16,0.0,0.46078431372549017,0.8871887329292248,False,0.6802167694455491,0.08031651637279424,False,False,"",35.6,"",0,"[]","[]",0,False,False,"",""
"0x3956f976c0b88dd3f027d18b582bf0f9aff51f17","tron","USDT",161655.32396,168510.00999999998,"USDT",161655.32396,92,13,22,7,19,0.11538461538461539,0.11538461538461539,1.0424030948816514,False,0.5458672071106262,0.060814550925945676,False,False,"",35.6,"",0,"[]","[]",0,False,False,"",""
"0xb2498300d28fbecdfbd09a875b4f4715200978e8","tron","USDT",138119.09998700002,0.0,"USDT",138119.09998700002,85,0,0,8,21,0.3020833333333333,0.19791666666666666,0.0,True,0.26709995517705065,0.02003187834543807,False,False,"",35.6,"",0,"[]","[]",0,False,False,"",""
"0x08d597a90ace6b950abb86fce9482db4d65ec515","tron","USDT",1126554.210325,1650000.0,"USDT",1126554.210325,300,2,3,8,7,0.0634441087613293,0.08308157099697885,1.4646432323252254,False,0.7515805422395717,0.0914332999700812,False,False,"",35.5,"",0,"[]","[]",0,False,False,"",""
"0xb67a0ac66afb586a7835812c100e64446c7701e1","tron","USDT",741796.770256,691275.7036750001,"USDT",741796.770256,323,1,25,8,24,0.12050739957716702,0.27906976744186046,0.9318936552344861,False,0.6965983634987126,0.08372166226200889,False,False,"",35.5,"",0,"[]","[]",0,False,False,"",""
"0xd06f48291f8ffffbd03e21e957f730992e1655d2","tron","USDT",1619610.9083220002,1221889.0,"USDT",1619610.9083220002,297,1,5,7,8,0.860036832412523,0.23756906077348067,0.7544336690507596,False,0.645620037261519,0.07606753977974146,False,False,"",35.5,"",0,"[]","[]",0,False,False,"",""
"0x0dc13a002c77660392640df2140877aab4d5fafc","tron","USDT",79979.47351299999,54982.0,"USDT",79979.47351299999,73,7,7,7,16,0.0625,0.1125,0.6874513870244862,False,0.5887453199866991,0.06771336102959613,False,False,"",35.5,"",0,"[]","[]",0,False,False,"",""
"0xe8206790d836469b6b6b9ed15fbb1be475d164b0","tron","USDT",34187.899999999994,22890.000000000004,"USDT",34187.899999999994,139,11,18,8,21,0.16071428571428573,0.07142857142857142,0.6695351279253773,False,0.5238442734559854,0.05815297968370964,False,False,"",35.5,"",0,"[]","[]",0,False,False,"",""
"0x48bce87c44c487350ff003307d9510e31c1fca9d","tron","USDT",17717.873,0.0,"USDT",17717.873,96,0,0,8,21,0.16393442622950818,0.0,0.0,True,0.19116987897803675,0.009643468206966599,False,False,"",35.5,"",0,"[]","[]",0,False,False,"",""
"0xcc941acb9be51e9309b370d51dbee4de6450f278","tron","USDT",1702079.900811,1702300.0,"USDT",1702079.900811,207,3,6,8,24,0.14742014742014742,0.8820638820638821,1.0001293119018062,False,0.8086473783188769,0.10052757859153788,False,False,"",35.4,"",0,"[]","[]",0,False,False,"",""
"0xede8f59978b95dc28ffae3aeb2dc5af60a44799e","tron","USDT",799509.5325549997,854000.0,"USDT",799509.5325549997,283,1,22,8,24,0.20033112582781457,0.4503311258278146,1.0681548689868208,False,0.7346657541273333,0.0894396297834632,False,False,"",35.4,"",0,"[]","[]",0,False,False,"",""
"0x8fb00601005345dc297059e264c759917f671526","tron","USDT",1670437.7700000003,1608675.77,"USDT",1670437.7700000003,54,4,22,8,20,0.12731481481481483,0.2037037037037037,0.9630264586270698,False,0.48283388876709926,0.0525881344941066,False,False,"",35.4,"",0,"[]","[]",0,False,False,"",""
"0x4c95ded7abec2eefd6095f596945acdd45ac4518","tron","USDT",48509.399999999994,26151.9,"USDT",48509.399999999994,54,18,21,8,23,0.15492957746478872,0.30985915492957744,0.5391099457012456,False,0.37655798196857726,0.03731402571482201,False,False,"",35.4,"",0,"[]","[]",0,False,False,"",""
"0xcd603d44395e7589ea0e26dd70157c885c377b7b","tron","USDT",30434.414505999994,0.0,"USDT",30434.414505999994,52,0,0,8,16,0.09433962264150944,0.018867924528301886,0.0,True,0.20683549977588525,0.012754114984804277,False,False,"",35.4,"",0,"[]","[]",0,False,False,"",""
"0x4d6a3d6d15ce0326503c473e644ea4338cf7dd1f","tron","USDT",136614.38047199996,136100.0,"USDT",136614.38047199996,125,9,21,8,13,0.25,0.0,0.9962347999513463,False,0.6785387573905383,0.0821100222613459,False,False,"",35.3,"",0,"[]","[]",0,False,False,"",""
"0x9f1c19c5c90d22a0c1e262f78f887708746a3788","tron","USDT",72022.457884,73910.177452,"USDT",72022.457884,52,12,22,2,9,0.0,0.3956043956043956,1.0262101519923186,False,0.6225706096732531,0.07355742084248718,False,False,"",35.3,"",0,"[]","[]",0,False,False,"",""
"0x91725fe06c53129c77745750da3da3021c023979","tron","USDT",66124.954726,78969.64,"USDT",66124.954726,254,11,13,8,24,0.06299212598425197,0.007874015748031496,1.194248681563929,False,0.5606796227190385,0.0647997140329703,False,False,"",35.3,"",0,"[]","[]",0,False,False,"",""
"0x982da61cdde73245c3ac957236e0a442ffcc0f11","tron","USDT",295430.214227,295430.21422699996,"USDT",295430.214227,447,1,14,1,12,0.578021978021978,0.16263736263736264,0.9999999999999998,False,0.6822501120573733,0.0831691152552052,False,False,"",35.2,"",0,"[]","[]",0,False,False,"",""
"0xf6f9da99eacdab73ba50b478749890f9e0d22efd","tron","USDT",25417.67,23580.368,"USDT",25417.67,82,12,25,8,22,0.18421052631578946,0.05263157894736842,0.9277155616545498,False,0.49374571206197226,0.05541057028600993,False,False,"",35.2,"",0,"[]","[]",0,False,False,"",""
"0x76bc83ba94304db0ffba97b802d4e4c44d79c979","tron","USDT",63641.892,48308.93,"USDT",63641.892,72,11,24,8,20,0.19047619047619047,0.23015873015873015,0.7590743845264688,False,0.4861492561074453,0.05467180394230503,False,False,"",35.2,"",0,"[]","[]",0,False,False,"",""
"0x3493d0e592efe28878a8e7eb27b600b3995c8aa7","tron","USDT",45436.049999999996,0.0,"USDT",45436.049999999996,93,0,0,8,23,0.12953367875647667,0.03626943005181347,0.0,True,0.2219408337068579,0.015791555508154698,False,False,"",35.2,"",0,"[]","[]",0,False,False,"",""
"0xd1fc584ed96ed22a10e26eeff3bd7da50f0e5978","tron","USDT",207786.0,190000.0,"USDT",207786.0,359,1,2,6,4,0.0,0.033707865168539325,0.9144023177692434,False,0.7621498494794425,0.09549467528774674,False,False,"",35.1,"",0,"[]","[]",0,False,False,"",""
"0xea5acb3de7f5f49ab98f2f4277762ac59bef5206","tron","USDT",100466.579468,101403.41446,"USDT",100466.579468,68,6,13,8,22,0.12244897959183673,0.29591836734693877,1.0093248421212389,False,0.5864586532700597,0.06952139820701381,False,False,"",35.1,"",0,"[]","[]",0,False,False,"",""
"0x788aef6b024896cded046bc94888ba38386b238c","tron","USDT",34474.100099999996,58725.0,"USDT",34474.100099999996,89,17,24,8,24,0.2037037037037037,0.39814814814814814,1.7034527320410027,False,0.4878168493784423,0.055572802748705574,False,False,"",35.1,"",0,"[]","[]",0,False,False,"",""
"0xda4f961e196b8141d8899a502b6c220197a847bb","tron","USDT",66220.36325800001,72486.71,"USDT",66220.36325800001,60,14,23,8,19,0.1,0.3,1.0946286977856916,False,0.4836964029798406,0.05446861236922701,False,False,"",35.1,"",0,"[]","[]",0,False,False,"",""
"0x9a94896d45ee79ccff74aefe68ce1b597dd14457","tron","USDT",23148.0,0.0,"USDT",23148.0,58,0,0,8,23,0.2537313432835821,0.5373134328358209,0.0,True,0.2429403854773644,0.01968442244926638,False,False,"",35.1,"",0,"[]","[]",0,False,False,"",""
"0xaec6da1e23b74feac14b2d5db59b2b358861a5f2","tron","USDT",1040650.546352,1010150.0,"USDT",1040650.546352,338,3,8,6,4,0.0,0.007936507936507936,0.970690885178584,False,0.8033044701778056,0.10183683186099257,False,False,"",35.0,"",0,"[]","[]",0,False,False,"",""
"0x139109bcba91dc3d67e832839c005b60a88cff2a","tron","USDT",1852848.2605619999,1976042.0,"USDT",1852848.2605619999,95,3,8,8,24,0.23270440251572327,0.5188679245283019,1.0664888442622027,False,0.6974373275169007,0.08644502817944388,False,False,"",35.0,"",0,"[]","[]",0,False,False,"",""
"0xba2f9b898ab6f959d37d7587e5d586b9c1c45122","tron","USDT",1260849.2640240001,1200200.0,"USDT",1260849.2640240001,122,8,18,8,20,0.20297029702970298,0.4504950495049505,0.9518980850808144,False,0.6773137272806183,0.08384078327779215,False,False,"",35.0,"",0,"[]","[]",0,False,False,"",""
"0x557fd278549aacd0eb66e305d565797b5fc8a58d","tron","USDT",379508.0,380910.0,"USDT",379508.0,60,5,15,8,17,0.06493506493506493,0.09090909090909091,1.0036942567745608,False,0.63733824411797,0.07805606708287638,False,False,"",34.9,"",0,"[]","[]",0,False,False,"",""
"0xf977ecf86b1f8727a520a8aa8f382a8e0a07848e","tron","USDT",241180.850172,237501.483725,"USDT",241180.850172,53,12,25,7,18,0.015384615384615385,0.16923076923076924,0.9847443673725503,False,0.5693827596242187,0.06864752098173216,False,False,"",34.9,"",0,"[]","[]",0,False,False,"",""
"0x8c1336473c533289fac60d431e45cf359f67eb1c","tron","USDT",14300.0,1500.0,"USDT",14300.0,247,1,1,8,19,0.016194331983805668,0.15789473684210525,0.1048951048951049,True,0.38691357947296984,0.04176093399653502,False,False,"",34.9,"",0,"[]","[]",0,False,False,"",""
"0x4f3347c572af7fbed3fc44152d07db2a731748d2","tron","USDT",11864.220000000001,0.0,"USDT",11864.220000000001,52,0,0,3,10,0.5370370370370371,0.0,0.0,True,0.03021066786194531,-0.010159602580682048,True,False,"",34.9,"",0,"[]","[]",0,False,False,"",""
"0x8c57603005b30d0d3d68f19cbaab550efcdc1790","tron","USDT",1032860.77,1032860.77,"USDT",1032860.77,89,9,9,1,10,0.0,0.8387096774193549,1.0,False,0.8136485880770954,0.10489344118460503,False,False,"",34.8,"",0,"[]","[]",0,False,False,"",""
"0x6103d521c2bf703e7dcf9090a1496293b58f4599","tron","USDT",19512.024229999995,19512.0,"USDT",19512.024229999995,205,1,2,2,2,0.0,0.028708133971291867,0.9999987582016243,False,0.754728572796757,0.09627008900723355,False,False,"",34.8,"",0,"[]","[]",0,False,False,"",""
"0xac5045edccf1836f2a1e0fefd609da6ea0e87dc5","tron","USDT",59564.755787999995,54863.007408000005,"USDT",59564.755787999995,86,13,23,8,11,0.23469387755102042,0.12244897959183673,0.9210649264351184,False,0.6800668624721424,0.0851552275264385,False,False,"",34.8,"",0,"[]","[]",0,False,False,"",""
"0x8db40971bd35091074e807e81eabc945d8561e48","tron","USDT",1434891.8000100001,1386727.72,"USDT",1434891.8000100001,60,7,13,8,14,0.15942028985507245,0.37681159420289856,0.966433650251772,False,0.6653620326052625,0.08276294210216156,False,False,"",34.8,"",0,"[]","[]",0,False,False,"",""
"0x41fe1c970a14461eff47633731dee485fe358b23","tron","USDT",195638.190953,173576.0,"USDT",195638.190953,116,13,23,7,21,0.11475409836065574,0.4098360655737705,0.8872296311597964,False,0.6488040615972663,0.08060240801746604,False,False,"",34.8,"",0,"[]","[]",0,False,False,"",""
"0x032295954990dcbdb35dfcc0c0beee7cffedc520","tron","USDT",719299.16,529910.781,"USDT",719299.16,51,3,3,8,16,0.012195121951219513,0.6829268292682927,0.7367042956090758,False,0.6484614328555669,0.08066076349524287,False,False,"",34.8,"",0,"[]","[]",0,False,False,"",""
"0x523dbaded66c743d2ad63b80f6f3ea0f37f60d01","tron","USDT",1234592.192169,1055063.0,"USDT",1234592.192169,286,4,14,8,24,0.2857142857142857,0.007774538386783284,0.8545842154941924,False,0.6240544495533432,0.07692134535321504,False,False,"",34.8,"",0,"[]","[]",0,False,False,"",""
"0xa1de0fb2af1b2e7cfb34670d3f858ea224c9c793","tron","USDT",1782300.0,1722455.0,"USDT",1782300.0,55,6,23,8,23,0.20673076923076922,1.0,0.9664226000112215,False,0.5875247710107607,0.07134766325754988,False,False,"",34.8,"",0,"[]","[]",0,False,False,"",""
"0xdc433caccd630272d643d1fa3c3210b69d9b31df","tron","USDT",99767.03459999998,95917.891681,"USDT",99767.03459999998,320,7,19,8,24,0.24375,0.078125,0.9614186897061487,False,0.6374876823607726,0.07936394425049514,False,False,"",34.7,"",0,"[]","[]",0,False,False,"",""
"0x920583140db211ada7722c1aafc19815b4569708","tron","USDT",118217.59048900001,119876.0,"USDT",118217.59048900001,65,8,23,8,20,0.25471698113207547,0.3584905660377358,1.014028449608388,False,0.5394399398407608,0.06529561049303484,False,False,"",34.7,"",0,"[]","[]",0,False,False,"",""
"0x4d5c91d03fc3c3e8621386f9024c0ce5c5844c01","tron","USDT",13483.0,13483.0,"USDT",13483.0,89,3,4,2,3,0.0,0.10869565217391304,1.0,False,0.745271178843568,0.09604977252080538,False,False,"",34.6,"",0,"[]","[]",0,False,False,"",""
"0x6f3cc73fe052c07046e922ed76214dfaff2e8bf4","tron","USDT",1806779.2631860003,1697070.263186,"USDT",1806779.2631860003,79,4,21,6,17,0.009615384615384616,0.09615384615384616,0.9392792455418467,False,0.7049333928107451,0.09019957047465099,False,False,"",34.6,"",0,"[]","[]",0,False,False,"",""
"0xddfb079e9d79472b4528832e67ce18f6a0d38e72","tron","USDT",94054.38479600003,70000.0,"USDT",94054.38479600003,308,1,1,8,24,0.22340425531914893,0.4122340425531915,0.7442502564003478,False,0.6917904367574339,0.08820712408175463,False,False,"",34.6,"",0,"[]","[]",0,False,False,"",""
"0x324720034267ac9220c6652629e5bcebe3e29502","tron","USDT",36573.35959100001,48358.781338,"USDT",36573.35959100001,104,15,19,8,24,0.18660287081339713,0.21052631578947367,1.3222406111660618,False,0.5385101924238921,0.06549116638430602,False,False,"",34.6,"",0,"[]","[]",0,False,False,"",""
"0x69e84826d8c811400c1d67a8c6208f20727b6d9d","tron","USDT",106656.09072,106656.09072,"USDT",106656.09072,82,1,1,1,10,0.0,0.24,1.0,False,0.7211340206185567,0.09281588501845378,False,False,"",34.5,"",0,"[]","[]",0,False,False,"",""
"0xf12d3e945b44a3b65f2134f8e97ce640c7ae7872","tron","USDT",111512.53996200001,0.0,"USDT",111512.53996200001,53,0,0,8,24,0.13829787234042554,0.3776595744680851,0.0,True,0.1787315105333931,0.013693388933594952,False,False,"",34.5,"",0,"[]","[]",0,False,False,"",""
"0x3172f25d3fe3430c404fadb56f0638531fd7e2ae","tron","USDT",285920.1200000001,291494.0,"USDT",285920.1200000001,389,3,24,8,24,0.084,0.002,1.019494535746557,False,0.6511436746525713,0.08316235706925496,False,False,"",34.4,"",0,"[]","[]",0,False,False,"",""
"0x8a35c7f8d01308d116a7baf5c20d96eb86d53e93","tron","USDT",1439577.9931609998,1575889.0,"USDT",1439577.9931609998,170,2,8,8,24,0.18047079337401917,0.34176111595466435,1.0946881707601621,False,0.7223891251487297,0.09399878891050895,False,False,"",34.3,"",0,"[]","[]",0,False,False,"",""
"0x65f3e2a4adaea2c5d1648939eb555783c0ac641f","tron","USDT",55369.48,55390.0,"USDT",55369.48,363,1,5,8,24,0.16898954703832753,0.30662020905923343,1.0003706012770934,False,0.71911010206641,0.09386647818065053,False,False,"",34.3,"",0,"[]","[]",0,False,False,"",""
"0xba91660b0126a05ad45002ca05e1002e151be122","tron","USDT",1242356.589726,1239413.690826,"USDT",1242356.589726,255,1,22,8,24,0.04716981132075472,0.1792452830188679,0.9976311962891031,False,0.673103110615956,0.08679325438331242,False,False,"",34.3,"",0,"[]","[]",0,False,False,"",""
"0x9b6a54c307d8a17c1547700c39cff29287599253","tron","USDT",275207.82027,0.0,"USDT",275207.82027,54,0,0,6,16,0.640625,0.15625,0.0,True,0.12628865979381443,0.007218437030620084,False,False,"",34.3,"",0,"[]","[]",0,False,False,"",""
"0x9f65a69800e9ef86066616a2e905a706c30a22f4","tron","USDT",506408.104135,525000.0,"USDT",506408.104135,245,1,10,8,24,0.18141592920353983,0.532448377581121,1.0367132668557053,False,0.7474085792599661,0.09874759165553887,False,False,"",34.2,"",0,"[]","[]",0,False,False,"",""
"0xa8dc69a48eb5e398cb08577d91207e56995258fc","tron","USDT",420814.0399970001,329000.0,"USDT",420814.0399970001,418,3,8,8,24,0.09225092250922509,0.1752767527675277,0.7818180210963146,False,0.6918409686298411,0.09025780602052552,False,False,"",34.2,"",0,"[]","[]",0,False,False,"",""
"0x106cd6eaa1a495a7e378c1bbe552a2420f919926","tron","USDT",289018.928099,176411.5804,"USDT",289018.928099,62,16,22,6,14,0.14457831325301204,0.27710843373493976,0.6103807164476519,False,0.5789564660147657,0.07368911262456768,False,False,"",34.2,"",0,"[]","[]",0,False,False,"",""
"0xcc4041f3c25bd169596e59f4a97d5404e94d597b","tron","USDT",219220.194042,219074.046725,"USDT",219220.194042,76,13,14,6,11,0.0,0.44680851063829785,0.9993333309568552,False,0.7562987594231056,0.10025411953905122,False,False,"",34.1,"",0,"[]","[]",0,False,False,"",""
"0xa9a78b0e26070224888873166429ae6b4505aa31","tron","USDT",58199.0118,56300.0,"USDT",58199.0118,366,1,5,8,24,0.2039355992844365,0.2808586762075134,0.9673703772406664,False,0.7070554291012037,0.09336382248595004,False,False,"",34.1,"",0,"[]","[]",0,False,False,"",""
"0x842e38f808b72ef5a4e27049566bda142293d8eb","tron","USDT",214856.36477400007,229099.0,"USDT",214856.36477400007,210,8,8,8,24,0.20018365472910926,0.0073461891643709825,1.0662891008184991,False,0.575312327752033,0.07399739616714363,False,False,"",34.1,"",0,"[]","[]",0,False,False,"",""
"0x35643fa12f6fb62dba932d4473551950daac37fa","tron","USDT",310496.456261,328009.18,"USDT",310496.456261,72,15,25,8,13,0.2672413793103448,0.25,1.0564023304803163,False,0.5287016047241967,0.06717831526151097,False,False,"",34.1,"",0,"[]","[]",0,False,False,"",""
"0x227bbd519d19c5a0ba4201aa12c25cf581a443b4","tron","USDT",15685.838646,15694.728647,"USDT",15685.838646,70,12,17,8,19,0.16049382716049382,0.07407407407407407,1.0005667533117375,False,0.47483062065096493,0.059138864772347643,False,False,"",34.1,"",0,"[]","[]",0,False,False,"",""
"0x9f9b205abd3681e244dd3f46d8be5c0f4d1516e4","tron","USDT",11374.122018,12126.074918,"USDT",11374.122018,69,6,6,7,18,0.009900990099009901,0.04950495049504951,1.0661108522319354,False,0.648745557030081,0.08510003722423565,False,False,"",34.0,"",0,"[]","[]",0,False,False,"",""
"0x1fe4c2b9dcf966b75030e95994f1f9bbab7ab1ab","tron","USDT",16913.0,19209.5,"USDT",16913.0,55,7,13,8,17,0.13636363636363635,0.15151515151515152,1.135783125406492,False,0.556460586931252,0.07158589663550274,False,False,"",34.0,"",0,"[]","[]",0,False,False,"",""
"0x10b99d9effcb946ad54fa3694a7d54b399839b6b","tron","USDT",50846.00500600001,42348.0,"USDT",50846.00500600001,53,13,20,8,15,0.10256410256410256,0.20512820512820512,0.8328677935464701,False,0.5494063691082183,0.07084539945955903,False,False,"",34.0,"",0,"[]","[]",0,False,False,"",""
"0x27a6ce289bf7d51d071755896baac46481cfeca5","tron","USDT",535483.1786,518974.0,"USDT",535483.1786,76,14,22,8,19,0.058823529411764705,0.058823529411764705,0.9691695663659079,False,0.48525031847264366,0.061080203987512294,False,False,"",34.0,"",0,"[]","[]",0,False,False,"",""
"0x0b6d1c33d5bc74e65620d346ea0676602f91a707","tron","USDT",1481218.0,1491000.0,"USDT",1481218.0,155,4,23,8,24,0.2490118577075099,0.924901185770751,1.006604024525762,False,0.787563103656031,0.1062941927181652,False,False,"",33.9,"",0,"[]","[]",0,False,False,"",""
"0xfe61b4ff284c66aa3b60b2fe78ba3882ce1c9ff9","tron","USDT",1159262.5310000002,1109957.171,"USDT",1159262.5310000002,192,1,23,3,13,0.2180349932705249,0.0,0.9574683398440659,False,0.7107227132399919,0.09489263843819457,False,False,"",33.9,"",0,"[]","[]",0,False,False,"",""
"0xcd3895d7e3aa1185e5516004b8e25c1fe8225539","tron","USDT",26053.653841000007,25544.31698,"USDT",26053.653841000007,240,3,3,3,24,0.09747292418772563,0.04332129963898917,0.9804504633358383,False,0.6664621231467732,0.0884534720265362,False,False,"",33.9,"",0,"[]","[]",0,False,False,"",""
"0x3dfdd89e052ba37835609333dd28615d36ab3636","tron","USDT",37906.274981999995,32057.0,"USDT",37906.274981999995,277,2,3,8,24,0.21805792163543442,0.056218057921635436,0.8456911161865006,False,0.6502229386115718,0.08624656932270641,False,False,"",33.9,"",0,"[]","[]",0,False,False,"",""
"0x43c305534709870f79d6f6d72d2a362d488307c1","tron","USDT",1189318.8600100002,911407.41,"USDT",1189318.8600100002,222,2,21,8,24,0.2586427656850192,0.293213828425096,0.7663272152199256,False,0.7011139414751819,0.0940766969980556,False,False,"",33.8,"",0,"[]","[]",0,False,False,"",""
"0xa5d563ea8da28d0dcef93e53971e29760a575263","tron","USDT",539828.0473270002,467100.0,"USDT",539828.0473270002,174,2,11,8,21,0.11359404096834265,0.1191806331471136,0.8652755304450767,False,0.653467477223036,0.08723193546860825,False,False,"",33.8,"",0,"[]","[]",0,False,False,"",""
"0x8c60f05a22fb524a90a09093058877a000c09b80","tron","USDT",818613.4769329997,815610.0,"USDT",818613.4769329997,185,4,16,8,24,0.19066937119675456,0.04056795131845842,0.9963310194400262,False,0.6519779923236843,0.08688367546020442,False,False,"",33.8,"",0,"[]","[]",0,False,False,"",""
"0x99db058be636985d9d467140566f3972c522e849","tron","USDT",38754.38,28695.6498,"USDT",38754.38,254,5,6,8,22,0.18208955223880596,0.03880597014925373,0.7404492034190716,False,0.61850669411277,0.08216258346927291,False,False,"",33.8,"",0,"[]","[]",0,False,False,"",""
"0x6196c609fae162d163bea1fe491e4b2aff5c1ad3","tron","USDT",13054.54,0.0,"USDT",13054.54,63,0,0,8,22,0.21138211382113822,0.18699186991869918,0.0,True,0.18657552666965488,0.019689609822519216,False,False,"",33.7,"",0,"[]","[]",0,False,False,"",""
"0xf2401a1111890adb6be07293b3c77adc65cc9e8c","tron","USDT",11752.698,0.0,"USDT",11752.698,59,0,0,8,19,0.12195121951219512,0.08536585365853659,0.0,True,0.1306140744060959,0.011120729216049119,False,False,"",33.7,"",0,"[]","[]",0,False,False,"",""
"0x3122b5166500c9cd0c412504548a94725899aab8","tron","USDT",1118547.029907,1145000.0,"USDT",1118547.029907,355,2,11,8,16,0.26046511627906976,0.262015503875969,1.0236494035438093,False,0.7527107288833493,0.10294015158411968,False,False,"",33.6,"",0,"[]","[]",0,False,False,"",""
"0x6ab48009663b67cd2f960db68b8a95ec5389bccc","tron","USDT",1812778.803857,2100000.0,"USDT",1812778.803857,129,1,3,8,24,0.07564575645756458,0.6900369003690037,1.158442494766536,False,0.6800102908270603,0.09207947576198316,False,False,"",33.6,"",0,"[]","[]",0,False,False,"",""
"0xf2758dda7349a79403d4790f1dec18e252c50c9c","tron","USDT",1002706.620029,780031.37,"USDT",1002706.620029,50,4,8,3,13,0.0,0.5373134328358209,0.7779258203934468,False,0.6409056481665424,0.086607015877878,False,False,"",33.6,"",0,"[]","[]",0,False,False,"",""
"0xf251ae4add7eba3735c8dc3a6ae76f0c400e79b6","tron","USDT",135002.45692900004,115517.47,"USDT",135002.45692900004,90,15,25,8,13,0.47738693467336685,0.09547738693467336,0.8556693902300793,False,0.5134019192831293,0.06791876227097288,False,False,"",33.6,"",0,"[]","[]",0,False,False,"",""
"0x2c5307e0412c0163188894178b95111551a86969","tron","USDT",15384.004,0.0,"USDT",15384.004,51,0,0,8,18,0.2777777777777778,0.037037037037037035,0.0,True,0.05755266696548633,0.001276029191132011,False,False,"",33.6,"",0,"[]","[]",0,False,False,"",""
"0xcb7d72964dfbb5b47c6fda048873b4a0d389dbfa","tron","USDT",940715.251711,780000.0,"USDT",940715.251711,333,1,9,8,24,0.20588235294117646,0.2636165577342048,0.8291563239580878,False,0.6721961235993271,0.09128328773292022,False,False,"",33.5,"",0,"[]","[]",0,False,False,"",""
"0x9418980593c00625ebfdc7c028cda47d388dffad","tron","USDT",62538.959055,62539.103357,"USDT",62538.959055,106,12,20,8,22,0.183206106870229,0.42748091603053434,1.0000023073936979,False,0.6641635905158816,0.09032169534352286,False,False,"",33.5,"",0,"[]","[]",0,False,False,"",""
"0xec92939b0dc3406f67d6632a51940a65c00385d2","tron","USDT",610779.4293360001,560190.4,"USDT",610779.4293360001,74,13,21,6,15,0.0,0.17796610169491525,0.917172997474723,False,0.6598353166621342,0.08992976922075874,False,False,"",33.5,"",0,"[]","[]",0,False,False,"",""
"0x1dc34c670c54270a146fe09b19172b9bf3c9261e","tron","USDT",50975.40324999999,34836.49,"USDT",50975.40324999999,193,8,14,8,23,0.22429906542056074,0.3107476635514019,0.6833980268709302,False,0.6312560285028278,0.08569281444679294,False,False,"",33.5,"",0,"[]","[]",0,False,False,"",""
"0x635251854738894441d7a9f6d13fece9669bb1f1","tron","USDT",1038545.1075870002,943694.0,"USDT",1038545.1075870002,75,9,21,8,24,0.12051282051282051,0.517948717948718,0.9086692461462927,False,0.5945083897940278,0.0801023739760886,False,False,"",33.5,"",0,"[]","[]",0,False,False,"",""
"0xf882555ffee4a793ff9efbca834104b667fb2a11","tron","USDT",257460.300376,260118.09,"USDT",257460.300376,64,14,16,7,20,0.04861111111111111,0.4236111111111111,1.0103231046499928,False,0.5530003723465591,0.0738903508708878,False,False,"",33.5,"",0,"[]","[]",0,False,False,"",""
"0xfa2fe23e45af2a1326a45780682177106da667ca","tron","USDT",20623.322653999992,0.0,"USDT",20623.322653999992,62,0,0,8,20,0.06451612903225806,0.08064516129032258,0.0,True,0.1434110264455401,0.014598568884140461,False,False,"",33.5,"",0,"[]","[]",0,False,False,"",""
"0xfb02cf83f4af8601a2a03d43bc1681a68afe0026","tron","USDT",19130.769999999997,0.0,"USDT",19130.769999999997,67,0,0,8,23,0.21100917431192662,0.01834862385321101,0.0,True,0.13995965934558494,0.014051500150557117,False,False,"",33.5,"",0,"[]","[]",0,False,False,"",""
"0x6cf3bcb2718e76a9194e0c31139726201d98e0e0","tron","USDT",10132.293700000002,0.0,"USDT",10132.293700000002,56,0,0,8,21,0.2631578947368421,0.010526315789473684,0.0,True,0.0797400268937696,0.005243869097381171,False,False,"",33.5,"",0,"[]","[]",0,False,False,"",""
"0xdea7ba1b6265fcb597c6763a065fb8a0207b954d","tron","USDT",45317.63971599999,45317.639716000005,"USDT",45317.63971599999,239,2,2,1,1,0.0,0.12552301255230125,1.0000000000000002,False,0.8535858359480054,0.11867648990792146,False,False,"",33.4,"",0,"[]","[]",0,False,False,"",""
"0x2a996157702374736ca519d314731fab69b5b222","tron","USDT",79051.05038800002,79051.050388,"USDT",79051.05038800002,78,1,1,2,17,0.05,0.24,0.9999999999999998,False,0.7095024652622142,0.09773581074184479,False,False,"",33.4,"",0,"[]","[]",0,False,False,"",""
"0x25fdad781a6903cad2c53e851ff4cdcbc0930810","tron","USDT",46850.64000000001,48300.0,"USDT",46850.64000000001,330,1,5,8,24,0.16923076923076924,0.29423076923076924,1.0309357566940387,False,0.707663140010363,0.09744127373051781,False,False,"",33.4,"",0,"[]","[]",0,False,False,"",""
"0x807926ee5a7425ef21f04f2791b0c1cb5ded7d28","tron","USDT",58321.25678299998,67965.0,"USDT",58321.25678299998,339,1,6,8,24,0.17667238421955403,0.3190394511149228,1.1653555452839806,False,0.6875474476442348,0.09437262946878883,False,False,"",33.4,"",0,"[]","[]",0,False,False,"",""
"0xeadfe98c904eb00500049aea1bbf3a1740d726ac","tron","USDT",14761.0,18415.0,"USDT",14761.0,125,7,7,8,17,0.22012578616352202,0.012578616352201259,1.2475442043222005,False,0.6519703164641121,0.08909780152170188,False,False,"",33.4,"",0,"[]","[]",0,False,False,"",""
"0xa8a3d9ef39f8407ed3f70629439683eae8265786","tron","USDT",51671.33431999999,59287.0,"USDT",51671.33431999999,354,1,2,8,22,0.0948509485094851,0.005420054200542005,1.1473866657446135,False,0.5770668174561872,0.07798158374264225,False,False,"",33.4,"",0,"[]","[]",0,False,False,"",""
"0x2edca8e193230e9bad8b27d78789b7863ffcca71","tron","USDT",79894.140555,0.0,"USDT",79894.140555,68,0,0,8,16,0.03409090909090909,0.0,0.0,True,0.2672120125504258,0.032903285875171995,False,False,"",33.4,"",0,"[]","[]",0,False,False,"",""
"0x9d068d0481fe319d8db1f0b92045878ce37565ea","tron","USDT",163192.39051099998,0.0,"USDT",163192.39051099998,79,0,0,8,23,0.14594594594594595,0.0,0.0,True,0.15688032272523533,0.017237191944798447,False,False,"",33.4,"",0,"[]","[]",0,False,False,"",""
"0x3827fcd398c7d85e1fd6016e895a58491172a37c","tron","USDT",1148706.0000000002,1148706.0,"USDT",1148706.0000000002,151,1,1,1,1,0.0,0.11920529801324503,0.9999999999999998,False,0.7691393993724787,0.10686653959834785,False,False,"",33.3,"",0,"[]","[]",0,False,False,"",""
"0xf38dea882f35bbbbd0cf335b3e8b352fd9939813","tron","USDT",1171932.3499999999,1188669.726,"USDT",1171932.3499999999,142,7,16,8,24,0.045774647887323945,0.3257042253521127,1.0142818619180536,False,0.6685914088803964,0.0921743142176803,False,False,"",33.3,"",0,"[]","[]",0,False,False,"",""
"0xcc0b9b02e7cac71676490524803959bd79991ee8","tron","USDT",1818516.0,1835000.0,"USDT",1818516.0,55,7,7,8,24,0.16901408450704225,0.9953051643192489,1.0090645339386621,False,0.5413515934363823,0.07384699868049521,False,False,"",33.3,"",0,"[]","[]",0,False,False,"",""
"0xc4a22e365bfda43785f5381c26bc741a5fa8b803","tron","USDT",58027.88120900001,0.0,"USDT",58027.88120900001,64,0,0,8,24,0.21076233183856502,0.13004484304932734,0.0,True,0.17375616315553566,0.020132410837152004,False,False,"",33.3,"",0,"[]","[]",0,False,False,"",""
"0xf65db4982e80ce3270256374234df49fe7390a06","tron","USDT",126274.72861700003,131761.445328,"USDT",126274.72861700003,66,4,15,7,16,0.02857142857142857,0.3,1.0434506315799859,False,0.723380693943976,0.10098702513776187,False,False,"",33.2,"",0,"[]","[]",0,False,False,"",""
"0x9d25a013fca588e5e652895145572f550dd5079d","tron","USDT",1997065.969273,1964100.0,"USDT",1997065.969273,118,1,21,8,24,0.1965065502183406,0.6986899563318777,0.9834927990460922,False,0.698401831884521,0.09731641834347071,False,False,"",33.2,"",0,"[]","[]",0,False,False,"",""
"0xc18cb1ee37143eb20f33f6228f1f339b79900357","tron","USDT",993963.15001,995793.0,"USDT",993963.15001,51,8,21,8,7,0.0,0.8476190476190476,1.0018409636111576,False,0.6557725513387277,0.09116482120743319,False,False,"",33.2,"",0,"[]","[]",0,False,False,"",""
"0x04177304a40410007e76a4db8cf56da2bc635cac","tron","USDT",20802.68,35989.0,"USDT",20802.68,62,17,22,8,23,0.26373626373626374,0.15384615384615385,1.7300174785171911,False,0.32510811344044344,0.04242519209311524,False,False,"",33.2,"",0,"[]","[]",0,False,False,"",""
"0x1be16c605d017eb45cdea778279fc0169e88e623","tron","USDT",1566543.600235,1550000.0,"USDT",1566543.600235,144,2,22,7,2,0.0,0.1589041095890411,0.9894394256039102,False,0.8255436448697736,0.11641936637042322,False,False,"",33.1,"",0,"[]","[]",0,False,False,"",""
"0x66306e09fe5553ea21bc10d5cb3a5cf25960c6d6","tron","USDT",57877.704721999995,58250.0,"USDT",57877.704721999995,338,1,5,8,24,0.1879432624113475,0.3191489361702128,1.0064324471709483,False,0.7193544787415163,0.1007842696152127,False,False,"",33.1,"",0,"[]","[]",0,False,False,"",""
"0x21da8ff5c6f7c61b594cb95fe13c1babfea5e454","tron","USDT",55248.42869,66200.0,"USDT",55248.42869,322,4,12,8,23,0.1497584541062802,0.10144927536231885,1.1982241227429196,False,0.6652408769305734,0.09304571154700769,False,False,"",33.1,"",0,"[]","[]",0,False,False,"",""
"0x66784d4f6a9aef553b1f64139e53ec4e4ca6a3b7","tron","USDT",22784.158852,12197.036,"USDT",22784.158852,105,11,16,8,16,0.44666666666666666,0.013333333333333334,0.5353296594896827,False,0.4368283702663812,0.05961366244184868,False,False,"",33.1,"",0,"[]","[]",0,False,False,"",""
"0xa2e1d0cb488a533733c034668e2911ae6047d76c","tron","USDT",492415.03648799995,496200.0,"USDT",492415.03648799995,283,4,15,8,24,0.19175257731958764,0.5835051546391753,1.0076865311404688,False,0.8117302867795262,0.11464593117308142,False,False,"",33.0,"",0,"[]","[]",0,False,False,"",""
"0x81bf68a2676789ab8cfa99213ca40e27468e1cc5","tron","USDT",282729.25724400004,294002.482358,"USDT",282729.25724400004,284,5,9,8,24,0.04878048780487805,0.5365853658536586,1.0398728636147867,False,0.8020881794061328,0.11373848733095032,False,False,"",33.0,"",0,"[]","[]",0,False,False,"",""
"0xbae455cd7944ac02a48bc13a55afc3184a544aeb","tron","USDT",13744.764999999998,0.0,"USDT",13744.764999999998,72,0,0,8,20,0.22535211267605634,0.0,0.0,True,0.1309278350515464,0.015771316393283774,False,False,"",33.0,"",0,"[]","[]",0,False,False,"",""
"0x1136f2f3547301bc1565a87f25c80d545839192e","tron","USDT",975804.8300000001,967856.71,"USDT",975804.8300000001,67,7,25,8,16,0.0,0.23655913978494625,0.9918548056377215,False,0.6669052506837971,0.09413923262108465,False,False,"",32.9,"",0,"[]","[]",0,False,False,"",""
"0x8799ab06be6c037e6a4885e2cb9b4dc5b9a9fc24","tron","USDT",27928.853146,30282.800000000003,"USDT",27928.853146,54,5,16,7,15,0.17721518987341772,0.1518987341772152,1.0842836919115362,False,0.6082665247284055,0.0856744478610062,False,False,"",32.9,"",0,"[]","[]",0,False,False,"",""
"0x74c174accda7008657d829d26ffab3aae7091eb9","tron","USDT",70330.34,57853.0,"USDT",70330.34,51,10,13,8,22,0.203125,0.40625,0.8225895111554985,False,0.43690696543145835,0.0608242462418605,False,False,"",32.9,"",0,"[]","[]",0,False,False,"",""
"0x211a410d35f8876be5aa354e51039a98c1faf21f","tron","USDT",1192710.6878389998,1180000.0,"USDT",1192710.6878389998,244,2,7,8,24,0.07564296520423601,0.3812405446293495,0.989343025120342,False,0.7743813795646333,0.11056111149446202,False,False,"",32.8,"",0,"[]","[]",0,False,False,"",""
"0x025c4cb7d3106c6e080781b2b74c09e49df174b4","tron","USDT",790403.6163000001,788900.6976000001,"USDT",790403.6163000001,170,7,23,8,9,0.09347826086956522,0.002173913043478261,0.9980985427330971,False,0.7169661899450954,0.10196650115624806,False,False,"",32.8,"",0,"[]","[]",0,False,False,"",""
"0x95636bb4555c2365bf8644b834b0e731f7156f01","tron","USDT",65335.27044000001,64887.0,"USDT",65335.27044000001,341,1,5,8,24,0.1936026936026936,0.2996632996632997,0.9931389211832884,False,0.7151898640215075,0.101714661470024,False,False,"",32.8,"",0,"[]","[]",0,False,False,"",""
"0x41e0c311bd7a9440919144a71a48dc3fdbe1ef50","tron","USDT",31189.5,24582.37,"USDT",31189.5,71,12,22,8,17,0.10077519379844961,0.015503875968992248,0.7881617210920342,False,0.5589770326989089,0.07893728051911253,False,False,"",32.8,"",0,"[]","[]",0,False,False,"",""
"0x539c2673cb2da2d3da198a030381c36ea55d53d0","tron","USDT",23133.0,0.0,"USDT",23133.0,54,0,0,8,22,0.17543859649122806,0.08771929824561403,0.0,True,0.10042581801882564,0.012026879146405434,False,False,"",32.8,"",0,"[]","[]",0,False,False,"",""
"0x90b6c7b1c320629960cfc2250540c5a55f07a042","tron","USDT",1633340.9288950001,1633340.9288950001,"USDT",1633340.9288950001,97,1,19,7,9,0.0,0.26804123711340205,1.0,False,0.75672344240251,0.10836333793711295,False,False,"",32.7,"",0,"[]","[]",0,False,False,"",""
"0xb67087321417306cb2ae3bcaae3453d9f6088673","tron","USDT",730364.865643,724222.0,"USDT",730364.865643,181,8,21,6,22,0.021505376344086023,0.7580645161290323,0.9915893193498678,False,0.7429839328973155,0.10678222292213813,False,False,"",32.7,"",0,"[]","[]",0,False,False,"",""
"0xec75baf284c420478393669129cd4a692da743fd","tron","USDT",246416.496901,263841.0,"USDT",246416.496901,63,2,12,8,24,0.24675324675324675,0.017316017316017316,1.0707115932501892,False,0.45609524298151755,0.06469293556244848,False,False,"",32.7,"",0,"[]","[]",0,False,False,"",""
"0x9a8b0010ffe3fbe0ab7d1cf5df50ee2a76a7800e","tron","USDT",15623.027250000003,0.0,"USDT",15623.027250000003,56,0,0,2,2,0.6825396825396826,0.031746031746031744,0.0,True,0.09318691169878979,0.011597535205391307,False,False,"",32.7,"",0,"[]","[]",0,False,False,"",""
"0x05acec758cdbe62ec5ab6889f1218e786d3465b0","tron","USDT",25069.2,17565.0,"USDT",25069.2,54,2,2,3,7,0.0,0.704225352112676,0.7006605715379829,False,0.6640899807352075,0.09590448538268775,False,False,"",32.6,"",0,"[]","[]",0,False,False,"",""
"0x42c0e6cacb373f9c9f5a7579fae4fbaca7d9255c","tron","USDT",648189.4236460002,760000.0,"USDT",648189.4236460002,389,1,7,7,24,0.35985533453887886,0.12477396021699819,1.1724967614020552,False,0.6336539422063662,0.09101688002597502,False,False,"",32.6,"",0,"[]","[]",0,False,False,"",""
"0x0aa2bf4626245ab54d1b1daa6f6a68fabf5e3141","tron","USDT",37729.28950600001,36099.0,"USDT",37729.28950600001,143,9,16,8,24,0.1848341232227488,0.24644549763033174,0.956789816947368,False,0.6427474748193256,0.09308693236575094,False,False,"",32.5,"",0,"[]","[]",0,False,False,"",""
"0x71632edcc1950323d3f98507385bb881d178f6d9","tron","USDT",72419.979993,0.0,"USDT",72419.979993,51,0,0,8,20,0.15,0.21666666666666667,0.0,True,0.12164948453608247,0.016950154764094116,False,False,"",32.5,"",0,"[]","[]",0,False,False,"",""
"0x337be16af548510edb7b61d7dbbe712f3ba24ce0","tron","USDT",730810.790576,753073.0,"USDT",730810.790576,86,8,14,8,18,0.24193548387096775,0.3548387096774194,1.0304623436203695,False,0.7554270292588934,0.11035839376334855,False,False,"",32.4,"",0,"[]","[]",0,False,False,"",""
"0x5ab12752064156b25b40829675d0cc4b60d0b28f","tron","USDT",980415.788304,964115.0,"USDT",980415.788304,127,3,25,8,19,0.16494845360824742,0.21993127147766323,0.9833735966939104,False,0.6776249658650035,0.09896286796972209,False,False,"",32.4,"",0,"[]","[]",0,False,False,"",""
"0xfd7bb12fc48c899a1123a92ccbf97966c01e0b06","tron","USDT",15505.144328,15824.0,"USDT",15505.144328,151,3,3,5,24,0.19205298013245034,0.09933774834437085,1.0205645084789177,False,0.6565997831988826,0.09587811871659202,False,False,"",32.4,"",0,"[]","[]",0,False,False,"",""
"0x851513b9006d5685f43ffd4282fed61258552108","tron","USDT",61125.721000000005,66309.0,"USDT",61125.721000000005,61,12,16,8,18,0.18181818181818182,0.31313131313131315,1.0847970202265589,False,0.6436412234759792,0.09374613308861451,False,False,"",32.4,"",0,"[]","[]",0,False,False,"",""
"0x6d58a9f851631d8a4b6a5e1317390339e51c138f","tron","USDT",373596.0,379410.24,"USDT",373596.0,109,13,19,8,21,0.24064171122994651,0.23529411764705882,1.0155629075257764,False,0.6140097851465703,0.08934300814819696,False,False,"",32.4,"",0,"[]","[]",0,False,False,"",""
"0xf25ac52b2b59ceae8d20fde73cceebeb382a20aa","tron","USDT",200374.58138299995,315017.08482499997,"USDT",200374.58138299995,224,1,3,7,24,0.26785714285714285,0.15625,1.572140950467515,False,0.545567327611562,0.07930205963180137,False,False,"",32.4,"",0,"[]","[]",0,False,False,"",""
"0x9133758753785958d327f38d936c742a754a0436","tron","USDT",78239.96821,0.0,"USDT",78239.96821,68,0,0,2,19,0.18,0.29,0.0,True,0.23662034961900497,0.03420679188016629,False,False,"",32.4,"",0,"[]","[]",0,False,False,"",""
"0xb1e331962a94d89e989515699cc7214b5b51ec17","tron","USDT",812838.15,888305.0,"USDT",812838.15,64,10,23,8,16,0.07777777777777778,0.28888888888888886,1.092843636829792,False,0.6509068441266458,0.0956028701651071,False,False,"",32.3,"",0,"[]","[]",0,False,False,"",""
"0x44b33418e7c585af3842a296800981ad460a58f7","tron","USDT",142967.09399999998,183619.13,"USDT",142967.09399999998,57,5,7,8,14,0.21052631578947367,0.14473684210526316,1.284345403285598,False,0.5869901752819212,0.086256734654791,False,False,"",32.3,"",0,"[]","[]",0,False,False,"",""
"0xc1d8d5ed3d94cb741fb0884ad1e48cba62f7c0b8","tron","USDT",217870.39,137395.0,"USDT",217870.39,79,15,18,8,23,0.2357142857142857,0.9,0.6306272274997993,False,0.5692002998253745,0.08378999149295169,False,False,"",32.3,"",0,"[]","[]",0,False,False,"",""
"0xdc770bf3a6ffc33df56e9cc196f228eb6aa2f329","tron","USDT",14317.208608,0.0,"USDT",14317.208608,50,0,0,8,21,0.07920792079207921,0.09900990099009901,0.0,True,0.07438368444643657,0.011078029347438179,False,False,"",32.3,"",0,"[]","[]",0,False,False,"",""
"0x248c649800856a6f0bb5366d9fccd3005900b243","tron","USDT",323342.27,362506.6,"USDT",323342.27,77,13,18,8,18,0.205607476635514,0.3644859813084112,1.1211234460622794,False,0.7148833340954778,0.10524708106120878,False,False,"",32.2,"",0,"[]","[]",0,False,False,"",""
"0xd1bb59e1d6e8f6d00628937713191776079d54b3","tron","USDT",692251.285,750173.8999999999,"USDT",692251.285,58,7,22,8,14,0.21621621621621623,0.32432432432432434,1.0836728168731387,False,0.632458623537071,0.09331664967997716,False,False,"",32.2,"",0,"[]","[]",0,False,False,"",""
"0xeb9b9087915aea038d6b88e53bd7192600a8e14e","tron","USDT",69680.452944,0.0,"USDT",69680.452944,64,0,0,2,16,0.46511627906976744,0.20930232558139536,0.0,True,0.197333034513671,0.029921001458011687,False,False,"",32.2,"",0,"[]","[]",0,False,False,"",""
"0x1d1112306d87b60fafc59a30de73c7e2babbf938","tron","USDT",495203.87705499993,413000.0,"USDT",495203.87705499993,237,3,7,8,24,0.10810810810810811,0.39768339768339767,0.833999932424055,False,0.745486674068854,0.11049029251606629,False,False,"",32.1,"",0,"[]","[]",0,False,False,"",""
"0x87afea76676e92b3c663db2f6dfa148070d49e3c","tron","USDT",192207.360007,100000.0,"USDT",192207.360007,262,1,1,8,17,0.0038022813688212928,0.18631178707224336,0.5202714401589934,False,0.7313066412366396,0.10808359830709718,False,False,"",32.1,"",0,"[]","[]",0,False,False,"",""
"0x5e1d2eb15156f3f4359c1812bf15c2402bdfc93c","tron","USDT",1117230.1433350004,1263000.0,"USDT",1117230.1433350004,322,2,13,8,23,0.2864864864864865,0.26846846846846845,1.1304743320206772,False,0.7306958104223997,0.10838104198205556,False,False,"",32.1,"",0,"[]","[]",0,False,False,"",""
"0x32b03fbef136b4640d8e280135f165814472b6ab","tron","USDT",72994.825386,75346.0,"USDT",72994.825386,276,4,4,8,24,0.25,0.04710144927536232,1.0322101546454407,False,0.6710344370225031,0.09938878883191965,False,False,"",32.1,"",0,"[]","[]",0,False,False,"",""
"0x76e9ec712a72c74685aa73143f85834a8c8d1c77","tron","USDT",15333.5,15051.0,"USDT",15333.5,56,3,13,7,15,0.0967741935483871,0.06451612903225806,0.9815762872142694,False,0.6038455129336652,0.08969155114992983,False,False,"",32.1,"",0,"[]","[]",0,False,False,"",""
"0xd6111c59794198c0361c1639d9ae3be7d2db5eae","tron","USDT",94771.37109999997,112899.95,"USDT",94771.37109999997,69,5,12,8,20,0.17,0.13,1.1912875026454062,False,0.5056689898339847,0.0754478793918798,False,False,"",32.1,"",0,"[]","[]",0,False,False,"",""
"0xdb675f1a1bc3411ceedb93ac7a847e44d296e624","tron","USDT",28580.38859699999,0.0,"USDT",28580.38859699999,56,0,0,8,16,0.48214285714285715,0.07142857142857142,0.0,True,0.11008516360376513,0.01753939157902551,False,False,"",32.1,"",0,"[]","[]",0,False,False,"",""
"0xb4bdf2c451ff013100c60699ab07fd8b102b98fe","tron","USDT",381588.389419,160618.143993,"USDT",381588.389419,206,5,6,3,5,0.009708737864077669,0.45145631067961167,0.4209198928655939,True,0.7184063004018951,0.10680838606098725,False,False,"",32.0,"",0,"[]","[]",0,False,False,"",""
"0xa5b773e173d4382436a4323c5e82ba734ee26681","tron","USDT",179932.938664,179932.93866400002,"USDT",179932.938664,119,8,18,3,13,0.1791907514450867,0.0,1.0000000000000002,False,0.67337516808606,0.10027940359714116,False,False,"",32.0,"",0,"[]","[]",0,False,False,"",""
"0x1f29ea4264e7d45552cf209f26c2124199ba1ebd","tron","USDT",554100.0,744876.0,"USDT",554100.0,67,11,19,8,24,0.23577235772357724,1.0,1.3442988630211152,False,0.5360931632989594,0.08073783230309761,False,False,"",32.0,"",0,"[]","[]",0,False,False,"",""
"0xb6a9393b5700db27b609f1f025f1096ee17c1544","tron","USDT",18939.03,0.0,"USDT",18939.03,52,0,0,3,19,0.021739130434782608,0.11956521739130435,0.0,True,0.1002689376961004,0.016694321696717807,False,False,"",32.0,"",0,"[]","[]",0,False,False,"",""
"0xbd7b805ced030ed5c24f9ca5207d4aad31d7129c","tron","USDT",1769577.0562209997,1770000.0,"USDT",1769577.0562209997,128,1,7,7,7,0.0,0.25,1.0002390083989354,False,0.7908531396021492,0.1183486880824921,False,False,"",31.9,"",0,"[]","[]",0,False,False,"",""
"0x492b09c7e8617a0aaaaa9ebb918eb3fb9c020846","tron","USDT",973051.2820809996,974000.0,"USDT",973051.2820809996,298,2,6,8,24,0.19056603773584907,0.39622641509433965,1.000974992722862,False,0.787344221536109,0.1178330200869207,False,False,"",31.9,"",0,"[]","[]",0,False,False,"",""
"0x3835dff1b720c62466ca4a3defa37d4932ab14f0","tron","USDT",939772.1428500001,784359.275,"USDT",939772.1428500001,77,10,21,7,17,0.23076923076923078,0.23846153846153847,0.8346270752624277,False,0.6729541017400696,0.10089140797059304,False,False,"",31.9,"",0,"[]","[]",0,False,False,"",""
"0x92e3f89d4cce9106ebf8afb532d77789b44a5e61","tron","USDT",100049.87,99721.0,"USDT",100049.87,101,14,17,8,20,0.23484848484848486,0.3106060606060606,0.9967129392571925,False,0.6246003198102015,0.09399300841635505,False,False,"",31.9,"",0,"[]","[]",0,False,False,"",""
"0xadb991bfe8fac9ef3e169d861d7dda6fb1bb5206","tron","USDT",1017461.1000000001,469844.81,"USDT",1017461.1000000001,87,13,13,1,10,0.0,0.7872340425531915,0.461781595384826,True,0.6011416171495784,0.09051054238722961,False,False,"",31.9,"",0,"[]","[]",0,False,False,"",""
"0x989eaad45055ec0194a94f2afbf58ea831fec445","tron","USDT",127783.13654400002,127733.13654400001,"USDT",127783.13654400002,51,11,16,5,14,0.0,0.21794871794871795,0.999608712062074,False,0.5720194564419979,0.08637479365275741,False,False,"",31.9,"",0,"[]","[]",0,False,False,"",""
"0x84ad07b25708e4af43d6163bd9f94c699b3ee903","tron","USDT",20785.464858,20609.254,"USDT",20785.464858,91,7,8,8,19,0.1388888888888889,0.10185185185185185,0.991522399946125,False,0.5452116964840704,0.08257352731128231,False,False,"",31.9,"",0,"[]","[]",0,False,False,"",""
"0x1ce7499628f4631f2f627af5b895c794b5eecfe9","tron","USDT",224285.36572999996,480000.0,"USDT",224285.36572999996,297,1,1,8,24,0.18407310704960836,0.22193211488250653,2.140130714448108,False,0.4903406544150605,0.07423329454257327,False,False,"",31.9,"",0,"[]","[]",0,False,False,"",""
"0x9564a67bb0b566866ec8feba31919fae4d51ea40","tron","USDT",20384.610000000004,0.0,"USDT",20384.610000000004,76,0,0,8,24,0.16393442622950818,0.00819672131147541,0.0,True,0.16183325862841774,0.026242138983840313,False,False,"",31.9,"",0,"[]","[]",0,False,False,"",""
"0x2924c20258fd6c5f1682ab08641da23a0662a77e","tron","USDT",14419.796334000008,0.0,"USDT",14419.796334000008,60,0,0,8,22,0.15217391304347827,0.021739130434782608,0.0,True,0.10858359480053788,0.018541677663479472,False,False,"",31.9,"",0,"[]","[]",0,False,False,"",""
"0x4455993631b2eadb49478fba681885e256797215","tron","USDT",242591.34612700006,303571.429,"USDT",242591.34612700006,50,3,4,8,18,0.04040404040404041,0.6464646464646465,1.251369572107803,False,0.6402460317909002,0.09694015016739782,False,False,"",31.8,"",0,"[]","[]",0,False,False,"",""
"0x67c06a7a7fbaf8d2139e40d3fc31a7dc00f0037d","tron","USDT",20393.899999999994,20039.7,"USDT",20393.899999999994,63,9,17,8,18,0.1134020618556701,0.041237113402061855,0.9826320615478161,False,0.579045462063037,0.08782929374612647,False,False,"",31.8,"",0,"[]","[]",0,False,False,"",""
"0xb46b6d5b8d998b51e653dfaf303ba597b1b8e785","tron","USDT",11049.291435,10857.636763999997,"USDT",11049.291435,87,6,14,8,21,0.13793103448275862,0.0,0.982654573632395,False,0.5233798613871693,0.07995692244595609,False,False,"",31.8,"",0,"[]","[]",0,False,False,"",""
"0xf5d2bc4c6714f454d1fcfe35153a1fa154a5e4ca","tron","USDT",126059.19012999997,85325.5,"USDT",126059.19012999997,100,15,24,8,21,0.11255411255411256,0.11255411255411256,0.6768685401834417,False,0.5007479796637614,0.07663762540590341,False,False,"",31.8,"",0,"[]","[]",0,False,False,"",""
"0xcfbfad444a85b57b86ce4746c7206e20f83177fd","tron","USDT",67838.79100000001,45118.0,"USDT",67838.79100000001,54,6,12,8,20,0.14285714285714285,0.03571428571428571,0.6650767110516458,False,0.3617916756930723,0.05597078246551529,False,False,"",31.8,"",0,"[]","[]",0,False,False,"",""
"0x778070431a7a4b291beb1352c4c4c1d3308efc8b","tron","USDT",346862.051799,403017.077284,"USDT",346862.051799,266,1,2,7,11,0.07046070460704607,0.1897018970189702,1.1618944049767104,False,0.7959716344685754,0.12014210001322512,False,False,"",31.7,"",0,"[]","[]",0,False,False,"",""
"0x0cbb140c800d0486e52c047337bd7ce2044445a7","tron","USDT",588848.612,583501.29,"USDT",588848.612,66,9,19,8,17,0.006578947368421052,0.9407894736842105,0.99091902079579,False,0.7454271927741289,0.11259214323156241,False,False,"",31.7,"",0,"[]","[]",0,False,False,"",""
"0xf4676419111cb73f3a21a63a83368c5b18139297","tron","USDT",1142449.352719,1139378.0,"USDT",1142449.352719,97,10,18,8,24,0.08396946564885496,0.2748091603053435,0.9973116071082798,False,0.6085165571903696,0.09265699952576817,False,False,"",31.7,"",0,"[]","[]",0,False,False,"",""
"0xcde31b5640d898afd17567b003a0b4fed72a9d8f","tron","USDT",80826.85978200003,70667.0,"USDT",80826.85978200003,152,2,2,8,24,0.16397228637413394,0.009237875288683603,0.8743009463759643,False,0.5921618477243189,0.09036775516970502,False,False,"",31.7,"",0,"[]","[]",0,False,False,"",""
"0xdcd5c89b8c16187e5727297160c60a6472ff1ecc","tron","USDT",25305.97783499999,20000.0,"USDT",25305.97783499999,161,1,1,8,23,0.057291666666666664,0.026041666666666668,0.7903270970362805,False,0.543318669071084,0.08304102238881989,False,False,"",31.7,"",0,"[]","[]",0,False,False,"",""
"0xee52f222d3ce8e6b96430023308b0a86f95920e7","tron","USDT",93186.074256,0.0,"USDT",93186.074256,56,0,0,8,20,0.24242424242424243,0.24242424242424243,0.0,True,0.16656207978484983,0.02827041356642679,False,False,"",31.7,"",0,"[]","[]",0,False,False,"",""
"0xa8f0b5b4bc7ad8e369f5919dee7fa2e5b7db7f85","tron","USDT",119308.80000000002,0.0,"USDT",119308.80000000002,52,0,0,8,23,0.18493150684931506,0.19863013698630136,0.0,True,0.1247422680412371,0.022133093395053094,False,False,"",31.7,"",0,"[]","[]",0,False,False,"",""
"0x0e4552027879ba99bd090087e44b66eb50707361","tron","USDT",26661.21,0.0,"USDT",26661.21,52,0,0,4,11,0.5,0.0,0.0,True,0.03021066786194531,0.008674259033268461,False,False,"",31.7,"",0,"[]","[]",0,False,False,"",""
"0x2c568c273f5ff64d584a758182a8db968cb34367","tron","USDT",33443.59658,33957.4,"USDT",33443.59658,61,8,9,1,1,0.0,0.18032786885245902,1.0153632824379681,False,0.6218937263003939,0.09527694423843691,False,False,"",31.6,"",0,"[]","[]",0,False,False,"",""
"0xe5bd793ad945f1235538a80b2260b27d4be70892","tron","USDT",370429.468247,325051.09,"USDT",370429.468247,54,12,17,8,16,0.13414634146341464,0.18292682926829268,0.8774979256867815,False,0.5603494282570336,0.0865641109932539,False,False,"",31.6,"",0,"[]","[]",0,False,False,"",""
"0x84fc56e6d475cd1e82db8954c3b42bfcda86ca4a","tron","USDT",30243.160000000003,23521.4199,"USDT",30243.160000000003,75,14,18,8,20,0.1308411214953271,0.09345794392523364,0.7777434600088086,False,0.4562210362420127,0.07121941002119042,False,False,"",31.6,"",0,"[]","[]",0,False,False,"",""
"0xf8537165a86a252a8b48d91b826cef470e156bd4","tron","USDT",1392870.9255000004,1293911.0,"USDT",1392870.9255000004,122,6,12,8,21,0.16101694915254236,0.5,0.9289525513898736,False,0.7313754497669932,0.11164268244794961,False,False,"",31.5,"",0,"[]","[]",0,False,False,"",""
"0x20fd6ec25a0506d72b674e2751dabb44558bce80","tron","USDT",565808.6387589999,507461.07875899994,"USDT",565808.6387589999,267,1,7,8,24,0.19042769857433808,0.0015274949083503055,0.8968775730819967,False,0.5741088180677664,0.08897838745505604,False,False,"",31.5,"",0,"[]","[]",0,False,False,"",""
"0x099a8a62d06d8bd9eb91d83162c0636aa6029bb2","tron","USDT",39779.479940000005,33141.0,"USDT",39779.479940000005,75,14,18,8,19,0.025423728813559324,0.1864406779661017,0.83311798067715,False,0.5001511622492802,0.07824260727111493,False,False,"",31.5,"",0,"[]","[]",0,False,False,"",""
"0x8420ab21ba6ada21b75952cdaa541229a239664b","tron","USDT",45278.61,0.0,"USDT",45278.61,58,0,0,3,18,0.3191489361702128,0.1276595744680851,0.0,True,0.14329896907216494,0.026149990350504138,False,False,"",31.5,"",0,"[]","[]",0,False,False,"",""
"0x56d340a3f5f630cf50c31b3325112a362c93c087","tron","USDT",87863.0,0.0,"USDT",87863.0,51,0,0,8,16,0.2535211267605634,0.1267605633802817,0.0,True,0.09471089197669207,0.018750852251748773,False,False,"",31.5,"",0,"[]","[]",0,False,False,"",""
"0x44afdb6ad70cbfcca23530151c9df1c4c843b6f5","tron","USDT",401600.0,385000.0,"USDT",401600.0,57,8,23,7,8,0.0,1.0,0.9586653386454184,False,0.6984116871822437,0.10772107586669016,False,False,"",31.4,"",0,"[]","[]",0,False,False,"",""
"0x6a8df1b0b72b4d4e5837d77f4fedeaf9e56df918","tron","USDT",347004.57395999995,384909.0,"USDT",347004.57395999995,50,11,16,6,10,0.0,0.09836065573770492,1.1092332173245918,False,0.5024025721334681,0.07891625519636009,False,False,"",31.4,"",0,"[]","[]",0,False,False,"",""
"0xbe48a81f3064132942f845d1c629b6d25986a533","tron","USDT",100563.1788,155383.71,"USDT",100563.1788,63,16,20,8,20,0.2828282828282828,0.8484848484848485,1.5451352259759712,False,0.4696148194394988,0.07409489240308498,False,False,"",31.4,"",0,"[]","[]",0,False,False,"",""
"0x254baa493bbb4afd83742baafcdfeebdee3e209d","tron","USDT",226694.53000000006,226380.0,"USDT",226694.53000000006,63,2,10,8,24,0.2457627118644068,0.00423728813559322,0.9986125382028403,False,0.4550788500879011,0.07213708652757289,False,False,"",31.4,"",0,"[]","[]",0,False,False,"",""
"0x6c01b235c529178fa7777d3e55c166b41928e943","tron","USDT",36336.6,35995.01,"USDT",36336.6,50,8,10,8,23,0.1625,0.0875,0.9905992855688205,False,0.36721443353689276,0.05946794937103622,False,False,"",31.4,"",0,"[]","[]",0,False,False,"",""
"0x433678392a3159ff7c2e0a8404e72d3cc2511200","tron","USDT",985181.577398,918030.1692939999,"USDT",985181.577398,270,2,10,6,4,0.0,0.1671018276762402,0.9318385466754705,False,0.8581964856685769,0.13149684892356844,False,False,"",31.3,"",0,"[]","[]",0,False,False,"",""
"0x87267ae986ccb0a48b7f5c6dd895cc24a3b72acc","tron","USDT",1577416.987717,1897000.0,"USDT",1577416.987717,110,2,15,6,10,0.20930232558139536,0.45930232558139533,1.2025989416695286,False,0.8363291583267847,0.12852214700119158,False,False,"",31.3,"",0,"[]","[]",0,False,False,"",""
"0x98f9a20a8ca3f37b93d2f15392aef26008ee76b7","tron","USDT",288646.70102599997,335080.0,"USDT",288646.70102599997,112,5,11,8,24,0.14150943396226415,0.6415094339622641,1.160865510705482,False,0.7114844505258692,0.11018670329033747,False,False,"",31.3,"",0,"[]","[]",0,False,False,"",""
"0xfdb30074407a847d8b2214fc8bd3eaa983759f72","tron","USDT",448973.343038,436554.67303600005,"USDT",448973.343038,127,11,17,7,4,0.004975124378109453,0.0,0.9723398500276912,False,0.6752389247343594,0.10499914419319634,False,False,"",31.3,"",0,"[]","[]",0,False,False,"",""
"0xc2ad6b4a34268acd8c7355b1aae5a981c68c02c9","tron","USDT",165217.46,221522.0,"USDT",165217.46,61,10,13,8,24,0.23214285714285715,0.8839285714285714,1.3407904951450047,False,0.5025949265200802,0.07950178690690002,False,False,"",31.3,"",0,"[]","[]",0,False,False,"",""
"0xc8005721f60ccd991ca9e5b82bfcea4c4b5c969b","tron","USDT",75966.95,74193.15000000001,"USDT",75966.95,51,8,21,8,15,0.44776119402985076,0.8507462686567164,0.9766503723000596,False,0.5017397562170716,0.07930764421297315,False,False,"",31.3,"",0,"[]","[]",0,False,False,"",""
"0x4cfafb8c16d3622c4bc16fc2253ee64fd7cba172","tron","USDT",181488.22722500004,179355.0,"USDT",181488.22722500004,55,2,9,8,24,0.2330508474576271,0.012711864406779662,0.988245919541903,False,0.4231758535632439,0.06793925224523273,False,False,"",31.3,"",0,"[]","[]",0,False,False,"",""
"0xfed6b0520878803ed1894fbddd8cb619377850f6","tron","USDT",1123404.256366,1573297.0,"USDT",1123404.256366,51,10,21,8,14,0.011363636363636364,0.13636363636363635,1.4004727070282943,False,0.46820218651903855,0.07504050470179058,False,False,"",31.2,"",0,"[]","[]",0,False,False,"",""
"0xc1c2019387c3e7d90adc17dc30a8cbd76b5e49f6","tron","USDT",217199.0,174307.0,"USDT",217199.0,52,7,17,7,21,0.11627906976744186,0.08139534883720931,0.8025221110594432,False,0.3445026292939146,0.05703846328872131,False,False,"",31.2,"",0,"[]","[]",0,False,False,"",""
"0xaac469cfb78e42ea1edd1691da43b7d0dc8779c9","tron","USDT",53124.799472,0.0,"USDT",53124.799472,54,0,0,8,20,0.21212121212121213,0.16666666666666666,0.0,True,0.12924697445091887,0.025574921593463196,False,False,"",31.2,"",0,"[]","[]",0,False,False,"",""
"0x52da16f5f5dadba95181d0d8de6758cf24659022","tron","USDT",1245761.06831,1245761.06831,"USDT",1245761.06831,186,1,11,5,9,0.21908127208480566,0.24734982332155478,1.0,False,0.8241595696996863,0.12759449470293988,False,False,"",31.1,"",0,"[]","[]",0,False,False,"",""
"0xe878c2ba27f4780e233f561bc7029eedc9dfa64b","tron","USDT",930560.8588879998,948579.0,"USDT",930560.8588879998,107,5,24,8,20,0.1548223350253807,0.4949238578680203,1.019362668158568,False,0.7245676277309042,0.11338020232503437,False,False,"",31.1,"",0,"[]","[]",0,False,False,"",""
"0x2c797cb48b62ddf6b5c6bcc2db601dcc47035d1c","tron","USDT",880843.132231,950000.0,"USDT",880843.132231,295,2,4,8,24,0.18867924528301888,0.2188679245283019,1.0785121268912428,False,0.7232038946576098,0.11306779395247796,False,False,"",31.1,"",0,"[]","[]",0,False,False,"",""
"0x4d3ac62ff70d89af2630e4212d2b03ea19b039cf","tron","USDT",96724.031135,96724.031135,"USDT",96724.031135,72,10,10,1,4,0.0,0.2361111111111111,1.0,False,0.6854997758852532,0.10773450587341887,False,False,"",31.1,"",0,"[]","[]",0,False,False,"",""
"0x130346fe1f29b9d6d6954d6d1d4f2c34f457441f","tron","USDT",108086.40415700001,200000.0,"USDT",108086.40415700001,305,1,2,8,18,0.1,0.1588235294117647,1.8503714834429283,False,0.6534801631948746,0.1031286387830288,False,False,"",31.1,"",0,"[]","[]",0,False,False,"",""
"0xcd49e71c74d76fb2967a5247587e7ea0fedb6fa5","tron","USDT",63762.72999999999,0.0,"USDT",63762.72999999999,59,0,0,3,21,0.2571428571428571,0.12380952380952381,0.0,True,0.14634692962796952,0.029123858037059858,False,False,"",31.1,"",0,"[]","[]",0,False,False,"",""
"0x95816805046d32888b2155ad07459138656cc842","tron","USDT",27006.629999999997,0.0,"USDT",27006.629999999997,59,0,0,8,19,0.12,0.05333333333333334,0.0,True,0.1183325862841775,0.024749278380901463,False,False,"",31.1,"",0,"[]","[]",0,False,False,"",""
"0xbf7d30618135a0386851ce426cbf5aae09452a43","tron","USDT",1962487.4603650004,2081914.5300000005,"USDT",1962487.4603650004,147,2,17,8,22,0.047244094488188976,0.3425196850393701,1.0608549466159585,False,0.717613860519928,0.11266831220854845,False,False,"",31.0,"",0,"[]","[]",0,False,False,"",""
"0x4b7c1d341278fa4110c3824c91501f44c95c88e7","tron","USDT",453161.88000000006,422461.0,"USDT",453161.88000000006,215,1,8,8,24,0.19865319865319866,0.4074074074074074,0.9322518478385692,False,0.7128286752602284,0.11220100778021291,False,False,"",31.0,"",0,"[]","[]",0,False,False,"",""
"0x28cd50614e9b37fac8099c05382117c6c5e8d8fe","tron","USDT",954029.01,940000.0,"USDT",954029.01,102,1,7,8,24,0.2867383512544803,0.982078853046595,0.9852949859459724,False,0.6884305794393065,0.10824865023308855,False,False,"",31.0,"",0,"[]","[]",0,False,False,"",""
"0xf78faa4fb5e21b00d0aa458ba67d684bb3829437","tron","USDT",1003472.2100000001,330024.74,"USDT",1003472.2100000001,91,13,13,1,10,0.0,0.7868852459016393,0.32888278988812253,True,0.5820024656423489,0.09292344053095447,False,False,"",31.0,"",0,"[]","[]",0,False,False,"",""
"0x41d19a77d62b8ad07a2ec4c6d15abb372de64799","tron","USDT",23858.222724999996,15755.0,"USDT",23858.222724999996,173,7,9,4,8,0.4277456647398844,0.005780346820809248,0.6603593311035285,False,0.5048419244905399,0.08165542373091272,False,False,"",31.0,"",0,"[]","[]",0,False,False,"",""
"0x57fa73e5a626e1431897ef2f10cb4307cf447348","tron","USDT",307959.36257400014,307000.0,"USDT",307959.36257400014,242,1,1,1,1,0.0,0.008264462809917356,0.996884775426272,False,0.7474719797378766,0.11769616935563049,False,False,"",30.9,"",0,"[]","[]",0,False,False,"",""
"0x7d877d86ea5043023167f110e470c95706897851","tron","USDT",1404735.0000000002,1404735.0,"USDT",1404735.0000000002,105,1,1,1,1,0.0,0.0380952380952381,0.9999999999999999,False,0.6921335723890631,0.1097209275359749,False,False,"",30.9,"",0,"[]","[]",0,False,False,"",""
"0x16224ec10149d6d6849c1b67959d8ede39ff78eb","tron","USDT",853398.4500000001,856134.0800000001,"USDT",853398.4500000001,52,7,18,4,13,0.03260869565217391,0.391304347826087,1.0032055717935742,False,0.6257371913337998,0.10019817857854835,False,False,"",30.9,"",0,"[]","[]",0,False,False,"",""
"0x985f641982951b364869479250e658a5b12c6cb9","tron","USDT",195220.896294,195221.19,"USDT",195220.896294,58,13,15,6,14,0.5882352941176471,0.32941176470588235,1.0000015044803379,False,0.5007168662935335,0.08182301120930463,False,False,"",30.9,"",0,"[]","[]",0,False,False,"",""
"0x6ccefb9bef40a48b1be70c70f8102c5d9c6de84e","tron","USDT",229412.43294099998,191703.0,"USDT",229412.43294099998,62,15,16,8,19,0.23958333333333334,0.21875,0.8356260275104704,False,0.4567935156769036,0.0750989523164447,False,False,"",30.9,"",0,"[]","[]",0,False,False,"",""
"0x978b34b41aec63248b34e5db28008eba8cad99a5","tron","USDT",127205.51000000001,121041.03,"USDT",127205.51000000001,238,2,10,8,24,0.20469798657718122,0.40604026845637586,0.9515392061240113,False,0.7712132648016737,0.12187078362431453,False,False,"",30.8,"",0,"[]","[]",0,False,False,"",""
"0x269abef0c23f0f2ac01b7e15b812cfdea0f216d1","tron","USDT",1003348.47,999348.47,"USDT",1003348.47,58,1,1,2,11,0.0,0.8260869565217391,0.996013349180669,False,0.702631625461414,0.11164994306310733,False,False,"",30.8,"",0,"[]","[]",0,False,False,"",""
"0x57b118e7d6b9ddd64aaf65be06f48ea08bb11b01","tron","USDT",140112.122724,150000.0,"USDT",140112.122724,356,2,2,8,23,0.05764411027568922,0.07268170426065163,1.0705711760250587,False,0.6818741108281573,0.1087165782695263,False,False,"",30.8,"",0,"[]","[]",0,False,False,"",""
"0x76b3a2931d5615c3448f9c8a53f8cf5d4593bf54","tron","USDT",174800.017565,104164.785146,"USDT",174800.017565,78,1,1,1,9,0.12903225806451613,0.27956989247311825,0.5959083219615007,False,0.6403829194348819,0.10252670208362197,False,False,"",30.8,"",0,"[]","[]",0,False,False,"",""
"0xe6ae9c99400235a22da021f630fcde94c7adb6b9","tron","USDT",168817.061,134833.0,"USDT",168817.061,68,10,12,8,17,0.20689655172413793,0.20689655172413793,0.798692970966957,False,0.6235440625932122,0.10009947706398525,False,False,"",30.8,"",0,"[]","[]",0,False,False,"",""
"0xd79595421967dc28345da60c0f21e66a23d8e655","tron","USDT",297585.8701320002,217619.0,"USDT",297585.8701320002,241,6,10,8,24,0.1873661670235546,0.008565310492505354,0.731281360581639,False,0.5944857656170002,0.09616679543821233,False,False,"",30.8,"",0,"[]","[]",0,False,False,"",""
"0x0c8f460e3ec090d5ed7a05075bc2cb37b96eeaf3","tron","USDT",585248.4,585146.0,"USDT",585248.4,62,9,9,8,24,0.19205298013245034,0.9867549668874173,0.999825031559249,False,0.5792792151867937,0.09350823602334063,False,False,"",30.8,"",0,"[]","[]",0,False,False,"",""
"0xa9ea09545027d5f023e66c69accc4cebee82c0c1","tron","USDT",23444.11749,21502.0,"USDT",23444.11749,63,7,7,8,17,0.0945945945945946,0.04054054054054054,0.9171597100710486,False,0.5654131163754827,0.09186816262382308,False,False,"",30.8,"",0,"[]","[]",0,False,False,"",""
"0x8024ff22166d95467cf44e76e891ec6c2a8a36a1","tron","USDT",122896.802932,49068.6,"USDT",122896.802932,227,9,10,1,3,0.0,0.004405286343612335,0.39926669229263945,True,0.519275122411912,0.08506552280885021,False,False,"",30.8,"",0,"[]","[]",0,False,False,"",""
"0xca33b056ddb54a8ad4849d4d1dbf3f4762cc4c06","tron","USDT",189255.76364699999,180675.53,"USDT",189255.76364699999,178,3,24,6,12,0.24390243902439024,0.0,0.9546632901336424,False,0.7531693231992969,0.11994434808142751,False,False,"",30.7,"",0,"[]","[]",0,False,False,"",""
"0x4940e64a5964b62f1ab07f0f1ca827c7495bd2ad","tron","USDT",158396.92799999999,153575.53,"USDT",158396.92799999999,143,5,21,7,14,0.225,0.0,0.9695612909866536,False,0.7378611600350716,0.11734091759981491,False,False,"",30.7,"",0,"[]","[]",0,False,False,"",""
"0x292dd6e8c85a97ba274622308a77c8c87d181de7","tron","USDT",20408.845818000005,15700.0,"USDT",20408.845818000005,210,3,6,8,22,0.1568627450980392,0.08627450980392157,0.769274271558907,False,0.6343792828191773,0.1023775528310219,False,False,"",30.7,"",0,"[]","[]",0,False,False,"",""
"0x2d95564266a45634cf1126b5748afb89a2473356","tron","USDT",1002029.56,323080.23,"USDT",1002029.56,84,13,14,2,10,0.04201680672268908,0.8403361344537815,0.3224258473971566,True,0.5682278857501619,0.09282031900600612,False,False,"",30.7,"",0,"[]","[]",0,False,False,"",""
"0x2f7326d9eefad4da07a22ead13484c24db3a47fc","tron","USDT",68966.0,123013.45599999999,"USDT",68966.0,56,10,15,8,18,0.07692307692307693,0.2,1.7836826262216163,False,0.4482164106588592,0.07545504824460841,False,False,"",30.7,"",0,"[]","[]",0,False,False,"",""
"0xc062b2c0d25e9bc58c4cb2365e4c993568b9005e","tron","USDT",300000.00000000006,300000.0,"USDT",300000.00000000006,202,1,1,1,1,0.0,0.11386138613861387,0.9999999999999998,False,0.7899596593455849,0.12590137991970363,False,False,"",30.6,"",0,"[]","[]",0,False,False,"",""
"0x5842bbdff41922c6d6fdfe1753fb2c0a0306d5db","tron","USDT",1277093.26,1271844.74,"USDT",1277093.26,59,3,15,8,10,0.041666666666666664,0.9895833333333334,0.9958902609821932,False,0.7640816828553361,0.12168138870294293,False,False,"",30.6,"",0,"[]","[]",0,False,False,"",""
"0x0154961b0e2fa94f26b6c6d748065d645ac6cc45","tron","USDT",1640727.377881,1640727.377881,"USDT",1640727.377881,222,1,9,4,9,0.6033333333333334,0.2,1.0,False,0.6723890632003585,0.10874940564911878,False,False,"",30.6,"",0,"[]","[]",0,False,False,"",""
"0x5aeda62ad42a64273ac367052d043a084ae46350","tron","USDT",90461.822376,90461.822376,"USDT",90461.822376,75,1,1,2,17,0.37,0.25,1.0,False,0.5510085163603765,0.09093097776465425,False,False,"",30.6,"",0,"[]","[]",0,False,False,"",""
"0xec5e8af60274b9c464fbe5ce572a855965209725","tron","USDT",91005.560345,91005.560345,"USDT",91005.560345,76,1,1,2,16,0.5,0.17,1.0,False,0.5323845809054236,0.08793342261444231,False,False,"",30.6,"",0,"[]","[]",0,False,False,"",""
"0x3ca54f3b35ba1270d8e6b5af0d5e260aa45fd30a","tron","USDT",74514.25623900004,67271.87670000001,"USDT",74514.25623900004,66,14,14,8,16,0.3484848484848485,0.0,0.9028054508687502,False,0.3903100816573897,0.06734262529239288,False,False,"",30.6,"",0,"[]","[]",0,False,False,"",""
"0x6857657538de20b92bc78f8892b99c31c195dedc","tron","USDT",717452.3972069998,600000.0,"USDT",717452.3972069998,305,1,8,8,24,0.21223021582733814,0.3723021582733813,0.8362924179161779,False,0.698903485824383,0.11318532429994183,False,False,"",30.5,"",0,"[]","[]",0,False,False,"",""
"0x37fd8d803c8dcdcbbd53a6d518e044c5699d0a3e","tron","USDT",126492.447806,70000.0,"USDT",126492.447806,237,1,1,7,16,0.0,0.0759493670886076,0.5533927219699171,False,0.6936234121662829,0.11198773278887486,False,False,"",30.5,"",0,"[]","[]",0,False,False,"",""
"0x4f9efafc9b3d4119227b07853d16278981023528","tron","USDT",1148706.0,1148706.0,"USDT",1148706.0,80,1,1,1,2,0.0,0.1125,1.0,False,0.6763334827431645,0.1094306643250853,False,False,"",30.5,"",0,"[]","[]",0,False,False,"",""
"0x2e3d5e67f8868b3505b21e1f66b7024c2094e5b9","tron","USDT",10686.741999999998,12333.86,"USDT",10686.741999999998,97,3,4,8,22,0.3,0.2818181818181818,1.1541272354100063,False,0.6299320607620149,0.10274929465967353,False,False,"",30.5,"",0,"[]","[]",0,False,False,"",""
"0x1632df2ac9940d6ea2b245c4ddd5b6f6f19633c2","tron","USDT",23297.714085999996,15367.688589000001,"USDT",23297.714085999996,72,9,9,8,20,0.18461538461538463,0.5153846153846153,0.6596221643150266,False,0.5333139442928574,0.08859625010876049,False,False,"",30.5,"",0,"[]","[]",0,False,False,"",""
"0xb4c79ea4be7aec7e2d91f4d1b65cdaa059ac86ec","tron","USDT",38532.5,37843.0,"USDT",38532.5,50,7,22,8,18,0.11956521739130435,0.10869565217391304,0.9821060144034257,False,0.5244803691738272,0.08737691072781018,False,False,"",30.5,"",0,"[]","[]",0,False,False,"",""
"0x54a4f66bfb1070b3dddcc7ccf7623976e1bc1286","tron","USDT",166061.66591600006,169495.0,"USDT",166061.66591600006,64,2,9,8,24,0.24890829694323144,0.008733624454148471,1.0206750550469406,False,0.46233742287676155,0.07832261630106019,False,False,"",30.5,"",0,"[]","[]",0,False,False,"",""
"0xfbc3709e4fdc937e979a8c86279a54103384d7b8","tron","USDT",1673154.0506989998,1629658.0,"USDT",1673154.0506989998,54,3,5,8,23,0.10150891632373114,0.0054869684499314125,0.9740035589186613,False,0.4008518099459913,0.06955481568201377,False,False,"",30.5,"",0,"[]","[]",0,False,False,"",""
"0xe30dffec6a015ad7800af75e43d25c017e2b5a3d","tron","USDT",936179.9345299995,1497357.026499,"USDT",936179.9345299995,258,2,5,1,3,0.0,0.22676579925650558,1.5994329415431598,False,0.7679215694681497,0.12363923948907984,False,False,"",30.4,"",0,"[]","[]",0,False,False,"",""
"0x571359837b68058e8f3cd1bb5ed414a6c4dbd6de","tron","USDT",1761186.4403790003,1728328.0,"USDT",1761186.4403790003,210,1,16,6,24,0.15571776155717762,0.09732360097323602,0.9813430085392156,False,0.6319028464411466,0.10350227643918569,False,False,"",30.4,"",0,"[]","[]",0,False,False,"",""
"0x199743c2a2dd4be31b8d948bc37f8649924a29f2","tron","USDT",18577.427920000002,23317.379999999997,"USDT",18577.427920000002,52,9,11,4,8,0.18309859154929578,0.0,1.2551457661637369,False,0.42918151462919796,0.07442094716356445,False,False,"",30.4,"",0,"[]","[]",0,False,False,"",""
"0x5647b77525bb4a680c9290aa7dc7b49cf91ea958","tron","USDT",87387.21999999996,120319.32,"USDT",87387.21999999996,56,4,4,8,22,0.2376237623762376,0.0,1.3768525878269164,False,0.33469223456370684,0.060459790778907896,False,False,"",30.4,"",0,"[]","[]",0,False,False,"",""
"0x4ff5215378ef2ca8068f62016b1cda8d09164143","tron","USDT",19205.787399999997,0.0,"USDT",19205.787399999997,52,0,0,8,22,0.21897810218978103,0.0,0.0,True,0.03021066786194531,0.016017715108754604,False,False,"",30.4,"",0,"[]","[]",0,False,False,"",""
"0x9105a584de707ef83597828e75ea466af880e0f6","tron","USDT",420537.4305639999,419600.0,"USDT",420537.4305639999,258,2,21,8,20,0.3524904214559387,0.7816091954022989,0.9977708748475904,False,0.8166093071972187,0.13158595783031385,False,False,"",30.3,"",0,"[]","[]",0,False,False,"",""
"0x2ea2a3997a3eb31eef3360246b507a804b9fe5e8","tron","USDT",101372.951096,93375.53,"USDT",101372.951096,127,6,20,7,13,0.17865429234338748,0.0,0.9211089249199576,False,0.7149927397128127,0.1163081648242254,False,False,"",30.3,"",0,"[]","[]",0,False,False,"",""
"0x477505f90f5f16c6d4c7deb3cf69c57ba24d8af5","tron","USDT",20475.190477999997,22427.424955000002,"USDT",20475.190477999997,112,3,4,6,18,0.035398230088495575,0.008849557522123894,1.095346340201212,False,0.7138083653080319,0.11640182407664346,False,False,"",30.3,"",0,"[]","[]",0,False,False,"",""
"0xf9cf8f28d31fd7c68a3df31603914cbcbc0a55d1","tron","USDT",1589363.51,1715278.0,"USDT",1589363.51,101,4,7,8,24,0.12686567164179105,0.2512437810945274,1.0792232168460945,False,0.6443974005572715,0.10594939970373707,False,False,"",30.3,"",0,"[]","[]",0,False,False,"",""
"0x95696f4d8480701a095a51e4926549d53355536e","tron","USDT",51464.880000000005,46641.0,"USDT",51464.880000000005,125,8,24,8,16,0.31382978723404253,0.34574468085106386,0.9062685077668499,False,0.6443420027635895,0.10600909729222985,False,False,"",30.3,"",0,"[]","[]",0,False,False,"",""
"0x46bf8dd442a724e8ea29ab35adccafc3cf996afe","tron","USDT",698267.0,757514.31,"USDT",698267.0,94,11,16,8,20,0.16981132075471697,0.41037735849056606,1.084849076356179,False,0.6221606195113729,0.10304245608910545,False,False,"",30.3,"",0,"[]","[]",0,False,False,"",""
"0xbd7f36e9d7f7760b869eae6acce4ce550398f8e7","tron","USDT",46079.07,50160.0,"USDT",46079.07,60,10,11,8,15,0.21739130434782608,0.17391304347826086,1.0885636363754738,False,0.6000371606675319,0.09952401873494543,False,False,"",30.3,"",0,"[]","[]",0,False,False,"",""
"0xdc4f2760e1ee07778f82304866560522b5601ac0","tron","USDT",93685.22889999999,93685.2289,"USDT",93685.22889999999,67,1,1,2,15,0.3,0.21,1.0000000000000002,False,0.5110488570147915,0.08669204321760149,False,False,"",30.3,"",0,"[]","[]",0,False,False,"",""
"0x10d470bf5250728419ed7bd868b26e017592b5b9","tron","USDT",40376.49999999999,49264.092096,"USDT",40376.49999999999,52,12,23,8,24,0.27586206896551724,0.2988505747126437,1.220117942268399,False,0.4080606786910983,0.07183921174710373,False,False,"",30.3,"",0,"[]","[]",0,False,False,"",""
"0x7fea703f97cdf8d607513231f8f3310e56096863","tron","USDT",29500.779984,86124.19,"USDT",29500.779984,69,13,16,8,18,0.08737864077669903,0.038834951456310676,2.9193868788116855,False,0.4065889735544599,0.0716454872205351,False,False,"",30.3,"",0,"[]","[]",0,False,False,"",""
"0x17e3bec4da06b9640db53f31ee755bb38bc1d644","tron","USDT",314390.07025999995,314390.0,"USDT",314390.07025999995,361,2,19,3,24,0.06263048016701461,0.13778705636743216,0.9999997765196595,False,0.7216270283653393,0.11792197249549297,False,False,"",30.2,"",0,"[]","[]",0,False,False,"",""
"0xe4ff0a15f3b4fe0a197bf41e005406fb86a38265","tron","USDT",144719.438243,124000.0,"USDT",144719.438243,341,1,7,8,24,0.29977628635346754,0.2348993288590604,0.8568303021726095,False,0.6701782522767451,0.11081058385368953,False,False,"",30.2,"",0,"[]","[]",0,False,False,"",""
"0x1c5877daaefc637e28b7771ad7571e2adcefe0f5","tron","USDT",1160382.3022030003,1171000.0,"USDT",1160382.3022030003,90,3,25,8,24,0.18441558441558442,0.2623376623376623,1.0091501721258949,False,0.6431497952476135,0.10674095771874742,False,False,"",30.2,"",0,"[]","[]",0,False,False,"",""
"0xbcee6da52681a59202bd9a81f12567d55a27c226","tron","USDT",66390.453291,66000.0,"USDT",66390.453291,85,7,19,8,13,0.2017291066282421,0.0,0.9941188337833968,False,0.6215714135518385,0.10361073267775872,False,False,"",30.2,"",0,"[]","[]",0,False,False,"",""
"0x4209076df48c2ae3fbeca1941c29aa0893e1be62","tron","USDT",214695.5,218574.0,"USDT",214695.5,54,10,12,8,15,0.07936507936507936,0.12698412698412698,1.0180651201352613,False,0.5630387016564977,0.09494795936612244,False,False,"",30.2,"",0,"[]","[]",0,False,False,"",""
"0xe4195105324415ca91719540c554eee6eb711359","tron","USDT",371816.21324700007,375477.0,"USDT",371816.21324700007,64,6,22,8,16,0.25,0.4875,1.0098456888714749,False,0.7655118124722313,0.12479033646491006,False,False,"",30.1,"",0,"[]","[]",0,False,False,"",""
"0xc004f307e6b39a532992a8d03de1f7cc36b6600a","tron","USDT",580434.438,634821.8212369999,"USDT",580434.438,218,3,4,8,24,0.24390243902439024,0.328159645232816,1.0937011653278228,False,0.7372212191979944,0.12099854623910422,False,False,"",30.1,"",0,"[]","[]",0,False,False,"",""
"0xde3ad38ca5d23bbecfe15bb4c10fc20ab8818243","tron","USDT",131280.210147,101500.0,"USDT",131280.210147,50,11,18,8,14,0.16901408450704225,0.38028169014084506,0.7731553741904142,False,0.5610855795444926,0.09506538116895852,False,False,"",30.1,"",0,"[]","[]",0,False,False,"",""
"0x9822de6873a5909406e762574f8130d6bd7c4146","tron","USDT",11008.4,9079.0,"USDT",11008.4,50,4,7,8,17,0.14814814814814814,0.037037037037037035,0.8247338396133862,False,0.5131538499486746,0.08797812631847318,False,False,"",30.1,"",0,"[]","[]",0,False,False,"",""
"0xd0f4e945c96722bfc09eed61c7ffc1451cfb1971","tron","USDT",35141.615788999996,27022.0,"USDT",35141.615788999996,64,3,8,8,17,0.3137254901960784,0.05228758169934641,0.7689458607210203,False,0.4467071461468934,0.07830221059400733,False,False,"",30.1,"",0,"[]","[]",0,False,False,"",""
"0xc4951b4ad5538bde8ed573c34edc69ba4a69b6c1","tron","USDT",817899.395694,817899.0,"USDT",817899.395694,177,1,4,4,2,0.0,0.6329113924050633,0.9999995162070029,False,0.8888389888532339,0.1434167288698862,False,False,"",30.0,"",0,"[]","[]",0,False,False,"",""
"0x8bab0f19b1590a6fcfc456cc6909d56810ce9c55","tron","USDT",635681.1287280001,625480.916,"USDT",635681.1287280001,170,5,14,4,9,0.0,0.006012024048096192,0.9839538846333054,False,0.7681713237666432,0.12579099098580798,False,False,"",30.0,"",0,"[]","[]",0,False,False,"",""
"0x2e05e9735418aee3826a8a3816d8dc0872924220","tron","USDT",1004900.793139,723010.46,"USDT",1004900.793139,183,5,8,8,24,0.19137466307277629,0.5444743935309974,0.7194844157118618,False,0.7313240458496786,0.12049666794894687,False,False,"",30.0,"",0,"[]","[]",0,False,False,"",""
"0x832c5df925b9467d2319c4434d7c17079c80b66b","tron","USDT",1981885.7699999998,1965887.285,"USDT",1981885.7699999998,124,1,9,8,23,0.057815845824411134,0.4025695931477516,0.9919276452547515,False,0.675503413407741,0.11261750332274606,False,False,"",30.0,"",0,"[]","[]",0,False,False,"",""
"0x5250e39a63e2a915e981a4b60fb91a7079713d83","tron","USDT",112516.84199999995,113684.92400000001,"USDT",112516.84199999995,74,9,23,7,15,0.22972972972972974,0.02702702702702703,1.0103813969467794,False,0.6170855314577979,0.10420267343756584,False,False,"",30.0,"",0,"[]","[]",0,False,False,"",""
"0x6e44d14ab14a3476519c5e120c3836d4a3e5bf4d","tron","USDT",1433791.0,1433791.0,"USDT",1433791.0,53,1,1,1,2,0.0,0.03773584905660377,1.0,False,0.5219632451815329,0.09005567400571812,False,False,"",30.0,"",0,"[]","[]",0,False,False,"",""
"0x0e03a6c87c12f06a21d6d78cc9c29164a0ec20b1","tron","USDT",42887.0,1966.0,"USDT",42887.0,151,2,2,8,24,0.2688679245283019,0.33962264150943394,0.04584139715997855,True,0.44052193250236776,0.07799468441443508,False,False,"",30.0,"",0,"[]","[]",0,False,False,"",""
"0x26437bdb3638c4e30ab7737fd7a5f6156e08296f","tron","USDT",62768.790405,0.0,"USDT",62768.790405,62,0,0,8,19,0.029850746268656716,0.0,0.0,True,0.08984760197220976,0.026761033779662657,False,False,"",30.0,"",0,"[]","[]",0,False,False,"",""
"0x05434200da46dc5990d4f8fe533952e9dd36ced4","tron","USDT",1409438.1398269997,1470550.0,"USDT",1409438.1398269997,81,7,15,8,24,0.14893617021276595,0.574468085106383,1.0433590226105995,False,0.628508831963761,0.10597607729874531,False,False,"",29.9,"",0,"[]","[]",0,False,False,"",""
"0xa6595c935a53d45e3b8c8df68612a861fc5815bd","tron","USDT",1761068.99,1254716.0,"USDT",1761068.99,93,3,7,8,24,0.12266112266112267,0.39293139293139295,0.7124740751922501,False,0.626403376221776,0.10575039408521547,False,False,"",29.9,"",0,"[]","[]",0,False,False,"",""
"0xdfc8d7eb1bd2b78b7ce225e5a48fdb9344c7b809","tron","USDT",99205.0,53706.0,"USDT",99205.0,79,13,15,8,17,0.14772727272727273,0.14772727272727273,0.5413638425482586,False,0.594444888635156,0.10144700651602956,False,False,"",29.9,"",0,"[]","[]",0,False,False,"",""
"0x849ae447a21ed7299f54a2146469be5c1d0826ea","tron","USDT",1373942.8220000002,1367506.0,"USDT",1373942.8220000002,71,7,20,6,18,0.25252525252525254,0.3939393939393939,0.9953150728713511,False,0.5731777613246064,0.09825205851736707,False,False,"",29.9,"",0,"[]","[]",0,False,False,"",""
"0x3d35925fd3d7dd5be2b1c2d129682bd7a23939b9","tron","USDT",1032908.9990039998,894622.35,"USDT",1032908.9990039998,101,2,25,8,16,0.20168067226890757,0.20168067226890757,0.8661192330230978,False,0.7693018385364887,0.12731101710915183,False,False,"",29.8,"",0,"[]","[]",0,False,False,"",""
"0xd45e02ec05994bbf28812e4774c1f560d255bbd8","tron","USDT",166110.22,174032.0,"USDT",166110.22,329,1,9,8,24,0.2040072859744991,0.41530054644808745,1.0476899013197383,False,0.7360245477503957,0.12239685541635753,False,False,"",29.8,"",0,"[]","[]",0,False,False,"",""
"0xbb9d7c10e31d90fcde02bbdf34a8b77116d5522f","tron","USDT",43485.899999999994,45000.0,"USDT",43485.899999999994,246,2,3,8,21,0.17301038062283736,0.09688581314878893,1.0348181824453444,False,0.6869852653486721,0.11547714529451503,False,False,"",29.8,"",0,"[]","[]",0,False,False,"",""
"0x726d8aed10fae0a527c97e4b6cffca7b6d531e1b","tron","USDT",12872.19,12170.0,"USDT",12872.19,54,1,1,8,15,0.01818181818181818,0.45454545454545453,0.9454490649998174,False,0.6452529685355978,0.10942430105545892,False,False,"",29.8,"",0,"[]","[]",0,False,False,"",""
"0x0d2e1a03e97ff808a90519b40ef8423d878a07ea","tron","USDT",100525.26060000001,95460.0,"USDT",100525.26060000001,56,2,6,6,24,0.23030303030303031,0.0,0.9496120619855423,False,0.39998516452619853,0.07358047349359725,False,False,"",29.8,"",0,"[]","[]",0,False,False,"",""
"0x7975a95873b70b6336bd6fd081b01d0272a4e29d","tron","USDT",422158.69,421587.0,"USDT",422158.69,257,6,14,8,20,0.23548387096774193,0.07419354838709677,0.9986457935995585,False,0.6859909247441162,0.11600042828073515,False,False,"",29.7,"",0,"[]","[]",0,False,False,"",""
"0x801b1fbdfac34d3a7cb675bf45b4545c7de61eff","tron","USDT",1148706.0,1148706.0,"USDT",1148706.0,93,1,1,1,1,0.0,0.021505376344086023,1.0,False,0.665351860152398,0.11269525004031972,False,False,"",29.7,"",0,"[]","[]",0,False,False,"",""
"0x11767b0386b3b94095da104976e5520cc2ca77d8","tron","USDT",115000.56000000001,118934.0,"USDT",115000.56000000001,100,8,25,8,19,0.28363636363636363,0.36363636363636365,1.0342036595300057,False,0.6301157898331292,0.10789809660533023,False,False,"",29.7,"",0,"[]","[]",0,False,False,"",""
"0x0fb717afe45cecc73b58459fad48c457d067d353","tron","USDT",36880.62636899999,43200.0,"USDT",36880.62636899999,232,4,6,8,23,0.10612244897959183,0.02857142857142857,1.1713467002369504,False,0.627115689087527,0.10691951054349536,False,False,"",29.7,"",0,"[]","[]",0,False,False,"",""
"0x47124124b869669ed244d1b897d761163744b7f7","tron","USDT",346959.911649,273244.98,"USDT",346959.911649,82,10,14,8,19,0.11162790697674418,0.46511627906976744,0.7875404933709652,False,0.586867130498487,0.10120355736688424,False,False,"",29.7,"",0,"[]","[]",0,False,False,"",""
"0x2b60472a3a9d95f790c5af496182d9bcc9914572","tron","USDT",329413.06564000016,322357.0,"USDT",329413.06564000016,280,1,24,8,24,0.23076923076923078,0.0,0.9785798853294077,False,0.5832327856718877,0.10094499609989904,False,False,"",29.7,"",0,"[]","[]",0,False,False,"",""
"0xa4d29b874b0fd72201bd4a1c658e0550f202ecee","tron","USDT",76819.979913,70132.0,"USDT",76819.979913,133,8,16,8,24,0.19181034482758622,0.0,0.9129395774305817,False,0.5178635766246192,0.09146010159352319,False,False,"",29.7,"",0,"[]","[]",0,False,False,"",""
"0xab0311b1c20607df9f47ebb6d4f6cf689a19d67c","tron","USDT",23953.290000000005,23881.5,"USDT",23953.290000000005,54,9,12,8,24,0.2661290322580645,0.25806451612903225,0.9970029169270691,False,0.454868983206122,0.08183256783289,False,False,"",29.7,"",0,"[]","[]",0,False,False,"",""
"0x0e38b4fc437cae8a97db2633a0068eb716c8e82c","tron","USDT",1079014.977404,1083000.0,"USDT",1079014.977404,194,2,20,8,21,0.22297297297297297,0.32882882882882886,1.0036932041532802,False,0.7494406509667442,0.1258981359575307,False,False,"",29.6,"",0,"[]","[]",0,False,False,"",""
"0x1626cdad2e0f903991a8a3ad87a5a1d79a18900b","tron","USDT",1670235.028,1670235.0,"USDT",1670235.028,142,1,13,3,13,0.008032128514056224,0.040160642570281124,0.9999999832358922,False,0.7295607317435479,0.12277753283335147,False,False,"",29.6,"",0,"[]","[]",0,False,False,"",""
"0x6b3a671b1f6f3d242a902fb1162599be9183f3c7","tron","USDT",186705.65562800004,187701.968942,"USDT",186705.65562800004,101,4,23,4,14,0.1917562724014337,0.0,1.0053362781681614,False,0.6995826771319438,0.11828303376581878,False,False,"",29.6,"",0,"[]","[]",0,False,False,"",""
"0x690773b81d75497c778d282eaf73a78c4026ce3c","tron","USDT",1765122.571057,1603668.0002410002,"USDT",1765122.571057,117,3,18,8,23,0.23728813559322035,0.1652542372881356,0.9085306746039077,False,0.6381830511018662,0.10962696634711178,False,False,"",29.6,"",0,"[]","[]",0,False,False,"",""
"0x961958b387afc9a51061f99a86ae5546b82fb317","tron","USDT",149891.849369,72408.10632099998,"USDT",149891.849369,270,10,14,8,24,0.0636042402826855,0.0035335689045936395,0.4830690035903655,True,0.39305037624474276,0.0734792840846285,False,False,"",29.6,"",0,"[]","[]",0,False,False,"",""
"0xbad2f2efdedd2d1b29d559f520660b7545c878b9","tron","USDT",21419.629953,78987.8701,"USDT",21419.629953,97,12,13,8,23,0.10240963855421686,0.012048192771084338,3.6876393417308817,False,0.31434334379202156,0.062195970163319125,False,False,"",29.6,"",0,"[]","[]",0,False,False,"",""
"0xca6bc3bdede275538595065c8e386aeaf3211ed5","tron","USDT",60354.900358,60354.900358,"USDT",60354.900358,148,4,4,4,4,0.0,0.18243243243243243,1.0,False,0.8375616315553565,0.1392304456525545,False,False,"",29.5,"",0,"[]","[]",0,False,False,"",""
"0x113370c41f0875bfd285bb6e79e0356904f128d8","tron","USDT",247541.63999999996,229226.0,"USDT",247541.63999999996,93,6,24,8,14,0.10852713178294573,0.4108527131782946,0.9260098624215305,False,0.8232790679571883,0.13719263711334773,False,False,"",29.5,"",0,"[]","[]",0,False,False,"",""
"0x48186f6c9290f0c3d10436c7ad000103a9cbcf01","tron","USDT",50973.26465200008,43035.935773,"USDT",50973.26465200008,144,6,6,3,6,0.0,0.0136986301369863,0.8442844708262445,False,0.7372118919241014,0.1243218265825084,False,False,"",29.5,"",0,"[]","[]",0,False,False,"",""
"0x285c973fafff5b30ce350f49ce6bcc80e4944772","tron","USDT",612936.211445,590609.0,"USDT",612936.211445,60,8,11,8,18,0.09195402298850575,0.5747126436781609,0.9635733522867518,False,0.6980037784806583,0.11887514596386156,False,False,"",29.5,"",0,"[]","[]",0,False,False,"",""
"0x1e051b982f5a84496faa585a83db5f3bc6e8387c","tron","USDT",1102158.0,1102158.0,"USDT",1102158.0,92,1,1,1,1,0.0,0.043478260869565216,1.0,False,0.6745405647691618,0.11535927613044533,False,False,"",29.5,"",0,"[]","[]",0,False,False,"",""
"0x22f86b1362bfd8469f06f5066dcf3cc3b550def6","tron","USDT",166334.42238799995,164675.53,"USDT",166334.42238799995,86,6,24,6,14,0.23626373626373626,0.0,0.9900267643691314,False,0.6729045012377887,0.11479727784088872,False,False,"",29.5,"",0,"[]","[]",0,False,False,"",""
"0x3d95a2f7826f3ecb46c89a21ebe1c749c2fea06f","tron","USDT",92399.061273,106039.544159,"USDT",92399.061273,77,11,17,8,15,0.1875,0.1796875,1.147625773444799,False,0.6600535095871496,0.1131480933438831,False,False,"",29.5,"",0,"[]","[]",0,False,False,"",""
"0x664f5b775227f7acb74c623759906ffc3d0e2b82","tron","USDT",140175.298215,157234.91000000003,"USDT",140175.298215,104,12,14,8,24,0.10559006211180125,0.35403726708074534,1.1217019831756243,False,0.6171656544630374,0.10679300122006719,False,False,"",29.5,"",0,"[]","[]",0,False,False,"",""
"0x2e2ecb1397b691a233a2155cd5652e1d5d79a3a8","tron","USDT",911465.1583360002,1150000.0,"USDT",911465.1583360002,296,1,7,8,24,0.19633943427620631,0.13810316139767054,1.2617048380647666,False,0.6133470646595702,0.10631362379414555,False,False,"",29.5,"",0,"[]","[]",0,False,False,"",""
"0x51c39e7134bc2c946c695b695b8f925b63ac4cc0","tron","USDT",103723.08631099999,102575.575263,"USDT",103723.08631099999,71,11,23,8,23,0.16853932584269662,0.4943820224719101,0.9889367826506885,False,0.5932378271711058,0.10342206015705618,False,False,"",29.5,"",0,"[]","[]",0,False,False,"",""
"0x44df6684736b835033389a45dc36b9d4b203238c","tron","USDT",138637.280081,154533.80000000002,"USDT",138637.280081,69,13,22,8,19,0.17204301075268819,0.3548387096774194,1.1146626643981499,False,0.5341943160670307,0.09449286607979457,False,False,"",29.5,"",0,"[]","[]",0,False,False,"",""
"0x699a2195ba6856e73ea8d3819f53f415232c1b80","tron","USDT",59255.94597000001,58000.0,"USDT",59255.94597000001,71,1,1,8,18,0.3873239436619718,0.15492957746478872,0.978804726691295,False,0.5041652483413966,0.09069137002729688,False,False,"",29.5,"",0,"[]","[]",0,False,False,"",""
"0xae814fdb2b95afd816c728526036ee911e3c3498","tron","USDT",141359.97356600003,141359.973566,"USDT",141359.97356600003,94,8,8,1,3,0.0,0.20212765957446807,0.9999999999999998,False,0.7340878529807261,0.12467561291697876,False,False,"",29.4,"",0,"[]","[]",0,False,False,"",""
"0xe144b243597d3c07999ac7cae53f686cee91c0d0","tron","USDT",1169835.5674949999,1173425.427095,"USDT",1169835.5674949999,57,6,17,8,17,0.027777777777777776,0.2222222222222222,1.0030686873435444,False,0.665970753790816,0.11445417657220991,False,False,"",29.4,"",0,"[]","[]",0,False,False,"",""
"0x1b1eb6cc721cef4ca86e39aa582aa4f3cdb9342a","tron","USDT",17599.901594,14347.48,"USDT",17599.901594,78,4,16,7,1,1.0,0.5256410256410257,0.8152022852725048,False,0.6380292513171635,0.11058851988164625,False,False,"",29.4,"",0,"[]","[]",0,False,False,"",""
"0xca71113c03da682d80622529c06caad95b0d7ba6","tron","USDT",265039.93009000004,274656.41008999996,"USDT",265039.93009000004,213,1,11,8,24,0.2014607425441266,0.0018259281801582471,1.0362831366456158,False,0.5771225748223784,0.101635331753333,False,False,"",29.4,"",0,"[]","[]",0,False,False,"",""
"0x4fa1b1e170ab00a4563003bb6d7592e7e274b718","tron","USDT",1714036.8718829998,1442900.0,"USDT",1714036.8718829998,90,3,10,8,20,0.026604068857589983,0.12050078247261346,0.8418138627408083,False,0.5711193839331908,0.10082992600054425,False,False,"",29.4,"",0,"[]","[]",0,False,False,"",""
"0x9ddb53a5cb11ab4778a5f35d1bbc01b415089a68","tron","USDT",1642316.5750000002,1642321.0,"USDT",1642316.5750000002,139,1,13,3,16,0.18226600985221675,0.059113300492610835,1.0000026943648181,False,0.735140653417489,0.12499528848210062,False,False,"",29.3,"",0,"[]","[]",0,False,False,"",""
"0xec39b1f057cadac52b6bcf1a3901c33f3b38248d","tron","USDT",759136.7168470002,766303.0,"USDT",759136.7168470002,320,1,10,8,20,0.3712871287128713,0.0891089108910891,1.0094400428723356,False,0.6472603553878816,0.11250424887260013,False,False,"",29.3,"",0,"[]","[]",0,False,False,"",""
"0x8fad8824e29aab04df1cdf35fd4814dc0b0a0bca","tron","USDT",23707.5,19533.877673,"USDT",23707.5,59,5,14,8,16,0.23880597014925373,0.13432835820895522,0.8239535030264684,False,0.6151716956747693,0.10784584487665166,False,False,"",29.3,"",0,"[]","[]",0,False,False,"",""
"0xb79b051bfff97f0eb0c20727dcc7b5c77b7e7fff","tron","USDT",1149057.170952,999331.0,"USDT",1149057.170952,73,10,18,8,20,0.17088607594936708,0.2848101265822785,0.8696965001071696,False,0.5274579015454143,0.09496630798925798,False,False,"",29.3,"",0,"[]","[]",0,False,False,"",""
"0x333879331d8f083f568508f37e4fdfc9070346c9","tron","USDT",725136.032954,750000.0,"USDT",725136.032954,191,1,1,8,24,0.22336769759450173,0.2611683848797251,1.0342886933155302,False,0.6735770439455896,0.11683329707686446,False,False,"",29.2,"",0,"[]","[]",0,False,False,"",""
"0xbb736aa4b003ef81604683d5772c70af87b3c481","tron","USDT",380160.965108,422243.601095,"USDT",380160.965108,68,12,16,8,17,0.16279069767441862,0.1744186046511628,1.1106968885536281,False,0.6326118549203815,0.11088700026954273,False,False,"",29.2,"",0,"[]","[]",0,False,False,"",""
"0x2102bde32e91795e344f23981ba432ebcb539994","tron","USDT",519242.0,564183.0,"USDT",519242.0,58,9,10,8,23,0.25,0.9959677419354839,1.0865511649673947,False,0.5436489781226125,0.09812452168542668,False,False,"",29.2,"",0,"[]","[]",0,False,False,"",""
"0x1a8955af78b8722fe9e75495e087c63ba8df4eba","tron","USDT",60417.05980399998,130500.0,"USDT",60417.05980399998,311,4,5,8,24,0.09646302250803858,0.10932475884244373,2.15998594475397,False,0.5073285522187361,0.09252452213281748,False,False,"",29.2,"",0,"[]","[]",0,False,False,"",""
"0x09fda3c87abbebcdab4891c07a0ee5dbc0667263","tron","USDT",223096.65569999997,191894.0,"USDT",223096.65569999997,64,12,17,8,18,0.11363636363636363,0.26136363636363635,0.8601383978522813,False,0.6344212250657498,0.11189387009540236,False,False,"",29.1,"",0,"[]","[]",0,False,False,"",""
"0x8b98fe3b2fa44eef5d15349ee9ade0613489c909","tron","USDT",109074.62700000002,105178.53,"USDT",109074.62700000002,96,7,19,7,14,0.1889763779527559,0.0,0.9642804462673064,False,0.634025968231498,0.1116054547506663,False,False,"",29.1,"",0,"[]","[]",0,False,False,"",""
"0xbd34e0949f40cb4adfc9b00249002c0a1ebea27e","tron","USDT",1122843.0,1122843.0,"USDT",1122843.0,67,1,1,1,1,0.0,0.04477611940298507,1.0,False,0.6031376064545046,0.10737769967737232,False,False,"",29.1,"",0,"[]","[]",0,False,False,"",""
"0x852a96f125b7fce0ed86a1bd2d42ef8ee6edd9e2","tron","USDT",272705.8161830001,256376.0,"USDT",272705.8161830001,212,1,11,8,24,0.1655450874831763,0.0033647375504710633,0.9401192962747742,False,0.5731202285960575,0.10309014801331134,False,False,"",29.1,"",0,"[]","[]",0,False,False,"",""
"0x36baa0bc3c261ca63c819c8d4edbd885c56295d0","tron","USDT",105906.91,101339.0,"USDT",105906.91,57,2,6,7,24,0.23333333333333334,0.011111111111111112,0.9568686311403098,False,0.42727690865746587,0.08143380661477956,False,False,"",29.1,"",0,"[]","[]",0,False,False,"",""
"0xb13a73eeaa27c7413550639421fea8c379f1af74","tron","USDT",124167.64,123159.64,"USDT",124167.64,239,2,22,7,24,0.24404761904761904,0.46726190476190477,0.9918819428314817,False,0.7942975001754403,0.13586561839711342,False,False,"",29.0,"",0,"[]","[]",0,False,False,"",""
"0x962bb7e2bfc9656ed58522b63b6bf1e3f2a106ed","tron","USDT",103700.2,103648.20000000001,"USDT",103700.2,239,2,22,7,24,0.24853801169590642,0.3830409356725146,0.9994985544868767,False,0.7755608494002889,0.13266631271802437,False,False,"",29.0,"",0,"[]","[]",0,False,False,"",""
"0x688a3229a4a7700ae336839505065fa8716ddc53","tron","USDT",68179.379015,61548.919988,"USDT",68179.379015,107,8,13,8,20,0.08661417322834646,0.10236220472440945,0.9027497885314966,False,0.5532079586027583,0.10050127145267512,False,False,"",29.0,"",0,"[]","[]",0,False,False,"",""
"0xedc00176289b2ba2bef4c71c3a5b60de103d18de","tron","USDT",916119.461112,725407.4720000001,"USDT",916119.461112,64,11,20,8,22,0.08496732026143791,0.5098039215686274,0.7918262877196051,False,0.5285804077008014,0.09690361391804053,False,False,"",29.0,"",0,"[]","[]",0,False,False,"",""
"0x65f51c00fba240a418395b179afb76f72445a8cc","tron","USDT",617199.365025,582122.0,"USDT",617199.365025,61,7,10,8,18,0.27380952380952384,0.40476190476190477,0.9431668808933737,False,0.5236176881464023,0.09633915044771835,False,False,"",29.0,"",0,"[]","[]",0,False,False,"",""
"0xecca8a35a6efd8fbcaeaa5783f5f483c93f5400c","tron","USDT",1498520.4200000002,1342102.45,"USDT",1498520.4200000002,54,8,21,8,20,0.042328042328042326,0.21164021164021163,0.8956183927076548,False,0.42177271484811996,0.08101696018238497,False,False,"",29.0,"",0,"[]","[]",0,False,False,"",""
"0x32320cc47615b53e21117428cff9591aaf199fed","tron","USDT",13891.1,32930.0,"USDT",13891.1,147,9,12,8,20,0.19428571428571428,0.011428571428571429,2.3705826032495625,False,0.3671896010757508,0.0736041717051949,False,False,"",29.0,"",0,"[]","[]",0,False,False,"",""
"0xa08deae3e45a83382ee1867a3ef0f150d7b3ac32","tron","USDT",11282.937149,5500.0,"USDT",11282.937149,172,1,1,3,7,0.45930232558139533,0.0,0.4874617244932063,True,0.3574430396543562,0.07190012116467481,False,False,"",29.0,"",0,"[]","[]",0,False,False,"",""
"0xf6bc76bdb794cfdeaea731cf4c54aa028023bad0","tron","USDT",30388.902936,7230.0,"USDT",30388.902936,59,11,12,3,7,0.05084745762711865,0.06779661016949153,0.23791579496063453,True,0.32120485329961235,0.06634135830364152,False,False,"",29.0,"",0,"[]","[]",0,False,False,"",""
"0xd65f93ec4f1cab0f7dd9b46d9e3c6eaf04bb7b90","tron","USDT",105225.42000000001,105048.42000000001,"USDT",105225.42000000001,246,2,22,7,24,0.23723723723723725,0.3993993993993994,0.9983178969492352,False,0.7815999308017699,0.13423802435514764,False,False,"",28.9,"",0,"[]","[]",0,False,False,"",""
"0x7cf94cd111b8b7599cece38af55e7750ac0cb207","tron","USDT",126102.80130199999,113809.0,"USDT",126102.80130199999,74,6,10,8,18,0.037037037037037035,0.4444444444444444,0.9025096891181829,False,0.778126321508083,0.13374491271786498,False,False,"",28.9,"",0,"[]","[]",0,False,False,"",""
"0x2639ba31527ae428b81fba6d37ea9f594e9c5b8a","tron","USDT",196967.56,211699.0,"USDT",196967.56,295,1,13,8,24,0.2053742802303263,0.43953934740882916,1.0747911991192864,False,0.7323972061644887,0.12740387319171598,False,False,"",28.9,"",0,"[]","[]",0,False,False,"",""
"0x7e4d938398a5d165da980dc630cae3e9e71a45e0","tron","USDT",109042.938301,108906.96,"USDT",109042.938301,165,9,13,8,24,0.2193211488250653,0.015665796344647518,0.9987529838876439,False,0.5803422597089497,0.10492805194959509,False,False,"",28.9,"",0,"[]","[]",0,False,False,"",""
"0x62d25d7cb44e57ea58519991c78a623f370b9839","tron","USDT",617587.3500000001,590483.48,"USDT",617587.3500000001,68,11,20,8,21,0.10852713178294573,0.4883720930232558,0.9561133012196572,False,0.5758932115662084,0.10444148227406458,False,False,"",28.9,"",0,"[]","[]",0,False,False,"",""
"0x8737609819cecd5841fb28602e304cbef6a3c217","tron","USDT",65380.6,64945.0,"USDT",65380.6,51,5,5,8,15,0.2727272727272727,0.4393939393939394,0.9933374731954128,False,0.5293039805198536,0.09731746305113403,False,False,"",28.9,"",0,"[]","[]",0,False,False,"",""
"0x1f3cfb5694dcb5850bdb0d1baa9e80f09641bc11","tron","USDT",260945.61,312935.16,"USDT",260945.61,52,7,12,8,14,0.46938775510204084,0.9693877551020408,1.1992351969439148,False,0.4789337763888952,0.08993215182267533,False,False,"",28.9,"",0,"[]","[]",0,False,False,"",""
"0xe78ca4c6648ba54eb472b58502fe31dca416485e","tron","USDT",1245719.7699,922699.0,"USDT",1245719.7699,58,3,6,6,13,0.0,0.46153846153846156,0.7406954776627408,False,0.6819355993424989,0.12050063041874592,False,False,"",28.8,"",0,"[]","[]",0,False,False,"",""
"0x8c1ecdb00a19009cd56f11fc19dd9af9d3a8a62a","tron","USDT",26761.000000000004,25515.0,"USDT",26761.000000000004,67,4,9,8,17,0.23125,0.08125,0.9534397070363587,False,0.658124068704448,0.11715511998501982,False,False,"",28.8,"",0,"[]","[]",0,False,False,"",""
"0xcedd98d01866e02e5da5efa254bac89a3ebc89ea","tron","USDT",155088.76565500002,160000.0,"USDT",155088.76565500002,247,1,1,7,23,0.03636363636363636,0.12727272727272726,1.031667247619503,False,0.6498297060117336,0.1158915953897875,False,False,"",28.8,"",0,"[]","[]",0,False,False,"",""
"0xe65bfd22231fa76f9f8b7f939b26946e9710c510","tron","USDT",35546.796717000005,33326.0,"USDT",35546.796717000005,150,6,9,8,21,0.15544041450777202,0.046632124352331605,0.9375247020236306,False,0.6263440260165594,0.11260666356663063,False,False,"",28.8,"",0,"[]","[]",0,False,False,"",""
"0x681e9f3826374d3916374508b279da4d4ec9a590","tron","USDT",196062.271185,209004.0,"USDT",196062.271185,51,8,16,8,18,0.16176470588235295,0.2647058823529412,1.0660082571561587,False,0.5723877703527217,0.10421152838968334,False,False,"",28.8,"",0,"[]","[]",0,False,False,"",""
"0xfb51011daceca2277dee3996479e637ad6bb8776","tron","USDT",21650.475536999995,25224.057230000002,"USDT",21650.475536999995,68,7,8,8,15,0.0,0.0055248618784530384,1.1650578846128745,False,0.5460785172056187,0.1005168383258015,False,False,"",28.8,"",0,"[]","[]",0,False,False,"",""
"0x956a12c67699846b6e97ff5b430824db048a32cb","tron","USDT",21892.640999999996,15495.21,"USDT",21892.640999999996,83,9,11,8,23,0.1650485436893204,0.05825242718446602,0.707781669648719,False,0.45390505647568735,0.08713783144306098,False,False,"",28.8,"",0,"[]","[]",0,False,False,"",""
"0x81e5af175e3436618c5f9ef9488b8c6afbeb6dce","tron","USDT",125106.50000000001,125036.00000000001,"USDT",125106.50000000001,222,2,25,7,24,0.23170731707317074,0.4634146341463415,0.9994364801189387,False,0.7911244094258496,0.13712157801979413,False,False,"",28.7,"",0,"[]","[]",0,False,False,"",""
"0x74d2642e62c36c6acfbe8aa2a2973c9bd198b04f","tron","USDT",333585.286,337891.64,"USDT",333585.286,64,9,20,8,16,0.16129032258064516,0.2903225806451613,1.0129093043989956,False,0.6672522942076057,0.11877492378328791,False,False,"",28.7,"",0,"[]","[]",0,False,False,"",""
"0x1a8382f11db9f2732991b4fc11d89775f9ba17a0","tron","USDT",548253.071,550409.0,"USDT",548253.071,66,8,21,8,16,0.013333333333333334,0.24666666666666667,1.003932361009976,False,0.6664927747724557,0.11873506481669338,False,False,"",28.7,"",0,"[]","[]",0,False,False,"",""
"0x8ec9a0e1154be0d9600ade2464448507162cdcac","tron","USDT",71448.511,67894.67,"USDT",71448.511,57,8,11,8,15,0.07446808510638298,0.18085106382978725,0.950260111088949,False,0.5952963072917477,0.1083525767808427,False,False,"",28.7,"",0,"[]","[]",0,False,False,"",""
"0x79e3b25dd8965039904f31c2e2102efdd3b99a7c","tron","USDT",319923.1865,254702.52000000002,"USDT",319923.1865,63,13,19,8,21,0.2826086956521739,0.8152173913043478,0.79613648134253,False,0.5366141183213972,0.0998258917830484,False,False,"",28.7,"",0,"[]","[]",0,False,False,"",""
"0x381360af289482af7aacf95a435aa64b2c497a12","tron","USDT",10143.849058999998,2978.0,"USDT",10143.849058999998,115,1,1,8,16,0.25735294117647056,0.007352941176470588,0.2935769235798918,True,0.2923101852538537,0.064248501397418,False,False,"",28.7,"",0,"[]","[]",0,False,False,"",""
"0x6ce415df83beb822b95e67ecc08058fe316510b0","tron","USDT",443486.789999,445745.019999,"USDT",443486.789999,231,2,24,5,24,0.19471947194719472,0.39933993399339934,1.0050919893239776,False,0.7769511225296465,0.13523788909081397,False,False,"",28.6,"",0,"[]","[]",0,False,False,"",""
"0x39aa3ae51908755e986ab632164a4b71d888f83b","tron","USDT",347416.68118500005,346232.5,"USDT",347416.68118500005,166,8,18,8,17,0.36065573770491804,0.27459016393442626,0.9965914671081396,False,0.6721331746408121,0.11994856235066997,False,False,"",28.6,"",0,"[]","[]",0,False,False,"",""
"0x85a6f87760728041f9a8536d51b70166f1999db3","tron","USDT",403268.104,770000.0,"USDT",403268.104,204,5,8,8,24,0.25,0.48035714285714287,1.9093997079421883,False,0.6069815554980706,0.11067637660046048,False,False,"",28.6,"",0,"[]","[]",0,False,False,"",""
"0x30ae1214a16e7218fea5d3038c691eb5739e8845","tron","USDT",118539.70999999999,104998.0,"USDT",118539.70999999999,116,6,12,8,16,0.008620689655172414,0.3793103448275862,0.885762247942061,False,0.840935506513558,0.1453706073990697,False,False,"",28.5,"",0,"[]","[]",0,False,False,"",""
"0x0a9d13b6d3fe14566f13085f8313a35ffb1d108c","tron","USDT",484356.44608400005,523221.0,"USDT",484356.44608400005,134,7,14,8,18,0.14893617021276595,0.18617021276595744,1.0802395719727034,False,0.761764725677176,0.13404643362899926,False,False,"",28.5,"",0,"[]","[]",0,False,False,"",""
"0xb4001272bf4237bba056c9506cfb95a7600dfbfb","tron","USDT",60529.75025800001,60529.75025800001,"USDT",60529.75025800001,200,1,11,6,5,0.0,0.04477611940298507,1.0,False,0.7611385029134917,0.13389084040404503,False,False,"",28.5,"",0,"[]","[]",0,False,False,"",""
"0x6c4c0a73ab1115d443262d62f025537e0e875493","tron","USDT",846511.5978880002,913300.0,"USDT",846511.5978880002,219,2,4,8,24,0.1770573566084788,0.3865336658354115,1.0788983899082223,False,0.7558922180291131,0.13316027895600918,False,False,"",28.5,"",0,"[]","[]",0,False,False,"",""
"0x2a8686acc08c02157e3b51ad2ebf76e4b21e8407","tron","USDT",895792.9248779998,669651.3,"USDT",895792.9248779998,184,7,17,8,14,0.2786259541984733,0.3893129770992366,0.74755145012024,False,0.6599988601719637,0.11922578063878109,False,False,"",28.5,"",0,"[]","[]",0,False,False,"",""
"0x79a2212a60a6dc8addd71e1b9cf6fbb19e890aac","tron","USDT",458754.32265899994,473386.36,"USDT",458754.32265899994,124,4,9,6,8,0.0,0.5957446808510638,1.0318951487065906,False,0.897722270124213,0.15416808689231665,False,False,"",28.4,"",0,"[]","[]",0,False,False,"",""
"0x2a15296cc4fe3d09556dd085c73e6be651e0a6d8","tron","USDT",314165.480587,301675.9,"USDT",314165.480587,122,5,6,8,8,0.11976047904191617,0.2934131736526946,0.9602452167448061,False,0.8388666139451065,0.14540527937287095,False,False,"",28.4,"",0,"[]","[]",0,False,False,"",""
"0x07b02810a2ea2a8dcdc0e5a15fa3ea3855b79fdf","tron","USDT",332008.98999999993,330345.99000000005,"USDT",332008.98999999993,247,2,23,7,24,0.25825825825825827,0.42042042042042044,0.9949910994879991,False,0.7863805596555559,0.13788115311650045,False,False,"",28.4,"",0,"[]","[]",0,False,False,"",""
"0x6dad12c0da36c6b4c049620721be69f50ed87905","tron","USDT",176714.45000000004,206836.0,"USDT",176714.45000000004,296,1,13,8,24,0.21113243761996162,0.4145873320537428,1.1704532368462226,False,0.7073481693048926,0.12647053280038634,False,False,"",28.4,"",0,"[]","[]",0,False,False,"",""
"0xd519c6c77e79f092559876f909a75d850504d199","tron","USDT",1101326.0557229999,1095751.0,"USDT",1101326.0557229999,128,1,6,8,24,0.23780487804878048,0.41310975609756095,0.9949378699486594,False,0.682470317154232,0.1230630114767301,False,False,"",28.4,"",0,"[]","[]",0,False,False,"",""
"0x5d4c0d977f59cbad94bd288047396d3576e9f2bb","tron","USDT",1654331.3537539998,1668822.003754,"USDT",1654331.3537539998,56,1,16,7,13,0.0,0.18840579710144928,1.0087592186215404,False,0.6001531316230697,0.11077878559526239,False,False,"",28.4,"",0,"[]","[]",0,False,False,"",""
"0xfa61b8552448622be890a5f5c277440082b3449a","tron","USDT",489677.6460809999,376155.32,"USDT",489677.6460809999,60,12,15,8,15,0.1926605504587156,0.1559633027522936,0.7681692701524266,False,0.5658256962537036,0.10581594890394236,False,False,"",28.4,"",0,"[]","[]",0,False,False,"",""
"0x1d85ebf55d98ffad6a8e02d37b3cb9164eb10118","tron","USDT",308237.86000000004,308245.819325,"USDT",308237.86000000004,137,2,2,4,4,0.0,0.8321167883211679,1.0000258220226417,False,0.921509851283504,0.1581250933685921,False,False,"",28.3,"",0,"[]","[]",0,False,False,"",""
"0xf774c1beadcad6f74ac4edce5e53ff6b42e2f8e0","tron","USDT",726032.78,999790.219043,"USDT",726032.78,56,1,1,4,13,0.016129032258064516,0.7903225806451613,1.3770593375177909,False,0.616676881936155,0.11369101093318468,False,False,"",28.3,"",0,"[]","[]",0,False,False,"",""
"0x775795e5c1a8925627ed9f24009fc707c70c35ce","tron","USDT",1283320.1274529994,1154986.0,"USDT",1283320.1274529994,250,1,8,8,23,0.3855140186915888,0.03271028037383177,0.8999983521588618,False,0.5977495583743989,0.11090955437939182,False,False,"",28.3,"",0,"[]","[]",0,False,False,"",""
"0xee2d159ad696b52f8512ef703f7a03ce99d19e49","tron","USDT",174488.30724300005,179817.0,"USDT",174488.30724300005,73,2,10,8,24,0.23949579831932774,0.01680672268907563,1.0305389675743657,False,0.5036860209181167,0.09741419469245455,False,False,"",28.3,"",0,"[]","[]",0,False,False,"",""
"0x206b89c8c740db6ba647a16d6e44daa61754a908","tron","USDT",551966.20759,624480.6505,"USDT",551966.20759,100,4,14,8,17,0.02912621359223301,0.7475728155339806,1.1313747869214914,False,0.8530392514906457,0.14866117173194404,False,False,"",28.2,"",0,"[]","[]",0,False,False,"",""
"0xffc70d6ef45ebc7c955b0e3a1ec0ca64a5d3ec8f","tron","USDT",280705.57000000007,280705.0,"USDT",280705.57000000007,210,1,16,7,12,0.15846994535519127,0.15027322404371585,0.9999979694026019,False,0.8049973527330528,0.14190010894511712,False,False,"",28.2,"",0,"[]","[]",0,False,False,"",""
"0x0438fa0d4aa530421281c2f1dac8dbb31c36b971","tron","USDT",1114081.763355,1116579.7633550002,"USDT",1114081.763355,99,1,21,8,23,0.03582089552238806,0.42388059701492536,1.0022422052690978,False,0.6510307162747327,0.11960772797128555,False,False,"",28.2,"",0,"[]","[]",0,False,False,"",""
"0xccdfbe073e9cf4809edd6395b66ffe39bf254fa6","tron","USDT",76960.67472499999,75655.0,"USDT",76960.67472499999,67,11,23,8,24,0.1875,0.17708333333333334,0.9830345208164365,False,0.49864634835871535,0.09739047172733495,False,False,"",28.2,"",0,"[]","[]",0,False,False,"",""
"0x000bc92150da9b029d48591b10e4a15c4cd08080","tron","USDT",240163.25479,237431.5,"USDT",240163.25479,51,10,22,8,24,0.20398009950248755,0.21393034825870647,0.9886254256822565,False,0.4190608090270833,0.08527699660492932,False,False,"",28.2,"",0,"[]","[]",0,False,False,"",""
"0xf63abd4a019be953d5b039ef805b97e16628694f","tron","USDT",619293.3699999999,631300.0,"USDT",619293.3699999999,124,2,23,8,17,0.24757281553398058,0.17475728155339806,1.0193876288389785,False,0.811922563878103,0.14341249082879404,False,False,"",28.1,"",0,"[]","[]",0,False,False,"",""
"0xe86cb78b50f5b366b3409868a29e39ddd0d0753f","tron","USDT",179856.26,181300.0,"USDT",179856.26,289,1,8,8,24,0.18762088974854932,0.4197292069632495,1.0080271879332974,False,0.7402816085809784,0.13326495128033866,False,False,"",28.1,"",0,"[]","[]",0,False,False,"",""
"0x3a66698e321851a8807f990cd7ef84e4195eb99c","tron","USDT",172119.95,188880.0,"USDT",172119.95,292,1,9,8,24,0.21176470588235294,0.45294117647058824,1.0973742439502219,False,0.7307716774313809,0.1319045046460336,False,False,"",28.1,"",0,"[]","[]",0,False,False,"",""
"0x8b3c1cc24b32767a858407be417c64ed27bfef4a","tron","USDT",1466227.0055169999,1466227.0,"USDT",1466227.0055169999,212,1,17,3,20,0.2179176755447942,0.04600484261501211,0.9999999962372812,False,0.6156656200453047,0.11508717176904976,False,False,"",28.1,"",0,"[]","[]",0,False,False,"",""
"0x386231af22383f533b959a6a1379f1e5cfc22989","tron","USDT",603057.2200000001,1000000.0,"USDT",603057.2200000001,231,1,1,8,22,0.08196721311475409,0.1448087431693989,1.6582174407927657,False,0.5262229394523836,0.10205622415973215,False,False,"",28.1,"",0,"[]","[]",0,False,False,"",""
"0x96b6311f5e6d59e5a19f89cec1a34b0eb0c3227c","tron","USDT",88478.134534,89706.93074499999,"USDT",88478.134534,72,4,5,8,16,0.09722222222222222,0.5,1.0138881342545463,False,0.797401664946491,0.141732947511303,False,False,"",28.0,"",0,"[]","[]",0,False,False,"",""
"0x9d160516037f5f955962928adba3eb926f1c5ba9","tron","USDT",500813.561654,531692.591156,"USDT",500813.561654,81,6,10,7,13,0.007462686567164179,0.31343283582089554,1.061657734267455,False,0.7757231371447162,0.13858067088043108,False,False,"",28.0,"",0,"[]","[]",0,False,False,"",""
"0xfe5a1e7b64f9a0fe90821bad65d5a2a207f71adc","tron","USDT",835364.828452,600938.24,"USDT",835364.828452,145,3,14,8,24,0.3203592814371258,0.2694610778443114,0.719372206648427,False,0.6539371934587755,0.12075901881949941,False,False,"",28.0,"",0,"[]","[]",0,False,False,"",""
"0x28bbb140a794440798ed91bcaca44556e74fc7da","tron","USDT",38090.6,21100.09,"USDT",38090.6,77,9,10,8,22,0.058823529411764705,0.8,0.5539448052800429,False,0.5435545370309077,0.10491750898054403,False,False,"",28.0,"",0,"[]","[]",0,False,False,"",""
"0xd1f5c7c13aaa792cb7a6ad72c89715c9ac1dfea1","tron","USDT",140249.30299999999,218450.77000000002,"USDT",140249.30299999999,61,14,14,8,21,0.3,0.7769230769230769,1.5575889885171126,False,0.4553804542015528,0.09225290713430018,False,False,"",28.0,"",0,"[]","[]",0,False,False,"",""
"0xbe07975b69b46e0b8813dc9b68d4d43befb66344","tron","USDT",1401180.0,2605799.15,"USDT",1401180.0,62,5,18,7,1,1.0,0.7741935483870968,1.8597176308539944,False,0.4489439682263325,0.09095193378021577,False,False,"",28.0,"",0,"[]","[]",0,False,False,"",""
"0xfed40340dd9f40f6fcad14f28c7aa777fd668f31","tron","USDT",1340487.469213,1583748.92,"USDT",1340487.469213,62,4,22,8,14,0.447265625,0.037109375,1.1814723795440016,False,0.4388287872019124,0.08951019906996133,False,False,"",28.0,"",0,"[]","[]",0,False,False,"",""
"0xd710619c3dac18decdea578b6716bd2c8ab46885","tron","USDT",240864.51018,239820.51017999998,"USDT",240864.51018,240,2,23,7,24,0.24251497005988024,0.44610778443113774,0.9956656130069979,False,0.7908856999209872,0.141574533328922,False,False,"",27.9,"",0,"[]","[]",0,False,False,"",""
"0x4b93550a1658073865b533ecf85cc5899793dcf9","tron","USDT",147089.33000000002,144894.33000000002,"USDT",147089.33000000002,234,2,22,7,24,0.23303834808259588,0.45132743362831856,0.9850770956669664,False,0.7876474227192293,0.14098992992742165,False,False,"",27.9,"",0,"[]","[]",0,False,False,"",""
"0xe9482f1612e1fb268754d387e1ac8d2f60ae9c63","tron","USDT",1014965.6,1076265.0,"USDT",1014965.6,79,5,18,8,24,0.17338709677419356,0.9758064516129032,1.060395544440127,False,0.6835506535503432,0.12602066336123635,False,False,"",27.9,"",0,"[]","[]",0,False,False,"",""
"0xa7be4c11333ffa5642f783643f45b3bda2769ae3","tron","USDT",50109.828573000006,46133.5,"USDT",50109.828573000006,92,8,9,3,2,0.0,0.020202020202020204,0.9206477314683428,False,0.6471954360292131,0.12034147870432865,False,False,"",27.9,"",0,"[]","[]",0,False,False,"",""
"0x2c65810f68bdd0b626b770367d99b1a688af9999","tron","USDT",51586.32999999997,51375.53,"USDT",51586.32999999997,76,6,15,8,12,0.20967741935483872,0.0,0.9959136461151632,False,0.6455072473763271,0.12037528292164962,False,False,"",27.9,"",0,"[]","[]",0,False,False,"",""
"0x498eed3f0f1846f05afc9b69d37457f0accef6f5","tron","USDT",1127918.3651280003,3238323.2,"USDT",1127918.3651280003,132,4,4,1,2,0.0,0.015151515151515152,2.8710616832916838,False,0.5584715374271627,0.10763140168522756,False,False,"",27.9,"",0,"[]","[]",0,False,False,"",""
"0xbf375adde107442c4b6b48a703dc9b92e31b18f4","tron","USDT",42877.660662999995,65493.0,"USDT",42877.660662999995,61,11,14,7,14,0.010416666666666666,0.23958333333333334,1.527438740530806,False,0.5355700734985004,0.10451477522367358,False,False,"",27.9,"",0,"[]","[]",0,False,False,"",""
"0x77bb1a329a3605b7e9649e5e558191be7c4af130","tron","USDT",272833.092,267505.08999999997,"USDT",272833.092,53,8,19,8,20,0.2564102564102564,0.9401709401709402,0.9804715697757073,False,0.5200970033321024,0.1021359231195183,False,False,"",27.9,"",0,"[]","[]",0,False,False,"",""
"0x9882cbd9346d9d0fac7ac9137116f025ac0cc503","tron","USDT",20733.209982999997,27006.0,"USDT",20733.209982999997,84,10,11,3,11,0.5476190476190477,0.0,1.3025479422695916,False,0.40968315022828694,0.08593782397740202,False,False,"",27.9,"",0,"[]","[]",0,False,False,"",""
"0xbeb77bdde87b1f699e1e51fff4ee51a37fee1d40","tron","USDT",260636.48,258335.48,"USDT",260636.48,235,2,22,7,24,0.24096385542168675,0.4397590361445783,0.9911716118940833,False,0.7871406424146751,0.14138628816506232,False,False,"",27.8,"",0,"[]","[]",0,False,False,"",""
"0xf7f374fab036318e0a5102c92e73b4a62c658ef1","tron","USDT",712792.2562389999,608023.48,"USDT",712792.2562389999,99,6,16,3,3,0.0,0.13,0.8530163938763795,False,0.7403701994386556,0.1346030223294481,False,False,"",27.8,"",0,"[]","[]",0,False,False,"",""
"0x52c45eacf8306cc028fe17e3430b4af2fe2fc6b4","tron","USDT",1453205.6099999999,1450000.0,"USDT",1453205.6099999999,120,1,14,8,14,0.2782152230971129,0.6089238845144357,0.9977941111856843,False,0.700365635325438,0.1287109093262256,False,False,"",27.8,"",0,"[]","[]",0,False,False,"",""
"0x1a86d47ac4ad9e934ac5cd333b32e2e0ba8e09b2","tron","USDT",355738.61157500005,356000.0,"USDT",355738.61157500005,262,3,8,6,6,0.30935251798561153,0.08393285371702638,1.0007347766491883,False,0.6903505794079482,0.12740240739140646,False,False,"",27.8,"",0,"[]","[]",0,False,False,"",""
"0x9ed234413a7087958744adce26dc411e2bb6ba69","tron","USDT",1129647.1700000002,969000.0,"USDT",1129647.1700000002,83,2,7,8,24,0.23412698412698413,0.8968253968253969,0.8577899593197758,False,0.6753231196093609,0.12540401649403898,False,False,"",27.8,"",0,"[]","[]",0,False,False,"",""
"0xaae4c4cbf73a69db1764aafc51a5e88be7aafa34","tron","USDT",539250.5458679999,473598.3,"USDT",539250.5458679999,51,7,11,8,18,0.23580786026200873,0.5589519650655022,0.8782527966433055,False,0.6218406086339054,0.1176042874010193,False,False,"",27.8,"",0,"[]","[]",0,False,False,"",""
"0x548a0d939012004edcefcd3bb5416244bb513186","tron","USDT",10064.02,16631.0,"USDT",10064.02,92,4,4,8,19,0.1188118811881188,0.2079207920792079,1.6525205633534115,False,0.5022166403548669,0.10008374107167084,False,False,"",27.8,"",0,"[]","[]",0,False,False,"",""
"0x8d5618afec3a548629b0c7bbd5414713d6118369","tron","USDT",72458.30999999998,122894.58000000002,"USDT",72458.30999999998,168,11,12,8,24,0.1825726141078838,0.0,1.6960729556071628,False,0.4182484299453536,0.08757292419215279,False,False,"",27.8,"",0,"[]","[]",0,False,False,"",""
"0x5105c019acdc81e0b1b0e7e5dff7268c1046135d","tron","USDT",14468.837636999995,6337.0,"USDT",14468.837636999995,59,11,14,8,23,0.18181818181818182,0.050505050505050504,0.4379757489153724,True,0.2048071623335003,0.05690229738295477,False,False,"",27.8,"",0,"[]","[]",0,False,False,"",""
"0x2437f0bf6918172801962f5343ea0fcbd69eb296","tron","USDT",47829.66993299999,57511.92998,"USDT",47829.66993299999,105,4,4,8,8,0.168,0.664,1.202432089967649,False,0.8441393103793973,0.15029937902300144,False,False,"",27.7,"",0,"[]","[]",0,False,False,"",""
"0x51d20b45586854b714ad7ad6ba90132bfe346a10","tron","USDT",665160.8520240001,684185.0,"USDT",665160.8520240001,65,5,11,8,14,0.11904761904761904,0.4642857142857143,1.028600823271712,False,0.7634640576674864,0.13850329956541302,False,False,"",27.7,"",0,"[]","[]",0,False,False,"",""
"0x019ba1b71259a8cc13ad055d4bfb4791b783dc2b","tron","USDT",147867.165144,195501.25,"USDT",147867.165144,182,5,17,7,2,0.0,0.10426540284360189,1.3221410568709537,False,0.7629361992040253,0.13877023918111686,False,False,"",27.7,"",0,"[]","[]",0,False,False,"",""
"0x4a126054ae1a61787eb5027e75b4ab6d267bf50e","tron","USDT",153594.483331,151829.0,"USDT",153594.483331,52,6,15,8,18,0.140625,0.40625,0.9885055550647914,False,0.6778893674002286,0.1262651570522384,False,False,"",27.7,"",0,"[]","[]",0,False,False,"",""
"0x85890cdc01d0ab06da6f0903f4fd3e1ed8bc9731","tron","USDT",38854.248496,46854.865683,"USDT",38854.248496,52,4,5,7,18,0.17307692307692307,0.5961538461538461,1.205913574363011,False,0.6651373209857573,0.12455777254050532,False,False,"",27.7,"",0,"[]","[]",0,False,False,"",""
"0xa8b6921a676ea323b616b478c9c49e6e6b016333","tron","USDT",23049.600000000006,120.0,"USDT",23049.600000000006,56,1,1,8,21,0.2619047619047619,0.06349206349206349,0.005206164098292377,True,0.10821290471566923,0.04313410703564913,False,False,"",27.7,"",0,"[]","[]",0,False,False,"",""
"0x6e4b5df68b9a3d36e5cb87b2f199f7a74affb912","tron","USDT",1441850.66593,1442715.0,"USDT",1441850.66593,70,2,19,8,23,0.11834319526627218,0.6804733727810651,1.000599461574228,False,0.6523005469500581,0.12289546533185136,False,False,"",27.6,"",0,"[]","[]",0,False,False,"",""
"0xe916f3f4b91734cf479c7bebe7e4004fd58d8da1","tron","USDT",351251.77321500005,320402.945096,"USDT",351251.77321500005,81,11,17,8,19,0.20869565217391303,0.6,0.9121745981902343,False,0.6209602446044297,0.11861109657633828,False,False,"",27.6,"",0,"[]","[]",0,False,False,"",""
"0xd095101c9d313fd33da312694d93607af06ea460","tron","USDT",395410.6471719999,418255.85417199996,"USDT",395410.6471719999,177,1,11,8,24,0.18660647103085026,0.0015048908954100827,1.057775902503866,False,0.5584806778587068,0.10938146679571331,False,False,"",27.6,"",0,"[]","[]",0,False,False,"",""
"0x4380dc7ce14400522d12f1acbf7792365a8a6692","tron","USDT",373004.32230199984,386300.0,"USDT",373004.32230199984,191,2,23,8,16,0.2849740932642487,0.43523316062176165,1.0356448354698566,False,0.7683080566621919,0.14066145532292007,False,False,"",27.5,"",0,"[]","[]",0,False,False,"",""
"0x4b7817cea4481b636a1f13a56c5998e7c411f424","tron","USDT",276834.493762,287124.7,"USDT",276834.493762,72,12,21,6,19,0.1504424778761062,0.2743362831858407,1.0371709684662587,False,0.5396299031243189,0.10703949406459473,False,False,"",27.5,"",0,"[]","[]",0,False,False,"",""
"0xf4bd9d0629c1fe927513242c642a67646a31afe6","tron","USDT",1895317.9349999998,2485714.0,"USDT",1895317.9349999998,64,3,13,8,24,0.1897810218978102,0.1897810218978102,1.3115023891756716,False,0.4801020322500293,0.09881047124926479,False,False,"",27.5,"",0,"[]","[]",0,False,False,"",""
"0x7843f970117d6bb34945cd4ed4aaee79f6f8fa38","tron","USDT",79182.35547400001,103474.016791,"USDT",79182.35547400001,61,11,13,1,7,0.0,0.0,1.3067812414973725,False,0.4740538816870786,0.09775080629561628,False,False,"",27.5,"",0,"[]","[]",0,False,False,"",""
"0x747b6f8c5344118c170815f2db32e0af17c186a2","tron","USDT",265820.84679800004,253128.12000000002,"USDT",265820.84679800004,252,2,10,8,12,0.2271604938271605,0.11358024691358025,0.9522508224960801,False,0.8422206709985438,0.152148443006898,False,False,"",27.4,"",0,"[]","[]",0,False,False,"",""
"0xfafc65c95a0e099aefee73890de763b2fb95ab3c","tron","USDT",287882.76060399995,294200.0,"USDT",287882.76060399995,57,3,22,8,9,0.22857142857142856,0.8857142857142857,1.0219437919198286,False,0.7467318153497859,0.1378666934357275,False,False,"",27.4,"",0,"[]","[]",0,False,False,"",""
"0x8da85ba69441bda8d4988d94c58bf7e58d7e9370","tron","USDT",648789.292067,609230.3400000001,"USDT",648789.292067,114,7,17,8,24,0.11895910780669144,0.620817843866171,0.9390265028250272,False,0.6826506613897477,0.12864363605562934,False,False,"",27.4,"",0,"[]","[]",0,False,False,"",""
"0xbb0f9ef57ceddf5d9adaf83ea21db4efab6f09cc","tron","USDT",1264870.558243,1264870.558243,"USDT",1264870.558243,55,2,3,2,2,0.0,0.03571428571428571,1.0,False,0.5875840430300314,0.11468631152555575,False,False,"",27.4,"",0,"[]","[]",0,False,False,"",""
"0x3b268a24a546a6c7feb1380b0c82d2dd637c0bee","tron","USDT",956762.1,960000.0,"USDT",956762.1,64,1,2,2,2,0.0,0.4375,1.0033842268626652,False,0.7072568166624289,0.13308771319863938,False,False,"",27.3,"",0,"[]","[]",0,False,False,"",""
"0x37563a13e588a44df72ea29c421d88819bbecf13","tron","USDT",564024.422805,564024.422805,"USDT",564024.422805,294,1,7,7,1,1.0,0.0962566844919786,1.0,False,0.6490811295383235,0.12429711115454589,False,False,"",27.3,"",0,"[]","[]",0,False,False,"",""
"0x028985e3deb1863a7ca8f36e531bba2654865daa","tron","USDT",927333.0,887233.0,"USDT",927333.0,77,7,14,8,24,0.22072072072072071,0.9954954954954955,0.9567577127094582,False,0.6320956035011027,0.12179816329061144,False,False,"",27.3,"",0,"[]","[]",0,False,False,"",""
"0x190360f4669adca8442d1702a000fdca6c040880","tron","USDT",228068.30817799998,249556.0,"USDT",228068.30817799998,50,9,17,8,17,0.1891891891891892,0.24324324324324326,1.0942160355099824,False,0.5509461250360582,0.10986214741942729,False,False,"",27.3,"",0,"[]","[]",0,False,False,"",""
"0x4f417be8bf038b154ab001f30494c9daff2057bd","tron","USDT",46337.658259,52508.0,"USDT",46337.658259,74,9,20,8,20,0.17857142857142858,0.36607142857142855,1.1331604136426456,False,0.5501496295081361,0.11004650085826495,False,False,"",27.3,"",0,"[]","[]",0,False,False,"",""
"0x207e8936327a0622fea75f65a905a605fcd3276b","tron","USDT",1740412.1659829998,3300000.0,"USDT",1740412.1659829998,193,2,5,8,24,0.27722772277227725,0.20132013201320131,1.896102581043572,False,0.5359520521462834,0.10776178154147215,False,False,"",27.3,"",0,"[]","[]",0,False,False,"",""
"0xbc529ed76a152adc2669d5db8b46ef0398916988","tron","USDT",34505.197695,26902.49,"USDT",34505.197695,60,7,8,8,17,0.016666666666666666,0.06666666666666667,0.779664856228264,False,0.5341938408108702,0.10767383346700488,False,False,"",27.3,"",0,"[]","[]",0,False,False,"",""
"0x9fc2f0b3667e3dc2ceb902805cd3c3c1c2105bef","tron","USDT",119730.517533,78691.0,"USDT",119730.517533,60,9,14,8,24,0.25225225225225223,0.4864864864864865,0.6572342759506679,False,0.47889194707717975,0.0995006028348448,False,False,"",27.3,"",0,"[]","[]",0,False,False,"",""
"0x88a609f1836ec5f9565a4a7755e604a121927e47","tron","USDT",107072.45018,103905.45018000001,"USDT",107072.45018,235,2,19,7,24,0.23824451410658307,0.43573667711598746,0.9704218966253604,False,0.781377073184328,0.14407431951765087,False,False,"",27.2,"",0,"[]","[]",0,False,False,"",""
"0x88099091c10443771ffb2a73a168d0208699154b","tron","USDT",176363.360032,147203.0,"USDT",176363.360032,305,2,7,8,24,0.2144212523719165,0.41366223908918404,0.8346574933324641,False,0.7599615300425574,0.14125531927919455,False,False,"",27.2,"",0,"[]","[]",0,False,False,"",""
"0x4d45548bd76a704ae43d3ac127b62fa2c0520d71","tron","USDT",324407.88,425209.48000000004,"USDT",324407.88,125,6,17,6,8,0.20833333333333334,0.1388888888888889,1.3107248812821688,False,0.7438388874818003,0.13866380919817678,False,False,"",27.2,"",0,"[]","[]",0,False,False,"",""
"0xee9d9a3914519b2f2bbba5b81896ad2ce89a2327","tron","USDT",1171544.74,1193402.06,"USDT",1171544.74,75,3,10,8,23,0.27586206896551724,0.8344827586206897,1.0186568376381426,False,0.6713246611590591,0.12829404519166177,False,False,"",27.2,"",0,"[]","[]",0,False,False,"",""
"0xdf87f01715a9f85a86ebe5ad36ed9377f796e072","tron","USDT",1011530.08,999085.08,"USDT",1011530.08,97,1,1,3,21,0.24060150375939848,0.6766917293233082,0.9876968562318977,False,0.6686285689155862,0.12777549329535187,False,False,"",27.2,"",0,"[]","[]",0,False,False,"",""
"0xdddf179b834378b24eff0323d36938115586d13c","tron","USDT",545664.9,601940.0,"USDT",545664.9,71,5,22,8,24,0.23651452282157676,0.941908713692946,1.1031312441023786,False,0.6439187982436211,0.12410550896205791,False,False,"",27.2,"",0,"[]","[]",0,False,False,"",""
"0xc200168b43d8349263d17733ec3d0913c18745c5","tron","USDT",160263.21607199998,134726.947,"USDT",160263.21607199998,68,11,16,8,15,0.03296703296703297,0.15384615384615385,0.8406604478689137,False,0.6166081092958805,0.12007768011151054,False,False,"",27.2,"",0,"[]","[]",0,False,False,"",""
"0x9977062206b499c8c671b3af9930327ad59809bf","tron","USDT",1090787.7008999998,992760.0,"USDT",1090787.7008999998,61,6,15,8,14,0.5120481927710844,0.9216867469879518,0.910131274106668,False,0.6041239688509168,0.1181750008621118,False,False,"",27.2,"",0,"[]","[]",0,False,False,"",""
"0x4f0ad13b637fdfc141153dacfd4435c5ae25cd0f","tron","USDT",448877.394,460537.0,"USDT",448877.394,67,9,11,8,23,0.09322033898305085,0.847457627118644,1.025975034955759,False,0.5922276734212193,0.11680156653520196,False,False,"",27.2,"",0,"[]","[]",0,False,False,"",""
"0x2ced221d7689c0433700ed91ea987c6b8066d304","tron","USDT",1789745.563481,1700000.0,"USDT",1789745.563481,90,1,18,8,13,0.3829787234042553,0.20567375886524822,0.9498556860191637,False,0.5689043510093011,0.11319658141194355,False,False,"",27.2,"",0,"[]","[]",0,False,False,"",""
"0x82da66dbd4eec870c596385faf49c7671b6f1ebd","tron","USDT",16843.299999999996,14901.8,"USDT",16843.299999999996,55,5,5,8,20,0.23943661971830985,0.13380281690140844,0.8847316143511071,False,0.454691728517913,0.09632444082607433,False,False,"",27.2,"",0,"[]","[]",0,False,False,"",""
"0x0b2cbae36a8102ab6796934581befccf594135fc","tron","USDT",129357.90231399999,131638.362314,"USDT",129357.90231399999,225,2,22,5,24,0.20065789473684212,0.375,1.0176290737497,False,0.7663083403374648,0.14270192281860433,False,False,"",27.1,"",0,"[]","[]",0,False,False,"",""
"0x43bfe2de279181abffdd9f16799736db608fc793","tron","USDT",232082.53227599998,253500.0,"USDT",232082.53227599998,258,3,7,8,24,0.11382113821138211,0.05962059620596206,1.0922838419331347,False,0.6623365978168693,0.12777742714543217,False,False,"",27.1,"",0,"[]","[]",0,False,False,"",""
"0x4e0471169a35478e62925f021c487359562eca59","tron","USDT",1242933.05,1205780.0,"USDT",1242933.05,73,3,18,8,24,0.23696682464454977,0.6635071090047393,0.9701085669899919,False,0.6566169621653674,0.1268972702368485,False,False,"",27.1,"",0,"[]","[]",0,False,False,"",""
"0xaaef19e1bc27e627d6e928743bc5f3721398c745","tron","USDT",68540.56899999999,68540.569,"USDT",68540.56899999999,88,7,14,3,13,0.16831683168316833,0.0,1.0000000000000002,False,0.6285298072613178,0.12230530199471601,False,False,"",27.1,"",0,"[]","[]",0,False,False,"",""
"0x3f590a9148ab95776d26398f39d1956babdc85d4","tron","USDT",14143.860999999999,14163.231,"USDT",14143.860999999999,82,1,1,2,2,0.0,0.0,1.0013694987528512,False,0.6150779604018278,0.1206766599732021,False,False,"",27.1,"",0,"[]","[]",0,False,False,"",""
"0x5eda1ecbc8cad74b2d83a1dc01ddeed84a35a676","tron","USDT",999763.4526040002,999762.5,"USDT",999763.4526040002,58,4,8,1,2,0.0,0.017241379310344827,0.9999990471706105,False,0.5960105669419662,0.1179559423022074,False,False,"",27.1,"",0,"[]","[]",0,False,False,"",""
"0x57135a6df1f154485e17036e50c165847b58ed64","tron","USDT",1414654.29,1370300.0,"USDT",1414654.29,63,3,11,8,24,0.199438202247191,0.32865168539325845,0.9686465518017126,False,0.5682250521801543,0.11356524946815788,False,False,"",27.1,"",0,"[]","[]",0,False,False,"",""
"0x5d16e648d1a6236ff8ba16c89976ff49d2a4ffde","tron","USDT",561482.444,296000.0,"USDT",561482.444,237,3,9,8,24,0.14219114219114218,0.005827505827505828,0.5271758772924341,False,0.5487565560053268,0.11068228453117196,False,False,"",27.1,"",0,"[]","[]",0,False,False,"",""
"0xd83e3be9f29abfbd0974eef1aae2a84fe6967d23","tron","USDT",582934.4972259998,380000.0,"USDT",582934.4972259998,128,1,1,8,24,0.23752711496746204,0.0,0.6518742702795929,False,0.46222155956914135,0.09855657155707426,False,False,"",27.1,"",0,"[]","[]",0,False,False,"",""
"0xb65031e7e0d25ae9cbef3d0091d60c82a7df1d53","tron","USDT",18396.5,15291.0,"USDT",18396.5,52,7,7,8,21,0.2,0.06666666666666667,0.8311907156252548,False,0.3444093667915682,0.08118021871419878,False,False,"",27.1,"",0,"[]","[]",0,False,False,"",""
"0xf93f939e9063bdab350281d410e3965d7fc6d413","tron","USDT",134496.18169999996,129093.92,"USDT",134496.18169999996,95,3,20,8,24,0.16702819956616052,0.4403470715835141,0.9598333452168184,False,0.6906892149868868,0.13206978475863018,False,False,"",27.0,"",0,"[]","[]",0,False,False,"",""
"0x80ed4fe10e1d764cc789244458d84521805e0ec3","tron","USDT",1074796.13179,1045078.0,"USDT",1074796.13179,103,6,16,8,21,0.05844155844155844,0.2987012987012987,0.9723499825585468,False,0.6699518432172227,0.12940875409839642,False,False,"",27.0,"",0,"[]","[]",0,False,False,"",""
"0x2f7791de57b18823d8fc105d3140a0b5a9e08b67","tron","USDT",11220.112396,11100.0,"USDT",11220.112396,66,2,3,1,6,0.0,0.08955223880597014,0.9892949026033981,False,0.664757232425655,0.1285749550754614,False,False,"",27.0,"",0,"[]","[]",0,False,False,"",""
"0xace0c29acec42546744b8a7aeb1037338e65da7f","tron","USDT",1756526.4353899995,1397353.37,"USDT",1756526.4353899995,121,4,15,8,19,0.039473684210526314,0.09210526315789473,0.7955208312533864,False,0.5926093208898525,0.1179016891422836,False,False,"",27.0,"",0,"[]","[]",0,False,False,"",""
"0xa3690ab4b2ece7c75563b279fe3bd4b289edb21a","tron","USDT",41278.225000000006,41200.0,"USDT",41278.225000000006,54,6,12,8,14,0.21777777777777776,0.0,0.998104933048841,False,0.5438836490929596,0.11078056491207916,False,False,"",27.0,"",0,"[]","[]",0,False,False,"",""
"0x23151aa32eec5a1e0eeb083ccb3bcec357f3c145","tron","USDT",1261321.76,1181754.58,"USDT",1261321.76,135,1,13,8,24,0.21476510067114093,0.003355704697986577,0.9369176188635643,False,0.5340666255208079,0.10922666904518114,False,False,"",27.0,"",0,"[]","[]",0,False,False,"",""
"0x8683f65866290f02d8e6696b7f48c7f4983c662b","tron","USDT",111629.094629,113814.255,"USDT",111629.094629,56,10,18,8,17,0.19008264462809918,0.008264462809917356,1.0195751867222644,False,0.5218357470571607,0.1078485985445054,False,False,"",27.0,"",0,"[]","[]",0,False,False,"",""
"0xe1a01bbc624e431f5b4223556eaacdd9316dfc72","tron","USDT",1049713.0,1010000.0,"USDT",1049713.0,110,4,14,8,24,0.16019417475728157,0.9271844660194175,0.9621677544243046,False,0.7435765360932877,0.1406713665247813,False,False,"",26.9,"",0,"[]","[]",0,False,False,"",""
"0x3ce58b578d0e23254b229001e3dbc3f10d280b46","tron","USDT",680478.38,700490.8,"USDT",680478.38,69,2,25,8,18,0.1534090909090909,0.21022727272727273,1.0294093399411162,False,0.7120697232264788,0.135667434230345,False,False,"",26.9,"",0,"[]","[]",0,False,False,"",""
"0x8e79238ef4c14cf5a516c99bd1162a58c478f9bd","tron","USDT",405627.952346,294209.326764,"USDT",405627.952346,118,6,8,4,5,0.0,0.024193548387096774,0.7253181765763517,False,0.697461663105499,0.13365722609555974,False,False,"",26.9,"",0,"[]","[]",0,False,False,"",""
"0xd56cd36ab25c343b2f11e09a9089612a511e4ee4","tron","USDT",135236.288917,150000.0,"USDT",135236.288917,267,2,2,8,24,0.0744336569579288,0.06796116504854369,1.1091697443136812,False,0.6630607172062911,0.12900081183201562,False,False,"",26.9,"",0,"[]","[]",0,False,False,"",""
"0xdc37950d44ba18e4856ed5dd6d4eadf5bde0b44a","tron","USDT",625198.5250100001,625198.52501,"USDT",625198.5250100001,241,2,21,7,11,0.27900552486187846,0.013812154696132596,0.9999999999999998,False,0.6556701030927835,0.12747342904470643,False,False,"",26.9,"",0,"[]","[]",0,False,False,"",""
"0xa2b011f5c18dcc0e5b4bc0e4bf64ad4cce2ad57c","tron","USDT",241118.64000000007,188545.19,"USDT",241118.64000000007,57,13,18,8,22,0.3317757009345794,0.004672897196261682,0.7819602416470164,False,0.33279276549659287,0.0805215979729984,False,False,"",26.9,"",0,"[]","[]",0,False,False,"",""
"0x543b82c9bd467a024b82fbcaf147fd9d3c167d19","tron","USDT",12934.154471000002,1220.0,"USDT",12934.154471000002,70,6,6,8,21,0.12857142857142856,0.02857142857142857,0.09432390827984877,True,0.2244004159007031,0.06468573119865956,False,False,"",26.9,"",0,"[]","[]",0,False,False,"",""
"0xc923181c191cf949292e3a4e28cd32510970c709","tron","USDT",341409.06801900006,386850.0,"USDT",341409.06801900006,152,6,12,4,8,0.0,0.0136986301369863,1.1330981987229205,False,0.7469124086642013,0.1415514963784612,False,False,"",26.8,"",0,"[]","[]",0,False,False,"",""
"0x340e52f8648b7ff33fde724c36078f29649e0fcb","tron","USDT",99537.581787,103249.81632400001,"USDT",99537.581787,50,4,15,8,14,0.017857142857142856,0.5178571428571429,1.0372948033331149,False,0.6762927201939777,0.13105505725510347,False,False,"",26.8,"",0,"[]","[]",0,False,False,"",""
"0x5677ce062cad158841fca645514de8ed2618b770","tron","USDT",210940.0,300000.0,"USDT",210940.0,279,2,3,8,21,0.21548117154811716,0.26569037656903766,1.4222053664549161,False,0.6665002086453682,0.1299238761125901,False,False,"",26.8,"",0,"[]","[]",0,False,False,"",""
"0xe637cdc190b10edc4e5630a64619440cff53f4fa","tron","USDT",212526.532,221418.750983,"USDT",212526.532,78,6,23,3,12,0.17491749174917492,0.0,1.0418405123318908,False,0.6453522023296775,0.12692886955698796,False,False,"",26.8,"",0,"[]","[]",0,False,False,"",""
"0x40069afd8e787d25b68a7e3ba5ea2287f15ca762","tron","USDT",14282.277618999999,14282.277619,"USDT",14282.277618999999,73,1,1,1,2,0.0,0.0273972602739726,1.0000000000000002,False,0.616024204392649,0.1223660016806436,False,False,"",26.8,"",0,"[]","[]",0,False,False,"",""
"0x5c9a57325274f51f5e66850951d171c847f52bd4","tron","USDT",373265.6842779999,376000.0,"USDT",373265.6842779999,121,1,20,8,24,0.2176039119804401,0.17359413202933985,1.0073253873505383,False,0.6112198171959614,0.12198927120946379,False,False,"",26.8,"",0,"[]","[]",0,False,False,"",""
"0xe3336623ce122657286e2c97f2af2c16ef2d81ea","tron","USDT",249601.76484400002,225570.09,"USDT",249601.76484400002,78,9,24,8,24,0.3018867924528302,0.16037735849056603,0.9037199321927082,False,0.5177901540763722,0.10800692770249004,False,False,"",26.8,"",0,"[]","[]",0,False,False,"",""
"0xed8410034a8dd2845d5eae829a447386b12024e7","tron","USDT",185539.0,185539.0,"USDT",185539.0,123,1,2,1,2,0.0,0.2926829268292683,1.0,False,0.797288211564321,0.14959014423231726,False,False,"",26.7,"",0,"[]","[]",0,False,False,"",""
"0x7a75814dc56bdf17fb3dc99f6152c2c2e2181bb3","tron","USDT",614058.0899999999,612708.9400010001,"USDT",614058.0899999999,234,1,4,8,24,0.16455696202531644,0.27848101265822783,0.9978028951642022,False,0.696669498799761,0.13473571467549317,False,False,"",26.7,"",0,"[]","[]",0,False,False,"",""
"0x60f1298a6ac724523963d0ca948f70b1d7235ab5","tron","USDT",136075.02099999998,147185.816135,"USDT",136075.02099999998,99,5,18,3,13,0.16752577319587628,0.0,1.081651981777023,False,0.680016533272565,0.13264390024928885,False,False,"",26.7,"",0,"[]","[]",0,False,False,"",""
"0x6d0474e94d364f8348970d5250c5d98908fe656d","tron","USDT",841993.672496,848651.3873350001,"USDT",841993.672496,115,7,13,7,19,0.020202020202020204,0.4494949494949495,1.0079070841699607,False,0.6785844280786031,0.13203577286626095,False,False,"",26.7,"",0,"[]","[]",0,False,False,"",""
"0xc78e3bcf0b1bf605c5d22c1797c74f70451cd875","tron","USDT",786633.6864149999,793007.686415,"USDT",786633.6864149999,287,2,12,8,21,0.3103448275862069,0.013262599469496022,1.0081028820785045,False,0.659629983871166,0.1294056506024,False,False,"",26.7,"",0,"[]","[]",0,False,False,"",""
"0x7aa15b80ee4eb2c8d2c2babce9a07c3ddfbf801f","tron","USDT",551716.54,557000.0,"USDT",551716.54,70,6,16,8,24,0.18410041841004185,0.8786610878661087,1.0095764031290415,False,0.6566907256494047,0.12922699493108347,False,False,"",26.7,"",0,"[]","[]",0,False,False,"",""
"0x9be23125313691c7dd294bf1586b7d639480d678","tron","USDT",1235376.360158,1235376.0,"USDT",1235376.360158,167,1,17,3,23,0.18529411764705883,0.13823529411764707,0.9999997084629336,False,0.633505096331762,0.1256723969488241,False,False,"",26.7,"",0,"[]","[]",0,False,False,"",""
"0x83b3382186d2d8557834ae380ea96dd2b83dfce5","tron","USDT",95027.7,85193.0,"USDT",95027.7,50,6,10,8,18,0.09836065573770492,0.36065573770491804,0.8965070184798748,False,0.6300185708855761,0.12491092953752353,False,False,"",26.7,"",0,"[]","[]",0,False,False,"",""
"0xc735126f427ea3b8979b445beb44ba7e0f4a3932","tron","USDT",153913.23484699999,153911.914,"USDT",153913.23484699999,55,3,3,1,1,1.0,0.4909090909090909,0.9999914182363764,False,0.5708857780444067,0.11658725145784188,False,False,"",26.7,"",0,"[]","[]",0,False,False,"",""
"0x46c865ff069263b64357ceb669221ea9454c9867","tron","USDT",72870.0,60013.03,"USDT",72870.0,52,9,18,8,16,0.20930232558139536,0.1511627906976744,0.8235629202689722,False,0.5253804459991104,0.10987408829138073,False,False,"",26.7,"",0,"[]","[]",0,False,False,"",""
"0x508df4180d700e12d551cb810ac45cc7267f5e87","tron","USDT",20197.0,12663.8121,"USDT",20197.0,105,4,4,8,24,0.17647058823529413,0.0457516339869281,0.6270145120562459,False,0.5219739467859691,0.10922247505150479,False,False,"",26.7,"",0,"[]","[]",0,False,False,"",""
"0x2dc09ef535b7b515e94248cc5853ab66f3fb1245","tron","USDT",49219.41000000001,48694.0,"USDT",49219.41000000001,50,4,25,8,13,0.21610169491525424,0.0,0.9893251463193076,False,0.5109309189994061,0.10755793501869859,False,False,"",26.7,"",0,"[]","[]",0,False,False,"",""
"0xcd315bc1177c89447098f3fb119ea364e684b0b6","tron","USDT",84030.097412,78500.0,"USDT",84030.097412,165,1,6,5,8,0.21212121212121213,0.4909090909090909,0.9341890872161447,False,0.8606388035481146,0.1591228107239711,False,False,"",26.6,"",0,"[]","[]",0,False,False,"",""
"0x22b72dac2e8e13d8be75d3cc0ab2891177bec73f","tron","USDT",155769.627936,158158.849336,"USDT",155769.627936,219,2,10,1,15,0.0,0.14224137931034483,1.015338172348859,False,0.8511008998197844,0.15799550277159813,False,False,"",26.6,"",0,"[]","[]",0,False,False,"",""
"0x13811247e4bcafff470c1e56f5e160e2535ec80d","tron","USDT",427978.87,426269.87,"USDT",427978.87,194,2,22,5,24,0.21138211382113822,0.4024390243902439,0.9960068122054717,False,0.7685200536109733,0.14593571974555825,False,False,"",26.6,"",0,"[]","[]",0,False,False,"",""
"0xec5d313ab21d92f6b6f7e5d88f11c43843e545ba","tron","USDT",238337.92,244860.92,"USDT",238337.92,79,1,23,8,17,0.189873417721519,0.379746835443038,1.0273687040652197,False,0.7445262591869561,0.14249346098437127,False,False,"",26.6,"",0,"[]","[]",0,False,False,"",""
"0xccea7b4e2e3d23026c774d2ecbae3b87872e79ff","tron","USDT",106137.50740599996,106137.507406,"USDT",106137.50740599996,215,1,3,2,2,0.0,0.0,1.0000000000000004,False,0.726086956521739,0.1399594877160552,False,False,"",26.6,"",0,"[]","[]",0,False,False,"",""
"0x63867258afc3e1bc5ffcbadbd772ca80ea8f4561","tron","USDT",217234.19098899997,230000.0,"USDT",217234.19098899997,298,2,5,8,23,0.05585106382978723,0.09042553191489362,1.0587651923156354,False,0.685647230474569,0.13385510538720086,False,False,"",26.6,"",0,"[]","[]",0,False,False,"",""
"0xcef51d274b3e03c3ad40eb5a8adbe077004ed5e6","tron","USDT",203517.60491,242500.0,"USDT",203517.60491,209,1,9,8,24,0.1872791519434629,0.32273262661955243,1.1915431105197944,False,0.663013654901868,0.13029237447306946,False,False,"",26.6,"",0,"[]","[]",0,False,False,"",""
"0x1d108485ca2c62ecb9569b1447b00c892be15ac4","tron","USDT",45734.68480000002,41869.227,"USDT",45734.68480000002,64,6,13,7,13,0.19166666666666668,0.0,0.9154808256161849,False,0.5832978683953123,0.11866782145376831,False,False,"",26.6,"",0,"[]","[]",0,False,False,"",""
"0xd6a3087e41ce22e69223f63027ec09ef6bfd6a8c","tron","USDT",132647.86040599996,115407.9984,"USDT",132647.86040599996,306,1,10,8,23,0.057750759878419454,0.00911854103343465,0.8700328678258864,False,0.582500522467015,0.11849786478468877,False,False,"",26.6,"",0,"[]","[]",0,False,False,"",""
"0x0e8f748229d64bd71c65ec4e2da8184dbddad5fd","tron","USDT",1303945.9514170003,1303945.9514169998,"USDT",1303945.9514170003,99,1,12,5,9,0.1631578947368421,0.1631578947368421,0.9999999999999997,False,0.7303003137606454,0.14099072297924975,False,False,"",26.5,"",0,"[]","[]",0,False,False,"",""
"0xb3e21370e4768d3cea0880b7962291cbfc232c1d","tron","USDT",18272.057999999997,18430.175,"USDT",18272.057999999997,116,2,2,1,1,0.0,0.0,1.0086534861043022,False,0.7191567971762709,0.1393026398993114,False,False,"",26.5,"",0,"[]","[]",0,False,False,"",""
"0x2459599320b075c8b49254389f7aa643bcd9b629","tron","USDT",276391.55661699997,285540.0,"USDT",276391.55661699997,55,5,14,8,15,0.2328767123287671,0.4246575342465753,1.033099576177275,False,0.7018516221917078,0.13679735144561306,False,False,"",26.5,"",0,"[]","[]",0,False,False,"",""
"0x56790b96e731b6166f4dc6e69e09c648853db155","tron","USDT",598357.239115,620026.290153,"USDT",598357.239115,116,7,11,8,22,0.07692307692307693,0.49572649572649574,1.036214237284151,False,0.6824030512433042,0.1336595630007263,False,False,"",26.5,"",0,"[]","[]",0,False,False,"",""
"0xdb1a5d9ef307943253e8f42187d618e5eeca994b","tron","USDT",608908.3853189998,731227.026722,"USDT",608908.3853189998,139,1,1,8,21,0.1650485436893204,0.470873786407767,1.2008818475030836,False,0.6650903270480162,0.13151268757781476,False,False,"",26.5,"",0,"[]","[]",0,False,False,"",""
"0xd96d6f9a987649a32e9a557e4b3632a49e6a7772","tron","USDT",281502.421196,276593.0,"USDT",281502.421196,299,2,20,8,23,0.02830188679245283,0.009433962264150943,0.982559932610378,False,0.654087064962237,0.12983011203823097,False,False,"",26.5,"",0,"[]","[]",0,False,False,"",""
"0x16a59616de8470e48d69685ffcb01fe0f5913acb","tron","USDT",211394.773907,6466.0,"USDT",211394.773907,134,5,5,4,4,0.0,0.26119402985074625,0.030587321911962787,True,0.5546383070538404,0.11510785428438064,False,False,"",26.5,"",0,"[]","[]",0,False,False,"",""
"0xc30b3a1ebf337db3bdabff2ffdea286ef33003c4","tron","USDT",399105.751342,563962.97906,"USDT",399105.751342,55,9,16,4,5,0.0,0.05454545454545454,1.4130665297697786,False,0.46402497284478916,0.10192486894263075,False,False,"",26.5,"",0,"[]","[]",0,False,False,"",""
"0xfa6cd3b02e8638ccc3eb3c610420f2bc95dea654","tron","USDT",244462.05599999995,296227.22,"USDT",244462.05599999995,66,10,13,8,24,0.13934426229508196,0.00819672131147541,1.2117513238946171,False,0.3829074671798395,0.0902271257321911,False,False,"",26.5,"",0,"[]","[]",0,False,False,"",""
"0xeb5e25a6b458dd99d7b682b277fd345b47909d9c","tron","USDT",155747.0,43000.0,"USDT",155747.0,188,11,14,7,4,0.8411214953271028,0.01557632398753894,0.27608878501672585,True,0.34714962612033307,0.0849182098994441,False,False,"",26.5,"",0,"[]","[]",0,False,False,"",""
"0xa2aac07d33f3f52a4e39300a05c748a7d31aff9e","tron","USDT",57380.018,23999.260000000002,"USDT",57380.018,56,13,14,8,15,0.16176470588235295,0.04411764705882353,0.41825117587101496,True,0.33279859913655174,0.08273494877995874,False,False,"",26.5,"",0,"[]","[]",0,False,False,"",""
"0x0de742d9ad5ada60a18edae630dc15241eb8357e","tron","USDT",67556.429791,63000.0,"USDT",67556.429791,168,1,6,8,17,0.15730337078651685,0.3595505617977528,0.932553721309781,False,0.8311768132892982,0.15598430742316127,False,False,"",26.4,"",0,"[]","[]",0,False,False,"",""
"0x8bec7238e0942ea5884d01b050a0e0bfe5da32cd","tron","USDT",57948.517358000005,61152.268835,"USDT",57948.517358000005,110,3,21,3,13,0.18726591760299627,0.0,1.055286168189732,False,0.7030395839326498,0.13780750841615114,False,False,"",26.4,"",0,"[]","[]",0,False,False,"",""
"0xded60ee00d3a8ee79a3d4d2246dbd5b52271c38b","tron","USDT",91623.112584,73369.0,"USDT",91623.112584,77,5,9,8,18,0.1717171717171717,0.13131313131313133,0.8007695649144789,False,0.6844479515306323,0.13509072342589895,False,False,"",26.4,"",0,"[]","[]",0,False,False,"",""
"0x3363a421069fd02db1cc81be7b7e15edc6b91cf8","tron","USDT",844095.2,837595.3028810001,"USDT",844095.2,79,1,3,6,14,0.0028129395218002813,0.02250351617440225,0.9922995686754292,False,0.6338028092976139,0.12759823203445297,False,False,"",26.4,"",0,"[]","[]",0,False,False,"",""
"0xfd294d697dbfc0910c25ac2eb8897d6d7f71b5ef","tron","USDT",173027.61999999997,166995.0,"USDT",173027.61999999997,50,5,10,4,7,0.15,0.26666666666666666,0.9651349304810413,False,0.6198983442315736,0.12564126431344502,False,False,"",26.4,"",0,"[]","[]",0,False,False,"",""
"0xe36b7fc35115d1157acc3a5b4f5722eecb42fd1f","tron","USDT",85821.97,75816.17,"USDT",85821.97,114,8,21,8,23,0.24193548387096775,0.14516129032258066,0.8834121379409026,False,0.5737241129310762,0.11849402161699973,False,False,"",26.4,"",0,"[]","[]",0,False,False,"",""
"0xdccfa67f1bae1fde45f97ef036334ed5b9f7fdb0","tron","USDT",406740.93000000005,390011.74,"USDT",406740.93000000005,64,6,18,8,19,0.15217391304347827,0.13768115942028986,0.958870158456883,False,0.5181299259092161,0.1105877147524541,False,False,"",26.4,"",0,"[]","[]",0,False,False,"",""
"0x4c678166be62454ce73a9d408f23982b3260fdc5","tron","USDT",781364.11,1017443.0,"USDT",781364.11,52,5,18,5,19,0.0975609756097561,0.4146341463414634,1.3021368488501475,False,0.47204685703409427,0.10385484803230904,False,False,"",26.4,"",0,"[]","[]",0,False,False,"",""
"0x401fd2a19c12ab3caf99863c54b68ff1893ecf22","tron","USDT",58753.93900200001,21969.0,"USDT",58753.93900200001,97,9,13,7,24,0.13962264150943396,0.013207547169811321,0.3739153556879338,True,0.29024698866335996,0.07750262187539636,False,False,"",26.4,"",0,"[]","[]",0,False,False,"",""
"0xba5482916c4aa1a379299d76785f90c6ea1a284c","tron","USDT",301399.334841,300590.52,"USDT",301399.334841,74,7,21,8,24,0.2757201646090535,0.42386831275720166,0.9973164677306715,False,0.5924260904981737,0.12207850841944107,False,False,"",26.3,"",0,"[]","[]",0,False,False,"",""
"0x7c734c70ad61cd2c66398a64e3561325a4e20dcc","tron","USDT",18745.325692,11591.508061,"USDT",18745.325692,131,1,1,8,22,0.13740458015267176,0.16793893129770993,0.6183679201661961,False,0.542835394880393,0.11482594849397854,False,False,"",26.3,"",0,"[]","[]",0,False,False,"",""
"0xf370c21e4905e6fa32b2229ac6c4dc095965c9e3","tron","USDT",18394.090995,8255.0,"USDT",18394.090995,54,3,3,8,18,0.13114754098360656,0.11475409836065574,0.4487854280075013,True,0.40210580814744373,0.09404200216128811,False,False,"",26.3,"",0,"[]","[]",0,False,False,"",""
"0x7ed6c13eb9a5fefa0c4ecdade86a3e384fc43233","tron","USDT",282454.616524,301845.17000000004,"USDT",282454.616524,181,3,7,8,7,0.6961325966850829,0.5580110497237569,1.0686501559600192,False,0.7736747200406273,0.148827958501405,False,False,"",26.2,"",0,"[]","[]",0,False,False,"",""
"0x239b7cb9f4c0bcb3c84a3c4cb30c70f8bb70052b","tron","USDT",145094.0,127600.0,"USDT",145094.0,201,1,12,8,17,0.18490566037735848,0.08679245283018867,0.8794298868319848,False,0.7537434403874638,0.14605163558903705,False,False,"",26.2,"",0,"[]","[]",0,False,False,"",""
"0xbda08d26d0a69a6ff917d6ab31b6ab67035b13cc","tron","USDT",309130.457931,278383.0,"USDT",309130.457931,95,6,13,8,18,0.10452961672473868,0.1602787456445993,0.900535656897765,False,0.7531685388201627,0.14621132638105133,False,False,"",26.2,"",0,"[]","[]",0,False,False,"",""
"0x0d7127907d1753761fdd4316c07313e556d303d5","tron","USDT",200000.00000000003,200000.0,"USDT",200000.00000000003,146,1,1,1,1,0.0,0.0410958904109589,0.9999999999999999,False,0.7334603316898252,0.14287461651050215,False,False,"",26.2,"",0,"[]","[]",0,False,False,"",""
"0x77d6579952b5bbc58a9c88a8108491052ca081ce","tron","USDT",29371.409999999996,26171.3,"USDT",29371.409999999996,59,7,8,8,21,0.3118279569892473,0.21505376344086022,0.8910467696307396,False,0.45252580394855935,0.10237402262164164,False,False,"",26.2,"",0,"[]","[]",0,False,False,"",""
"0x7575e68dcdf42737e0d7a08430522944d2ac0706","tron","USDT",35989.799999999996,25294.489959,"USDT",35989.799999999996,71,9,10,8,19,0.11392405063291139,0.06329113924050633,0.7028238545087775,False,0.4145450488040415,0.09629793858584418,False,False,"",26.2,"",0,"[]","[]",0,False,False,"",""
"0x46d7d39b8099fc3d468b1e5a0271460af4b01bd3","tron","USDT",358531.96550199995,349607.20550200006,"USDT",358531.96550199995,179,3,15,8,24,0.1625441696113074,0.254416961130742,0.9751074914965983,False,0.7180604942652543,0.14138995873262877,False,False,"",26.1,"",0,"[]","[]",0,False,False,"",""
"0x34ab88c9ac39f9099fa613f62f9bdc260bad89f6","tron","USDT",1430518.0890000002,1430518.0,"USDT",1430518.0890000002,100,1,11,2,14,0.011627906976744186,0.09302325581395349,0.9999999377847782,False,0.7071716594529665,0.1397958795272662,False,False,"",26.1,"",0,"[]","[]",0,False,False,"",""
"0x4af44114163759ac7c532c2ba0bbb1ebe063f2a7","tron","USDT",599306.9,620412.15,"USDT",599306.9,216,1,4,7,24,0.21161825726141079,0.2800829875518672,1.0352160971281992,False,0.686905682412101,0.13668604234710263,False,False,"",26.1,"",0,"[]","[]",0,False,False,"",""
"0xbb9964e14c19689dbcfe10c01649a3fa618b5ada","tron","USDT",1008039.89,903540.9097,"USDT",1008039.89,86,1,1,3,20,0.2803738317757009,0.7757009345794392,0.8963344790849497,False,0.6355196972513243,0.1295619388216016,False,False,"",26.1,"",0,"[]","[]",0,False,False,"",""
"0x91403415a0a973947e4fe497a340c802935f645f","tron","USDT",11301.24,8070.24,"USDT",11301.24,55,2,2,7,24,0.25,0.4852941176470588,0.7141021693194729,False,0.5128562922233747,0.11138701436114506,False,False,"",26.1,"",0,"[]","[]",0,False,False,"",""
"0xd40938b63ccb35e7c7a5db93ba1cbfa10ec3d3ff","tron","USDT",1004259.5410000001,264592.97,"USDT",1004259.5410000001,85,13,14,3,14,0.5378151260504201,0.8487394957983193,0.2634707057266583,True,0.4093503491238166,0.0966082698787904,False,False,"",26.1,"",0,"[]","[]",0,False,False,"",""
"0xa4211c2c257cfeab752adf91a2e08717140090d0","tron","USDT",138348.63198199996,174918.16999999998,"USDT",138348.63198199996,181,2,6,8,20,0.24817518248175183,0.31143552311435524,1.264328873326033,False,0.6858612535732515,0.13721292691988696,False,False,"",26.0,"",0,"[]","[]",0,False,False,"",""
"0x83bdea7a141d1010a0bf8880422acf24cfe7dfd8","tron","USDT",333771.81548100006,280000.0,"USDT",333771.81548100006,181,1,1,8,24,0.17725752508361203,0.3511705685618729,0.838896476613793,False,0.6668156019117321,0.13430398833648988,False,False,"",26.0,"",0,"[]","[]",0,False,False,"",""
"0x34316b21236ac9b456edd5be5f21ca79e66f775c","tron","USDT",1216760.991385,894970.0,"USDT",1216760.991385,108,7,10,8,23,0.125,0.25892857142857145,0.7355347568969024,False,0.5698545981745395,0.12068586880898097,False,False,"",26.0,"",0,"[]","[]",0,False,False,"",""
"0x6144da130abd55f1f28ae9d1018d8d442b2cbfe8","tron","USDT",45307.9,45404.88,"USDT",45307.9,85,7,9,8,23,0.21341463414634146,0.15853658536585366,1.002140465570022,False,0.5547041345865784,0.11837641324306775,False,False,"",26.0,"",0,"[]","[]",0,False,False,"",""
"0x966a0469f0b40d5b56cd585f10465564a490e45d","tron","USDT",30625.0,38450.0,"USDT",30625.0,61,8,9,8,19,0.16666666666666666,0.06944444444444445,1.2555102040816326,False,0.38347886460725034,0.09349906370619615,False,False,"",26.0,"",0,"[]","[]",0,False,False,"",""
"0xbc4e1de4ef307bf5612f2972bfdaab7f4df68dcb","tron","USDT",303904.79998999997,300000.0,"USDT",303904.79998999997,128,1,2,2,3,0.0,0.6232876712328768,0.9871512394995786,False,0.8557449050043532,0.16299031597615893,False,False,"",25.9,"",0,"[]","[]",0,False,False,"",""
"0x665a540df7d192e1ef5d0b4abefe13bcb76c2eb3","tron","USDT",486084.81783,481521.0,"USDT",486084.81783,101,4,14,8,18,0.22,0.26,0.9906110669113798,False,0.8105605818269197,0.15626359019998176,False,False,"",25.9,"",0,"[]","[]",0,False,False,"",""
"0xfda3b4b9d10b3eaeb4f4501fd88b938756a012ba","tron","USDT",1452211.71,1452117.0,"USDT",1452211.71,160,1,15,3,17,0.6920152091254753,0.09505703422053231,0.9999347822364,False,0.6131873150308748,0.1271146191888638,False,False,"",25.9,"",0,"[]","[]",0,False,False,"",""
"0x380b95e99c4b4e63a713b67cc7cc8dc9a88bbeb8","tron","USDT",765006.77656,826546.906,"USDT",765006.77656,52,3,3,8,22,0.08421052631578947,0.6947368421052632,1.0804439010550038,False,0.5432792162031633,0.11739878770886847,False,False,"",25.9,"",0,"[]","[]",0,False,False,"",""
"0x0c0a0f00e75ed70ee67a079646adf6cda7d7756a","tron","USDT",319266.1266490001,230000.0,"USDT",319266.1266490001,96,1,1,8,24,0.2348860257680872,0.0,0.7204021372829855,False,0.4352503064346338,0.10157068456318846,False,False,"",25.9,"",0,"[]","[]",0,False,False,"",""
"0xc909ee20ae00e3558cd427ab2c3dee30854cbfd3","tron","USDT",74517.55,1569.0,"USDT",74517.55,110,1,1,8,24,0.15625,0.008928571428571428,0.02105544264404828,True,0.23507168915633095,0.07239531356888679,False,False,"",25.9,"",0,"[]","[]",0,False,False,"",""
"0xf81cd0392f0671e5fdeb753a7fe1342712f0e1fc","tron","USDT",91566.74462000001,112077.67806900002,"USDT",91566.74462000001,70,2,5,8,12,0.0,0.48484848484848486,1.2239998105657237,False,0.7458768644220413,0.14701065737096164,False,False,"",25.8,"",0,"[]","[]",0,False,False,"",""
"0xf0bdd329411f9e822f811689a5ad217b67e4a8a8","tron","USDT",1336723.2477879997,1330766.0,"USDT",1336723.2477879997,95,2,9,8,24,0.21176470588235294,0.35058823529411764,0.9955433947918108,False,0.6740750617463497,0.13685932399134915,False,False,"",25.8,"",0,"[]","[]",0,False,False,"",""
"0x79df5444881a889e466f7adbd644d622fa6544b5","tron","USDT",21185.25,21185.9,"USDT",21185.25,102,1,1,1,1,0.0,0.0,1.000030681724313,False,0.6522574225973158,0.1333507274422257,False,False,"",25.8,"",0,"[]","[]",0,False,False,"",""
"0x495fd1805f37b411a9a8eeb7f49bd920e9eb958c","tron","USDT",500700.0,500700.0,"USDT",500700.0,65,1,18,8,24,0.23333333333333334,1.0,1.0,False,0.5964813984760198,0.12526957867727456,False,False,"",25.8,"",0,"[]","[]",0,False,False,"",""
"0xd06f8c0fb8cc5feaa30bc28162d59a39a3a5c0dc","tron","USDT",666471.76,663695.5599999999,"USDT",666471.76,60,5,7,4,10,0.425,0.4375,0.9958344821692069,False,0.5871991689573735,0.12403520958515446,False,False,"",25.8,"",0,"[]","[]",0,False,False,"",""
"0x9e242e5ae800290faca4264a867b11d4b41eb24a","tron","USDT",171250.96963799998,160591.9,"USDT",171250.96963799998,64,10,17,8,16,0.2682926829268293,0.5487804878048781,0.9377576100121843,False,0.5609042786138219,0.12007449947004373,False,False,"",25.8,"",0,"[]","[]",0,False,False,"",""
"0x577e689598c13fe403dc4573da412a5b3fe4d6b1","tron","USDT",15379.582,5017.0,"USDT",15379.582,149,2,2,8,21,0.1712707182320442,0.08839779005524862,0.3262117266906214,True,0.4193212337289804,0.0997618962591883,False,False,"",25.8,"",0,"[]","[]",0,False,False,"",""
"0x2f6e7a878fd4c83e40bdf075a6ca86386321e092","tron","USDT",193371.956144,193371.956144,"USDT",193371.956144,280,2,12,2,23,0.05,0.14444444444444443,1.0,False,0.7157328552218737,0.1433123717043816,False,False,"",25.7,"",0,"[]","[]",0,False,False,"",""
"0xb0038836a3580476687a10b5c4eb937d10e5faed","tron","USDT",40523.0,41498.0,"USDT",40523.0,107,4,18,8,24,0.19672131147540983,0.273224043715847,1.0240604101374529,False,0.6707369991020479,0.13713893263351185,False,False,"",25.7,"",0,"[]","[]",0,False,False,"",""
"0x9ba2713ec383afdc73b57e9423d03a72c2e0d6fe","tron","USDT",333654.1725560001,280800.0,"USDT",333654.1725560001,103,7,24,8,24,0.2727272727272727,0.1484848484848485,0.8415899547992941,False,0.551711088225659,0.11946488755197948,False,False,"",25.7,"",0,"[]","[]",0,False,False,"",""
"0xd34839e0e326a8a7ecc6ac231bea6d98434f823c","tron","USDT",29556.036,28013.0,"USDT",29556.036,90,7,8,8,19,0.2336448598130841,0.14018691588785046,0.94779286369796,False,0.548948980628431,0.11893412498850797,False,False,"",25.7,"",0,"[]","[]",0,False,False,"",""
"0x5e3a87d97faef822dfedb70655e8762ad8ec6a99","tron","USDT",743832.3944710001,750834.5,"USDT",743832.3944710001,108,3,6,3,6,0.7723577235772358,0.5609756097560976,1.0094135528124983,False,0.7334377735253533,0.1468847569360709,False,False,"",25.6,"",0,"[]","[]",0,False,False,"",""
"0x447eed1ce73810e00e761e2dbb4fb982c11f5f35","tron","USDT",119064.89359499999,121134.400396,"USDT",119064.89359499999,81,5,20,3,13,0.23773584905660378,0.0,1.0173813349889638,False,0.6588500440734758,0.1357921727190724,False,False,"",25.6,"",0,"[]","[]",0,False,False,"",""
"0x461f9fa621f79d08095946ed42f3c23191da0604","tron","USDT",68221.0,42001.5,"USDT",68221.0,65,5,5,8,15,0.06756756756756757,0.14864864864864866,0.6156681960100262,False,0.6081851855937579,0.12823137266993329,False,False,"",25.6,"",0,"[]","[]",0,False,False,"",""
"0x412ef31e9ca1a32e24b7f450029d7b113dbb0974","tron","USDT",372661.452737,284644.91,"USDT",372661.452737,157,8,9,8,24,0.25471698113207547,0.10849056603773585,0.7638163483489763,False,0.5704235117137217,0.12280150219770125,False,False,"",25.6,"",0,"[]","[]",0,False,False,"",""
"0x3c1b51e75fca7ffa72f9df1f0e5e1a8ed535f870","tron","USDT",203753.123,190247.119,"USDT",203753.123,67,6,14,8,15,0.046511627906976744,0.3488372093023256,0.9337138798113048,False,0.7353084415830589,0.14748812456081928,False,False,"",25.5,"",0,"[]","[]",0,False,False,"",""
"0x7517977fd1e5e0a4480a86fa32f84633747ac464","tron","USDT",59938.195706000006,53635.0,"USDT",59938.195706000006,183,4,8,8,18,0.276657060518732,0.09221902017291066,0.8948384142739713,False,0.6517377411246285,0.13521217709575617,False,False,"",25.5,"",0,"[]","[]",0,False,False,"",""
"0xb3beb115fa7544e8fc91488b750886ac1c6ecdab","tron","USDT",15711.295937999996,10593.0,"USDT",15711.295937999996,98,2,2,8,18,0.1553398058252427,0.009708737864077669,0.674228277654635,False,0.6473960813489459,0.13478640595128694,False,False,"",25.5,"",0,"[]","[]",0,False,False,"",""
"0x2d769eb1da05b8c5ed35faaf5e1909d1065e3759","tron","USDT",53614.779247,51040.000400000004,"USDT",53614.779247,98,7,11,8,19,0.2076271186440678,0.1483050847457627,0.9519763228877965,False,0.5643531310051703,0.1224560419405975,False,False,"",25.5,"",0,"[]","[]",0,False,False,"",""
"0xff3b4f802bf20824056b61bdfc5b4b339f66d1a1","tron","USDT",740625.0,749000.0,"USDT",740625.0,52,1,25,8,23,0.24836601307189543,0.9281045751633987,1.0113080168776372,False,0.5150848780229486,0.11559234826654785,False,False,"",25.5,"",0,"[]","[]",0,False,False,"",""
"0x1231d9f26fcd422859a8cbeda954c20c4619d299","tron","USDT",51961.71000000001,56219.0,"USDT",51961.71000000001,55,5,11,8,24,0.21656050955414013,0.2484076433121019,1.0819312913297117,False,0.49493153644494964,0.11269120716081599,False,False,"",25.5,"",0,"[]","[]",0,False,False,"",""
"0x881ffe3ae7aff48bb50de366a233a91cf99dada4","tron","USDT",241750.457046,273255.96,"USDT",241750.457046,60,10,23,8,23,0.21875,0.28125,1.1303224131981897,False,0.47225465675973455,0.10890418901367172,False,False,"",25.5,"",0,"[]","[]",0,False,False,"",""
"0x511f0d4db90e99fab197e6954f96e043066aa431","tron","USDT",13409.0,15000.0,"USDT",13409.0,66,1,1,8,21,0.15789473684210525,0.06578947368421052,1.118651651875606,False,0.43375510216634006,0.10376183266730626,False,False,"",25.5,"",0,"[]","[]",0,False,False,"",""
"0xd92541970ebac760c278f149cbb26ca0b097b030","tron","USDT",201948.19039999996,268800.0,"USDT",201948.19039999996,94,3,20,8,8,0.18243243243243243,0.3783783783783784,1.3310344572416632,False,0.7645864747551636,0.15227265158564246,False,False,"",25.4,"",0,"[]","[]",0,False,False,"",""
"0x4693a675fcaed52444458e83715c802de8797015","tron","USDT",82412.71858999999,75611.0,"USDT",82412.71858999999,106,6,14,7,3,0.0,0.05357142857142857,0.9174676105051421,False,0.7349726794295807,0.1477600831455707,False,False,"",25.4,"",0,"[]","[]",0,False,False,"",""
"0x61b1356848650a0a7b17fab5734fc32bb13ccee8","tron","USDT",127991.08018,132271.38018,"USDT",127991.08018,185,1,19,4,24,0.2077922077922078,0.43722943722943725,1.0334421742044868,False,0.7163281496503621,0.14552478563228954,False,False,"",25.4,"",0,"[]","[]",0,False,False,"",""
"0xc33682322a40bfabe06ca1907860092a8af1c29d","tron","USDT",269843.964109,269843.0,"USDT",269843.964109,303,2,10,3,24,0.06666666666666667,0.13580246913580246,0.9999964271611441,False,0.7162476045716283,0.14545924288578055,False,False,"",25.4,"",0,"[]","[]",0,False,False,"",""
"0x73ceafbd2aab9ad6d5e7a7ad50645e2d477e2e8d","tron","USDT",138790.549592,145650.575544,"USDT",138790.549592,139,6,20,8,24,0.14388489208633093,0.07194244604316546,1.0494271834225477,False,0.6305000406799011,0.13265484234546693,False,False,"",25.4,"",0,"[]","[]",0,False,False,"",""
"0xc4785418faa05147e38431b63316c125d9655336","tron","USDT",161899.175051,162999.17969999998,"USDT",161899.175051,57,7,17,7,16,0.014285714285714285,0.17142857142857143,1.0067943808154272,False,0.6004340418109172,0.12811431187196698,False,False,"",25.4,"",0,"[]","[]",0,False,False,"",""
"0x960db1206357d69f567651618886432b3037103d","tron","USDT",25438.803722,47189.0,"USDT",25438.803722,91,6,7,8,17,0.21929824561403508,0.07017543859649122,1.8550007506520436,False,0.5629532340022673,0.12266295831291135,False,False,"",25.4,"",0,"[]","[]",0,False,False,"",""
"0x89ffb35a52879f8c24b9b65c2ffbb94040e4deb5","tron","USDT",89911.51999999999,101206.0,"USDT",89911.51999999999,50,8,15,8,17,0.01282051282051282,0.14102564102564102,1.1256177183969307,False,0.5151274648369742,0.11601575093982064,False,False,"",25.4,"",0,"[]","[]",0,False,False,"",""
"0x575fd800795b00086b407fc805d40d06c7f47b95","tron","USDT",51619.409999,58430.0,"USDT",51619.409999,76,4,7,8,16,0.14,0.6733333333333333,1.131938547944115,False,0.7981976781296889,0.1577592758492169,False,False,"",25.3,"",0,"[]","[]",0,False,False,"",""
"0x4a15e14f3de98c9a593e555bd446000082591c33","tron","USDT",453150.2201029999,500000.0,"USDT",453150.2201029999,209,2,16,8,24,0.16941176470588235,0.3176470588235294,1.1033868633813115,False,0.7296587994438632,0.14802121958156833,False,False,"",25.3,"",0,"[]","[]",0,False,False,"",""
"0x150c62d52621e768cab0d5b1ebcac9111c3f66ce","tron","USDT",162483.03729100002,177085.0,"USDT",162483.03729100002,100,3,7,8,24,0.16371681415929204,0.4756637168141593,1.0898676129671832,False,0.6967284047933855,0.14323107513261918,False,False,"",25.3,"",0,"[]","[]",0,False,False,"",""
"0xcd29c6e044077394bc90790478472af54c47f932","tron","USDT",188868.17264200005,188370.01,"USDT",188868.17264200005,99,5,20,8,22,0.5901060070671378,0.4028268551236749,0.9973623790867914,False,0.6951246497304018,0.1430526126508334,False,False,"",25.3,"",0,"[]","[]",0,False,False,"",""
"0x12e40627f2217037749333bfe4a6ccc6034fc2f0","tron","USDT",118417.61299999998,147124.2,"USDT",118417.61299999998,60,5,19,8,15,0.17105263157894737,0.3026315789473684,1.2424182203368686,False,0.6547660197605062,0.1367730789332779,False,False,"",25.3,"",0,"[]","[]",0,False,False,"",""
"0xad3cb3518fa73bb535ef6ef6d26eee1b1691e81b","tron","USDT",162285.06071,177392.942096,"USDT",162285.06071,85,4,19,3,13,0.12239583333333333,0.0,1.0930947144481615,False,0.6541287039055269,0.1368189685108871,False,False,"",25.3,"",0,"[]","[]",0,False,False,"",""
"0x50af33feedef5a2e44eb4a3ec924483acf84ed0e","tron","USDT",189359.104,186000.0,"USDT",189359.104,79,3,20,7,13,0.22505800464037123,0.0,0.9822606680690674,False,0.6533324563390489,0.13671422759430968,False,False,"",25.3,"",0,"[]","[]",0,False,False,"",""
"0x5911e672c11123317a1adbd1165e2543c31da414","tron","USDT",689146.4908010002,519336.07080199994,"USDT",689146.4908010002,217,1,3,8,24,0.2249488752556237,0.2985685071574642,0.7535931441780567,False,0.6487464190642084,0.13612035811452367,False,False,"",25.3,"",0,"[]","[]",0,False,False,"",""
"0x6838055f3127b15031a02c502f0916b9969bc43d","tron","USDT",167280.486536,186000.0,"USDT",167280.486536,156,1,8,8,24,0.20394736842105263,0.22039473684210525,1.1119049439156874,False,0.6306221488233169,0.1336551618276437,False,False,"",25.3,"",0,"[]","[]",0,False,False,"",""
"0xc515526b6c0548a8e6441694d6b858eaf52663e4","tron","USDT",65012.14,88387.0,"USDT",65012.14,73,6,6,8,20,0.22826086956521738,0.75,1.3595460786247,False,0.5935547018008333,0.12802271851660096,False,False,"",25.3,"",0,"[]","[]",0,False,False,"",""
"0x6c4f02ffb50cb69f62a50ed457d98f4f0e1bfbdb","tron","USDT",38701.82589700001,20000.0,"USDT",38701.82589700001,190,1,2,8,23,0.1037344398340249,0.05394190871369295,0.5167714839405112,False,0.5146720914989942,0.11625111775266794,False,False,"",25.3,"",0,"[]","[]",0,False,False,"",""
"0x876dd2885b76579a55cb6753247b76cea534c89b","tron","USDT",36296.446755,36178.6144,"USDT",36296.446755,55,8,13,8,18,0.5476190476190477,0.011904761904761904,0.9967536118398761,False,0.373846464187787,0.09582428369737472,False,False,"",25.3,"",0,"[]","[]",0,False,False,"",""
"0x387bab4655f8b26cc55ed3de131348789751cb3f","tron","USDT",26198.72,23625.39,"USDT",26198.72,50,8,14,8,24,0.21714285714285714,0.0,0.9017764990045315,False,0.2934211895364509,0.08415299197188458,False,False,"",25.3,"",0,"[]","[]",0,False,False,"",""
"0x3b046393dbf81590c6d70f79c740f5d7f204bc06","tron","USDT",72242.6,71916.6,"USDT",72242.6,192,2,15,5,24,0.19591836734693877,0.42448979591836733,0.9954874270859576,False,0.7736380501863533,0.1546214543191749,False,False,"",25.2,"",0,"[]","[]",0,False,False,"",""
"0x8654784f526226e61f84e6418128c9b473efd249","tron","USDT",222172.77,223853.77,"USDT",222172.77,141,1,16,4,24,0.2542372881355932,0.4915254237288136,1.0075661837406988,False,0.7081236973621247,0.1453552794030657,False,False,"",25.2,"",0,"[]","[]",0,False,False,"",""
"0xf972bff2e86c24a320f64d98b9d1c2faff5836a3","tron","USDT",633833.080874,370000.0,"USDT",633833.080874,236,2,5,8,22,0.22413793103448276,0.4109195402298851,0.5837499038229476,False,0.6982156912083367,0.14367083600499408,False,False,"",25.2,"",0,"[]","[]",0,False,False,"",""
"0xf64f9dbd21356403e38e1ef6cc596e9899251349","tron","USDT",97346.642166,97000.0,"USDT",97346.642166,158,1,7,8,24,0.18330605564648117,0.3404255319148936,0.9964390947824487,False,0.6847427718923929,0.14171922245958019,False,False,"",25.2,"",0,"[]","[]",0,False,False,"",""
"0x3d45bccbc1b117aae7990f061196720347dc79cf","tron","USDT",495631.41000000003,495540.0,"USDT",495631.41000000003,230,2,12,8,24,0.18333333333333332,0.43666666666666665,0.9998155685895693,False,0.7862921141661433,0.15704599961836324,False,False,"",25.1,"",0,"[]","[]",0,False,False,"",""
"0xecb656d01ca53b1a7415e1d9c2a28ddf810496a7","tron","USDT",923983.77,920000.0,"USDT",923983.77,120,2,9,7,3,0.0,0.061971830985915494,0.9956884848745774,False,0.770137248745422,0.15470205634875445,False,False,"",25.1,"",0,"[]","[]",0,False,False,"",""
"0x4d1b7c7b85c65c8e6437f31f71656a1e68a3782a","tron","USDT",206445.63624,206445.63624000002,"USDT",206445.63624,95,1,22,7,10,0.0,0.17894736842105263,1.0000000000000002,False,0.7286194531600179,0.14887558627052977,False,False,"",25.1,"",0,"[]","[]",0,False,False,"",""
"0x9e2214eb979e7d1714910fb0d7abd163fef67b24","tron","USDT",87537.81000000001,87574.81,"USDT",87537.81000000001,176,1,20,4,24,0.1939655172413793,0.4396551724137931,1.0004226744991678,False,0.7197272087128962,0.1473133287272781,False,False,"",25.1,"",0,"[]","[]",0,False,False,"",""
"0xd3186b4538e3c6b07e82ca2b3f4ba6c64798f143","tron","USDT",177957.85280199998,178389.931349,"USDT",177957.85280199998,100,2,21,2,12,0.16227180527383367,0.0,1.0024279824699882,False,0.6981473035508253,0.14445270710299712,False,False,"",25.1,"",0,"[]","[]",0,False,False,"",""
"0xd1d7a02761f2b2e01705416b8afddac4a7d37ec3","tron","USDT",413597.656368,340968.040368,"USDT",413597.656368,61,4,5,6,13,0.0,0.22972972972972974,0.8243954846412921,False,0.6535164792680164,0.13806319352801982,False,False,"",25.1,"",0,"[]","[]",0,False,False,"",""
"0x3d22eaf15ab877f9fd90b56b4b4072bb1797c154","tron","USDT",566871.186949,463638.26,"USDT",566871.186949,63,9,14,8,24,0.31351351351351353,0.42162162162162165,0.8178899733736377,False,0.5124574209409759,0.11735703854345009,False,False,"",25.1,"",0,"[]","[]",0,False,False,"",""
"0x0c81fe4e42366d72e50b3fda393e452632f130df","tron","USDT",18739.0701,2038.13,"USDT",18739.0701,90,5,5,8,21,0.20833333333333334,0.14583333333333334,0.10876366805415814,True,0.3330257053723735,0.09082537788993084,False,False,"",25.1,"",0,"[]","[]",0,False,False,"",""
"0x79fb5699d374bc390a2262c98d3d68934b01ed37","tron","USDT",108225.35,108174.35,"USDT",108225.35,194,2,17,5,24,0.20081967213114754,0.45081967213114754,0.9995287610527478,False,0.7809680561101461,0.15699379125680396,False,False,"",25.0,"",0,"[]","[]",0,False,False,"",""
"0x69edc64eaf72d94ac15b14bec1e0ab46daf9d906","tron","USDT",177688.0,182460.0,"USDT",177688.0,78,6,14,8,17,0.08888888888888889,0.12222222222222222,1.0268560623114673,False,0.7192141752562184,0.14784546909762258,False,False,"",25.0,"",0,"[]","[]",0,False,False,"",""
"0xdc300bc9c7215b3b25b1ef2c14ca8ec8e3618971","tron","USDT",1101264.9046339996,1101374.0,"USDT",1101264.9046339996,191,1,11,4,22,0.15466666666666667,0.11733333333333333,1.000099063690799,False,0.6376538761905718,0.13601058254567588,False,False,"",25.0,"",0,"[]","[]",0,False,False,"",""
"0x70df8d43b4786212b63cdeb61b10ca89b4b66c6a","tron","USDT",150665.37725999995,153114.354,"USDT",150665.37725999995,225,2,15,8,24,0.20902255639097744,0.0,1.0162544095036108,False,0.6251220450378704,0.13448290471265356,False,False,"",25.0,"",0,"[]","[]",0,False,False,"",""
"0xa497c6088c29475a5254cb07e4acd25bb3f7ff8b","tron","USDT",864376.6297379998,900000.0,"USDT",864376.6297379998,108,3,4,7,24,0.2625,0.1,1.0412127873850523,False,0.614751615539574,0.13277078104677442,False,False,"",25.0,"",0,"[]","[]",0,False,False,"",""
"0x734e5390e17e558fa86013a9797030cecf155ee6","tron","USDT",444300.0,443700.0,"USDT",444300.0,56,5,19,8,9,0.35294117647058826,1.0,0.9986495611073599,False,0.6009625433285989,0.13092526642926594,False,False,"",25.0,"",0,"[]","[]",0,False,False,"",""
"0xf850f3f75ef6fdfd5f48564f03aa6b421e749d44","tron","USDT",228551.810488,190055.888888,"USDT",228551.810488,53,5,13,8,24,0.1488095238095238,0.5773809523809523,0.8315658864490981,False,0.5282136703422625,0.1201248053640755,False,False,"",25.0,"",0,"[]","[]",0,False,False,"",""
"0xbfd1d90e14e6dd626689cbf116d99fcadc9a6aa0","tron","USDT",36471.66618800001,55000.0,"USDT",36471.66618800001,186,1,2,8,24,0.2391304347826087,0.010869565217391304,1.5080199439337987,False,0.4847026001867948,0.11400941778339135,False,False,"",25.0,"",0,"[]","[]",0,False,False,"",""
"0x5368b322168b532c482e0633e7a830a2f90fe84f","tron","USDT",96457.89856500001,74729.0,"USDT",96457.89856500001,134,1,2,3,5,0.12429378531073447,0.3954802259887006,0.7747317856986323,False,0.7888773297977274,0.15874910891962468,False,False,"",24.9,"",0,"[]","[]",0,False,False,"",""
"0x8dd2deb27aa40d8fa9a229e32cc18452394050f4","tron","USDT",113444.12000000001,113348.12000000001,"USDT",113444.12000000001,188,2,17,5,24,0.22440944881889763,0.43700787401574803,0.9991537683927558,False,0.7746178446691384,0.15692154941114356,False,False,"",24.9,"",0,"[]","[]",0,False,False,"",""
"0xfd6ddb020fb4fd02e358fcc35d2bed4f04fa546e","tron","USDT",61317.99003,61066.99003000001,"USDT",61317.99003,184,2,15,5,24,0.21487603305785125,0.4214876033057851,0.9959065846764189,False,0.768006955662312,0.15602638659287804,False,False,"",24.9,"",0,"[]","[]",0,False,False,"",""
"0xeb75af9656c9fc5fcd03ce7064619db3e3780657","tron","USDT",943845.6199999999,943845.0,"USDT",943845.6199999999,140,1,11,3,18,0.0881057268722467,0.11894273127753303,0.999999343112913,False,0.7604884387704984,0.15444709770725185,False,False,"",24.9,"",0,"[]","[]",0,False,False,"",""
"0xc2113bd3b46648b8b2762aedd8858ac3fb6f9aa2","tron","USDT",148329.022776,155413.0,"USDT",148329.022776,142,6,10,8,23,0.1917808219178082,0.17123287671232876,1.0477585376848193,False,0.6693142718444794,0.1416412433344899,False,False,"",24.9,"",0,"[]","[]",0,False,False,"",""
"0x960220959855908bdb94916431dabab230b6c122","tron","USDT",76359.356868,110000.0,"USDT",76359.356868,155,1,1,7,19,0.0064516129032258064,0.5935483870967742,1.4405569207471653,False,0.6395667870742335,0.1371965080840581,False,False,"",24.9,"",0,"[]","[]",0,False,False,"",""
"0xd277a41d4a51ebf69a3a037fdb9205d8cc5bbb90","tron","USDT",76266.98199999999,76266.982,"USDT",76266.98199999999,65,5,12,3,13,0.1245136186770428,0.0,1.0000000000000002,False,0.6053115194979829,0.13228695633370463,False,False,"",24.9,"",0,"[]","[]",0,False,False,"",""
"0x9a2d02c175744836a0ec2434894efd3ff81ad34b","tron","USDT",580010.2685529998,580010.0,"USDT",580010.2685529998,53,2,2,1,1,0.0,0.11320754716981132,0.9999995369857839,False,0.6038322695665875,0.13191828221258456,False,False,"",24.9,"",0,"[]","[]",0,False,False,"",""
"0xc6554f94b5cbebf583945457f845395be3685e6c","tron","USDT",50784.727999999974,46875.53,"USDT",50784.727999999974,63,5,12,7,12,0.23148148148148148,0.0,0.9230241422185036,False,0.579427777793768,0.12805837159770128,False,False,"",24.9,"",0,"[]","[]",0,False,False,"",""
"0xadd13c7edf16ba4445a02234a6efa55e306a4c58","tron","USDT",1013139.3219999999,76855.05,"USDT",1013139.3219999999,88,6,6,2,9,0.007751937984496124,0.813953488372093,0.0758583230668447,True,0.5761756986788105,0.1274979624531759,False,False,"",24.9,"",0,"[]","[]",0,False,False,"",""
"0x8afd99e7fa02baa1de82354adaf2766243a4a675","tron","USDT",1920870.8476429996,2415320.405707,"USDT",1920870.8476429996,94,1,9,8,24,0.20809248554913296,0.1676300578034682,1.2574090593705003,False,0.5222967627561106,0.11981238571883535,False,False,"",24.9,"",0,"[]","[]",0,False,False,"",""
"0x254dea57a41ace0fd62013d13585d6214195ad8d","tron","USDT",262612.322721,265914.0,"USDT",262612.322721,52,8,21,8,15,0.2535211267605634,0.2535211267605634,1.0125724385085604,False,0.43787098966269844,0.10737619427211986,False,False,"",24.9,"",0,"[]","[]",0,False,False,"",""
"0xe77565c5caa2bea25afad82dc339dfd39c575781","tron","USDT",11061.1,3100.0,"USDT",11061.1,53,1,1,7,21,0.15,0.16666666666666666,0.28026145681713394,True,0.1776345414754842,0.06941053461679503,False,False,"",24.9,"",0,"[]","[]",0,False,False,"",""
"0xe8e0fe388901f7b1a936fe33307a7891e5bc92a8","tron","USDT",753306.3336,720000.0,"USDT",753306.3336,140,2,7,7,3,0.0,0.13190184049079753,0.9557864681147292,False,0.8059488669084681,0.161927537888583,False,False,"",24.8,"",0,"[]","[]",0,False,False,"",""
"0xdae02c68a9f67902a2ede1b9dfb62ed2628ed7b9","tron","USDT",83047.28057799999,80666.28057799999,"USDT",83047.28057799999,188,2,17,5,24,0.19753086419753085,0.40329218106995884,0.9713295849854625,False,0.7610745230033678,0.15516584257325944,False,False,"",24.8,"",0,"[]","[]",0,False,False,"",""
"0x7f677dcbfbc2e6315b7ef0f59c882d6bd62f391e","tron","USDT",182249.8,182358.0,"USDT",182249.8,58,3,14,8,13,0.07142857142857142,0.5408163265306123,1.000593690637795,False,0.7432698768433061,0.15255082980162693,False,False,"",24.8,"",0,"[]","[]",0,False,False,"",""
"0x159e0c3357c2209cdedcbdb5b387df532a7a105b","tron","USDT",632056.76515,200000.0,"USDT",632056.76515,129,1,1,8,16,0.014705882352941176,0.4235294117647059,0.3164272752504056,True,0.6007798521814124,0.132020558259547,False,False,"",24.8,"",0,"[]","[]",0,False,False,"",""
"0x73ee369023d51dbfba2457ee033f9c947114c9eb","tron","USDT",1668521.0,1673166.0,"USDT",1668521.0,60,1,17,8,24,0.22660098522167488,0.2857142857142857,1.0027839026299339,False,0.49870364080973717,0.11732398611526507,False,False,"",24.8,"",0,"[]","[]",0,False,False,"",""
"0xe408bb22e0b61a5c0aa4678ff1c1473351b72d4e","tron","USDT",42461.98610499999,41700.0,"USDT",42461.98610499999,124,1,8,7,7,0.0,0.3671875,0.9820548642469114,False,0.8136678083491582,0.16330932354994798,False,False,"",24.7,"",0,"[]","[]",0,False,False,"",""
"0xa245f6445f475775f16d902665ee3ef2b523c2b4","tron","USDT",203102.69999999998,201033.7,"USDT",203102.69999999998,199,2,17,5,24,0.21686746987951808,0.42168674698795183,0.9898130354741715,False,0.7736237455977478,0.15754856143081136,False,False,"",24.7,"",0,"[]","[]",0,False,False,"",""
"0xa75512f9ba25a0b90af6f245693faa39208c6d57","tron","USDT",109194.62000000001,107833.62000000001,"USDT",109194.62000000001,170,2,19,5,24,0.20816326530612245,0.46938775510204084,0.9875360159685523,False,0.771106486026521,0.15766371910359883,False,False,"",24.7,"",0,"[]","[]",0,False,False,"",""
"0xce16d3525134ff1ef76b389f45596f091aa90ff0","tron","USDT",116728.76,115885.16,"USDT",116728.76,183,2,19,5,24,0.21875,0.3359375,0.9927729892787348,False,0.7442964176674906,0.15326962349925166,False,False,"",24.7,"",0,"[]","[]",0,False,False,"",""
"0x5234cf0b26c61dbef6c3075e347dfa5258ca0714","tron","USDT",139289.936958,135636.78,"USDT",139289.936958,65,2,6,8,16,0.18604651162790697,0.29069767441860467,0.9737730015693701,False,0.7199226863739369,0.14967466979344846,False,False,"",24.7,"",0,"[]","[]",0,False,False,"",""
"0xe34a066a43ed7c6f379a419da33e935114e81b21","tron","USDT",672747.143367,672918.563368,"USDT",672747.143367,191,1,4,7,24,0.19948849104859334,0.30434782608695654,1.000254805988684,False,0.6917240275965258,0.1456807099841857,False,False,"",24.7,"",0,"[]","[]",0,False,False,"",""
"0xb46f75f5a627d270ed1e8dfe008d715902e3a585","tron","USDT",711131.5733599999,677946.0,"USDT",711131.5733599999,207,1,3,8,24,0.3,0.2,0.9533341302746514,False,0.659156292661833,0.14109938304094927,False,False,"",24.7,"",0,"[]","[]",0,False,False,"",""
"0x5549b761928c7fff1191c31046389f6504302a95","tron","USDT",12115.0,10214.0,"USDT",12115.0,98,2,3,5,24,0.2222222222222222,0.1746031746031746,0.8430870821295914,False,0.6006434137365414,0.13258767436872232,False,False,"",24.7,"",0,"[]","[]",0,False,False,"",""
"0xc08a81def2cc073ba638c3d503091eeb29bdd6d7","tron","USDT",25327.371834,25327.37,"USDT",25327.371834,55,1,1,1,1,0.0,0.16363636363636364,0.999999927588223,False,0.5871133875795003,0.1306425482402357,False,False,"",24.7,"",0,"[]","[]",0,False,False,"",""
"0xd87d41c7da3723ef9b23324708378ecc13c0c168","tron","USDT",1153401.72,1364941.5,"USDT",1153401.72,66,3,10,8,24,0.203125,0.4375,1.1834051192502124,False,0.5807999263964838,0.12989168991683303,False,False,"",24.7,"",0,"[]","[]",0,False,False,"",""
"0x9bbd5479a1900f7decbd94c323f51a41ccfd0e9c","tron","USDT",88378.430108,86328.5,"USDT",88378.430108,50,4,4,8,16,0.3275862068965517,0.43103448275862066,0.9768050857489214,False,0.5147693542183635,0.11992644356940896,False,False,"",24.7,"",0,"[]","[]",0,False,False,"",""
"0x68bd912b9e1b2790e6b9643e2575c6ae4fa2c1a8","tron","USDT",249067.00000000003,394292.72,"USDT",249067.00000000003,67,12,19,8,20,0.13513513513513514,0.4527027027027027,1.5830789305688828,False,0.4586643573196614,0.11191615413994738,False,False,"",24.7,"",0,"[]","[]",0,False,False,"",""
"0x5c391467421359491242592771f8973866211935","tron","USDT",653591.4799999999,635771.68,"USDT",653591.4799999999,60,6,16,8,22,0.19333333333333333,0.006666666666666667,0.9727355687072301,False,0.4380701975603613,0.10865704693471223,False,False,"",24.7,"",0,"[]","[]",0,False,False,"",""
"0x2f666844fbd77b6e9d106e9c4f97a0fdd60c5622","tron","USDT",261234.17000000007,234372.38,"USDT",261234.17000000007,90,4,7,8,16,0.1935483870967742,0.2903225806451613,0.8971735206003102,False,0.7814965597901652,0.15923861224289315,False,False,"",24.6,"",0,"[]","[]",0,False,False,"",""
"0x74fcff76816f817fd356965ef8d10a5b79c2a940","tron","USDT",179002.75277999998,179000.0,"USDT",179002.75277999998,100,1,1,1,1,0.0,0.17,0.9999846215772817,False,0.7346898871124083,0.15237221704258747,False,False,"",24.6,"",0,"[]","[]",0,False,False,"",""
"0x15de40471e1398b203aaa87fb8fe242e543c6995","tron","USDT",358901.079983,305284.784241,"USDT",358901.079983,102,5,16,8,20,0.2647058823529412,0.49019607843137253,0.8506098233403487,False,0.6899785312301495,0.14586233881637561,False,False,"",24.6,"",0,"[]","[]",0,False,False,"",""
"0x60de749a37f077f1a0a12332260b46385f621971","tron","USDT",203437.47999999998,225847.883529,"USDT",203437.47999999998,60,7,13,8,15,0.08974358974358974,0.20512820512820512,1.1101586764100697,False,0.6045034507332259,0.1337799095321484,False,False,"",24.6,"",0,"[]","[]",0,False,False,"",""
"0xdf083194072489534b84bc564e3d68249ce1f106","tron","USDT",303432.63,335237.74,"USDT",303432.63,69,8,10,8,21,0.1037037037037037,0.9777777777777777,1.104817698742551,False,0.5883820451909788,0.1310979749662638,False,False,"",24.6,"",0,"[]","[]",0,False,False,"",""
"0x65856eb6dbb32c5fc033fdb6d903b3b283ed1dd1","tron","USDT",56201.25,45702.15,"USDT",56201.25,86,4,6,8,22,0.12837837837837837,0.19594594594594594,0.8131874291052246,False,0.5811717753772978,0.13029006911849933,False,False,"",24.6,"",0,"[]","[]",0,False,False,"",""
"0x283b3b1849edce736caba95f4219d6c6f4bfac53","tron","USDT",159659.515102,164260.35,"USDT",159659.515102,64,4,12,8,19,0.20192307692307693,0.19230769230769232,1.0288165405930283,False,0.5369977855613586,0.12383773944413845,False,False,"",24.6,"",0,"[]","[]",0,False,False,"",""
"0x2a6b83e36ddf495275f18dcc0991333fa0b3bbfc","tron","USDT",13282.842492000002,10100.0,"USDT",13282.842492000002,136,1,3,7,22,0.07051282051282051,0.04487179487179487,0.7603794147286648,False,0.5293954705745989,0.12272831103378984,False,False,"",24.6,"",0,"[]","[]",0,False,False,"",""
"0x193feae3c70267ca51c0ee99f93706f327b26c54","tron","USDT",12256.210000000003,9451.21,"USDT",12256.210000000003,55,2,5,8,21,0.2,0.45454545454545453,0.7711364279822226,False,0.519198150679367,0.12128664118066818,False,False,"",24.6,"",0,"[]","[]",0,False,False,"",""
"0xc8176659a5ba97ca15f814360e4b56b5a3a3d63b","tron","USDT",115533.36,112224.35999999997,"USDT",115533.36,197,2,16,5,24,0.22137404580152673,0.4389312977099237,0.971358921786746,False,0.7733842899602178,0.15898969955427672,False,False,"",24.5,"",0,"[]","[]",0,False,False,"",""
"0xbd9257c5c3fba2fd16a6ef462c2a83e830f74388","tron","USDT",101372.32,101021.31999999999,"USDT",101372.32,192,2,16,5,24,0.22529644268774704,0.39920948616600793,0.9965375163555493,False,0.7670349797390615,0.15796504383024723,False,False,"",24.5,"",0,"[]","[]",0,False,False,"",""
"0x3119a50f5a2a1490923188dbf64d6abb6b40f711","tron","USDT",177738.92,177737.92,"USDT",177738.92,186,2,18,5,24,0.23076923076923078,0.39271255060728744,0.9999943737702468,False,0.7628854726921938,0.15740878669772984,False,False,"",24.5,"",0,"[]","[]",0,False,False,"",""
"0xb020c64980c48297410923e0ad45294c0b0e0e47","tron","USDT",102139.7,100281.0,"USDT",102139.7,53,1,8,8,14,0.0625,0.703125,0.981802374590879,False,0.6625639711082251,0.1428902849781682,False,False,"",24.5,"",0,"[]","[]",0,False,False,"",""
"0x5f16e31f8e2c97d16c9631df514042621a0a8755","tron","USDT",479618.40341200004,471596.0,"USDT",479618.40341200004,230,1,4,2,11,0.37130801687763715,0.1518987341772152,0.9832733620000218,False,0.6565605442063692,0.14202486660498137,False,False,"",24.5,"",0,"[]","[]",0,False,False,"",""
"0x6f0a1415ae3e9b1498f2dda3eb18c0fa3919fefe","tron","USDT",925876.14,851025.0,"USDT",925876.14,59,2,24,8,18,0.15602836879432624,0.1276595744680851,0.9191564219378199,False,0.6317021942934359,0.1380234128796462,False,False,"",24.5,"",0,"[]","[]",0,False,False,"",""
"0xc129136184f3eff2da7112ba1457bb6d7bc6df16","tron","USDT",191350.830242,176464.44,"USDT",191350.830242,75,8,16,8,17,0.29411764705882354,0.3235294117647059,0.9222036809394907,False,0.5544541830727031,0.12714178253749175,False,False,"",24.5,"",0,"[]","[]",0,False,False,"",""
"0x7142f9fb3156b19e63ac8741d6e27154ca5f9aa4","tron","USDT",13314.660000000002,3088.0,"USDT",13314.660000000002,51,1,1,8,22,0.20408163265306123,0.01020408163265306,0.23192481069738166,True,0.08807030503503888,0.05872493497667114,False,False,"",24.5,"",0,"[]","[]",0,False,False,"",""
"0x8c5db9ef6a94ad2a8870b6c93d692779bb50e510","tron","USDT",212987.592915,193267.244712,"USDT",212987.592915,75,3,15,8,16,0.012658227848101266,0.37341772151898733,0.9074108123712631,False,0.764404618771877,0.15829869903175198,False,False,"",24.4,"",0,"[]","[]",0,False,False,"",""
"0x27c37ce7952079c30a5db86873305a718586c397","tron","USDT",77819.89000000001,74728.89,"USDT",77819.89000000001,180,2,17,5,24,0.22672064777327935,0.4331983805668016,0.9602800774968968,False,0.7617108787893838,0.15790810988985393,False,False,"",24.4,"",0,"[]","[]",0,False,False,"",""
"0x1814f329ce16b51675f07194cc7c9fd2a692f01e","tron","USDT",570039.28,570039.28,"USDT",570039.28,55,2,6,5,2,0.0,0.8852459016393442,1.0,False,0.7385029134917078,0.15443152263966792,False,False,"",24.4,"",0,"[]","[]",0,False,False,"",""
"0x4b75e8f1cd6e1f614baf90e2a80f6bdca2608dd9","tron","USDT",283436.7673039999,331000.0,"USDT",283436.7673039999,142,2,23,8,19,0.38620689655172413,0.4068965517241379,1.1678089725211485,False,0.7093113565491097,0.15009339580375897,False,False,"",24.4,"",0,"[]","[]",0,False,False,"",""
"0x94835255a79ebb94fa9f8e901d9f3aa5f83cef91","tron","USDT",768722.8427390001,651937.0,"USDT",768722.8427390001,210,1,4,8,22,0.3160377358490566,0.21226415094339623,0.8480780897275201,False,0.6431700778289644,0.14061427462302933,False,False,"",24.4,"",0,"[]","[]",0,False,False,"",""
"0x259d035825eb22563c297a7339cc1fb4ef57ad2f","tron","USDT",213001.79382100003,270000.0,"USDT",213001.79382100003,73,3,3,8,17,0.1485148514851485,0.09900990099009901,1.267594958504901,False,0.6424917658068638,0.14065193180110597,False,False,"",24.4,"",0,"[]","[]",0,False,False,"",""
"0x45ea31c29942eb0acde6f1513155469cf8842a5c","tron","USDT",187467.703285,240414.0,"USDT",187467.703285,60,3,3,8,17,0.17333333333333334,0.08,1.2824288972832176,False,0.577198666979932,0.13065496622503647,False,False,"",24.4,"",0,"[]","[]",0,False,False,"",""
"0x4a0d0ca36520c7829bdb84a3a16a4d243dec9f9e","tron","USDT",22775.894109,23680.0,"USDT",22775.894109,115,4,5,3,5,0.28695652173913044,0.0,1.039695736495488,False,0.5618053618896071,0.12880839697804441,False,False,"",24.4,"",0,"[]","[]",0,False,False,"",""
"0x426059da9410f328a08e88e1c418bd5c9d3b8b5e","tron","USDT",231772.621,213979.0,"USDT",231772.621,50,7,15,8,19,0.02127659574468085,0.0,0.9232281150239915,False,0.2977115127403429,0.090219858635601,False,False,"",24.4,"",0,"[]","[]",0,False,False,"",""
"0xedee3e5a7f8f4d58c56389108b4714219cd59711","tron","USDT",80357.1,80070.1,"USDT",80357.1,180,2,16,5,24,0.2222222222222222,0.452991452991453,0.9964284425396138,False,0.7741400139225351,0.1598890248800322,False,False,"",24.3,"",0,"[]","[]",0,False,False,"",""
"0x95c220562dfac2bbd3a665195a4f266a3194cf3a","tron","USDT",165972.79,162480.19,"USDT",165972.79,180,2,18,5,24,0.20717131474103587,0.42231075697211157,0.9789567916524148,False,0.7634740118490845,0.15881650222774885,False,False,"",24.3,"",0,"[]","[]",0,False,False,"",""
"0xa9d99740a8a64da4673991ddff4ac83e4e4502fa","tron","USDT",748089.754388,593475.0,"USDT",748089.754388,77,3,8,8,17,0.13793103448275862,0.25,0.7933205828831491,False,0.7182786392122192,0.15222958137738296,False,False,"",24.3,"",0,"[]","[]",0,False,False,"",""
"0x4efe4eba1a4162afb8ee3382cb857e6393732be4","tron","USDT",127223.02475400001,127223.024754,"USDT",127223.02475400001,114,1,1,1,1,0.0,0.07017543859649122,0.9999999999999999,False,0.7180412371134021,0.15205116407230784,False,False,"",24.3,"",0,"[]","[]",0,False,False,"",""
"0x9cbbcc1b1fbf591105e39524e869d62f3f430c50","tron","USDT",519938.76000000007,531888.5799990001,"USDT",519938.76000000007,193,1,3,8,24,0.18181818181818182,0.3106060606060606,1.022983129780515,False,0.6898453283244886,0.1480382943078194,False,False,"",24.3,"",0,"[]","[]",0,False,False,"",""
"0xa3b3edce1e9f4f6a994e277a02a3022a8f4c98df","tron","USDT",93376.5,90369.5,"USDT",93376.5,97,6,11,8,17,0.2559241706161137,0.23696682464454977,0.9677970367276563,False,0.6411389680806276,0.14098997076295755,False,False,"",24.3,"",0,"[]","[]",0,False,False,"",""
"0x957c54852c977f2a81c414bd25750ca12609345f","tron","USDT",100924.26999999999,75993.44,"USDT",100924.26999999999,54,4,5,8,17,0.07407407407407407,0.14814814814814814,0.7529748790850804,False,0.5742839045485266,0.1309947128076474,False,False,"",24.3,"",0,"[]","[]",0,False,False,"",""
"0x7cf75adf51f88531b00f5d66e28aa00187dd95ec","tron","USDT",143428.0,151805.43521800003,"USDT",143428.0,67,6,14,8,23,0.13131313131313133,0.25252525252525254,1.0584086455782695,False,0.5621416684639069,0.12933867049186443,False,False,"",24.3,"",0,"[]","[]",0,False,False,"",""
"0x125009757e2415b71e10c16a979675ef4738a96f","tron","USDT",64805.452099999995,14218.48408,"USDT",64805.452099999995,53,9,22,8,22,0.03468208092485549,0.5722543352601156,0.21940259066567025,True,0.2552431357933761,0.08430438344938573,False,False,"",24.3,"",0,"[]","[]",0,False,False,"",""
"0x9f3bc48f0c54164bdc2df1a03d7f30deaa5c9b76","tron","USDT",39174.525692,39174.525692,"USDT",39174.525692,137,1,4,1,5,0.0,0.1079136690647482,1.0,False,0.7530927835051546,0.1574244774165212,False,False,"",24.2,"",0,"[]","[]",0,False,False,"",""
"0x0131388a0b44338520d6af01d515b3f6516e4cf2","tron","USDT",47639.55,48125.55,"USDT",47639.55,165,2,13,8,24,0.17727272727272728,0.37272727272727274,1.0102016076978058,False,0.744732426107234,0.15663019584456694,False,False,"",24.2,"",0,"[]","[]",0,False,False,"",""
"0x22366b063909c02dc622aeb43e0afb3047d0155a","tron","USDT",25239.11904,30000.0,"USDT",25239.11904,121,1,2,1,3,0.0,0.0743801652892562,1.1886310275907315,False,0.6890106837691689,0.1480626808952577,False,False,"",24.2,"",0,"[]","[]",0,False,False,"",""
"0x6c9263c399b20813d43c1a114389c8555fd3a592","tron","USDT",99198.49373599999,102072.032233,"USDT",99198.49373599999,156,3,4,7,22,0.08974358974358974,0.08974358974358974,1.0289675617922935,False,0.6540899479732311,0.14323042743260117,False,False,"",24.2,"",0,"[]","[]",0,False,False,"",""
"0x0894a65bd3fcdea23c84ea33245907026b5248c4","tron","USDT",293022.105361,299000.0,"USDT",293022.105361,55,6,10,7,16,0.05982905982905983,0.1623931623931624,1.0204008316424977,False,0.6326746521385556,0.1402461818470584,False,False,"",24.2,"",0,"[]","[]",0,False,False,"",""
"0x1fa39d23c50af93b64663286d65c09362a244612","tron","USDT",800962.4,900364.0,"USDT",800962.4,68,5,11,8,23,0.08904109589041095,0.9041095890410958,1.1241027044465508,False,0.6288101180080453,0.1395959138764859,False,False,"",24.2,"",0,"[]","[]",0,False,False,"",""
"0x0cd72d4526a7340cfe47cdadabf92ec8a04baa9b","tron","USDT",345043.079587,298895.16224,"USDT",345043.079587,73,6,20,8,24,0.20689655172413793,0.4525862068965517,0.8662546213005144,False,0.619261681767947,0.13786821389970694,False,False,"",24.2,"",0,"[]","[]",0,False,False,"",""
"0x9fecb031fc5ea14846f3d0bf01f516e6b1f4695c","tron","USDT",87288.87,78807.0,"USDT",87288.87,85,7,9,8,24,0.2247191011235955,0.33707865168539325,0.902829879685692,False,0.584958624973445,0.13335350943553614,False,False,"",24.2,"",0,"[]","[]",0,False,False,"",""
"0x837290f2d31d902f45fb507bf5103ce6ae7b6a8b","tron","USDT",100756.801081,34087.72,"USDT",100756.801081,191,3,4,7,24,0.21465968586387435,0.5549738219895288,0.3383168146892272,True,0.5595055861561333,0.12940140494704222,False,False,"",24.2,"",0,"[]","[]",0,False,False,"",""
"0x2025880dc74a0cd70515aa70d6b66ead7791be2a","tron","USDT",253719.037285,206748.49679200002,"USDT",253719.037285,50,7,19,8,18,0.12903225806451613,0.3010752688172043,0.814871832261296,False,0.5487206685589378,0.1277970340676975,False,False,"",24.2,"",0,"[]","[]",0,False,False,"",""
"0x64b11b5ba38e654f758cd69e35ec78aef2a92388","tron","USDT",206414.93769199998,177024.0,"USDT",206414.93769199998,114,8,15,8,24,0.26143790849673204,0.06535947712418301,0.8576123510215362,False,0.5376363204956565,0.12638631780681125,False,False,"",24.2,"",0,"[]","[]",0,False,False,"",""
"0xa2870d2b46849bc09e855101b689e773e327f934","tron","USDT",11401.916747,10568.720000000001,"USDT",11401.916747,52,3,5,8,18,0.41,0.0,0.9269248525938217,False,0.3655956383807097,0.10131279894692224,False,False,"",24.2,"",0,"[]","[]",0,False,False,"",""
"0x7b83d051f11b7271ec771a2d0c25348fbd436bed","tron","USDT",174952.821888,112529.37,"USDT",174952.821888,159,2,7,7,16,0.006289308176100629,0.4339622641509434,0.6431983707701394,False,0.8388144836564932,0.1708128890547982,False,False,"",24.1,"",0,"[]","[]",0,False,False,"",""
"0xffc9a29947bc15f2fbc166c6a8e02c83ce6000b5","tron","USDT",126467.69,124546.69,"USDT",126467.69,188,2,15,5,24,0.20967741935483872,0.4435483870967742,0.9848103495841507,False,0.7739454854255706,0.16154300320179765,False,False,"",24.1,"",0,"[]","[]",0,False,False,"",""
"0x6f1f42f7d0e9299f3d070b20c541cf159d782bf9","tron","USDT",302950.965982,298392.43598199997,"USDT",302950.965982,213,2,16,8,24,0.2020460358056266,0.34271099744245526,0.9849529114877591,False,0.7562465213383408,0.1586992406947711,False,False,"",24.1,"",0,"[]","[]",0,False,False,"",""
"0x2c14524ac9a02cafbfbc027959517492c1ac24e4","tron","USDT",152078.03105299998,174174.0,"USDT",152078.03105299998,166,4,10,8,19,0.4824120603015075,0.1884422110552764,1.145293628501144,False,0.669462116971219,0.1457750209894882,False,False,"",24.1,"",0,"[]","[]",0,False,False,"",""
"0xf4f78a12812d76b2221c3d2a31ede796ce4d04ce","tron","USDT",249000.03247800007,249000.0,"USDT",249000.03247800007,60,1,1,1,1,0.0,0.23333333333333334,0.9999998695662818,False,0.6342447072167078,0.14107860534462308,False,False,"",24.1,"",0,"[]","[]",0,False,False,"",""
"0x80793959dc8b786c2ca10205f63dda2c485fd0b9","tron","USDT",217098.396473,199472.896473,"USDT",217098.396473,62,10,13,7,17,0.43617021276595747,0.24468085106382978,0.9188133109855003,False,0.48064746721727036,0.11838517884107985,False,False,"",24.1,"",0,"[]","[]",0,False,False,"",""
"0x27ed053986b9d608e6a68bda43fd4452877a9c0f","tron","USDT",10763.0,7507.0,"USDT",10763.0,53,1,2,7,23,0.24242424242424243,0.4696969696969697,0.6974821146520487,False,0.4412221064803873,0.11292562078304641,False,False,"",24.1,"",0,"[]","[]",0,False,False,"",""
"0x40c680647a625b0b579e04cd2aa5143e827f9cab","tron","USDT",113861.5,209156.25537199999,"USDT",113861.5,72,9,10,8,15,0.34146341463414637,0.34146341463414637,1.8369357102444634,False,0.3961718001295027,0.10639851947202039,False,False,"",24.1,"",0,"[]","[]",0,False,False,"",""
"0x5e27aa131c8a1617108a7389cc467a6d7c9237d7","tron","USDT",72810.12,69748.86,"USDT",72810.12,185,2,14,5,24,0.23430962343096234,0.40585774058577406,0.9579555699125342,False,0.7567188593881545,0.15921251011852755,False,False,"",24.0,"",0,"[]","[]",0,False,False,"",""
"0xa63a9bf958804e620f7744b9f1c26cb0c485f70a","tron","USDT",108916.650125,113332.650125,"USDT",108916.650125,182,1,17,4,24,0.2,0.4297872340425532,1.0405447651477704,False,0.7120389627033011,0.15262637025309184,False,False,"",24.0,"",0,"[]","[]",0,False,False,"",""
"0xec8c2b512c889eb0eadf17669fb598154b94d9c7","tron","USDT",23908.023801999996,26052.0,"USDT",23908.023801999996,122,1,7,8,16,0.10948905109489052,0.058394160583941604,1.0896760106881211,False,0.7032660529049576,0.15153833244025067,False,False,"",24.0,"",0,"[]","[]",0,False,False,"",""
"0xcac5494d9c42d7b358e2fdcee8fd9d54088f653c","tron","USDT",90554.48900000002,94235.441965,"USDT",90554.48900000002,101,4,12,2,13,0.19727891156462585,0.0,1.0406490391105845,False,0.6925201249434592,0.15003702946044906,False,False,"",24.0,"",0,"[]","[]",0,False,False,"",""
"0xc58f143cb507a714cb00a96bca798a245d6a11ee","tron","USDT",812700.0,673529.0,"USDT",812700.0,88,2,2,8,23,0.13963963963963963,1.0,0.8287547680570937,False,0.6854506398507734,0.1489406291025821,False,False,"",24.0,"",0,"[]","[]",0,False,False,"",""
"0xf465d9085dbefc4ad82283f42a36b01db208d5e3","tron","USDT",735819.76,720573.0,"USDT",735819.76,198,1,6,8,24,0.33497536945812806,0.2512315270935961,0.9792792191392088,False,0.676671621506013,0.14782547295973136,False,False,"",24.0,"",0,"[]","[]",0,False,False,"",""
"0xee80de48d2754cc60b48f58f6950524a852a2e7c","tron","USDT",449264.13986099995,510000.0,"USDT",449264.13986099995,106,3,11,8,24,0.21311475409836064,0.3700234192037471,1.1351896462463962,False,0.6714380904728185,0.14694557923597534,False,False,"",24.0,"",0,"[]","[]",0,False,False,"",""
"0x641558129b8dacae0b4fd06319bdb2c83cd04e14","tron","USDT",480509.8654400001,487979.73000000004,"USDT",480509.8654400001,90,7,15,8,12,0.3696969696969697,0.36363636363636365,1.0155457048798777,False,0.6176438845731056,0.13902084862784891,False,False,"",24.0,"",0,"[]","[]",0,False,False,"",""
"0x32da1c671dc8f86b2452f285008517bcc2ad5b27","tron","USDT",332893.47239400004,475000.0,"USDT",332893.47239400004,225,3,10,8,24,0.20317460317460317,0.12380952380952381,1.4268828901451336,False,0.6140855465787725,0.13862910062533196,False,False,"",24.0,"",0,"[]","[]",0,False,False,"",""
"0x1637f4c24d37b8f6285e79eec66c3e77b2cc6426","tron","USDT",47624.66,47644.0,"USDT",47624.66,71,1,3,7,14,0.1,0.0125,1.0004060921379805,False,0.5988878537373523,0.13655126908726706,False,False,"",24.0,"",0,"[]","[]",0,False,False,"",""
"0x2b61d86cd5fbf22eccc68b4496a2f8479725e0c2","tron","USDT",205835.53764199998,197800.0,"USDT",205835.53764199998,102,7,7,8,24,0.18269230769230768,0.019230769230769232,0.9609613687993187,False,0.5213047793627325,0.12511457047645735,False,False,"",24.0,"",0,"[]","[]",0,False,False,"",""
"0x597e5f7d6a359c7148e6199bbc6b4082b308ad77","tron","USDT",1071835.561829,1600000.0,"USDT",1071835.561829,133,1,2,7,1,1.0,0.07435897435897436,1.4927662945514986,False,0.48804467923403017,0.12009023766869797,False,False,"",24.0,"",0,"[]","[]",0,False,False,"",""
"0xd5841dd2c81915728e4029a6dc3e58fd560cd645","tron","USDT",35186.5,192.0,"USDT",35186.5,139,1,1,8,24,0.25443786982248523,0.01775147928994083,0.005456638199309394,True,0.2666448910643352,0.08760736333664187,False,False,"",24.0,"",0,"[]","[]",0,False,False,"",""
"0xbbec1b598dc9fd45e349c2ef4894dc817f0bc52f","tron","USDT",40742.0,13261.6342,"USDT",40742.0,56,8,9,8,19,0.09836065573770492,0.18032786885245902,0.32550277845957487,True,0.2147195606224394,0.08043338122026261,False,False,"",24.0,"",0,"[]","[]",0,False,False,"",""
"0x05290517f0430bbb1896b739367452d88fc8dbdb","tron","USDT",20920.110120999998,20000.0,"USDT",20920.110120999998,67,1,2,8,16,0.17567567567567569,0.4189189189189189,0.9560179121582933,False,0.7081466572859841,0.15276047492131922,False,False,"",23.9,"",0,"[]","[]",0,False,False,"",""
"0x07950a8d2067ec857382854e632edc9badfba442","tron","USDT",155257.204548,176796.0,"USDT",155257.204548,60,5,13,8,7,0.07,0.37,1.1387297646811678,False,0.692626077543372,0.1505566708628473,False,False,"",23.9,"",0,"[]","[]",0,False,False,"",""
"0x15363f526f667766e2607f9731bbffb77f6eb0bf","tron","USDT",1056304.2054370001,1800000.0,"USDT",1056304.2054370001,106,2,4,8,24,0.11294765840220386,0.6308539944903582,1.704054561872475,False,0.5942406340172576,0.13627322076891518,False,False,"",23.9,"",0,"[]","[]",0,False,False,"",""
"0x7ee4ad799355105210f1521d505657852f723539","tron","USDT",112025.036112,330322.10671200004,"USDT",112025.036112,152,6,6,2,3,0.0,0.013157894736842105,2.948645393711382,False,0.5728597041685343,0.1332006315975262,False,False,"",23.9,"",0,"[]","[]",0,False,False,"",""
"0xf0082bbcd5b03c1dd39a9b5fedd4072e9a912f69","tron","USDT",139472.55999999997,200000.0,"USDT",139472.55999999997,205,1,2,8,24,0.1050228310502283,0.02054794520547945,1.4339738225210754,False,0.5137206994133107,0.12437369379870422,False,False,"",23.9,"",0,"[]","[]",0,False,False,"",""
"0x7f0b09a915f8a2c8ef7b318127f6c1da33834ea9","tron","USDT",745235.487378,704000.0,"USDT",745235.487378,84,1,11,8,10,0.018433179723502304,0.880184331797235,0.9446678424787835,False,0.7941106191456895,0.1657937644527927,False,False,"",23.8,"",0,"[]","[]",0,False,False,"",""
"0x3aaeace845155146bfeda9fc4a5bff18c2bb6f66","tron","USDT",462248.95523300004,475521.875232,"USDT",462248.95523300004,180,2,3,8,24,0.29745042492917845,0.32577903682719545,1.0287137912346598,False,0.7363011682434311,0.15732146196783747,False,False,"",23.8,"",0,"[]","[]",0,False,False,"",""
"0x539839cd226801951c42eb770b326993da78f8ec","tron","USDT",151176.85718700002,153841.521973,"USDT",151176.85718700002,81,4,18,2,12,0.128,0.0,1.0176261422256179,False,0.658801082626145,0.14652929528884656,False,False,"",23.8,"",0,"[]","[]",0,False,False,"",""
"0x0c6fa971e25eb97fa8b21599837892f806869094","tron","USDT",668909.65579,524577.436412,"USDT",668909.65579,166,1,1,8,21,0.16265060240963855,0.012048192771084338,0.7842276335396298,False,0.5351288077478183,0.12838176357143338,False,False,"",23.8,"",0,"[]","[]",0,False,False,"",""
"0xfbf0c97aef16b041b784ebfb7c6fb49775ef5072","tron","USDT",196316.05675599998,450278.768,"USDT",196316.05675599998,231,5,9,7,23,0.025974025974025976,0.10822510822510822,2.29364207615299,False,0.4940609592111161,0.12219094684224668,False,False,"",23.8,"",0,"[]","[]",0,False,False,"",""
"0xb13ed4428e4099e2b3f3171d920dc550cdd78362","tron","USDT",77168.290425,80638.0,"USDT",77168.290425,74,9,15,8,20,0.05319148936170213,0.05319148936170213,1.0449628928655899,False,0.4719128450037534,0.11920997460076893,False,False,"",23.8,"",0,"[]","[]",0,False,False,"",""
"0x04ed99b1f765714328c598bea1666ba3e11633c5","tron","USDT",18912.395188,33764.958715999994,"USDT",18912.395188,82,8,13,8,17,0.47,0.01,1.7853348759031862,False,0.327110523698789,0.09800218112788789,False,False,"",23.8,"",0,"[]","[]",0,False,False,"",""
"0x2161d4c8a9b59ef9903879788ff21a4f7ed7b976","tron","USDT",39603.0,62068.4,"USDT",39603.0,52,10,18,7,20,0.13114754098360656,0.16393442622950818,1.567265106178825,False,0.3009351455056066,0.09408978703223853,False,False,"",23.8,"",0,"[]","[]",0,False,False,"",""
"0xe5894c7d7a377ae91509ad131754fea613e64813","tron","USDT",99256.7,98595.0,"USDT",99256.7,61,4,10,8,15,0.04065040650406504,0.43902439024390244,0.9933334475153819,False,0.7421673618473167,0.15916366062226645,False,False,"",23.7,"",0,"[]","[]",0,False,False,"",""
"0xa5b61617a40f2809357f9ee92e88f3e8df4000bb","tron","USDT",313242.801,321900.0,"USDT",313242.801,89,2,10,8,17,0.1509433962264151,0.09433962264150944,1.0276373438507211,False,0.7337822578098647,0.15760763296397573,False,False,"",23.7,"",0,"[]","[]",0,False,False,"",""
"0x01ce63f9d00290745fb938fb8b4187aae1426df9","tron","USDT",626877.6799999999,725550.0,"USDT",626877.6799999999,98,4,8,5,4,0.0,0.016129032258064516,1.1574028285709583,False,0.687614010708937,0.15117063502892886,False,False,"",23.7,"",0,"[]","[]",0,False,False,"",""
"0x4218ea5b4ce2fb3413693eac1363f39f1c99a617","tron","USDT",550022.8,580857.0,"USDT",550022.8,76,3,7,8,24,0.21212121212121213,0.8727272727272727,1.0560598578822549,False,0.6698279208484706,0.14867313157558287,False,False,"",23.7,"",0,"[]","[]",0,False,False,"",""
"0x0dfc27ce15b5043782b872454f73c610f00c7ae8","tron","USDT",53747.44209099999,262549.38821199996,"USDT",53747.44209099999,170,1,2,7,12,0.01764705882352941,0.21176470588235294,4.8848722468964505,False,0.6071268489466607,0.13940470160975588,False,False,"",23.7,"",0,"[]","[]",0,False,False,"",""
"0xc35aaae45c0cbd5c17bd7982d7d6421e311a9214","tron","USDT",812775.3232619999,1250000.0,"USDT",812775.3232619999,167,2,2,8,24,0.1875,0.18303571428571427,1.53794039290371,False,0.5900811280530546,0.1366355273729879,False,False,"",23.7,"",0,"[]","[]",0,False,False,"",""
"0x0f1baf73ff65b3c3ded99f6e2f55f51c1dbd4d9b","tron","USDT",12941.970000000001,9896.96,"USDT",12941.970000000001,106,2,3,6,24,0.2734375,0.125,0.764718199779477,False,0.5831991307671909,0.13555568484417552,False,False,"",23.7,"",0,"[]","[]",0,False,False,"",""
"0x01dc5e35b0fe2a9fb66bbb330ea694e2bf8dabdb","tron","USDT",235337.938516,234813.0,"USDT",235337.938516,98,5,22,5,15,0.2708860759493671,0.0,0.9977694267260512,False,0.5439510166764518,0.13015485686333478,False,False,"",23.7,"",0,"[]","[]",0,False,False,"",""
"0x86d0760e82b05d8f627f46723e599621b7c58f70","tron","USDT",1308543.0080000001,309994.0,"USDT",1308543.0080000001,131,4,6,8,18,0.2517482517482518,0.27972027972027974,0.2369001233469584,True,0.4486798902005436,0.11642001271370633,False,False,"",23.7,"",0,"[]","[]",0,False,False,"",""
"0x5604862aa1d13bdd553cc08b0c5e7827245d88b6","tron","USDT",463739.0800000001,330406.73,"USDT",463739.0800000001,52,4,4,7,12,0.41379310344827586,0.06896551724137931,0.7124841193026042,False,0.3716541524127395,0.10520620461604219,False,False,"",23.7,"",0,"[]","[]",0,False,False,"",""
"0x429fec9267268433695bd5f9733a32134f63bbcc","tron","USDT",62391.46555999999,14432.51,"USDT",62391.46555999999,154,2,2,8,23,0.21982758620689655,0.0,0.23132186222041365,True,0.3476090609245847,0.10140510199935421,False,False,"",23.7,"",0,"[]","[]",0,False,False,"",""
"0xf3a4e35c30a4fd0a3f58e59866322fb549e133e1","tron","USDT",202971.23078500002,247345.933238,"USDT",202971.23078500002,166,1,7,1,5,0.0,0.21084337349397592,1.2186255770405436,False,0.7609812942736484,0.1625202798320881,False,False,"",23.6,"",0,"[]","[]",0,False,False,"",""
"0xd25df0880bc50e8d16756dc54ad567b5b60de784","tron","USDT",845005.2999999999,790435.0,"USDT",845005.2999999999,55,2,4,8,6,0.007633587786259542,0.8854961832061069,0.9354201683705416,False,0.7256765930645163,0.15738898862950856,False,False,"",23.6,"",0,"[]","[]",0,False,False,"",""
"0x4546b1250c18a1ef34cf942c0f7a8448379747ed","tron","USDT",140265.422757,164782.0,"USDT",140265.422757,239,1,8,8,24,0.17973856209150327,0.3888888888888889,1.1747870341892688,False,0.6919139512975115,0.15246217061139866,False,False,"",23.6,"",0,"[]","[]",0,False,False,"",""
"0x5e9651a426b899104fe35e239969fba460ad1a83","tron","USDT",443539.98336699995,455508.863368,"USDT",443539.98336699995,187,1,3,8,24,0.18181818181818182,0.2987012987012987,1.0269848952740224,False,0.6832179918102784,0.15111922419684687,False,False,"",23.6,"",0,"[]","[]",0,False,False,"",""
"0x9a44bf04f480557dbf430024963023b5645588ed","tron","USDT",594924.01,594924.0,"USDT",594924.01,70,2,3,1,1,0.0,0.07142857142857142,0.9999999831911306,False,0.6738233942177869,0.14942207029075766,False,False,"",23.6,"",0,"[]","[]",0,False,False,"",""
"0x6c104408edd3987eba745d248a9c757700de933e","tron","USDT",96630.86934399999,97000.0,"USDT",96630.86934399999,71,1,1,1,1,0.0,0.16901408450704225,1.0038200076073611,False,0.6618536587205717,0.14756945099293228,False,False,"",23.6,"",0,"[]","[]",0,False,False,"",""
"0x81285461e9ff494b1c6d9c9afe8ba7abd042b7fb","tron","USDT",77854.21320500001,76628.0,"USDT",77854.21320500001,88,4,12,8,24,0.16666666666666666,0.32882882882882886,0.9842498799419983,False,0.6551870445675122,0.14710335438107675,False,False,"",23.6,"",0,"[]","[]",0,False,False,"",""
"0x3352a1228f6469f86602ea23ecb09623c61749b5","tron","USDT",940085.41,910000.0,"USDT",940085.41,59,1,7,8,24,0.19457013574660634,0.9638009049773756,0.9679971525140465,False,0.5570687267825045,0.13279370631474124,False,False,"",23.6,"",0,"[]","[]",0,False,False,"",""
"0x5a116ee852e2286274c076ce31134dc4faf4109b","tron","USDT",207266.51911499994,184400.0,"USDT",207266.51911499994,75,9,15,8,22,0.3155339805825243,0.1407766990291262,0.8896757700537603,False,0.49694008453518057,0.12407671719920638,False,False,"",23.6,"",0,"[]","[]",0,False,False,"",""
"0x4f820b87b052f7ce8d3fbd82b74ff84f1757f427","tron","USDT",1594312.3689390004,1543000.0,"USDT",1594312.3689390004,54,2,17,8,24,0.1346153846153846,0.2403846153846154,0.9678153604408474,False,0.49374236388556975,0.12311001172096092,False,False,"",23.6,"",0,"[]","[]",0,False,False,"",""
"0x84f400271eaedd1e599521cbb6f71e34d683356f","tron","USDT",31046.289123000002,43411.0,"USDT",31046.289123000002,53,3,3,8,15,0.2459016393442623,0.0,1.3982669499730922,False,0.45694454814971147,0.11800307720238057,False,False,"",23.6,"",0,"[]","[]",0,False,False,"",""
"0x50df6f3030eca385b3a65cc5054d67965b7cf3c1","tron","USDT",149795.6458019999,181572.02,"USDT",149795.6458019999,55,9,18,8,19,0.13970588235294118,0.3235294117647059,1.212131494396053,False,0.43870323944441114,0.11530974209061717,False,False,"",23.6,"",0,"[]","[]",0,False,False,"",""
"0x0272effd5af8b9875d05feb3b572170de140b025","tron","USDT",811126.9313999998,1072983.0,"USDT",811126.9313999998,79,9,11,8,23,0.2648401826484018,0.0,1.322829952333155,False,0.39231433225860435,0.10868016133406905,False,False,"",23.6,"",0,"[]","[]",0,False,False,"",""
"0x29da24d9eeb15d5acc66bd38e9039f5e66f3185a","tron","USDT",215247.438736,216068.0,"USDT",215247.438736,224,2,9,8,24,0.1701388888888889,0.3923611111111111,1.003812176668947,False,0.7736436605873223,0.16484329150621208,False,False,"",23.5,"",0,"[]","[]",0,False,False,"",""
"0x15885b8e263c87ed342f2468cb412344ad97cc0c","tron","USDT",380872.26835499995,380831.138355,"USDT",380872.26835499995,202,2,15,8,24,0.18769230769230769,0.3076923076923077,0.9998920110404005,False,0.7461012170892992,0.16093137101464305,False,False,"",23.5,"",0,"[]","[]",0,False,False,"",""
"0xd6dcfb4042e4cc0b7ab4e0ac3a108e4e7dc06220","tron","USDT",28500.0,25000.0,"USDT",28500.0,53,1,1,8,15,0.0,0.6842105263157895,0.8771929824561403,False,0.6408352795929761,0.14516588386338092,False,False,"",23.5,"",0,"[]","[]",0,False,False,"",""
"0xcc1d995d0d68f8cafb5b240ae944da3620c69ce0","tron","USDT",113426.28145499999,80000.0,"USDT",113426.28145499999,209,2,2,8,22,0.0375,0.058333333333333334,0.7053039117017927,False,0.6099088325420619,0.1411008967416425,False,False,"",23.5,"",0,"[]","[]",0,False,False,"",""
"0x0c05c8383771496b2d3fd640cfd94ad102e50bf3","tron","USDT",1068129.345391,1066579.345391,"USDT",1068129.345391,140,1,3,1,8,0.9642857142857143,0.08571428571428572,0.9985488648854296,False,0.5960342911303804,0.13893724626698034,False,False,"",23.5,"",0,"[]","[]",0,False,False,"",""
"0x31260c8f128d4291ddeee54f9958c9558af1faf1","tron","USDT",154257.01,162952.370002,"USDT",154257.01,50,4,11,8,13,0.014705882352941176,0.10294117647058823,1.0563693021276634,False,0.5647682731468564,0.13427529684502126,False,False,"",23.5,"",0,"[]","[]",0,False,False,"",""
"0x279a09dcd30489630a43701a71982c43a6d063cf","tron","USDT",244212.188128,237406.0,"USDT",244212.188128,101,8,19,8,20,0.0896551724137931,0.07586206896551724,0.9721300227471339,False,0.547205027409131,0.13142359517450736,False,False,"",23.5,"",0,"[]","[]",0,False,False,"",""
"0xaf7defc4147e3b2f806b5afa26b0947372217d5c","tron","USDT",83693.94773300002,93306.706788,"USDT",83693.94773300002,53,4,5,7,20,0.32075471698113206,0.39622641509433965,1.1148560835685102,False,0.5113631624884495,0.1262273910424654,False,False,"",23.5,"",0,"[]","[]",0,False,False,"",""
"0xc1ea178bd9f4b51cb4eb8aa7ba99cc00c181046a","tron","USDT",246834.63,240819.8,"USDT",246834.63,62,8,25,8,16,0.2807017543859649,0.09649122807017543,0.9756321469155279,False,0.44544019002855606,0.1165644268420648,False,False,"",23.5,"",0,"[]","[]",0,False,False,"",""
"0x6363c5d801d6dc3353e6f00cea792d3c970b9e11","tron","USDT",107943.962343,22000.0,"USDT",107943.962343,264,1,3,8,24,0.17228464419475656,0.06741573033707865,0.20380945374316867,True,0.3750066240520851,0.10666561766517696,False,False,"",23.5,"",0,"[]","[]",0,False,False,"",""
"0x2128d52c6c930c4f7ef85c433be503c8f2681934","tron","USDT",29551.500000000004,479.0,"USDT",29551.500000000004,124,2,2,8,24,0.19653179190751446,0.005780346820809248,0.01620899108336294,True,0.2937393329544583,0.09470647041815067,False,False,"",23.5,"",0,"[]","[]",0,False,False,"",""
"0x79881342615bfe02d19cf96102a127b815ce5aa8","tron","USDT",90814.49,86666.49,"USDT",90814.49,179,2,15,5,24,0.21138211382113822,0.4105691056910569,0.9543244695862962,False,0.7542445442982543,0.16238515177608104,False,False,"",23.4,"",0,"[]","[]",0,False,False,"",""
"0xb6c12dd7e4b2860d0ff7ba9371354e6ef1f07a43","tron","USDT",154807.877143,140000.0,"USDT",154807.877143,130,2,20,8,16,0.34615384615384615,0.46923076923076923,0.9043467463265995,False,0.728897139493917,0.1587922271650593,False,False,"",23.4,"",0,"[]","[]",0,False,False,"",""
"0x6dd21115a1acf117b8cc7ec5168021d83af7d5a8","tron","USDT",214900.45013500005,240626.898372,"USDT",214900.45013500005,242,2,6,8,24,0.044585987261146494,0.12420382165605096,1.1197133287568204,False,0.6799569308420917,0.15149451472029635,False,False,"",23.4,"",0,"[]","[]",0,False,False,"",""
"0x28c13cb80454535682a291cfe2d15228bce249f1","tron","USDT",164212.31331499995,154020.0,"USDT",164212.31331499995,85,4,14,8,20,0.05952380952380952,0.4523809523809524,0.9379321007709783,False,0.6713829239641464,0.150390470704228,False,False,"",23.4,"",0,"[]","[]",0,False,False,"",""
"0x7f4983da0874747128a83048bd0413514d99dad8","tron","USDT",663456.342408,652183.0,"USDT",663456.342408,178,1,3,8,23,0.33516483516483514,0.24175824175824176,0.9830081624254526,False,0.6652031564653684,0.14971574336416205,False,False,"",23.4,"",0,"[]","[]",0,False,False,"",""
"0x8b7374ea09ab72c91bd27c4f5ac1505aeefd6c74","tron","USDT",152126.61800000002,153019.27000000002,"USDT",152126.61800000002,55,4,10,8,17,0.24691358024691357,0.2345679012345679,1.005867822552921,False,0.6559308729614015,0.14788266194938443,False,False,"",23.4,"",0,"[]","[]",0,False,False,"",""
"0x19aee155879dc94f7d9d029405ec398fc022a249","tron","USDT",126165.81000000008,55594.0,"USDT",126165.81000000008,65,5,6,1,1,0.0,0.6923076923076923,0.44064235786224465,True,0.5725076737239506,0.1357408027773142,False,False,"",23.4,"",0,"[]","[]",0,False,False,"",""
"0x870bab9b6a71886abd60682df2cb55d812d7cd64","tron","USDT",16845.869139000002,15117.0,"USDT",16845.869139000002,63,3,7,8,23,0.17073170731707318,0.15853658536585366,0.8973713303401197,False,0.5066817963235148,0.1265848820748426,False,False,"",23.4,"",0,"[]","[]",0,False,False,"",""
"0x1eb38f628a79b49845604c133da544696318071a","tron","USDT",365630.3154439999,385000.0,"USDT",365630.3154439999,55,4,5,3,3,0.9821428571428571,0.23214285714285715,1.0529761448595385,False,0.49624027080397753,0.12483850032150134,False,False,"",23.4,"",0,"[]","[]",0,False,False,"",""
"0xf956e36f38aaffb5d9c4830a65e5f3189bfc4eb5","tron","USDT",121144.49999999994,129027.77300000002,"USDT",121144.49999999994,87,8,20,8,14,0.40229885057471265,0.011494252873563218,1.0650733050200387,False,0.4847666030031639,0.12340568967116533,False,False,"",23.4,"",0,"[]","[]",0,False,False,"",""
"0xa6a887bee1affb731198fac2f37f04e21f6ad64d","tron","USDT",603241.7620000001,602000.0,"USDT",603241.7620000001,65,2,2,8,14,0.02608695652173913,0.25217391304347825,0.9979415185117768,False,0.7148056950067032,0.157466541268467,False,False,"",23.3,"",0,"[]","[]",0,False,False,"",""
"0x92179a5812f1f2e28a6c949361d3e003cd3c20e4","tron","USDT",29335.704504,30014.704504,"USDT",29335.704504,151,2,9,7,24,0.19696969696969696,0.24242424242424243,1.023145856269019,False,0.7011305777376798,0.1554877970432873,False,False,"",23.3,"",0,"[]","[]",0,False,False,"",""
"0x40fbe966d7c597b4265b4a575d72ed90f5a9dce2","tron","USDT",496595.389069,495889.46907,"USDT",496595.389069,186,1,3,8,24,0.2825,0.25,0.9985784805607569,False,0.6750406624949393,0.15151232664624503,False,False,"",23.3,"",0,"[]","[]",0,False,False,"",""
"0x7321e9595284786113a49627f131fd9319055496","tron","USDT",720542.0,580000.0,"USDT",720542.0,80,3,13,8,24,0.32669322709163345,0.9282868525896414,0.8049496073788898,False,0.6579867838693235,0.14907640326400556,False,False,"",23.3,"",0,"[]","[]",0,False,False,"",""
"0x9719df745433534e01572de1452c030052c977bf","tron","USDT",52600.364803000004,30000.0,"USDT",52600.364803000004,120,1,1,8,18,0.022222222222222223,0.05925925925925926,0.570338249788887,False,0.6339914509438822,0.14572517976046812,False,False,"",23.3,"",0,"[]","[]",0,False,False,"",""
"0x97765f6fd2b5a7a54307f20ab9e042ba76bc5f77","tron","USDT",191456.690917,178126.0,"USDT",191456.690917,60,5,14,8,17,0.0875,0.075,0.930372290186614,False,0.6180556323985958,0.14328806264228372,False,False,"",23.3,"",0,"[]","[]",0,False,False,"",""
"0x23284fef3916660824dccc30c05b80b09db54467","tron","USDT",252800.0,313528.03,"USDT",252800.0,61,6,8,8,22,0.2302158273381295,1.0,1.240221637658228,False,0.5785356814329443,0.1375652370324501,False,False,"",23.3,"",0,"[]","[]",0,False,False,"",""
"0xf8a3865f4ac3d582e1c806fe3400db64c9a51a25","tron","USDT",640378.086261,617126.937261,"USDT",640378.086261,205,1,7,8,24,0.2857142857142857,0.003663003663003663,0.9636915292717817,False,0.5754142359305554,0.1367870970483439,False,False,"",23.3,"",0,"[]","[]",0,False,False,"",""
"0xae6b02944680cb807a84424965fd97f908c36fc0","tron","USDT",632938.4500000001,685789.0,"USDT",632938.4500000001,80,2,4,8,24,0.19350811485642946,0.019975031210986267,1.0835002992787055,False,0.5200995815606642,0.12919169009624193,False,False,"",23.3,"",0,"[]","[]",0,False,False,"",""
"0xd9c97fae1fe1caba26f4ee58f8974a3cbbb3fb1b","tron","USDT",91802.349,16087.0,"USDT",91802.349,66,9,15,8,17,0.19607843137254902,0.3235294117647059,0.1752351674574253,True,0.42285519126826676,0.11459798078040873,False,False,"",23.3,"",0,"[]","[]",0,False,False,"",""
"0xef15ea2bf63abb69f8e2b44df1173cfb12e2921c","tron","USDT",81836.493644,122993.0,"USDT",81836.493644,55,9,11,7,13,0.3855421686746988,0.4819277108433735,1.5029114093650744,False,0.41909499289166463,0.11415528332405522,False,False,"",23.3,"",0,"[]","[]",0,False,False,"",""
"0x908f7e2fe9573aba68b73653c3d5d07b66a72460","tron","USDT",33141.36919,22500.0,"USDT",33141.36919,76,2,2,7,18,0.07792207792207792,0.22077922077922077,0.6789097900876436,False,0.6827339974617241,0.15307079580634986,False,False,"",23.2,"",0,"[]","[]",0,False,False,"",""
"0x9bf2959b4c898b860513481e289ca73402a6dfd9","tron","USDT",112625.01546100002,135443.0,"USDT",112625.01546100002,120,5,9,8,20,0.058333333333333334,0.35833333333333334,1.2026013887376685,False,0.6708423399127084,0.15138028816426236,False,False,"",23.2,"",0,"[]","[]",0,False,False,"",""
"0x5d2098a6facae94daf1fb697dab5b8aa5bf3b337","tron","USDT",31620.825926000005,30100.0,"USDT",31620.825926000005,143,1,4,8,24,0.21935483870967742,0.34838709677419355,0.9519042946708891,False,0.6689330776701706,0.15128162644280863,False,False,"",23.2,"",0,"[]","[]",0,False,False,"",""
"0x95bb1e743c0655f47689220487d4b9c24e8fef56","tron","USDT",89937.31078000001,89937.31078,"USDT",89937.31078000001,81,1,1,1,1,0.0,0.06172839506172839,0.9999999999999999,False,0.6586732406992379,0.14994752478232976,False,False,"",23.2,"",0,"[]","[]",0,False,False,"",""
"0x3fbda3e32edf01b5e8997390f137c98d9fce63a7","tron","USDT",356451.008019,400202.999177,"USDT",356451.008019,67,4,4,8,21,0.08461538461538462,0.5538461538461539,1.1227433509057938,False,0.6125647318806969,0.142789901038262,False,False,"",23.2,"",0,"[]","[]",0,False,False,"",""
"0x83c08418b74fbeb0618c735a63c492a9237b11a1","tron","USDT",949755.888666,950520.0,"USDT",949755.888666,55,3,18,8,23,0.07258064516129033,0.4435483870967742,1.0008045344526089,False,0.5624791648261972,0.1357826692331266,False,False,"",23.2,"",0,"[]","[]",0,False,False,"",""
"0x9532af19b14139c9bba34780128a0d3ffcc49078","tron","USDT",858748.105,858748.638613,"USDT",858748.105,92,3,10,5,14,0.2967581047381546,0.0,1.0000006213847774,False,0.5358582352030984,0.13191606260677147,False,False,"",23.2,"",0,"[]","[]",0,False,False,"",""
"0x29063b7f62e77bd0f07c3b3bf4fb18f4549341bc","tron","USDT",122415.02142299997,600000.0,"USDT",122415.02142299997,200,1,1,6,23,0.14901960784313725,0.10196078431372549,4.9013592696824775,False,0.4344016136261766,0.1169798772460861,False,False,"",23.2,"",0,"[]","[]",0,False,False,"",""
"0x3c6197bb81f57f0302fa06e0e07aa30b73362543","tron","USDT",1001217.6900000001,174360.16999999998,"USDT",1001217.6900000001,83,11,11,1,11,0.4959349593495935,0.7317073170731707,0.17414811158600282,True,0.38285741254579764,0.10973319176438945,False,False,"",23.2,"",0,"[]","[]",0,False,False,"",""
"0xfb6bd9350ae5d2aedbcfdb36d36364210c2cfea3","tron","USDT",389113.278024,386645.89802399994,"USDT",389113.278024,172,2,16,8,24,0.15789473684210525,0.3355263157894737,0.9936589673512815,False,0.7396999691762177,0.16241285088173918,False,False,"",23.1,"",0,"[]","[]",0,False,False,"",""
"0x476226fa1e1a6d07dc068cc899940150ea18fc30","tron","USDT",64638.07,65739.07,"USDT",64638.07,174,2,13,7,24,0.20179372197309417,0.3273542600896861,1.0170333056045764,False,0.7364409408512945,0.1614570494542808,False,False,"",23.1,"",0,"[]","[]",0,False,False,"",""
"0xdfaf413ae27b7de967d998e1b633cb1bd7187598","tron","USDT",129800.856512,163412.0,"USDT",129800.856512,108,5,9,8,21,0.09259259259259259,0.5,1.2589439268060043,False,0.678735643146195,0.1530013634421568,False,False,"",23.1,"",0,"[]","[]",0,False,False,"",""
"0x0ac421d315a68abcd49a850900cd1d975e4a34f0","tron","USDT",25856.740314000002,29375.740314000002,"USDT",25856.740314000002,155,2,9,7,24,0.21,0.21,1.1360960413905945,False,0.6720636245322801,0.15234765285551888,False,False,"",23.1,"",0,"[]","[]",0,False,False,"",""
"0x1e118fe8645dacb0fdacb10698bf89fe1856bbcc","tron","USDT",291586.995567,220737.0,"USDT",291586.995567,84,3,7,3,6,0.011904761904761904,0.011904761904761904,0.7570193573645835,False,0.6430219799444542,0.14796476644279083,False,False,"",23.1,"",0,"[]","[]",0,False,False,"",""
"0x74249f4271531358b4f13b85afc52b61e4882a84","tron","USDT",24771.756754,24630.0,"USDT",24771.756754,148,1,7,8,23,0.15789473684210525,0.08187134502923976,0.9942774848224235,False,0.6002001854449867,0.14150621064092672,False,False,"",23.1,"",0,"[]","[]",0,False,False,"",""
"0xba8e6b8acb1a932e25036a020bdb201389cd24c8","tron","USDT",58940.975817,65804.22,"USDT",58940.975817,91,4,4,6,21,0.012096774193548387,0.125,1.1164426629838808,False,0.5830315032615834,0.13900399785998596,False,False,"",23.1,"",0,"[]","[]",0,False,False,"",""
"0xe2b3a37fc1e391b7a0c56fd10376e30d0941387e","tron","USDT",839332.3,626345.3,"USDT",839332.3,55,4,10,6,9,0.0,0.09821428571428571,0.7462423404889815,False,0.5634125200924176,0.13643312340212965,False,False,"",23.1,"",0,"[]","[]",0,False,False,"",""
"0xc22dcd790c2e5cd56402869c2b4c07245c4c1292","tron","USDT",823565.1851199998,816100.4786009999,"USDT",823565.1851199998,60,2,24,8,19,0.07488986784140969,0.33480176211453744,0.9909361072397539,False,0.5594153702601427,0.13562004605799227,False,False,"",23.1,"",0,"[]","[]",0,False,False,"",""
"0xf25250420e326e1bf50fa9057ff4d824c7e00488","tron","USDT",25488.77999999999,30000.0,"USDT",25488.77999999999,121,1,1,8,22,0.13,0.045,1.1769884631590846,False,0.5295059380270805,0.1314214537246738,False,False,"",23.1,"",0,"[]","[]",0,False,False,"",""
"0x024f4d7ca6c3ea7e6b5786567fa4e1fbf149c0e6","tron","USDT",63311.55,64430.0,"USDT",63311.55,58,7,15,8,17,0.4936708860759494,0.20253164556962025,1.017665812951981,False,0.4629392712957535,0.12173698965577467,False,False,"",23.1,"",0,"[]","[]",0,False,False,"",""
"0xcd0668f8c25bad490d1181c139c019e82c49aea3","tron","USDT",67799.84,117999.994152,"USDT",67799.84,56,2,3,8,23,0.3564356435643564,0.38613861386138615,1.740417000276107,False,0.40680230142393586,0.11348224008855912,False,False,"",23.1,"",0,"[]","[]",0,False,False,"",""
"0x52a3d4cd8e6dfd2ae26275c1130397c7148c8020","tron","USDT",99460.81731300002,107000.0,"USDT",99460.81731300002,72,2,13,8,14,0.2465753424657534,0.3698630136986301,1.0758005302055222,False,0.7557049768813519,0.16480648984966878,False,False,"",23.0,"",0,"[]","[]",0,False,False,"",""
"0xe6e94200dd03df0984a9ab079c4c330ca2e128c8","tron","USDT",326399.786133,330000.0,"USDT",326399.786133,99,2,5,8,23,0.04591836734693878,0.5561224489795918,1.0110300742217184,False,0.7177401976164363,0.15955217571212305,False,False,"",23.0,"",0,"[]","[]",0,False,False,"",""
"0xcc6176544e627678bfc661a33ecf35ffcee42af1","tron","USDT",227751.83763099994,227751.837631,"USDT",227751.83763099994,98,1,1,1,1,0.0,0.02040816326530612,1.0000000000000002,False,0.6718287763334827,0.15270239850116563,False,False,"",23.0,"",0,"[]","[]",0,False,False,"",""
"0xe47d2eb22a0c3f68b292ed5d919e5baab12ad0d1","tron","USDT",25203.198583999998,27627.198584,"USDT",25203.198583999998,148,2,8,7,24,0.18811881188118812,0.17326732673267325,1.096178268481321,False,0.6651883714045874,0.15179571825675148,False,False,"",23.0,"",0,"[]","[]",0,False,False,"",""
"0x99b223ce9d2fc318af30fe9f9862ee89905e9d34","tron","USDT",432376.702466,346075.270951,"USDT",432376.702466,171,1,2,8,24,0.22546419098143236,0.29973474801061006,0.8004022163479395,False,0.6416357996120352,0.14865525677568808,False,False,"",23.0,"",0,"[]","[]",0,False,False,"",""
"0xf02f4065765d1e49690ec29316074f21f686dabd","tron","USDT",293023.6929,298814.81,"USDT",293023.6929,169,5,10,8,16,0.35502958579881655,0.01775147928994083,1.0197633066551253,False,0.6296197277321753,0.14666016631115858,False,False,"",23.0,"",0,"[]","[]",0,False,False,"",""
"0xb8345d7285da63a4beb1e50e7714d136024a4124","tron","USDT",35148.394,35148.394,"USDT",35148.394,55,4,8,3,12,0.11976047904191617,0.0,1.0,False,0.5530703720304796,0.13534083174803724,False,False,"",23.0,"",0,"[]","[]",0,False,False,"",""
"0x1777f16fbbbe4f01ec0966bc56f1433138004374","tron","USDT",20441.725260000003,18708.464399999997,"USDT",20441.725260000003,65,3,6,6,22,0.18181818181818182,0.06060606060606061,0.9152096587761298,False,0.48429697433702784,0.12543285611815552,False,False,"",23.0,"",0,"[]","[]",0,False,False,"",""
"0xac5d182fba465425e1c1cace01a1c9867e1e9ccd","tron","USDT",395524.0,560823.0,"USDT",395524.0,54,8,9,8,24,0.23225806451612904,0.9935483870967742,1.417924070347185,False,0.45059268480998926,0.12049029086446816,False,False,"",23.0,"",0,"[]","[]",0,False,False,"",""
"0xeedfd636212f2162698d2e00ec1181e36c0b404c","tron","USDT",21021.8,10041.0,"USDT",21021.8,119,3,3,8,21,0.19393939393939394,0.04242424242424243,0.47764701405207927,True,0.406959254894683,0.1141415004522161,False,False,"",23.0,"",0,"[]","[]",0,False,False,"",""
"0x1ba04709db71c6251aaf5b371b9176867d9d817f","tron","USDT",1000770.4600000002,2547.0,"USDT",1000770.4600000002,79,1,1,3,18,0.31958762886597936,0.7422680412371134,0.002545039149137155,True,0.3379809934864837,0.10382737651639184,False,False,"",23.0,"",0,"[]","[]",0,False,False,"",""
"0xaee01e2d72fd7d9f0d4e9124469575520483e704","tron","USDT",177537.444109,177537.44410899997,"USDT",177537.444109,142,1,6,1,12,0.0,0.13793103448275862,0.9999999999999999,False,0.7690049305244285,0.16769201838197306,False,False,"",22.9,"",0,"[]","[]",0,False,False,"",""
"0xd6e4186bd5b56b30a7c2b3124d63dba92209919a","tron","USDT",98464.3,100395.3,"USDT",98464.3,140,2,17,5,24,0.22950819672131148,0.5027322404371585,1.0196111687180023,False,0.7563422216575649,0.16602281109893463,False,False,"",22.9,"",0,"[]","[]",0,False,False,"",""
"0xb19432644b1496c12c4a929f53ecc1f0ba8c41b1","tron","USDT",102466.63,92474.29190000001,"USDT",102466.63,147,2,3,7,22,0.14965986394557823,0.5510204081632653,0.9024820265875828,False,0.7501736800821961,0.1646783917385889,False,False,"",22.9,"",0,"[]","[]",0,False,False,"",""
"0xaedee2b7bd268759a0b68888f7c6ae52ccd40ccb","tron","USDT",520322.11000000016,520322.010001,"USDT",520322.11000000016,165,2,4,7,24,0.2890855457227139,0.26253687315634217,0.9999998078132791,False,0.718713542916309,0.16004107323250838,False,False,"",22.9,"",0,"[]","[]",0,False,False,"",""
"0x9db2ad2e83511a82388e3e95c7efa17bb0dc8400","tron","USDT",44518.577024,47862.867024,"USDT",44518.577024,171,2,10,8,24,0.19642857142857142,0.29910714285714285,1.0751212240723034,False,0.7163518197305864,0.16008565518927104,False,False,"",22.9,"",0,"[]","[]",0,False,False,"",""
"0x522a511d5e96fc40b1f883a83ae76e1c2b00df7d","tron","USDT",310923.8400000001,272854.46000099997,"USDT",310923.8400000001,168,2,2,8,24,0.1737704918032787,0.28852459016393445,0.8775604340953717,False,0.7021593302076893,0.15754800933803836,False,False,"",22.9,"",0,"[]","[]",0,False,False,"",""
"0xdc8ba69a8701e42cfde74f2ce55ab0ef6f7295cb","tron","USDT",81178.97018,83643.97018,"USDT",81178.97018,148,1,16,4,24,0.23655913978494625,0.44086021505376344,1.0303650070274888,False,0.7003366803515618,0.15736576332841462,False,False,"",22.9,"",0,"[]","[]",0,False,False,"",""
"0x57ecb10ff1b7a727f0aeaa6a8dda01a40ac8a9f6","tron","USDT",19849.79071,20785.0,"USDT",19849.79071,76,1,3,3,3,0.0,0.18181818181818182,1.0471143148894186,False,0.6770854292677461,0.154084170649264,False,False,"",22.9,"",0,"[]","[]",0,False,False,"",""
"0x5282f9016790ee179b5e6ea75c17199d550f0de9","tron","USDT",15726.524019,14361.524019,"USDT",15726.524019,115,2,4,5,24,0.2765957446808511,0.24822695035460993,0.913203960496873,False,0.6605430780697915,0.15159876578095804,False,False,"",22.9,"",0,"[]","[]",0,False,False,"",""
"0x90e974aad3b49de513d932f006f1c9ac9da0d616","tron","USDT",715639.8102640002,687805.0,"USDT",715639.8102640002,185,1,5,8,23,0.3172043010752688,0.22043010752688172,0.9611050002182915,False,0.6582227929616322,0.15159759426686892,False,False,"",22.9,"",0,"[]","[]",0,False,False,"",""
"0xab74e33d8cbf9ced90172b79426226c31ce07e0e","tron","USDT",1378407.9109780001,1378400.0,"USDT",1378407.9109780001,112,1,7,8,19,0.23008849557522124,0.09734513274336283,0.9999942607859856,False,0.5772960283113882,0.13959802416238942,False,False,"",22.9,"",0,"[]","[]",0,False,False,"",""
"0xd3071cdea4d7584de8d4599598419207e37ea6f9","tron","USDT",52966.29700000001,49375.53,"USDT",52966.29700000001,61,4,14,8,13,0.1652542372881356,0.0,0.9322065690187854,False,0.5718514437903103,0.13856414728871735,False,False,"",22.9,"",0,"[]","[]",0,False,False,"",""
"0xc168b57d3361b8d693c5fa2abcceac63f4ea5bb5","tron","USDT",19262.687536,25000.0,"USDT",19262.687536,125,1,1,8,24,0.12921348314606743,0.0,1.29784589784149,False,0.469722617831971,0.12416289561788268,False,False,"",22.9,"",0,"[]","[]",0,False,False,"",""
"0x6b37a0fe32f8b996df45bbd2c40264feb92f7469","tron","USDT",1297178.2499999998,591000.0,"USDT",1297178.2499999998,50,1,1,5,12,0.19298245614035087,0.05263157894736842,0.4556043088141511,True,0.2970374910770391,0.09864109079859906,False,False,"",22.9,"",0,"[]","[]",0,False,False,"",""
"0x856d5f15208d72a84cfc82bcf0d71b03f727568b","tron","USDT",160079.06344499998,154986.10000000003,"USDT",160079.06344499998,81,1,12,8,13,0.037037037037037035,0.4691358024691358,0.968184699888941,False,0.770777235809254,0.16864984490777812,False,False,"",22.8,"",0,"[]","[]",0,False,False,"",""
"0x9b8493b06513e992ff18ebe09bf69c10b14aaa2f","tron","USDT",105019.15649,105019.15649,"USDT",105019.15649,77,1,1,1,10,0.0,0.29,1.0,False,0.7199686239354549,0.16104446529620736,False,False,"",22.8,"",0,"[]","[]",0,False,False,"",""
"0xb80b37f48579f4ee2375fbb43078d0eb4cfc49cf","tron","USDT",291607.49600000004,305141.0,"USDT",291607.49600000004,211,1,11,8,24,0.12547528517110265,0.38022813688212925,1.046410000379414,False,0.7093643468537452,0.1594039823768283,False,False,"",22.8,"",0,"[]","[]",0,False,False,"",""
"0x7cfdfd0fd77ffee7a2b6ed7393b11e53936cf00a","tron","USDT",69858.88,70640.88,"USDT",69858.88,144,1,14,4,24,0.24022346368715083,0.45251396648044695,1.0111939956666927,False,0.7039019449276207,0.15889072486125433,False,False,"",22.8,"",0,"[]","[]",0,False,False,"",""
"0x22e7e17ffd5e99309f4237a6ec65c019868d0098","tron","USDT",599183.6154999998,572959.0,"USDT",599183.6154999998,175,1,3,8,24,0.35795454545454547,0.21022727272727273,0.9562327560006523,False,0.6495163853552178,0.15079884652641073,False,False,"",22.8,"",0,"[]","[]",0,False,False,"",""
"0x422e8775e1f3f5867148a7d96e6eb38f5c3abf66","tron","USDT",167423.847466,171880.766286,"USDT",167423.847466,63,5,12,8,23,0.2619047619047619,0.7142857142857143,1.0266205733977358,False,0.6194629763110401,0.14652051520091702,False,False,"",22.8,"",0,"[]","[]",0,False,False,"",""
"0x1fd307181c89474e4dcbf7f02ebe9e9f08e3d57d","tron","USDT",12458.524557,12819.524557,"USDT",12458.524557,84,1,4,4,24,0.22,0.38,1.0289761438722829,False,0.6076068330812135,0.14458226342837355,False,False,"",22.8,"",0,"[]","[]",0,False,False,"",""
"0x49e6f4562b0621f9bda77297f28f3d1a1284a500","tron","USDT",24626.9,15749.0,"USDT",24626.9,142,2,4,8,21,0.24102564102564103,0.07179487179487179,0.6395039570550901,False,0.5709084113124075,0.13900552749394196,False,False,"",22.8,"",0,"[]","[]",0,False,False,"",""
"0x235972aa9d16152e48624737f6a7ef54e4a7297f","tron","USDT",149748.67999999996,169727.0,"USDT",149748.67999999996,103,4,4,8,21,0.12272727272727273,0.05,1.133412327908333,False,0.5687455935846266,0.13915449120744222,False,False,"",22.8,"",0,"[]","[]",0,False,False,"",""
"0xbf193634db13ab656d2fea255d862d17695e9c8c","tron","USDT",94483.44200000004,95316.25,"USDT",94483.44200000004,115,3,17,4,14,0.27205882352941174,0.0,1.0088143274881958,False,0.5679816436910655,0.13903592747086474,False,False,"",22.8,"",0,"[]","[]",0,False,False,"",""
"0xea9a5e0be95ae5bbf398414d92777ac964c48280","tron","USDT",35719.78488300001,1027.56,"USDT",35719.78488300001,84,2,2,8,24,0.1916376306620209,0.2578397212543554,0.028767250513007513,True,0.3370622802236235,0.1049320507065511,False,False,"",22.8,"",0,"[]","[]",0,False,False,"",""
"0xda3176779dbd430cc310cb3e0c0f166215761de1","tron","USDT",293674.2200000001,308777.55,"USDT",293674.2200000001,186,2,15,8,24,0.19230769230769232,0.3356643356643357,1.05142885882186,False,0.7370920856986491,0.16393325467351105,False,False,"",22.7,"",0,"[]","[]",0,False,False,"",""
"0x82e59ff730feefa525027dd1e4fa282625d4c6eb","tron","USDT",54725.36,58020.36,"USDT",54725.36,159,2,12,7,24,0.1917808219178082,0.3789954337899543,1.0602097455366215,False,0.7341032772485699,0.16362649197645668,False,False,"",22.7,"",0,"[]","[]",0,False,False,"",""
"0x5c47e68195f44f59a88e7011d30d86c252b2df5e","tron","USDT",329857.913,360614.39,"USDT",329857.913,67,4,8,8,18,0.15217391304347827,0.1956521739130435,1.0932415921760834,False,0.6886354108341692,0.15688547429697586,False,False,"",22.7,"",0,"[]","[]",0,False,False,"",""
"0x2380dc0ca15468e2d4e77b4d0aa79b101ae3fdeb","tron","USDT",140501.001,100594.70999999999,"USDT",140501.001,101,5,9,8,20,0.2882882882882883,0.8828828828828829,0.715971482651572,False,0.6790974789597183,0.15579021812611293,False,False,"",22.7,"",0,"[]","[]",0,False,False,"",""
"0x6c30c2e237cc96b5397ef630c54fa3e697609ea2","tron","USDT",27728.58,31597.57,"USDT",27728.58,156,2,9,7,24,0.17733990147783252,0.2019704433497537,1.1395307657297993,False,0.6701664600319873,0.15419782476538219,False,False,"",22.7,"",0,"[]","[]",0,False,False,"",""
"0x09d3e97cca29e1218afde15a9fc5fab7f24e76a1","tron","USDT",71538.078267,87196.03,"USDT",71538.078267,150,3,6,8,24,0.224,0.013333333333333334,1.2188757667568335,False,0.5778070967606908,0.14080797765314162,False,False,"",22.7,"",0,"[]","[]",0,False,False,"",""
"0x4224c0d33bfd8be068c975206d58ce8b39cb6f4f","tron","USDT",350746.5811770001,341932.76,"USDT",350746.5811770001,74,4,23,8,13,0.46875,0.18125,0.9748712556301375,False,0.5728541256217694,0.14015406535097158,False,False,"",22.7,"",0,"[]","[]",0,False,False,"",""
"0x5e74d588a7ef5ad340015b544209306c2510e687","tron","USDT",166728.980437,154204.56,"USDT",166728.980437,74,6,6,6,21,0.22727272727272727,0.10227272727272728,0.9248815628562399,False,0.5356038338621489,0.13465834488073014,False,False,"",22.7,"",0,"[]","[]",0,False,False,"",""
"0x6b507221afe9cf72463bf40f1da2dd42a892fc27","tron","USDT",147057.1552,139973.0,"USDT",147057.1552,58,7,20,8,21,0.11504424778761062,0.3805309734513274,0.951827198136905,False,0.5047087834194025,0.13016341020796607,False,False,"",22.7,"",0,"[]","[]",0,False,False,"",""
"0x698ed4f8a918a51b7025fcfd8f234de5de5a14cb","tron","USDT",522365.98972500005,482682.419725,"USDT",522365.98972500005,53,6,6,8,20,0.041666666666666664,0.22916666666666666,0.9240310993047394,False,0.4744521185610823,0.12594211438578168,False,False,"",22.7,"",0,"[]","[]",0,False,False,"",""
"0x201a780f94bb9bc4bda37b4fa21dae5db7402bb9","tron","USDT",41477.24,27945.0,"USDT",41477.24,57,2,8,8,19,0.2714285714285714,0.2,0.6737429973643376,False,0.44514752372208305,0.12166508332436721,False,False,"",22.7,"",0,"[]","[]",0,False,False,"",""
"0xc3ca35da0b44bafd8e5253173229aee8f07f6886","tron","USDT",62330.38582999999,69838.0,"USDT",62330.38582999999,57,6,19,8,24,0.3103448275862069,0.007662835249042145,1.1204487036303015,False,0.406076104186535,0.1160170224519187,False,False,"",22.7,"",0,"[]","[]",0,False,False,"",""
"0xe4014afb6b31b694246005677a59691c3151f74b","tron","USDT",59935.450000000004,63060.450000000004,"USDT",59935.450000000004,147,1,13,4,24,0.23728813559322035,0.4406779661016949,1.052139426666522,False,0.6950405144874038,0.15829464048298458,False,False,"",22.6,"",0,"[]","[]",0,False,False,"",""
"0x7a1317c3ddf092abe54e10c5d51b2827bb88d05c","tron","USDT",417482.71962300007,427468.0,"USDT",417482.71962300007,94,1,4,8,24,0.22727272727272727,0.23636363636363636,1.0239178291882762,False,0.5883585229117845,0.14273553045871307,False,False,"",22.6,"",0,"[]","[]",0,False,False,"",""
"0xbe335cf44ad9beaaa1c7c57ca7d99c3f7df88ebe","tron","USDT",38280.630708,26100.0,"USDT",38280.630708,131,4,5,1,4,1.0,0.007633587786259542,0.6818069482472123,False,0.5345684716754397,0.13536043707646583,False,False,"",22.6,"",0,"[]","[]",0,False,False,"",""
"0x3b91031ca158d7debe974fde81c488b76b8190bb","tron","USDT",536231.0,500200.0,"USDT",536231.0,51,4,6,8,13,0.004975124378109453,0.014925373134328358,0.9328069432763119,False,0.5327738494351817,0.1348268197344173,False,False,"",22.6,"",0,"[]","[]",0,False,False,"",""
"0xbc548830e62d5af878f281f9cb05668b006a294a","tron","USDT",233992.399999,210900.0,"USDT",233992.399999,210,1,7,8,24,0.20577617328519857,0.4187725631768953,0.9013113246451651,False,0.7081421394247748,0.16082805044115994,False,False,"",22.5,"",0,"[]","[]",0,False,False,"",""
"0x85cac7ea0abdd0f725390181d98845108a523cb5","tron","USDT",53234.0,53295.0,"USDT",53234.0,138,1,13,4,24,0.25139664804469275,0.4748603351955307,1.00114588420934,False,0.7046565246372893,0.16068878874808018,False,False,"",22.5,"",0,"[]","[]",0,False,False,"",""
"0xb2b865ffdcfca25559ccaefc894bd7e6e910e556","tron","USDT",91272.757694,90268.90669399999,"USDT",91272.757694,67,3,10,6,14,0.06,0.18,0.9890016361358829,False,0.7007810533589561,0.1600835230977002,False,False,"",22.5,"",0,"[]","[]",0,False,False,"",""
"0xfc5dff30e3ad58aee79d174072c20c6e93f4a7db","tron","USDT",168075.91999999998,176672.63,"USDT",168075.91999999998,150,1,16,4,24,0.23333333333333334,0.4222222222222222,1.0511477789322827,False,0.6925494670732476,0.15856331097010257,False,False,"",22.5,"",0,"[]","[]",0,False,False,"",""
"0x8cef1d04fb1386db3763a004951daffe43ddf4e2","tron","USDT",32013.940000000002,35054.53999999999,"USDT",32013.940000000002,160,2,10,8,24,0.2019704433497537,0.22660098522167488,1.0949773754808059,False,0.6872349148634982,0.15800555381391224,False,False,"",22.5,"",0,"[]","[]",0,False,False,"",""
"0x4541e53ee729ad79eeb66ac5bf53daf772574a4a","tron","USDT",566643.25764,581454.0,"USDT",566643.25764,184,1,6,8,23,0.3048128342245989,0.2727272727272727,1.0261376839136584,False,0.675184834351289,0.15623071346831852,False,False,"",22.5,"",0,"[]","[]",0,False,False,"",""
"0x423f9aadfef82d38ca39d6fca77a5a43a9bbb2b7","tron","USDT",209662.22999999998,300000.0,"USDT",209662.22999999998,66,1,1,8,17,0.11578947368421053,0.7789473684210526,1.4308728854023924,False,0.6551521822202835,0.1531213090306509,False,False,"",22.5,"",0,"[]","[]",0,False,False,"",""
"0xa31264ea484c027d33ce1eb8fcf74463084d8145","tron","USDT",760659.218189,622211.0,"USDT",760659.218189,179,1,5,8,24,0.35,0.25,0.8179891666617521,False,0.635292140817783,0.15018639422561242,False,False,"",22.5,"",0,"[]","[]",0,False,False,"",""
"0x446cb4528d4642b90ce96107e426cb02ab3f4f5d","tron","USDT",539870.37,448446.0,"USDT",539870.37,170,1,2,8,23,0.26900584795321636,0.24561403508771928,0.8306549588931876,False,0.6320879617472615,0.15020655047955367,False,False,"",22.5,"",0,"[]","[]",0,False,False,"",""
"0xfdeddff8450b5442e700688717085c91c3dfb665","tron","USDT",45341.7,28388.0,"USDT",45341.7,83,3,4,8,19,0.30337078651685395,0.6292134831460674,0.6260903318578704,False,0.6194807288547656,0.14823140859720535,False,False,"",22.5,"",0,"[]","[]",0,False,False,"",""
"0x7711fc9b3c420c540df00b78721877977edbb52d","tron","USDT",887703.6984189999,887703.0,"USDT",887703.6984189999,171,1,12,3,19,0.4680232558139535,0.06395348837209303,0.9999992132295932,False,0.6066112276750535,0.14610984044816944,False,False,"",22.5,"",0,"[]","[]",0,False,False,"",""
"0xd79071e43f0d74bc8fe6cbe59e2cb892fb0b0d1e","tron","USDT",63903.0,75560.0,"USDT",63903.0,58,3,4,8,16,0.18461538461538463,0.046153846153846156,1.1824171009185798,False,0.5744982024070505,0.1416310303762608,False,False,"",22.5,"",0,"[]","[]",0,False,False,"",""
"0xd0492c289b0d182c0d7cb8fe3fdb2bed90a275a3","tron","USDT",425220.165283,386249.0,"USDT",425220.165283,84,6,8,8,23,0.22477064220183487,0.0963302752293578,0.9083506181860797,False,0.5622393750939618,0.1397416319586522,False,False,"",22.5,"",0,"[]","[]",0,False,False,"",""
"0x2ba5e2029a50f24232d94e4acfc85a462ee9b8df","tron","USDT",17469.230000000003,10000.0,"USDT",17469.230000000003,63,1,1,8,15,0.19540229885057472,0.1724137931034483,0.5724350758447853,False,0.5460423715114043,0.13747166711037706,False,False,"",22.5,"",0,"[]","[]",0,False,False,"",""
"0x5322552d5bdf85549be9f88d5de4414e9ba8a8f7","tron","USDT",16501.83,15502.83,"USDT",16501.83,53,2,4,7,23,0.2698412698412698,0.49206349206349204,0.9394612597511911,False,0.5427107190053705,0.13687695528301852,False,False,"",22.5,"",0,"[]","[]",0,False,False,"",""
"0xbe1e9c84f14786ce0523527942bc260aedad510a","tron","USDT",29384.099999999988,28881.0,"USDT",29384.099999999988,83,3,4,8,24,0.16875,0.01875,0.9828784955128799,False,0.5407711271617424,0.13687956391391115,False,False,"",22.5,"",0,"[]","[]",0,False,False,"",""
"0xbfb837c9f91fafaaa1eddafdf1267fe6d4bbba66","tron","USDT",63369.0,58700.0,"USDT",63369.0,52,4,10,8,19,0.13793103448275862,0.5,0.9263204405939813,False,0.5347262127265955,0.13578410329200546,False,False,"",22.5,"",0,"[]","[]",0,False,False,"",""
"0xcd858aa920b22b829ca28081886bee048e3d0843","tron","USDT",70160.084985,68823.0,"USDT",70160.084985,119,1,4,8,24,0.24011713030746706,0.0,0.9809423693644919,False,0.5195636419589584,0.13369031303905715,False,False,"",22.5,"",0,"[]","[]",0,False,False,"",""
"0x9157ac20e565d5789b977aaaaa6e5055d47ae7c0","tron","USDT",88490.0,93972.5718,"USDT",88490.0,65,8,16,8,22,0.28125,0.2708333333333333,1.0619569646287716,False,0.5075324080603506,0.13153284595361642,False,False,"",22.5,"",0,"[]","[]",0,False,False,"",""
"0xcfcc40a2512161c7971837cb6fd31cb7524f4cb6","tron","USDT",937362.3767569996,631291.53,"USDT",937362.3767569996,75,2,12,8,24,0.21025641025641026,0.13333333333333333,0.6734764970875879,False,0.500966030031592,0.13100478461772713,False,False,"",22.5,"",0,"[]","[]",0,False,False,"",""
"0x2ccd628f2921e8f4abc8e0cedf2e5638b23f9f8b","tron","USDT",60987.30018,62568.30018,"USDT",60987.30018,141,1,13,4,24,0.23563218390804597,0.46551724137931033,1.0259234298834967,False,0.7005526515401093,0.16070196720368662,False,False,"",22.4,"",0,"[]","[]",0,False,False,"",""
"0x4f1869afbeb7a4854570d22f036befd106c90990","tron","USDT",205225.39028800002,205225.390288,"USDT",205225.39028800002,95,1,1,1,1,0.0,0.0,0.9999999999999999,False,0.6398251904975347,0.15179595050070332,False,False,"",22.4,"",0,"[]","[]",0,False,False,"",""
"0x64e31bce224a668f90fad1b066234d09a950747c","tron","USDT",624057.483275,543549.0,"USDT",624057.483275,185,1,4,8,21,0.29411764705882354,0.1925133689839572,0.8709918790613672,False,0.6323113296446355,0.15067180090201288,False,False,"",22.4,"",0,"[]","[]",0,False,False,"",""
"0xf8cb1bc45275f719fb9699906345238c08e4659a","tron","USDT",1048160.646,1048160.0,"USDT",1048160.646,154,1,12,2,11,0.44329896907216493,0.0859106529209622,0.9999993836822605,False,0.6069698453603876,0.14690579933518505,False,False,"",22.4,"",0,"[]","[]",0,False,False,"",""
"0x164332e3e2deb2e064df1c7f0d0eb50a0e11477d","tron","USDT",34721.31,54201.25,"USDT",34721.31,144,5,8,8,22,0.1872146118721461,0.0684931506849315,1.561037011564368,False,0.531427738879417,0.13561605689515838,False,False,"",22.4,"",0,"[]","[]",0,False,False,"",""
"0x872a4974b59a0f81ee23a79d833b687e8e24d947","tron","USDT",36113.782357000004,38614.0,"USDT",36113.782357000004,66,6,13,8,21,0.13333333333333333,0.13333333333333333,1.069231674995554,False,0.5202191065069404,0.13430351087616327,False,False,"",22.4,"",0,"[]","[]",0,False,False,"",""
"0xacc6c898e4aabc98b641363aea1d803123bc6287","tron","USDT",210866.471805,52239.95,"USDT",210866.471805,85,9,9,3,2,0.0,0.07058823529411765,0.24773947964714463,True,0.4220938394525128,0.11970315544554144,False,False,"",22.4,"",0,"[]","[]",0,False,False,"",""
"0x5ed0d8082f037648779b0d11007d14419c0d46d5","tron","USDT",15055.0,280.0,"USDT",15055.0,53,1,1,7,19,0.13095238095238096,0.047619047619047616,0.018598472268349386,True,0.08115133945591103,0.0700963846425896,False,False,"",22.4,"",0,"[]","[]",0,False,False,"",""
"0x0c8640dda9ea1b8c2af93dfd9c16861a6f8c8004","tron","USDT",73750.31,73911.31,"USDT",73750.31,168,2,12,7,24,0.2009132420091324,0.3789954337899543,1.0021830416712825,False,0.7497426834631438,0.16800336191967097,False,False,"",22.3,"",0,"[]","[]",0,False,False,"",""
"0xb20eb2c00fb36b046852596c45484ef70a769ebe","tron","USDT",69431.62000000001,73565.62000000001,"USDT",69431.62000000001,162,2,13,6,24,0.1836734693877551,0.3877551020408163,1.0595405954808486,False,0.7379574120557801,0.1664064870257963,False,False,"",22.3,"",0,"[]","[]",0,False,False,"",""
"0x2b4eca218979527623704329a76c794260d28116","tron","USDT",98056.47,99901.47,"USDT",98056.47,139,1,15,4,24,0.21511627906976744,0.4883720930232558,1.018815688551709,False,0.7036102374577443,0.16133186515158182,False,False,"",22.3,"",0,"[]","[]",0,False,False,"",""
"0xe8a8115234bd6f3e5091a01225e05332903e373b","tron","USDT",36984.264504,38758.264504000006,"USDT",36984.264504,155,2,10,7,24,0.19170984455958548,0.22797927461139897,1.0479663452495627,False,0.6952027865305447,0.16043911900263436,False,False,"",22.3,"",0,"[]","[]",0,False,False,"",""
"0x6b095439e6132b9da31810935a963a53c790ab44","tron","USDT",981159.2206470002,1016499.8906469999,"USDT",981159.2206470002,71,2,11,6,13,0.0,0.10752688172043011,1.0360193017160815,False,0.6841677219068958,0.15895649465967837,False,False,"",22.3,"",0,"[]","[]",0,False,False,"",""
"0x250dd6d2807b771136070af545a3618db699f9b6","tron","USDT",355300.0,377300.0,"USDT",355300.0,62,5,12,7,13,0.4909090909090909,1.0,1.061919504643963,False,0.618633580021454,0.1491589348715962,False,False,"",22.3,"",0,"[]","[]",0,False,False,"",""
"0xf7f3eed600db535d39b3fa0203281f758ef60a69","tron","USDT",681506.783344,920216.0,"USDT",681506.783344,191,1,6,8,23,0.30612244897959184,0.22448979591836735,1.3502668241755538,False,0.5999824935243693,0.14660963902977348,False,False,"",22.3,"",0,"[]","[]",0,False,False,"",""
"0xca214d74cd3ec63b5ca1ba3fca8dae5910971ce0","tron","USDT",1211753.3391399998,1211753.0,"USDT",1211753.3391399998,125,1,11,5,23,0.21395348837209302,0.05116279069767442,0.9999997201245593,False,0.5717390744596944,0.1423269225918003,False,False,"",22.3,"",0,"[]","[]",0,False,False,"",""
"0x6b4f960f72bc0d0283d58a523945357ed6ccb5f5","tron","USDT",325250.25,165449.560001,"USDT",325250.25,150,1,1,6,24,0.25471698113207547,0.27358490566037735,0.5086838826442102,False,0.5661921776942387,0.14145205294489493,False,False,"",22.3,"",0,"[]","[]",0,False,False,"",""
"0xda6609281a0755fd4cbbc52b52836489eb632b40","tron","USDT",314194.58968099987,340844.0,"USDT",314194.58968099987,80,4,4,8,22,0.19834710743801653,0.05785123966942149,1.0848181706313185,False,0.5373169575366677,0.13700154484459454,False,False,"",22.3,"",0,"[]","[]",0,False,False,"",""
"0x86f6e1a2e616067c3ca7d681f2cbf6dda9764068","tron","USDT",351261.6811370001,212661.99000000002,"USDT",351261.6811370001,113,8,10,8,10,0.25120772946859904,0.15942028985507245,0.6054232540015003,False,0.5215104688191257,0.13515201038022834,False,False,"",22.3,"",0,"[]","[]",0,False,False,"",""
"0x9177445fd5245159b67ffd5b81b6cd5fa0807ceb","tron","USDT",10197.082188999999,12556.0,"USDT",10197.082188999999,50,1,3,8,15,0.0,0.1,1.2313326270474372,False,0.4785205655810997,0.12846496408045022,False,False,"",22.3,"",0,"[]","[]",0,False,False,"",""
"0xded964cd13d44575fc86335b32ff277ff9c13cf7","tron","USDT",15041.104047999997,15021.654047999997,"USDT",15041.104047999997,56,1,21,8,23,0.25,0.14473684210526316,0.9987068768397632,False,0.4381546429609603,0.12281143660107491,False,False,"",22.3,"",0,"[]","[]",0,False,False,"",""
"0x4ae7d64a82d8d17d9e2b909299314409791cefb6","tron","USDT",215752.46999999994,222000.0,"USDT",215752.46999999994,143,2,13,8,15,0.35664335664335667,0.5944055944055944,1.0289569338418236,False,0.7639082994709898,0.17116724065486016,False,False,"",22.2,"",0,"[]","[]",0,False,False,"",""
"0x5aaad413ebc51c9d0aeb7af29c97f05942d45110","tron","USDT",32026.808584,36637.0,"USDT",32026.808584,108,2,3,2,2,0.0,0.12962962962962962,1.1439478867808004,False,0.7557240936433918,0.16956426825351006,False,False,"",22.2,"",0,"[]","[]",0,False,False,"",""
"0x680e1ec6270950d85ec9d92996560dd145efdf3c","tron","USDT",290612.86136700003,287902.586312,"USDT",290612.86136700003,179,2,14,8,24,0.2145214521452145,0.32673267326732675,0.9906739328663869,False,0.7399097753675401,0.1676819667557336,False,False,"",22.2,"",0,"[]","[]",0,False,False,"",""
"0xe268c1f7c92e54ce762de5a94b42342ee4e2fa9b","tron","USDT",79650.83,81351.83,"USDT",79650.83,141,1,14,4,24,0.2441860465116279,0.5058139534883721,1.0213557096642936,False,0.7070690642527083,0.16269860233968542,False,False,"",22.2,"",0,"[]","[]",0,False,False,"",""
"0x980f5669e1570e396e24cd1d53e77fb7cb3362b2","tron","USDT",199358.15,199594.15000000002,"USDT",199358.15,133,1,17,4,24,0.23214285714285715,0.4583333333333333,1.0011837991072852,False,0.6976117386097397,0.16127013819408098,False,False,"",22.2,"",0,"[]","[]",0,False,False,"",""
"0x2974189d4200254a3efd0f5d10b7318825c08976","tron","USDT",620581.136724,675912.0,"USDT",620581.136724,177,1,7,8,24,0.3539325842696629,0.24157303370786518,1.0891597568822142,False,0.6501868742622842,0.15460559664681428,False,False,"",22.2,"",0,"[]","[]",0,False,False,"",""
"0x09d227d2d81405becf87518b8dc6f223758aabad","tron","USDT",177402.78,177574.0,"USDT",177402.78,62,2,24,8,24,0.13564668769716087,0.8138801261829653,1.0009651483477318,False,0.622039153208087,0.15006189121319286,False,False,"",22.2,"",0,"[]","[]",0,False,False,"",""
"0x04f5a2aa810aaa66345de4028ff5f54c2724ef9c","tron","USDT",63076.677427,59500.0,"USDT",63076.677427,73,5,7,8,17,0.4166666666666667,0.3229166666666667,0.943296356547325,False,0.6006942332099581,0.1472966559507814,False,False,"",22.2,"",0,"[]","[]",0,False,False,"",""
"0xa21e271fb77a8ac13a3f59f41997d8cc7c6a9c59","tron","USDT",861202.125708,891462.97,"USDT",861202.125708,58,4,14,8,23,0.14906832298136646,0.35403726708074534,1.0351379117499533,False,0.5500096206979699,0.13964135492036917,False,False,"",22.2,"",0,"[]","[]",0,False,False,"",""
"0x852a18c6e70052684aae4fd0126d735b26609d10","tron","USDT",10384.0,10385.0,"USDT",10384.0,52,1,3,4,24,0.1794871794871795,0.34615384615384615,1.0000963020030817,False,0.46425684896738006,0.1272692417416802,False,False,"",22.2,"",0,"[]","[]",0,False,False,"",""
"0xdb41624fbfba079b0f0953e42ee67ddac7647ee6","tron","USDT",12490.058581000001,8500.0,"USDT",12490.058581000001,86,1,1,4,23,0.205607476635514,0.009345794392523364,0.680541243651994,False,0.4283538784928371,0.12188471769078357,False,False,"",22.2,"",0,"[]","[]",0,False,False,"",""
"0xf25447db2c6b266505836be9ad8640088a7aa35b","tron","USDT",11689.43,11608.1,"USDT",11689.43,51,1,18,8,23,0.23943661971830985,0.08450704225352113,0.9930424323512781,False,0.376197011795222,0.11446570405516554,False,False,"",22.2,"",0,"[]","[]",0,False,False,"",""
"0x399f249333b57440eb12aff80360542fdeffb42a","tron","USDT",264013.33010799997,269507.0,"USDT",264013.33010799997,87,1,16,8,11,0.0,0.3532608695652174,1.02080830498124,False,0.7586352910431962,0.17079077824850958,False,False,"",22.1,"",0,"[]","[]",0,False,False,"",""
"0x46afdd1d260e2c0c307f1c9fb36b13e2cc53eaed","tron","USDT",698224.46,675354.46,"USDT",698224.46,69,1,8,8,11,0.035211267605633804,0.8591549295774648,0.9672454900820862,False,0.7482227421221994,0.16923070504311505,False,False,"",22.1,"",0,"[]","[]",0,False,False,"",""
"0x94fb93bd38726abb3b15ebf96e676c1077e745d5","tron","USDT",120000.0,120000.0,"USDT",120000.0,64,2,3,2,2,0.0,0.352112676056338,1.0,False,0.7357014791573286,0.16751214320685048,False,False,"",22.1,"",0,"[]","[]",0,False,False,"",""
"0x4766a6bced9679365a6819972fa0b048a3874f5c","tron","USDT",207556.15,207907.15,"USDT",207556.15,144,1,15,4,24,0.24043715846994534,0.4972677595628415,1.0016911086469853,False,0.7135568925691238,0.16433984607922453,False,False,"",22.1,"",0,"[]","[]",0,False,False,"",""
"0x8f2317dd33f961e93df2ffbcbca582227121a23c","tron","USDT",68082.63999999998,72348.24,"USDT",68082.63999999998,142,1,13,4,24,0.23728813559322035,0.4632768361581921,1.0626532696146922,False,0.6937893819354211,0.16143876757200454,False,False,"",22.1,"",0,"[]","[]",0,False,False,"",""
"0xa2ea5a2905b69fea2886668720762cbf87782018","tron","USDT",791628.6415499998,791628.64155,"USDT",791628.6415499998,160,2,7,8,5,0.39649122807017545,0.14736842105263157,1.0000000000000002,False,0.6830121021963245,0.15956117680196913,False,False,"",22.1,"",0,"[]","[]",0,False,False,"",""
"0xc399d87abd2d60e98c21ce6b6ade6c8917f616f1","tron","USDT",88017.39060000001,93651.0,"USDT",88017.39060000001,137,3,10,8,24,0.20657276995305165,0.12206572769953052,1.0640056398127302,False,0.6463875766542178,0.15440870816661634,False,False,"",22.1,"",0,"[]","[]",0,False,False,"",""
"0xd1199c3f43973b9bbefa82cc61506589c98c9f99","tron","USDT",656579.7600000001,523999.24,"USDT",656579.7600000001,165,1,3,8,24,0.16172506738544473,0.2803234501347709,0.7980740070330524,False,0.6333485530874711,0.15262010294478195,False,False,"",22.1,"",0,"[]","[]",0,False,False,"",""
"0x3f9f3926014c535d9e2489cc717385c556bf25d6","tron","USDT",15820.22,13836.22,"USDT",15820.22,109,2,4,5,24,0.2781954887218045,0.14285714285714285,0.8745908716819362,False,0.6152812402261228,0.1495642238349787,False,False,"",22.1,"",0,"[]","[]",0,False,False,"",""
"0x576adcb08916c5f37e0e3982bc388b8ee955d329","tron","USDT",656410.3033259999,600000.0,"USDT",656410.3033259999,96,4,5,8,22,0.2153846153846154,0.11538461538461539,0.9140624346690301,False,0.5924718325187456,0.1463950825594172,False,False,"",22.1,"",0,"[]","[]",0,False,False,"",""
"0x2923989fd98016d8551cad085a66c9c2f20f7559","tron","USDT",485798.73,500000.0,"USDT",485798.73,61,1,7,8,23,0.3591549295774648,0.9788732394366197,1.0292328265246804,False,0.5684922961921505,0.14305149842545178,False,False,"",22.1,"",0,"[]","[]",0,False,False,"",""
"0xa1fb81092a6411f29a39f712bc530aa6dde4482c","tron","USDT",1010543.52,651725.0,"USDT",1010543.52,97,3,6,8,23,0.1708542713567839,0.1457286432160804,0.644925218064829,False,0.5503880019276229,0.14046742447782024,False,False,"",22.1,"",0,"[]","[]",0,False,False,"",""
"0x7b1acc649d35b3c11dbe07557dcb186b022d6ae5","tron","USDT",261536.7370090001,284000.0,"USDT",261536.7370090001,162,1,7,8,24,0.18353576248313092,0.004048582995951417,1.0858895130676303,False,0.5479498427921216,0.14017973492105212,False,False,"",22.1,"",0,"[]","[]",0,False,False,"",""
"0x91481c4ede0bfc6d3560e36bf49879595f6e71f0","tron","USDT",741388.0,745000.0,"USDT",741388.0,55,1,8,8,24,0.2237442922374429,0.958904109589041,1.004871942896297,False,0.5399489641773519,0.13853060417896645,False,False,"",22.1,"",0,"[]","[]",0,False,False,"",""
"0xb2fd9a781703f71bb982fcd167e9bd70c2ad0940","tron","USDT",119233.24022899997,250000.0,"USDT",119233.24022899997,245,2,2,8,24,0.08273381294964029,0.10431654676258993,2.096730739849464,False,0.4962796952039444,0.13260807390755636,False,False,"",22.1,"",0,"[]","[]",0,False,False,"",""
"0xb72b94ba746d8cb22df00f6841adebbafc3c0063","tron","USDT",24859.018584,24250.0,"USDT",24859.018584,50,4,11,8,20,0.07317073170731707,0.10975609756097561,0.9755011010614882,False,0.42365243894829047,0.12166932166074523,False,False,"",22.1,"",0,"[]","[]",0,False,False,"",""
"0x3c62f8449be62f056029f45311912c60d76d74fe","tron","USDT",24248.487519,3243.0,"USDT",24248.487519,54,3,4,8,18,0.2222222222222222,0.031746031746031744,0.13374030019228764,True,0.3041348820913486,0.10424889307575697,False,False,"",22.1,"",0,"[]","[]",0,False,False,"",""
"0xad55949f2a1eaef7ec0884f959a7f9eaf2f93eb4","tron","USDT",140974.18248899994,140983.0,"USDT",140974.18248899994,163,1,3,3,4,0.0,0.0,1.000062546991544,False,0.7050973068275989,0.16330522609847498,False,False,"",22.0,"",0,"[]","[]",0,False,False,"",""
"0x9f2f9f7967ef8d1744e5df5172bf5539a19bc512","tron","USDT",99580.17,88028.0,"USDT",99580.17,90,3,10,8,19,0.4222222222222222,0.3888888888888889,0.8839912605089949,False,0.6546333036481907,0.15607487218030797,False,False,"",22.0,"",0,"[]","[]",0,False,False,"",""
"0x76276addeb0a4a38e7ee4abe0a0cccb022f18147","tron","USDT",35261.10686600001,35783.0,"USDT",35261.10686600001,130,1,5,8,24,0.11320754716981132,0.14339622641509434,1.0148008154135177,False,0.6082007513054631,0.1491859828877049,False,False,"",22.0,"",0,"[]","[]",0,False,False,"",""
"0x1222b09d7cad99fe5b44b8018e73eb618f4f26b3","tron","USDT",552491.62,532560.3300000001,"USDT",552491.62,50,5,10,8,21,0.21212121212121213,0.43434343434343436,0.9639247197993701,False,0.5126863334713039,0.13566519066367927,False,False,"",22.0,"",0,"[]","[]",0,False,False,"",""
"0x27709310af3f162f2474a8f547dc72a71a886ed9","tron","USDT",28272.706628999997,29005.796629,"USDT",28272.706628999997,79,1,21,8,24,0.24583333333333332,0.09583333333333334,1.0259292472284227,False,0.5117124024592908,0.13535168636764183,False,False,"",22.0,"",0,"[]","[]",0,False,False,"",""
"0x08d578cc40195468302872c49c8c534c649893f7","tron","USDT",76681.06,79347.06,"USDT",76681.06,160,2,13,6,24,0.20618556701030927,0.3711340206185567,1.0347673858446922,False,0.7374212426876282,0.16860839734936806,False,False,"",21.9,"",0,"[]","[]",0,False,False,"",""
"0x3549d7245f2617307224e0aa168ed5f1554cde19","tron","USDT",220670.35,225931.09,"USDT",220670.35,192,2,12,8,24,0.08695652173913043,0.2981366459627329,1.02383981354994,False,0.735886452350523,0.1684744889617898,False,False,"",21.9,"",0,"[]","[]",0,False,False,"",""
"0x592805267490a98094b58a15117c442d3dbc10e3","tron","USDT",117348.09,119172.09000000001,"USDT",117348.09,138,1,16,4,24,0.24324324324324326,0.4918918918918919,1.0155434996854231,False,0.7041974408069763,0.16377881843129888,False,False,"",21.9,"",0,"[]","[]",0,False,False,"",""
"0xf30048e7adc028b5e18f4505f4e6a4816c158891","tron","USDT",616972.0,616972.0,"USDT",616972.0,100,2,14,8,23,0.22123893805309736,0.3805309734513274,1.0,False,0.6922904527117885,0.16239099681540375,False,False,"",21.9,"",0,"[]","[]",0,False,False,"",""
"0x65a5c051f151eb91631030ba6f6e2c76ff41c7a8","tron","USDT",842410.6570000001,847381.14,"USDT",842410.6570000001,96,2,5,1,10,0.0,0.0,1.0059003087849112,False,0.6899898172210546,0.16210851979124086,False,False,"",21.9,"",0,"[]","[]",0,False,False,"",""
"0x59e3ad48a31fac14cc393b77dc677f98e290c091","tron","USDT",121141.63,125500.0,"USDT",121141.63,114,1,9,8,24,0.13991769547325103,0.411522633744856,1.035977475290699,False,0.6623697223331646,0.15772773296933584,False,False,"",21.9,"",0,"[]","[]",0,False,False,"",""
"0x1047521d6ac7f959d53e06eb88d6da2e411f24ee","tron","USDT",203158.659023,160000.0,"USDT",203158.659023,134,1,4,8,24,0.1483050847457627,0.4470338983050847,0.7875618040079999,False,0.65417305107502,0.15682302417715516,False,False,"",21.9,"",0,"[]","[]",0,False,False,"",""
"0xb1d3d3ed388d21aceb4aeea64d1db3222e1cd945","tron","USDT",156505.91587300002,212645.513804,"USDT",156505.91587300002,221,2,5,8,20,0.03861003861003861,0.09266409266409266,1.3587059161172899,False,0.6138930615098455,0.15066855382279548,False,False,"",21.9,"",0,"[]","[]",0,False,False,"",""
"0x659737fc012742ffecc3165d7ebe30b65dbca3ed","tron","USDT",12864.0,13011.0,"USDT",12864.0,66,2,4,8,24,0.18478260869565216,0.3804347826086957,1.0114272388059702,False,0.6009418045920109,0.14899498868761185,False,False,"",21.9,"",0,"[]","[]",0,False,False,"",""
"0x10c6b4da75d8044a14e2e2d5b03ae072705db816","tron","USDT",464759.55,362266.404846,"USDT",464759.55,51,7,10,8,11,0.2734375,0.8671875,0.7794705990355659,False,0.46284167695637357,0.1285842161936604,False,False,"",21.9,"",0,"[]","[]",0,False,False,"",""
"0x73925a8ed452550c30e2767740508cced46cb5d9","tron","USDT",120141.04,124257.04,"USDT",120141.04,140,1,15,4,24,0.24022346368715083,0.43575418994413406,1.0342597333933516,False,0.6911310206005766,0.16289203715704892,False,False,"",21.8,"",0,"[]","[]",0,False,False,"",""
"0x47f9ec8cf2104ba07ccff7b4f05c562cb424c8e8","tron","USDT",538236.0570690001,601246.0000000001,"USDT",538236.0570690001,96,2,13,8,24,0.16766467065868262,0.5299401197604791,1.1170674875892277,False,0.6894731004202989,0.16248460080386762,False,False,"",21.8,"",0,"[]","[]",0,False,False,"",""
"0x252c595f6991233740ae2e50edfcd5cc9d2ce8c7","tron","USDT",321470.784713,332000.0,"USDT",321470.784713,143,1,9,8,24,0.25338491295938104,0.21083172147001933,1.032753257178254,False,0.6354260406306872,0.15454042088929182,False,False,"",21.8,"",0,"[]","[]",0,False,False,"",""
"0x3becfc9afa4971ab9417dec10df26759ca24766c","tron","USDT",427542.8175999999,372801.31759999995,"USDT",427542.8175999999,69,3,8,8,20,0.27586206896551724,0.5747126436781609,0.8719625315955724,False,0.6198877999094328,0.1520233907111162,False,False,"",21.8,"",0,"[]","[]",0,False,False,"",""
"0xcce162e23b2b69162af0df6a21b0a8bdc44a152d","tron","USDT",83570.297977,57773.0,"USDT",83570.297977,58,5,14,3,6,0.288135593220339,0.3898305084745763,0.6913102070774013,False,0.504756886776305,0.13543373127788993,False,False,"",21.8,"",0,"[]","[]",0,False,False,"",""
"0x922bccf8ba40a75eb359aae33f03e2a57ca21b3d","tron","USDT",44175.089009,47515.949009,"USDT",44175.089009,154,2,11,7,24,0.21052631578947367,0.24880382775119617,1.0756276914194638,False,0.6947355105731221,0.1638033519730352,False,False,"",21.7,"",0,"[]","[]",0,False,False,"",""
"0x251739115dc49b6e3a7561dc85b195bcf74533b4","tron","USDT",301747.03,295000.0,"USDT",301747.03,164,1,8,8,24,0.1407035175879397,0.3793969849246231,0.9776401113210624,False,0.6940040419863102,0.16362237925002499,False,False,"",21.7,"",0,"[]","[]",0,False,False,"",""
"0x917ca24ea55755378be7e43fbd69a66231df658e","tron","USDT",17579.88,16660.88,"USDT",17579.88,107,2,5,5,24,0.25196850393700787,0.25196850393700787,0.9477243303139725,False,0.6591773178781241,0.15852172282626986,False,False,"",21.7,"",0,"[]","[]",0,False,False,"",""
"0x08530267531588a2cd4dfdf99f5455121bae12c8","tron","USDT",497932.5578429999,556606.0,"USDT",497932.5578429999,140,2,2,8,21,0.30569948186528495,0.15544041450777202,1.1178341147467206,False,0.6488446517256895,0.15696308923069613,False,False,"",21.7,"",0,"[]","[]",0,False,False,"",""
"0x83ad88d44ec1897f826da6ad54edb87904ee0326","tron","USDT",17632.5,14208.5,"USDT",17632.5,109,2,4,5,24,0.2734375,0.265625,0.8058131291648943,False,0.6373840512027683,0.15550222613449882,False,False,"",21.7,"",0,"[]","[]",0,False,False,"",""
"0x360035651762044b09a8439c15239421bdf690db","tron","USDT",77252.92000000007,77657.37,"USDT",77252.92000000007,192,2,9,8,24,0.20041753653444677,0.0,1.0052354008107387,False,0.6181819651090311,0.152514354099622,False,False,"",21.7,"",0,"[]","[]",0,False,False,"",""
"0xc0d6ee0418e718f9e828ada2e485feca378896e0","tron","USDT",73173.76993400001,78176.301009,"USDT",73173.76993400001,68,4,11,2,13,0.1542056074766355,0.0,1.0683650860070772,False,0.6035389953490105,0.15056567672034654,False,False,"",21.7,"",0,"[]","[]",0,False,False,"",""
"0xbcf1cdf857eaaab25c86795cd3973b9fa17be9ae","tron","USDT",12078.26,12179.26,"USDT",12078.26,76,1,4,4,24,0.19148936170212766,0.30851063829787234,1.008362131631543,False,0.568722015627972,0.14554663949319452,False,False,"",21.7,"",0,"[]","[]",0,False,False,"",""
"0x146e7cb21a269e5434dc6792556cc46531d66981","tron","USDT",146165.97400000002,155246.749,"USDT",146165.97400000002,57,4,17,3,13,0.20388349514563106,0.0,1.062126463167139,False,0.5530834478416955,0.14318094822111094,False,False,"",21.7,"",0,"[]","[]",0,False,False,"",""
"0xe5d58a9d59252610fe5f8b49bbd1e26ac39d214a","tron","USDT",31884.729657,30000.0,"USDT",31884.729657,52,1,1,1,1,0.0,0.038461538461538464,0.9408892696511785,False,0.5041572353735346,0.13571169685925777,False,False,"",21.7,"",0,"[]","[]",0,False,False,"",""
"0xb94f9f6d201a3da04d970d774b1d52811cfda015","tron","USDT",106874.68332999999,46047.95,"USDT",106874.68332999999,149,1,1,8,19,0.3821656050955414,0.49044585987261147,0.43085928832945813,True,0.5016357751916649,0.13535604567856668,False,False,"",21.7,"",0,"[]","[]",0,False,False,"",""
"0x3b52e5777ef29f8e07a9b76f4d88537eee9e0b2f","tron","USDT",74208.928426,26420.008,"USDT",74208.928426,50,7,8,8,11,0.0,0.3698630136986301,0.3560219580093469,True,0.3742075292083239,0.11714979729374764,False,False,"",21.7,"",0,"[]","[]",0,False,False,"",""
"0xbeb05458eac0fb471c4dab4692d24dcc75499806","tron","USDT",231043.21057100003,243501.527047,"USDT",231043.21057100003,128,1,7,1,6,0.0,0.1796875,1.053922019371227,False,0.7600806790482109,0.17404566761543838,False,False,"",21.6,"",0,"[]","[]",0,False,False,"",""
"0x718f8cad2415b1f4afefbd897886bef34be6c553","tron","USDT",268617.76,269282.25,"USDT",268617.76,169,2,14,8,24,0.16326530612244897,0.272108843537415,1.0024737381474702,False,0.7227683630831909,0.1683661094006738,False,False,"",21.6,"",0,"[]","[]",0,False,False,"",""
"0x8637a49bc3170def5e0386debc3009ed16c29901","tron","USDT",396902.46239100007,366497.882392,"USDT",396902.46239100007,143,2,3,7,24,0.2,0.267741935483871,0.9233953354286635,False,0.6925230832219944,0.164068767901339,False,False,"",21.6,"",0,"[]","[]",0,False,False,"",""
"0x93f62fb7a02064304a405cb2f1104f3297a0a44e","tron","USDT",315381.88,311529.32,"USDT",315381.88,162,1,2,7,24,0.1797752808988764,0.27340823970037453,0.9877844599061937,False,0.6681082142582445,0.16063317593129184,False,False,"",21.6,"",0,"[]","[]",0,False,False,"",""
"0x2a23fcab91528e622bc8a3d5ee514670a57c6e47","tron","USDT",767203.904525,738000.0,"USDT",767203.904525,123,1,15,8,22,0.18421052631578946,0.19736842105263158,0.9619346247421915,False,0.6135881799910201,0.15236766769195775,False,False,"",21.6,"",0,"[]","[]",0,False,False,"",""
"0xf13f1586e2714ad3b82bfb23f1c4d310e180b65a","tron","USDT",235655.75777,251552.0,"USDT",235655.75777,60,3,6,8,21,0.29571984435797666,0.7159533073929961,1.0674553525889858,False,0.5969526766807686,0.14987466351281287,False,False,"",21.6,"",0,"[]","[]",0,False,False,"",""
"0x45f3bd766e6a62cb4c893a0a8eee2ae9005875f1","tron","USDT",1104340.6612870004,1104340.661287,"USDT",1104340.6612870004,132,1,9,3,15,0.3317972350230415,0.06912442396313365,0.9999999999999996,False,0.5834827431645001,0.14825394448236162,False,False,"",21.6,"",0,"[]","[]",0,False,False,"",""
"0xeb60989cb4616c29566dc01280bde3b45f040d7b","tron","USDT",147599.61332499993,224284.0,"USDT",147599.61332499993,54,5,8,8,18,0.11578947368421053,0.3368421052631579,1.519543276215423,False,0.571819717683854,0.14647154565324583,False,False,"",21.6,"",0,"[]","[]",0,False,False,"",""
"0xe0510b35499da14beea5e49e81735933899c9475","tron","USDT",361204.32760599995,260936.0,"USDT",361204.32760599995,99,1,10,6,19,0.05401844532279315,0.3346508563899868,0.7224055196941821,False,0.5716662227196522,0.14616571273292644,False,False,"",21.6,"",0,"[]","[]",0,False,False,"",""
"0x5cd18d2e73cfea0b0b8ef6ece0e2b5b1c81d81c8","tron","USDT",1148605.4523139999,1135000.0,"USDT",1148605.4523139999,64,1,11,8,11,0.4596774193548387,0.46774193548387094,0.9881548078266649,False,0.5623777119015051,0.14499245755989465,False,False,"",21.6,"",0,"[]","[]",0,False,False,"",""
"0x645cff435aa961c09bdfc6f8f5719c4c77f2aba7","tron","USDT",102019.357873,102019.35725,"USDT",102019.357873,65,4,4,2,23,0.18840579710144928,0.1956521739130435,0.9999999938933158,False,0.5488121906208864,0.14314011764165302,False,False,"",21.6,"",0,"[]","[]",0,False,False,"",""
"0x0fff7a8a21b034b87b1fdaf09db59d3ecdfae567","tron","USDT",54851.134999999995,52223.816000000006,"USDT",54851.134999999995,161,1,2,8,24,0.2299168975069252,0.0,0.9521009182398871,False,0.544790421209609,0.14228966796315345,False,False,"",21.6,"",0,"[]","[]",0,False,False,"",""
"0x5b1c109e7c55671b39c7c2be52a6c9b681d60264","tron","USDT",193468.55366599993,220629.0,"USDT",193468.55366599993,77,6,16,8,24,0.3021148036253776,0.10876132930513595,1.1403868784840832,False,0.537610656575707,0.14118395330871336,False,False,"",21.6,"",0,"[]","[]",0,False,False,"",""
"0x3b1d2514870e24a729c7c8baccdf71818f1f669f","tron","USDT",14078.682662,10700.0,"USDT",14078.682662,72,1,2,8,18,0.1744186046511628,0.0,0.7600142894676178,False,0.53293069294507,0.14055114237903632,False,False,"",21.6,"",0,"[]","[]",0,False,False,"",""
"0x83ad0e57c29a97431caf8fd7087b5eca1be08836","tron","USDT",10697.300000000001,12245.3,"USDT",10697.300000000001,71,1,4,4,24,0.1744186046511628,0.3488372093023256,1.1447094126555297,False,0.5328017301986117,0.14054560163210328,False,False,"",21.6,"",0,"[]","[]",0,False,False,"",""
"0xe6d0f616aacedb446da04fdcc195c21cbaf15507","tron","USDT",196901.469093,510485.53877,"USDT",196901.469093,93,3,25,6,7,0.4161073825503356,0.5771812080536913,2.592593854791854,False,0.5124159569699687,0.137813675029199,False,False,"",21.6,"",0,"[]","[]",0,False,False,"",""
"0x9f4f98088c102709156a6fb9e72b4a198dd524bd","tron","USDT",52972.11,50000.0,"USDT",52972.11,66,2,4,6,13,0.025,0.475,0.943892927806727,False,0.7643724896402339,0.1751207106351242,False,False,"",21.5,"",0,"[]","[]",0,False,False,"",""
"0xe2ec080c3ab256442508e3cbc19347eda2947d99","tron","USDT",79363.37,78030.37,"USDT",79363.37,112,2,17,8,24,0.22285714285714286,0.44,0.9832038382442682,False,0.7218312651835914,0.1686904400678818,False,False,"",21.5,"",0,"[]","[]",0,False,False,"",""
"0x0ccdbf18e657f64485d934f3d73e57a04a7af5f9","tron","USDT",86267.32999999999,87454.33,"USDT",86267.32999999999,128,1,15,4,24,0.2413793103448276,0.47126436781609193,1.0137595541672615,False,0.6945363007308686,0.1647302812138549,False,False,"",21.5,"",0,"[]","[]",0,False,False,"",""
"0xe39a52f506db76c22b91ae34ebabb5ce65799a4a","tron","USDT",796283.9925080001,549846.0,"USDT",796283.9925080001,98,2,3,8,24,0.13131313131313133,0.6666666666666666,0.6905149484019997,False,0.6605816987794587,0.15980576824380327,False,False,"",21.5,"",0,"[]","[]",0,False,False,"",""
"0x7626764f7024b185c48685194aebd9813c60dc2f","tron","USDT",249834.039989,258025.0,"USDT",249834.039989,67,4,13,7,9,0.2818181818181818,0.8363636363636363,1.0327856044410948,False,0.6404621529800016,0.1571118161105372,False,False,"",21.5,"",0,"[]","[]",0,False,False,"",""
"0x418fa7ae3763bc61f97e7517969720c9144bf9d7","tron","USDT",117040.5,120422.0,"USDT",117040.5,116,3,11,8,24,0.08808290155440414,0.07253886010362694,1.0288917084257159,False,0.6158039084269142,0.15368383087615217,False,False,"",21.5,"",0,"[]","[]",0,False,False,"",""
"0x8fd579da304110b99d11286254125814fdb3fdc8","tron","USDT",256732.54025800002,303183.51090899995,"USDT",256732.54025800002,104,7,12,6,8,0.575,0.24166666666666667,1.1809313716302563,False,0.5752435777582159,0.14722109249530513,False,False,"",21.5,"",0,"[]","[]",0,False,False,"",""
"0x5c795229ec69746bd65c105eac5c153e07f6d682","tron","USDT",1506052.0,1607052.0,"USDT",1506052.0,51,1,7,8,24,0.3168724279835391,0.9794238683127572,1.0670627574612297,False,0.4980173005920212,0.13606882800155656,False,False,"",21.5,"",0,"[]","[]",0,False,False,"",""
"0x79cfeda1e86d56e15e295f48f477cf83872a2dba","tron","USDT",23371.65,20000.0,"USDT",23371.65,51,1,1,8,15,0.10294117647058823,0.04411764705882353,0.8557376137328772,False,0.48264460925486763,0.13384168342002806,False,False,"",21.5,"",0,"[]","[]",0,False,False,"",""
"0x9e8e0d10d32c94552df0646d41479e3588b54258","tron","USDT",72191.95000000001,70946.95,"USDT",72191.95000000001,145,2,12,5,24,0.2810810810810811,0.372972972972973,0.9827543098641882,False,0.7330591542184675,0.17104608066670346,False,False,"",21.4,"",0,"[]","[]",0,False,False,"",""
"0xc6d8a0675d75ecd6c85a553bd5fc72c1cf699612","tron","USDT",365426.675,365452.53,"USDT",365426.675,128,2,4,1,10,0.0,0.0,1.0000707529082271,False,0.7318325549315774,0.17093006309402703,False,False,"",21.4,"",0,"[]","[]",0,False,False,"",""
"0xc3c7749fbb84f3c166eedb9ea8311e8b6e4d035a","tron","USDT",834099.9899999999,821099.0,"USDT",834099.9899999999,74,2,8,8,22,0.0906801007556675,0.3526448362720403,0.9844131517133816,False,0.6205715590741869,0.15475867043676317,False,False,"",21.4,"",0,"[]","[]",0,False,False,"",""
"0x6bea8169434f18218ce56a33531e770a57cf44b8","tron","USDT",51107.636889,48810.8,"USDT",51107.636889,86,4,6,8,20,0.14285714285714285,0.20535714285714285,0.9550588321274085,False,0.6123250788414387,0.15337523243981716,False,False,"",21.4,"",0,"[]","[]",0,False,False,"",""
"0xb470061bd00bfaa1d8dd9842deed592f3c92b057","tron","USDT",801707.85,430210.0,"USDT",801707.85,71,6,12,8,24,0.22302158273381295,0.9640287769784173,0.5366169234840348,False,0.5726752448492051,0.14779846906578137,False,False,"",21.4,"",0,"[]","[]",0,False,False,"",""
"0xacd355cad0f63445aa585c53b8c194a676f02e21","tron","USDT",719998.5059410001,598096.0,"USDT",719998.5059410001,59,4,4,8,23,0.5151515151515151,0.10101010101010101,0.8306906126399806,False,0.4534756393366021,0.13055324603843144,False,False,"",21.4,"",0,"[]","[]",0,False,False,"",""
"0x715f6edc948a54da0bf45e0dab4e615e694eb046","tron","USDT",277520.35,238500.759367,"USDT",277520.35,66,2,11,5,9,0.019230769230769232,0.8942307692307693,0.8593991733110743,False,0.7675095971005834,0.17675505269348202,False,False,"",21.3,"",0,"[]","[]",0,False,False,"",""
"0x831b345f5ec8649b39c8ff7fe7bfb4adb4b22ccb","tron","USDT",126260.35,125509.35,"USDT",126260.35,154,2,13,5,24,0.2663316582914573,0.3768844221105528,0.9940519727689651,False,0.7420197177272578,0.17308366135671666,False,False,"",21.3,"",0,"[]","[]",0,False,False,"",""
"0x81c9714e45edd86a5573ae5eee239c10226fd080","tron","USDT",316676.907015,321416.94701500004,"USDT",316676.907015,176,2,12,8,24,0.26143790849673204,0.2973856209150327,1.0149680633320557,False,0.7295702600364128,0.17126768667195624,False,False,"",21.3,"",0,"[]","[]",0,False,False,"",""
"0xe168efa4a00f2849d5f83bf54748037950b286b9","tron","USDT",705228.408,705228.805,"USDT",705228.408,153,2,9,5,15,0.3757115749525617,0.0,1.000000562938185,False,0.6008067005006643,0.152304949066714,False,False,"",21.3,"",0,"[]","[]",0,False,False,"",""
"0x4b67e35707487c105a521172ff315cf2b44255cb","tron","USDT",440569.946219,430491.546219,"USDT",440569.946219,176,1,7,8,24,0.2087912087912088,0.023809523809523808,0.9771241772470105,False,0.5862361308326383,0.15034763336175916,False,False,"",21.3,"",0,"[]","[]",0,False,False,"",""
"0xdee76c35da496d3a60ae063e5a69c2be2dbd1829","tron","USDT",269639.0,249639.0,"USDT",269639.0,54,3,18,8,10,0.5433070866141733,0.9606299212598425,0.9258267535482627,False,0.5675499316150762,0.14780566704825188,False,False,"",21.3,"",0,"[]","[]",0,False,False,"",""
"0xb6365c143b64ddc4ddf20c5e8b8c0054f571fd35","tron","USDT",116863.37000000001,116448.88,"USDT",116863.37000000001,55,4,5,8,19,0.35802469135802467,0.13580246913580246,0.996453208563128,False,0.4780669751953687,0.13435793449034233,False,False,"",21.3,"",0,"[]","[]",0,False,False,"",""
"0x97098ab2564886668b64be7bc84537a2490c5fff","tron","USDT",1293626.03,308885.5,"USDT",1293626.03,62,3,3,6,12,0.0,0.16083916083916083,0.2387749572416999,True,0.42106292511037496,0.12616121532806462,False,False,"",21.3,"",0,"[]","[]",0,False,False,"",""
"0x04a3be76036744be7ffd9a3d8dfda77d2781df5b","tron","USDT",10839.910771000003,8474.25457,"USDT",10839.910771000003,51,1,1,8,22,0.21621621621621623,0.0,0.7817642367196564,False,0.27876432201896495,0.10536799926619617,False,False,"",21.3,"",0,"[]","[]",0,False,False,"",""
"0x57c46ffa5ad6b93de59726e89107b9b3a815155a","tron","USDT",87072.42063400002,123736.0,"USDT",87072.42063400002,153,1,9,8,13,0.0,0.1340782122905028,1.4210699449842052,False,0.6914919724554225,0.1659779295840908,False,False,"",21.2,"",0,"[]","[]",0,False,False,"",""
"0xc011685e49618799df5ea5c951586b31c0eabcb2","tron","USDT",144615.43652999998,140000.0,"USDT",144615.43652999998,61,2,4,1,4,0.0,0.19672131147540983,0.9680847588559987,False,0.6728863376967937,0.1632566252702905,False,False,"",21.2,"",0,"[]","[]",0,False,False,"",""
"0xc6d1e28668229e8d9ae738cfab657ede1a094117","tron","USDT",554983.027845,473908.0,"USDT",554983.027845,170,1,4,8,24,0.3465909090909091,0.2215909090909091,0.8539144013830215,False,0.6301060537414184,0.15707803883510202,False,False,"",21.2,"",0,"[]","[]",0,False,False,"",""
"0x11f43cfbd06f75d46eb1351883c841efdfbea389","tron","USDT",17620.9,14477.9,"USDT",17620.9,100,2,4,5,24,0.2248062015503876,0.2558139534883721,0.8216322662293072,False,0.6235375693373003,0.1564896410070316,False,False,"",21.2,"",0,"[]","[]",0,False,False,"",""
"0x1e98b96fce40286d65d6cfaa262538a88d522ebe","tron","USDT",107248.24136199999,80000.0,"USDT",107248.24136199999,75,1,1,8,24,0.16878980891719744,0.46178343949044587,0.7459329773993428,False,0.5544308805538264,0.14617636430034303,False,False,"",21.2,"",0,"[]","[]",0,False,False,"",""
"0xfbf37ca409ef36ca005022f8a8cbd1fc664ba5ed","tron","USDT",13033.7,10070.2,"USDT",13033.7,83,1,3,5,24,0.2761904761904762,0.24761904761904763,0.7726278800340656,False,0.5302091259844017,0.14283762172521258,False,False,"",21.2,"",0,"[]","[]",0,False,False,"",""
"0x8b92c2fd649b117138540dbeb5578eaf79d6c905","tron","USDT",379187.55708899995,382361.61508899997,"USDT",379187.55708899995,63,3,23,6,21,0.23529411764705882,0.00980392156862745,1.0083706807901796,False,0.461615868324259,0.13257762753502267,False,False,"",21.2,"",0,"[]","[]",0,False,False,"",""
"0x82d9252ef42286cbbf3192c2e22407b44c2153a8","tron","USDT",285482.36,303175.67999999993,"USDT",285482.36,168,2,12,8,24,0.21691176470588236,0.3235294117647059,1.06197692915247,False,0.7231268015294343,0.1715893942648073,False,False,"",21.1,"",0,"[]","[]",0,False,False,"",""
"0xcbdba05f20381050f5aaab341b2d8e87ad7190cc","tron","USDT",178181.5,177680.5,"USDT",178181.5,143,1,13,5,24,0.23369565217391305,0.45652173913043476,0.9971882602851587,False,0.705645630542016,0.16885827012614235,False,False,"",21.1,"",0,"[]","[]",0,False,False,"",""
"0x74ceb9015426cf2aade38551b8139026343211ca","tron","USDT",90031.49018,92387.49018,"USDT",90031.49018,131,1,14,4,24,0.25139664804469275,0.45251396648044695,1.0261686216154997,False,0.6896788709256674,0.16630901828836675,False,False,"",21.1,"",0,"[]","[]",0,False,False,"",""
"0xc9f13caacede13a6aabc758075af8dda38c9d263","tron","USDT",310444.22000000003,312505.0,"USDT",310444.22000000003,71,1,16,8,18,0.24242424242424243,0.24848484848484848,1.0066381651428393,False,0.6840152625339602,0.16571136412225845,False,False,"",21.1,"",0,"[]","[]",0,False,False,"",""
"0x18bdfe76f46112ed7468f7a03c737966745f8829","tron","USDT",125942.07599999997,121500.4,"USDT",125942.07599999997,83,3,8,7,3,0.0,0.0,0.9647323901505326,False,0.6606515430233831,0.16244881966339458,False,False,"",21.1,"",0,"[]","[]",0,False,False,"",""
"0x6c816f1dd63fc49a0509ac4c63dbba7bcd5d3dd1","tron","USDT",15401.279999999999,15417.28,"USDT",15401.279999999999,90,2,5,7,24,0.2112676056338028,0.29577464788732394,1.0010388746909349,False,0.6531987692124182,0.1611898085777117,False,False,"",21.1,"",0,"[]","[]",0,False,False,"",""
"0x2f7de5988fb7ee236ef1293b9c0ab883cfd710a0","tron","USDT",935722.6,967900.0,"USDT",935722.6,68,1,13,8,24,0.2563176895306859,0.7184115523465704,1.034387755516432,False,0.5905675407837597,0.15208643604904548,False,False,"",21.1,"",0,"[]","[]",0,False,False,"",""
"0x68fbc5fe9828043b02428608efc14cfd94a1f3a6","tron","USDT",171500.0,150000.0,"USDT",171500.0,56,4,11,8,20,0.14130434782608695,1.0,0.8746355685131195,False,0.5761597448097509,0.150116656016483,False,False,"",21.1,"",0,"[]","[]",0,False,False,"",""
"0xc38c92cb05081b3a5a2b3383c01052f302c805b1","tron","USDT",12456.67,12457.67,"USDT",12456.67,73,1,4,3,24,0.1411764705882353,0.25882352941176473,1.000080278276618,False,0.5460619362765455,0.1454875852885088,False,False,"",21.1,"",0,"[]","[]",0,False,False,"",""
"0x4bd0fd265f716336c5f16a839da18a3a994ddd99","tron","USDT",557512.245557,453381.87,"USDT",557512.245557,89,1,5,5,24,0.2057057057057057,0.19369369369369369,0.8132231598734386,False,0.5361094459594479,0.14406782131945617,False,False,"",21.1,"",0,"[]","[]",0,False,False,"",""
"0xb286265d8b745203d73427d5e117917066b4261f","tron","USDT",11371.032379999997,14452.0,"USDT",11371.032379999997,89,2,5,8,21,0.06306306306306306,0.06306306306306306,1.2709488036828547,False,0.5229281236202198,0.14229244882211128,False,False,"",21.1,"",0,"[]","[]",0,False,False,"",""
"0xaf6aaf6e71d936799a74afcfee0165a973cf5846","tron","USDT",582730.2409999999,582730.241,"USDT",582730.2409999999,77,5,14,7,8,0.7746478873239436,0.004694835680751174,1.0000000000000002,False,0.5115419094576423,0.1403788533673025,False,False,"",21.1,"",0,"[]","[]",0,False,False,"",""
"0xe245bce4ad8a446a41faaf80e51caf01a50ad4bb","tron","USDT",12496.31,12496.31,"USDT",12496.31,55,1,1,2,10,0.9195402298850575,0.06896551724137931,1.0,False,0.40201703272075306,0.12452768728847546,False,False,"",21.1,"",0,"[]","[]",0,False,False,"",""
"0xd247467a51aa8a6ba24dccc9d34343fa669a1eac","tron","USDT",572374.8957770002,9699.845478,"USDT",572374.8957770002,50,11,11,8,15,0.2636363636363636,0.17272727272727273,0.01694666476389122,True,0.10336692147810321,0.08113556726713755,False,False,"",21.1,"",0,"[]","[]",0,False,False,"",""
"0x7fe5c41313758eeb6b99621963d8c3ca2a940127","tron","USDT",71163.72000000002,69933.42,"USDT",71163.72000000002,120,2,14,8,24,0.2265193370165746,0.4530386740331492,0.9827116963531415,False,0.7328265167695077,0.1732091190004772,False,False,"",21.0,"",0,"[]","[]",0,False,False,"",""
"0x51c88fd2fe125e81a9961c0a1a0a6aef1f1a4dd1","tron","USDT",450715.5900000001,252034.56,"USDT",450715.5900000001,79,4,8,3,4,0.0,0.023255813953488372,0.5591875799104263,False,0.5975389951394139,0.1536625323003482,False,False,"",21.0,"",0,"[]","[]",0,False,False,"",""
"0x5e54539e1d88b050b4aa0ac36c156fd2648d1dfa","tron","USDT",201261.037194,192599.667195,"USDT",201261.037194,93,1,1,6,24,0.22289156626506024,0.2710843373493976,0.9569644968556377,False,0.5933875206172056,0.15307963899170984,False,False,"",21.0,"",0,"[]","[]",0,False,False,"",""
"0x261dff0606b59320500f72f9b9bef04242cb5deb","tron","USDT",1165911.76,1191312.0,"USDT",1165911.76,55,2,9,8,24,0.19333333333333333,0.9933333333333333,1.021785731023075,False,0.5885384163233994,0.15219663810872341,False,False,"",21.0,"",0,"[]","[]",0,False,False,"",""
"0x2420bfaae41918920e8e34e001836686ee157520","tron","USDT",477106.81186699995,285000.0,"USDT",477106.81186699995,50,2,2,8,16,0.13559322033898305,0.11864406779661017,0.5973505154637105,False,0.502056387270241,0.1399056664837543,False,False,"",21.0,"",0,"[]","[]",0,False,False,"",""
"0x4328935765db3c3523055ee8d32c9e5f55ca98b5","tron","USDT",729467.480489,1500000.0,"USDT",729467.480489,101,1,1,8,24,0.18374558303886926,0.2756183745583039,2.056294543787575,False,0.4174137158225011,0.12761558634132364,False,False,"",21.0,"",0,"[]","[]",0,False,False,"",""
"0x73b785e5d4bffb3e74ea1e5c6c14836bfe19adf4","tron","USDT",1000180.5309999998,138685.21000000002,"USDT",1000180.5309999998,99,7,8,3,16,0.3670886075949367,0.8544303797468354,0.13866017753948867,True,0.4081668181165934,0.12596687238605725,False,False,"",21.0,"",0,"[]","[]",0,False,False,"",""
"0x4cb3ed678b3b1265327c539935f255689afa9a76","tron","USDT",155011.05098399997,168162.5,"USDT",155011.05098399997,69,1,6,2,2,0.0,0.68,1.084842009214927,False,0.7320679047459882,0.17398988717735386,False,False,"",20.9,"",0,"[]","[]",0,False,False,"",""
"0x8451fbbbe6a29892bb0aa7f0e39bdd21e88641bb","tron","USDT",410825.13088,500000.0,"USDT",410825.13088,133,1,5,8,24,0.24624624624624625,0.3993993993993994,1.217062838704596,False,0.6405856393411068,0.16061510325005124,False,False,"",20.9,"",0,"[]","[]",0,False,False,"",""
"0xfb1e68f8bf535794b7cf5d60c55a536d44b4a1dc","tron","USDT",561738.9099999999,536787.64,"USDT",561738.9099999999,123,1,2,7,24,0.28846153846153844,0.2692307692307692,0.9555820870589151,False,0.6326672914592953,0.15932972607619889,False,False,"",20.9,"",0,"[]","[]",0,False,False,"",""
"0x9d10dae9c765934cbb31c941ffaffb1b86d973cb","tron","USDT",52569.58411500001,49032.0,"USDT",52569.58411500001,86,4,8,8,21,0.21774193548387097,0.2903225806451613,0.9327066368403967,False,0.6310729275473712,0.15924426081781468,False,False,"",20.9,"",0,"[]","[]",0,False,False,"",""
"0x3b55ef3b96ed1ac67715d8f0e21a01fda4e9600d","tron","USDT",182500.0,100000.0,"USDT",182500.0,56,1,1,8,18,0.1134020618556701,1.0,0.547945205479452,False,0.6108216722030172,0.15644500937896288,False,False,"",20.9,"",0,"[]","[]",0,False,False,"",""
"0x29d104cb4a47106e7ff8232dd656c126a84729f5","tron","USDT",844493.0459999999,807039.0,"USDT",844493.0459999999,158,1,11,4,23,0.11904761904761904,0.08843537414965986,0.9556490770677112,False,0.6006546921504315,0.15445993480224185,False,False,"",20.9,"",0,"[]","[]",0,False,False,"",""
"0xade115b1871286376207755196597cb62d4c5f19","tron","USDT",919400.0,912000.0,"USDT",919400.0,64,1,11,8,24,0.20216606498194944,1.0,0.9919512725690668,False,0.5897618367639255,0.1533610913284894,False,False,"",20.9,"",0,"[]","[]",0,False,False,"",""
"0xe09710a82dd50d858c9eed1332b5c52f3bcda622","tron","USDT",59951.330431,59951.330431,"USDT",59951.330431,54,1,1,1,1,0.0,0.0,1.0,False,0.4942626624831914,0.13938977990276258,False,False,"",20.9,"",0,"[]","[]",0,False,False,"",""
"0x5799f7088490be4fd630e5939fca05f811e98c12","tron","USDT",11501.0,9986.2,"USDT",11501.0,54,1,3,5,24,0.25,0.3194444444444444,0.8682897139379185,False,0.44481437488081543,0.1318394493683976,False,False,"",20.9,"",0,"[]","[]",0,False,False,"",""
"0x979c29ef3403f016f95a117a9162d318f5f9c852","tron","USDT",241682.39817200002,242931.398172,"USDT",241682.39817200002,144,1,12,4,24,0.2342857142857143,0.37142857142857144,1.005167939450481,False,0.6845334224191821,0.16746060363587784,False,False,"",20.8,"",0,"[]","[]",0,False,False,"",""
"0xe6e08d5aeaa6671381d32dd55e0370041b0e992b","tron","USDT",880211.47,833141.0,"USDT",880211.47,98,2,9,8,24,0.09798270893371758,0.17579250720461095,0.946523680269697,False,0.621689316959363,0.15840942054972917,False,False,"",20.8,"",0,"[]","[]",0,False,False,"",""
"0xdfc3282192a997ea0b2bb17fc8d8e3a999725f24","tron","USDT",1134964.53889,1100700.0,"USDT",1134964.53889,77,1,6,8,24,0.22169811320754718,0.35377358490566035,0.9698100357183751,False,0.580649591186705,0.15229198217485512,False,False,"",20.8,"",0,"[]","[]",0,False,False,"",""
"0xf189fc862dfe16eb35bf49163b69d9345c0f8710","tron","USDT",249837.5,251063.0,"USDT",249837.5,64,3,17,8,17,0.34210526315789475,0.3157894736842105,1.004905188372442,False,0.5750386844232257,0.15167009256409225,False,False,"",20.8,"",0,"[]","[]",0,False,False,"",""
"0x31935f822bb98584868debd024de25a3b46daf2b","tron","USDT",29049.561190000004,25000.0,"USDT",29049.561190000004,102,1,1,8,22,0.06040268456375839,0.06711409395973154,0.8605981975592106,False,0.5225678690053428,0.14366803100198516,False,False,"",20.8,"",0,"[]","[]",0,False,False,"",""
"0x6339a8630ad8c348b72a00058b9ad04a482c4f4a","tron","USDT",90034.18999899998,80795.56,"USDT",90034.18999899998,136,1,1,8,24,0.11875,0.0,0.8973875369001199,False,0.5173080766314807,0.14325881308835614,False,False,"",20.8,"",0,"[]","[]",0,False,False,"",""
"0x404adea92be1ac272cf623a3672691cff7e143ff","tron","USDT",749024.0400000002,521638.6,"USDT",749024.0400000002,62,7,15,8,19,0.3253012048192771,0.3433734939759036,0.6964243764459147,False,0.4627496892739431,0.1350212034597939,False,False,"",20.8,"",0,"[]","[]",0,False,False,"",""
"0xed3cadc28e4f26e627bd235824ab4412db3cdf62","tron","USDT",15161.039230999999,2717.8010999999997,"USDT",15161.039230999999,57,4,5,8,22,0.14634146341463414,0.07317073170731707,0.1792621903149536,True,0.2023696948984905,0.09741062605749828,False,False,"",20.8,"",0,"[]","[]",0,False,False,"",""
"0x70a7fbbf3fc5dd885ab25f76a6a25b2a45a75ea5","tron","USDT",278686.640289,180172.432362,"USDT",278686.640289,91,2,3,8,18,0.16058394160583941,0.3284671532846715,0.646505452055972,False,0.7432634391337404,0.17681593266833384,False,False,"",20.7,"",0,"[]","[]",0,False,False,"",""
"0xe14c8595ef72d4cf14d1887bd32fe618d0e4a7fe","tron","USDT",395892.9691,251801.0,"USDT",395892.9691,67,2,4,5,16,0.041237113402061855,0.4845360824742268,0.6360330181473789,False,0.7077758550862217,0.1716167548655506,False,False,"",20.7,"",0,"[]","[]",0,False,False,"",""
"0x8496ebec9c2bcc8f5eb3b5250062a0e76983619e","tron","USDT",46769.069625000004,46769.0,"USDT",46769.069625000004,71,1,3,3,2,0.0,0.323943661971831,0.9999985113024363,False,0.7053784561824954,0.1712323099834548,False,False,"",20.7,"",0,"[]","[]",0,False,False,"",""
"0x5d222ccedbb603f31a272799b426b8ae01d55f8d","tron","USDT",23599.870032000003,22527.870032000003,"USDT",23599.870032000003,112,2,6,5,24,0.23741007194244604,0.381294964028777,0.9545760210311992,False,0.7012693055061054,0.17053789173076273,False,False,"",20.7,"",0,"[]","[]",0,False,False,"",""
"0x8071def8457dca6cebb1437d6ea1d90ec8f760f3","tron","USDT",45187.64999999999,45187.65,"USDT",45187.64999999999,75,1,1,3,17,0.11627906976744186,0.09302325581395349,1.0000000000000002,False,0.6504930524428507,0.16307707016934586,False,False,"",20.7,"",0,"[]","[]",0,False,False,"",""
"0xc1bc12bb7457e49c7dcf6f818011268715d8f8c4","tron","USDT",327196.86353100004,309982.483532,"USDT",327196.86353100004,136,1,2,7,23,0.11934156378600823,0.2716049382716049,0.9473883098596112,False,0.6424583881037017,0.16204996496813484,False,False,"",20.7,"",0,"[]","[]",0,False,False,"",""
"0x89f1ec27208bfd499d8c97db7fc0ecc5b8702b1d","tron","USDT",16186.802468000002,15661.0,"USDT",16186.802468000002,70,1,3,8,18,0.04040404040404041,0.1111111111111111,0.9675165945195494,False,0.6332388635027445,0.16089703429915309,False,False,"",20.7,"",0,"[]","[]",0,False,False,"",""
"0x12529a5446f2b76163b148475948909278f9204b","tron","USDT",16670.059999999998,16315.06,"USDT",16670.059999999998,89,2,4,5,24,0.2727272727272727,0.18181818181818182,0.9787043357972318,False,0.6162025435377521,0.15814036196777453,False,False,"",20.7,"",0,"[]","[]",0,False,False,"",""
"0x5e55abe0d6243bb5fe0447b701258099b4654f44","tron","USDT",12663.0,14795.0,"USDT",12663.0,69,2,4,8,24,0.1956521739130435,0.3695652173913043,1.1683645265734819,False,0.5764570812384189,0.1523808452056732,False,False,"",20.7,"",0,"[]","[]",0,False,False,"",""
"0x69a0a3d7b4dccb9e1346bcba03552323320e7c96","tron","USDT",762931.68,768071.0,"USDT",762931.68,63,3,14,8,24,0.3391003460207612,0.11072664359861592,1.0067362781422315,False,0.5092309604181696,0.14266917654360894,False,False,"",20.7,"",0,"[]","[]",0,False,False,"",""
"0xd74aff577cdd617667cf6d218b7f57968ad13ce2","tron","USDT",185322.646,212581.612615,"USDT",185322.646,55,3,6,7,24,0.15441176470588236,0.12009803921568628,1.1470892370865458,False,0.44389008624472576,0.13284511186141607,False,False,"",20.7,"",0,"[]","[]",0,False,False,"",""
"0x7a5683590da556d0df758287cbdf2795ebd1c59f","tron","USDT",21244.6,25586.0,"USDT",21244.6,61,3,4,8,19,0.17054263565891473,0.03875968992248062,1.2043531062011053,False,0.4304426911757359,0.13124664176148643,False,False,"",20.7,"",0,"[]","[]",0,False,False,"",""
"0x1fa9437f799a6dbbac86b14af91e92ef5e1daeca","tron","USDT",16832.21,6237.0,"USDT",16832.21,50,1,3,1,4,0.14,0.22,0.37053957858177866,True,0.3374427431480007,0.11740654756271207,False,False,"",20.7,"",0,"[]","[]",0,False,False,"",""
"0x856bac15340f9f1aed4d719c8137316aa63b6d7e","tron","USDT",16611.0,48041.7,"USDT",16611.0,87,7,7,8,24,0.19205298013245034,0.013245033112582781,2.8921618204804043,False,0.29975347377857464,0.11216703398534722,False,False,"",20.7,"",0,"[]","[]",0,False,False,"",""
"0x5208956faf89f2ab701046aa204a6998b2a52506","tron","USDT",51644.76,51204.259999999995,"USDT",51644.76,117,2,12,8,24,0.2159090909090909,0.3977272727272727,0.991470577073066,False,0.7181058590273429,0.17360701900042042,False,False,"",20.6,"",0,"[]","[]",0,False,False,"",""
"0x30532268ecb1dc5522dfab1f788029c6a6439ae5","tron","USDT",14931.0,14356.0,"USDT",14931.0,95,1,4,5,24,0.22764227642276422,0.22764227642276422,0.9614895184515437,False,0.5848124711488475,0.15387094248149985,False,False,"",20.6,"",0,"[]","[]",0,False,False,"",""
"0x009842aff77b0c3d3453527ad5397032fc35da16","tron","USDT",45911.809526,60886.0,"USDT",45911.809526,100,6,11,8,24,0.183206106870229,0.08396946564885496,1.3261511717485253,False,0.5382211327502502,0.14710058984644142,False,False,"",20.6,"",0,"[]","[]",0,False,False,"",""
"0x032c4afa19b1d3e3ade972e93540e5055db34244","tron","USDT",10742.2,12888.2,"USDT",10742.2,51,1,4,4,24,0.21333333333333335,0.36,1.1997728584461282,False,0.41983924274376405,0.1300259687141927,False,False,"",20.6,"",0,"[]","[]",0,False,False,"",""
"0x06587023079f0ed8250b15024a19311eea904bd4","tron","USDT",492273.5,740500.0,"USDT",492273.5,69,5,5,8,23,0.2222222222222222,0.047619047619047616,1.5042450995229277,False,0.4104911862809814,0.1289539278582134,False,False,"",20.6,"",0,"[]","[]",0,False,False,"",""
"0x3eb7e58ac0a49b0310c385fd3abeadcaa9ce514c","tron","USDT",361900.0,471000.0,"USDT",361900.0,97,2,5,8,22,0.11046511627906977,1.0,1.3014644929538546,False,0.6735260166938549,0.16766022939775882,False,False,"",20.5,"",0,"[]","[]",0,False,False,"",""
"0x107e82062e0fba15586615abf9d5bdc5ef512bad","tron","USDT",40883.8,37966.8,"USDT",40883.8,83,2,9,5,24,0.2543859649122807,0.49122807017543857,0.9286514462941312,False,0.6713869454668048,0.16743463472105202,False,False,"",20.5,"",0,"[]","[]",0,False,False,"",""
"0xee96890f95da0c153e1af5037e41c7071a6587ed","tron","USDT",642116.6267299999,627739.0,"USDT",642116.6267299999,159,2,9,7,5,0.9787234042553191,0.11347517730496454,0.9776090103705639,False,0.6663644735218941,0.16648989357353877,False,False,"",20.5,"",0,"[]","[]",0,False,False,"",""
"0xeaaa1dc6152413d81821b1ab510124f43f6ed845","tron","USDT",211799.172195,196212.90865499998,"USDT",211799.172195,171,1,4,8,24,0.20422535211267606,0.11619718309859155,0.9264101772520149,False,0.6136773738636706,0.15917265185598228,False,False,"",20.5,"",0,"[]","[]",0,False,False,"",""
"0xdfce451f9fea1885ed8361916530e2d36c5d81f7","tron","USDT",416901.17766999983,456955.52767000004,"USDT",416901.17766999983,164,1,6,8,24,0.19911504424778761,0.11946902654867257,1.0960763656842087,False,0.6061993391446464,0.1577464522860323,False,False,"",20.5,"",0,"[]","[]",0,False,False,"",""
"0xec8b29984a4cf0bef359bf1bc2512ec85cd6eb3d","tron","USDT",28203.936306999996,27660.0,"USDT",28203.936306999996,109,1,2,8,24,0.14659685863874344,0.1099476439790576,0.9807141704945279,False,0.5744933495628232,0.15347333515734524,False,False,"",20.5,"",0,"[]","[]",0,False,False,"",""
"0x57d721d63cecc179a880a7a1693ffc5443748b5d","tron","USDT",536485.910711,646608.410711,"USDT",536485.910711,60,2,3,4,11,0.4117647058823529,0.5294117647058824,1.2052663412055977,False,0.5608292956315833,0.15101262502343687,False,False,"",20.5,"",0,"[]","[]",0,False,False,"",""
"0xc3ba2db9df7edf9c05b8ee0995de909bfd26b971","tron","USDT",1184488.0,1250000.0,"USDT",1184488.0,56,1,12,8,24,0.23809523809523808,0.8630952380952381,1.0553082850987092,False,0.5334475316848749,0.14699360810114848,False,False,"",20.5,"",0,"[]","[]",0,False,False,"",""
"0x982238401d893e178da688adcbcb4403a991dbae","tron","USDT",751882.5999999999,1296266.0,"USDT",751882.5999999999,57,4,9,8,18,0.04807692307692308,0.11538461538461539,1.7240271287033377,False,0.4891927813413584,0.14079079124099575,False,False,"",20.5,"",0,"[]","[]",0,False,False,"",""
"0xa54493054edb532628d94a83f6bf0425dac86807","tron","USDT",88489.5,138155.06,"USDT",88489.5,58,8,11,8,21,0.1553398058252427,0.42718446601941745,1.561259358454958,False,0.41419366842554806,0.12976328488059363,False,False,"",20.5,"",0,"[]","[]",0,False,False,"",""
"0x80a611e8e9a946f1e3e792f3fdb9374a4d54b29f","tron","USDT",18914.0,17460.0,"USDT",18914.0,103,2,5,6,24,0.2578125,0.2734375,0.9231257269747277,False,0.6542351857356,0.16558427225979483,False,False,"",20.4,"",0,"[]","[]",0,False,False,"",""
"0xface6928dee05888a9b904548c25276b6384c628","tron","USDT",311324.4936829999,311324.493683,"USDT",311324.4936829999,116,1,2,6,24,0.20909090909090908,0.2545454545454545,1.0000000000000002,False,0.631376064545047,0.16237035058684773,False,False,"",20.4,"",0,"[]","[]",0,False,False,"",""
"0xe5b92a383f8cca86d39163e12519dd4a57f0efa8","tron","USDT",45677.22126299999,32984.0,"USDT",45677.22126299999,130,1,7,1,2,0.0,0.0,0.722110476249966,False,0.6275462548196928,0.16142461044643047,False,False,"",20.4,"",0,"[]","[]",0,False,False,"",""
"0xc99d73c7180b8ac3d3d6f7d78ab1f440c079421e","tron","USDT",85258.614942,85258.61,"USDT",85258.614942,132,1,2,3,24,0.25757575757575757,0.1590909090909091,0.9999999420351832,False,0.6172344124321375,0.16021825996766315,False,False,"",20.4,"",0,"[]","[]",0,False,False,"",""
"0x9845c7aedef76faa1cdd7acfc69a372352b7f141","tron","USDT",440276.414738,432073.707319,"USDT",440276.414738,100,1,14,8,22,0.05,0.25,0.9813691873004796,False,0.6039609732736324,0.15816195678880557,False,False,"",20.4,"",0,"[]","[]",0,False,False,"",""
"0x4c783a29bc039b47d46b00d28a631c6b4344bb3d","tron","USDT",994100.0,1131094.8303,"USDT",994100.0,54,2,13,5,24,0.20833333333333334,1.0,1.1378078968916607,False,0.5578709620828961,0.15159796374776446,False,False,"",20.4,"",0,"[]","[]",0,False,False,"",""
"0xf35eed06b5511850f444cb56b515c1a1664c5a95","tron","USDT",486885.710013,598850.730013,"USDT",486885.710013,72,2,8,5,24,0.14309484193011648,0.18136439267886856,1.229961606383992,False,0.5249848190190332,0.14645430921803876,False,False,"",20.4,"",0,"[]","[]",0,False,False,"",""
"0x64a41c1aeebe8e8d4beaff089a2db5f92346d7d3","tron","USDT",74155.53858,86777.1,"USDT",74155.53858,51,4,8,8,22,0.25,0.4583333333333333,1.170203893892345,False,0.5009435331892585,0.14317997331124038,False,False,"",20.4,"",0,"[]","[]",0,False,False,"",""
"0xd53f8becaa8a13a8c7daaeca51585f9e84859136","tron","USDT",23958.944000000007,29070.316481,"USDT",23958.944000000007,122,1,2,8,24,0.21370967741935484,0.0,1.2133388049573468,False,0.4836657217516952,0.14076380035532599,False,False,"",20.4,"",0,"[]","[]",0,False,False,"",""
"0x5fe0baf0c9937beefe3cfba4f085a992f0b39561","tron","USDT",1141129.9087109999,1181154.888711,"USDT",1141129.9087109999,50,1,11,8,22,0.2,0.475,1.035074867194754,False,0.47189582889184256,0.1388170489877193,False,False,"",20.4,"",0,"[]","[]",0,False,False,"",""
"0x045df6a00070bf9570544702d4dc95c049058638","tron","USDT",561407.2702850001,52000.0,"USDT",561407.2702850001,161,1,1,7,22,0.053763440860215055,0.3924731182795699,0.09262437939858179,True,0.4194213348667177,0.13138847135343507,False,False,"",20.4,"",0,"[]","[]",0,False,False,"",""
"0xfc49e08a0fb929b26b509431123a0c1d4f508d63","tron","USDT",89454.0,86499.0,"USDT",89454.0,106,2,15,8,24,0.19318181818181818,0.4034090909090909,0.9669662619894024,False,0.7011924455847922,0.17267319278052812,False,False,"",20.3,"",0,"[]","[]",0,False,False,"",""
"0xc5f4c22297f4745b996b791ddf2698926b278007","tron","USDT",616772.9794379999,560780.980334,"USDT",616772.9794379999,152,1,6,8,3,0.9788135593220338,0.1652542372881356,0.9092178143812014,False,0.6166934059959176,0.1603719762056583,False,False,"",20.3,"",0,"[]","[]",0,False,False,"",""
"0xf65652be17023eede02290532da2bfe6fa300b18","tron","USDT",155848.16807099996,200000.0,"USDT",155848.16807099996,190,2,5,8,22,0.04819277108433735,0.08433734939759036,1.2833002946103653,False,0.6162668796704863,0.16025595430430467,False,False,"",20.3,"",0,"[]","[]",0,False,False,"",""
"0x5779ba77565d801abbf567d6edb916a7e01ad17c","tron","USDT",677990.1119359998,410000.0,"USDT",677990.1119359998,64,2,3,8,17,0.125,0.1590909090909091,0.6047285834733571,False,0.603980230365671,0.15841480356029441,False,False,"",20.3,"",0,"[]","[]",0,False,False,"",""
"0xdd9fe818e08a9917fd19e80357922ca2052bd44a","tron","USDT",1008549.55002,1013914.0,"USDT",1008549.55002,58,2,11,8,17,0.07272727272727272,0.030303030303030304,1.0053189751360194,False,0.6019393425792506,0.15830362979303014,False,False,"",20.3,"",0,"[]","[]",0,False,False,"",""
"0x774fd017936a239c067421e550b2dea5d909d817","tron","USDT",237864.72127799992,204000.0,"USDT",237864.72127799992,50,2,2,8,17,0.136986301369863,0.1780821917808219,0.8576303325013835,False,0.5732069271009043,0.15422420200537446,False,False,"",20.3,"",0,"[]","[]",0,False,False,"",""
"0xb0dc56b5e9445624e3f86eea9b2f4f9fb84837b3","tron","USDT",33216.437916,45860.0,"USDT",33216.437916,50,1,3,1,6,0.0,0.74,1.3806417207038846,False,0.5674395626274884,0.15314649829519433,False,False,"",20.3,"",0,"[]","[]",0,False,False,"",""
"0xb07b646dc74b15775348c68451d6a6a7fcc1413a","tron","USDT",476688.478,506000.0,"USDT",476688.478,55,3,9,8,24,0.25925925925925924,0.5617283950617284,1.0614898898395442,False,0.5650888440849823,0.15305183508750309,False,False,"",20.3,"",0,"[]","[]",0,False,False,"",""
"0xf58e77b2aebde6b188c9731e10fb7aea708be82a","tron","USDT",53823.951969999995,61379.622,"USDT",53823.951969999995,152,1,2,8,24,0.20527859237536658,0.002932551319648094,1.1403774667867446,False,0.5313373260061652,0.1479977542489201,False,False,"",20.3,"",0,"[]","[]",0,False,False,"",""
"0xc70e6c0baf874019387b42dce76d1f25bb6838fd","tron","USDT",428229.46,420000.0,"USDT",428229.46,113,1,1,8,23,0.23893805309734514,0.0,0.9807825925848258,False,0.5136150572888163,0.14539105117998868,False,False,"",20.3,"",0,"[]","[]",0,False,False,"",""
"0x554b0d41f8735964f1328e470b1f5c64b805a63f","tron","USDT",20158.445131,20200.0,"USDT",20158.445131,60,1,1,8,23,0.08433734939759036,0.3132530120481928,1.0020614124120166,False,0.5053474665090804,0.14407679825064162,False,False,"",20.3,"",0,"[]","[]",0,False,False,"",""
"0x1f979fc4b8d0616db5b2bc48dfe09dbfd65667c6","tron","USDT",60729.85999999999,62337.979999999996,"USDT",60729.85999999999,108,2,12,8,24,0.23668639053254437,0.4378698224852071,1.026479889793917,False,0.7138882443630454,0.17540719273038274,False,False,"",20.2,"",0,"[]","[]",0,False,False,"",""
"0x9db750721e30be55db400420aae0227630d8984f","tron","USDT",16727.99,17758.99,"USDT",16727.99,64,2,5,7,24,0.2,0.5125,1.0616332267056592,False,0.6081574425118489,0.1601374056899278,False,False,"",20.2,"",0,"[]","[]",0,False,False,"",""
"0x37b2566d62376e052cf36a8416c0e7c2a3c24b51","tron","USDT",651529.116229,625441.2305129999,"USDT",651529.116229,66,2,6,8,24,0.30446194225721784,0.4015748031496063,0.9599589871485794,False,0.6005978037049289,0.15859494348349706,False,False,"",20.2,"",0,"[]","[]",0,False,False,"",""
"0x3398defcac3295a2665490e32b696328ea2afad7","tron","USDT",879412.086964,879395.0,"USDT",879412.086964,137,1,12,3,20,0.22134387351778656,0.04743083003952569,0.9999805700146117,False,0.5791534425551411,0.15551965127173678,False,False,"",20.2,"",0,"[]","[]",0,False,False,"",""
"0xc3be292ce4ccf1bb7f427075ad08e44cec585084","tron","USDT",15055.0,13889.0,"USDT",15055.0,51,2,4,8,21,0.2222222222222222,0.3611111111111111,0.9225506476253736,False,0.494752173451565,0.14349416513679986,False,False,"",20.2,"",0,"[]","[]",0,False,False,"",""
"0x07063a7528ae65d99bd0dcb211b86b1829f56991","tron","USDT",69498.468259,60085.0,"USDT",69498.468259,54,4,7,8,17,0.2777777777777778,0.3055555555555556,0.8645514283290558,False,0.4906601736084378,0.14275006411435281,False,False,"",20.2,"",0,"[]","[]",0,False,False,"",""
"0xf06ef58586e15497d57ebecbcd6a84fd65970c67","tron","USDT",29583.305558,24880.85,"USDT",29583.305558,55,4,11,8,21,0.0449438202247191,0.14606741573033707,0.8410436065442203,False,0.45021230714479205,0.13694311840853113,False,False,"",20.2,"",0,"[]","[]",0,False,False,"",""
"0x40710c4a6e5c2b818479b0886be59e5e57e91c81","tron","USDT",22352.3,31790.0,"USDT",22352.3,54,2,7,8,24,0.23529411764705882,0.3058823529411765,1.4222250059278017,False,0.4333945326557664,0.13464732511962763,False,False,"",20.2,"",0,"[]","[]",0,False,False,"",""
"0x3ba560d1d3a4cc67577da86f03a63eff8f87a921","tron","USDT",22490.69,20735.0,"USDT",22490.69,52,3,13,8,19,0.18095238095238095,0.05714285714285714,0.9219370326121609,False,0.40897279424094407,0.13092016457113081,False,False,"",20.2,"",0,"[]","[]",0,False,False,"",""
"0x0cece74ffe87f109a33afe3a59cc2b4843aab0f3","tron","USDT",15197.25,15197.25,"USDT",15197.25,50,1,1,1,6,0.8607594936708861,0.13924050632911392,1.0,False,0.3899372478709099,0.1278995537064957,False,False,"",20.2,"",0,"[]","[]",0,False,False,"",""
"0x8f48fb025d4cd30023d413659a1b276ff30ec304","tron","USDT",53001.729999999996,52948.73,"USDT",53001.729999999996,115,2,11,8,24,0.23163841807909605,0.423728813559322,0.9990000326404441,False,0.7244974516199759,0.17769620128773633,False,False,"",20.1,"",0,"[]","[]",0,False,False,"",""
"0x7da0305650acbc0400a26d5bed2bbd7a92ad6bf1","tron","USDT",174450.15999999997,174828.81095999997,"USDT",174450.15999999997,142,1,5,8,24,0.22772277227722773,0.28217821782178215,1.0021705394824516,False,0.6605251032196011,0.168019116919841,False,False,"",20.1,"",0,"[]","[]",0,False,False,"",""
"0x166008cc14142434a4824765efd22781aa3dd6cc","tron","USDT",16399.82,16600.82,"USDT",16399.82,66,2,5,7,24,0.17647058823529413,0.47058823529411764,1.012256232080596,False,0.6225599593212183,0.16239916134561272,False,False,"",20.1,"",0,"[]","[]",0,False,False,"",""
"0xf8bdc8abcdbe866bb5fb0426b5fd5768ced919b0","tron","USDT",651359.1829999998,651359.0,"USDT",651359.1829999998,151,1,10,2,24,0.20229007633587787,0.09541984732824428,0.9999997190490214,False,0.6089197107304677,0.1607979239497867,False,False,"",20.1,"",0,"[]","[]",0,False,False,"",""
"0xe7386480c7b488a6f57cde1cddd0b23f9a7329c7","tron","USDT",15120.9,15768.9,"USDT",15120.9,62,2,5,7,23,0.23170731707317074,0.47560975609756095,1.042854591988572,False,0.5972560650177944,0.15882006415423172,False,False,"",20.1,"",0,"[]","[]",0,False,False,"",""
"0x7886b4c1ff499cb148128d12f653f5276f75649c","tron","USDT",524766.5978400001,745855.0,"USDT",524766.5978400001,163,1,4,8,23,0.21818181818181817,0.24848484848484848,1.421308069282659,False,0.5792300938978384,0.15625571037456565,False,False,"",20.1,"",0,"[]","[]",0,False,False,"",""
"0xebc31a25afde07d467d82181b4eed92fb5a3d025","tron","USDT",669418.931686,495000.0,"USDT",669418.931686,123,1,8,8,24,0.32710280373831774,0.21261682242990654,0.7394472677270897,False,0.573931587117807,0.1552649236658724,False,False,"",20.1,"",0,"[]","[]",0,False,False,"",""
"0x4912232582f7b7bdc2b726ce7389530f9cc09563","tron","USDT",92672.38799999999,91200.0,"USDT",92672.38799999999,102,2,19,5,14,0.35555555555555557,0.0,0.984111901810494,False,0.5490859393042773,0.15170260592434553,False,False,"",20.1,"",0,"[]","[]",0,False,False,"",""
"0x96a70a64e3495e62e6521ee615d86b0bc85602e8","tron","USDT",833353.076976,995769.0,"USDT",833353.076976,54,1,5,8,13,0.0,0.1917808219178082,1.1948944901161953,False,0.547753508969141,0.1515128471677411,False,False,"",20.1,"",0,"[]","[]",0,False,False,"",""
"0xf3cde90455d3d8c176e40ef05da04980fc63958c","tron","USDT",12230.08,14633.080000000002,"USDT",12230.08,78,1,4,4,24,0.20224719101123595,0.24719101123595505,1.1964827703498262,False,0.522133298014302,0.1478725772831213,False,False,"",20.1,"",0,"[]","[]",0,False,False,"",""
"0xa4b541c02d96874f31053ef91f93000e82e49aa3","tron","USDT",708715.9848680001,250000.0,"USDT",708715.9848680001,152,1,2,8,24,0.11403508771929824,0.7368421052631579,0.3527506156737286,True,0.5010969631168165,0.1445448321567414,False,False,"",20.1,"",0,"[]","[]",0,False,False,"",""
"0x5e1cb3613633e8d8b80884a5a89ad0a74813a43c","tron","USDT",12245.958777999998,11400.258778000001,"USDT",12245.958777999998,81,1,4,8,22,0.13580246913580246,0.0,0.9309404828702097,False,0.4485144076453105,0.1373809153654066,False,False,"",20.1,"",0,"[]","[]",0,False,False,"",""
"0x72116f016753b225de74c1a54a8432b12ec4e4ad","tron","USDT",1000205.4600000001,61565.16,"USDT",1000205.4600000001,91,3,3,2,12,0.3125,0.8828125,0.061552513420592606,True,0.4318533086007479,0.13483954348234273,False,False,"",20.1,"",0,"[]","[]",0,False,False,"",""
"0x16e9097dd7d6ecae7b3bbcf1e974828e0ebfeccd","tron","USDT",49697.94,50130.94,"USDT",49697.94,128,2,8,5,24,0.18238993710691823,0.34591194968553457,1.0087126347691675,False,0.7140351512173901,0.17620978518859814,False,False,"",20.0,"",0,"[]","[]",0,False,False,"",""
"0xa509cef4fab0849491e26acd90785c33c6f5ef34","tron","USDT",55422.25,54911.25,"USDT",55422.25,108,2,12,8,24,0.22346368715083798,0.3743016759776536,0.9907798763132135,False,0.7006660604262466,0.17474406036341866,False,False,"",20.0,"",0,"[]","[]",0,False,False,"",""
"0xf9ba71ae4f1e5e0218514ac18f312e49e0aed9c8","tron","USDT",29912.03,24739.03,"USDT",29912.03,122,2,6,5,24,0.2571428571428571,0.37857142857142856,0.8270595476134518,False,0.6842375482497186,0.17202586181205082,False,False,"",20.0,"",0,"[]","[]",0,False,False,"",""
"0x93a1b42d3e10ac705db7989d8228d7721b61f23c","tron","USDT",552231.6780000001,552231.0,"USDT",552231.6780000001,141,2,6,4,15,0.4202586206896552,0.0,0.9999987722544231,False,0.5915954514477471,0.1583747846697,False,False,"",20.0,"",0,"[]","[]",0,False,False,"",""
"0x2288cbee13d9acd99497355e414ca575a5c3f234","tron","USDT",1036135.180761,1070000.0,"USDT",1036135.180761,65,1,12,8,10,0.36036036036036034,0.35135135135135137,1.032683784768439,False,0.5341848925308483,0.15012054635532257,False,False,"",20.0,"",0,"[]","[]",0,False,False,"",""
"0x78087a34378b90f16b07a1c070f9d52b43a87888","tron","USDT",154795.636253,201581.0,"USDT",154795.636253,55,4,8,8,17,0.03409090909090909,0.011363636363636364,1.302239551963425,False,0.5132858412881757,0.14734704516552816,False,False,"",20.0,"",0,"[]","[]",0,False,False,"",""
"0x532ecdf02a34f0de5c07403df2c371e488d01ab1","tron","USDT",145850.42899999992,123966.0,"USDT",145850.42899999992,85,5,10,8,24,0.27106227106227104,0.01098901098901099,0.8499529336317555,False,0.5130430295770907,0.14723442862867298,False,False,"",20.0,"",0,"[]","[]",0,False,False,"",""
"0x78ff0d0fdf0b1ae36917ec4c569fc9ee408efbc7","tron","USDT",252541.87999999998,200000.0,"USDT",252541.87999999998,57,1,1,8,17,0.06666666666666667,0.04,0.7919478543519198,False,0.5105634839138622,0.1466112019133317,False,False,"",20.0,"",0,"[]","[]",0,False,False,"",""
"0xfdcfc04a1f27b6f9adf1a0225ec3454ab0836f5a","tron","USDT",104285.87610200001,106400.0,"USDT",104285.87610200001,70,1,2,3,12,0.014285714285714285,0.04285714285714286,1.020272389483809,False,0.6079356610543811,0.1614762858140713,False,False,"",19.9,"",0,"[]","[]",0,False,False,"",""
"0x9c60c47ae40d8533be0dcbebbf76e72078c2fe4a","tron","USDT",402831.88797900005,411265.0,"USDT",402831.88797900005,63,2,18,8,24,0.11458333333333333,0.4409722222222222,1.020934569165586,False,0.599891974557739,0.1602033867669863,False,False,"",19.9,"",0,"[]","[]",0,False,False,"",""
"0xc0d200c51452a51b95c2546dc4dee76ad73ed877","tron","USDT",52513.9672,52513.96,"USDT",52513.9672,56,1,1,2,15,0.06862745098039216,0.17647058823529413,0.9999998628936189,False,0.598139820180696,0.16003762082362383,False,False,"",19.9,"",0,"[]","[]",0,False,False,"",""
"0x4ce5645da6df733e3865e84a947be37c40aff5c6","tron","USDT",351503.0,332727.5,"USDT",351503.0,57,3,12,8,24,0.2426470588235294,0.9852941176470589,0.9465850931570996,False,0.594023428313177,0.1597787745492737,False,False,"",19.9,"",0,"[]","[]",0,False,False,"",""
"0xe0bf96ece9a6dca1cfe7fb2654ac833df7a37af8","tron","USDT",103356.30799999996,108237.978,"USDT",103356.30799999996,156,1,2,8,24,0.23013698630136986,0.0,1.0472314665109752,False,0.5431086148107588,0.15186992741745503,False,False,"",19.9,"",0,"[]","[]",0,False,False,"",""
"0x2aa9656723ceec7fc97693b4f038e3dd95eba87d","tron","USDT",196373.43318000005,196691.0,"USDT",196373.43318000005,110,1,13,8,24,0.22495274102079396,0.007561436672967864,1.001617157753253,False,0.5278029691665166,0.15013252927551785,False,False,"",19.9,"",0,"[]","[]",0,False,False,"",""
"0xc436793510397a50ebbc0cfef18b96456c5b17fb","tron","USDT",188733.01,248374.0,"USDT",188733.01,59,2,2,8,19,0.23728813559322035,0.4406779661016949,1.3160071998003953,False,0.5210881162927224,0.1490090681208242,False,False,"",19.9,"",0,"[]","[]",0,False,False,"",""
"0x4d02a94005efc67c9ad93c713bc7f268ace16f14","tron","USDT",17268.5,16486.5,"USDT",17268.5,51,2,4,8,24,0.21333333333333335,0.41333333333333333,0.9547152329385876,False,0.515169850711429,0.14820924659400636,False,False,"",19.9,"",0,"[]","[]",0,False,False,"",""
"0x9bc52f3b8ce6e6fa7d322185361cbc5e8afc2905","tron","USDT",128810.702913,100000.0,"USDT",128810.702913,51,1,1,8,16,0.11428571428571428,0.15714285714285714,0.776333004467346,False,0.509838541727176,0.1474869656370798,False,False,"",19.9,"",0,"[]","[]",0,False,False,"",""
"0xa8b1b95b68ef980292aec6f28e86b4b743ba8030","tron","USDT",159309.49834699996,269933.540979,"USDT",159309.49834699996,54,4,5,8,18,0.22340425531914893,0.0070921985815602835,1.6943970308100795,False,0.41896460997424584,0.1338854954533214,False,False,"",19.9,"",0,"[]","[]",0,False,False,"",""
"0x6026fcc26a7d222a59ebb0741c49263aff395d3c","tron","USDT",113010.108093,54184.0,"USDT",113010.108093,57,7,10,8,15,0.13157894736842105,0.21052631578947367,0.47946153591331914,True,0.40920472313963385,0.13285688585928024,False,False,"",19.9,"",0,"[]","[]",0,False,False,"",""
"0x4226d6f4230151f88cb595cdfcda85f5e76a987e","tron","USDT",302984.24,290000.0,"USDT",302984.24,89,2,4,8,23,0.056179775280898875,0.9662921348314607,0.9571454937722174,False,0.7101875030574466,0.17687918868844782,False,False,"",19.8,"",0,"[]","[]",0,False,False,"",""
"0x11fdfb7d42c1d047aa983ecca37b26a842c39f1a","tron","USDT",35496.4,25600.0,"USDT",35496.4,118,1,5,8,19,0.2366412213740458,0.5190839694656488,0.7211998963275149,False,0.637606182761693,0.1664411212386968,False,False,"",19.8,"",0,"[]","[]",0,False,False,"",""
"0x6c85460b28633f1310c0dc7b4b660ae274c38805","tron","USDT",138509.72999999998,126172.0,"USDT",138509.72999999998,52,2,3,8,15,0.2318840579710145,0.30434782608695654,0.9109251747151628,False,0.6357484594163629,0.1663292204266641,False,False,"",19.8,"",0,"[]","[]",0,False,False,"",""
"0xf605e7cb61fb40d0c05c8e9e7964e56d58884bff","tron","USDT",23333.98,23754.98,"USDT",23333.98,86,1,5,4,24,0.1978021978021978,0.38461538461538464,1.0180423571118171,False,0.6158446885955658,0.16314549687009616,False,False,"",19.8,"",0,"[]","[]",0,False,False,"",""
"0x350f4fcb3e788449aa9a82c31f7edb87453b983d","tron","USDT",804377.865,804377.0,"USDT",804377.865,134,1,11,3,19,0.375,0.06465517241379311,0.9999989246347548,False,0.583975580534302,0.15853972573534586,False,False,"",19.8,"",0,"[]","[]",0,False,False,"",""
"0xd370a980a6c4609776b3be5fa069f50639197008","tron","USDT",712598.488,550000.0,"USDT",712598.488,60,2,2,8,22,0.14678899082568808,0.8256880733944955,0.7718231363971123,False,0.567318459641592,0.15604373579443542,False,False,"",19.8,"",0,"[]","[]",0,False,False,"",""
"0x7da2d0c89dc3f1df14d66fb867b4cd62b237c470","tron","USDT",172922.16999999998,171248.98,"USDT",172922.16999999998,63,4,15,8,21,0.13812154696132597,0.2596685082872928,0.9903240284342952,False,0.5545417218679438,0.15462139793937063,False,False,"",19.8,"",0,"[]","[]",0,False,False,"",""
"0xc11e6770d037f2f537a32e66f0be6b3f489d7048","tron","USDT",13882.0,14055.0,"USDT",13882.0,55,1,4,4,23,0.24050632911392406,0.35443037974683544,1.012462181241896,False,0.4870638165530552,0.14468646225732845,False,False,"",19.8,"",0,"[]","[]",0,False,False,"",""
"0x6fd30ea6f35dd738e0a9d055c516b9efb22ba1d0","tron","USDT",97419.47264799997,80164.49,"USDT",97419.47264799997,73,5,6,8,23,0.15789473684210525,0.0,0.8228795313813043,False,0.4492688690732129,0.1389301496589394,False,False,"",19.8,"",0,"[]","[]",0,False,False,"",""
"0x7056da986e3d623ad5bf2cde808287a79ae605ec","tron","USDT",34607.340008,12662.5,"USDT",34607.340008,51,1,1,8,18,0.15873015873015872,0.42857142857142855,0.3658905884437485,True,0.4015286331526672,0.13228673815816588,False,False,"",19.8,"",0,"[]","[]",0,False,False,"",""
"0x6532f6051cba5523ea0bfa716fbef7c4e54efae4","tron","USDT",40119.0,39968.0,"USDT",40119.0,121,2,8,6,24,0.2361111111111111,0.3888888888888889,0.9962361973129938,False,0.7199778535370049,0.17909125894447564,False,False,"",19.7,"",0,"[]","[]",0,False,False,"",""
"0x3a267b808b5d10230a96a883fc16f8416eaac013","tron","USDT",33400.83,31630.83,"USDT",33400.83,119,2,7,5,24,0.22302158273381295,0.381294964028777,0.9470073049082912,False,0.7067479423801343,0.17695044161327467,False,False,"",19.7,"",0,"[]","[]",0,False,False,"",""
"0x151496c6bc2851fe06dad9df30009835fa0f3fff","tron","USDT",312740.68847,262126.47631899998,"USDT",312740.68847,154,1,3,8,24,0.13584905660377358,0.2490566037735849,0.8381591714253221,False,0.6275825290407794,0.165508982193103,False,False,"",19.7,"",0,"[]","[]",0,False,False,"",""
"0x5baf804ae18ced5921c8a916b08ad9ad460b5c24","tron","USDT",17494.4,16520.4,"USDT",17494.4,69,2,5,8,24,0.1978021978021978,0.4725274725274725,0.9443250411560271,False,0.6249026595086595,0.16534053530242776,False,False,"",19.7,"",0,"[]","[]",0,False,False,"",""
"0x90b24c0e99d7f55c49b227dad30cb702123e94e5","tron","USDT",495946.24821199995,460632.0,"USDT",495946.24821199995,63,2,16,8,23,0.1693548387096774,0.5846774193548387,0.9287942023166504,False,0.6061532824176108,0.1624519676681766,False,False,"",19.7,"",0,"[]","[]",0,False,False,"",""
"0xd044ba7a937ad20d3d627892a8a5f6457fa2c4bd","tron","USDT",21328.0,21130.0,"USDT",21328.0,100,1,5,5,24,0.22950819672131148,0.23770491803278687,0.9907164291072769,False,0.6021549397882864,0.1618834438543555,False,False,"",19.7,"",0,"[]","[]",0,False,False,"",""
"0x4be17157a28fd83cc06a33f5dfd2027516bf964b","tron","USDT",386268.11041100015,450000.0,"USDT",386268.11041100015,109,1,9,8,24,0.31805929919137466,0.2722371967654987,1.1649939196926904,False,0.595105205303954,0.1608013116775059,False,False,"",19.7,"",0,"[]","[]",0,False,False,"",""
"0xc099cd372cce4e85bdc7154bab84dc96c1a24e7b","tron","USDT",219545.1568,221341.2068,"USDT",219545.1568,85,1,1,2,21,0.07692307692307693,0.26153846153846155,1.0081807771402407,False,0.5834826253877295,0.15941603823984335,False,False,"",19.7,"",0,"[]","[]",0,False,False,"",""
"0x95831b1d2cd4f568fb3e05bf9ceaacf4049ff781","tron","USDT",16194.090081,13882.090081,"USDT",16194.090081,65,2,4,8,24,0.20430107526881722,0.43010752688172044,0.8572318674012691,False,0.582876225564521,0.15906099396417894,False,False,"",19.7,"",0,"[]","[]",0,False,False,"",""
"0x494bea6a0309a464db7a6bf3a55115e4e0d3a3e6","tron","USDT",810781.777,810781.0,"USDT",810781.777,133,1,11,3,23,0.24897959183673468,0.05714285714285714,0.9999990416656837,False,0.5796501893282062,0.1583502945219306,False,False,"",19.7,"",0,"[]","[]",0,False,False,"",""
"0x94924263d6004f79b52e19807cdbee0b55647163","tron","USDT",15460.0,15642.0,"USDT",15460.0,62,2,4,8,24,0.1956521739130435,0.3695652173913043,1.0117723156532987,False,0.5771166260670095,0.15798897164508008,False,False,"",19.7,"",0,"[]","[]",0,False,False,"",""
"0x4e8bd2e5afb713a4d5ec64fd7589ac5a8ed1b002","tron","USDT",52678.51,52678.51,"USDT",52678.51,55,1,1,2,18,0.17045454545454544,0.09090909090909091,1.0,False,0.5608471537427162,0.15566771755141534,False,False,"",19.7,"",0,"[]","[]",0,False,False,"",""
"0x14ed140a39689c252fbe6edf5cf32851fabf94c0","tron","USDT",51832.57,51832.57,"USDT",51832.57,50,1,1,2,18,0.06976744186046512,0.10465116279069768,1.0,False,0.5265800089645899,0.15093128195716227,False,False,"",19.7,"",0,"[]","[]",0,False,False,"",""
"0xc6f62c5dfad00fe1f04249102c7a0b8e81dd974c","tron","USDT",118070.67096699998,500000.0,"USDT",118070.67096699998,145,2,2,8,24,0.058823529411764705,0.232620320855615,4.2347519151453525,False,0.4994845360824742,0.14721663252075362,False,False,"",19.7,"",0,"[]","[]",0,False,False,"",""
"0x9e221b9cd55cdc6b2682d46b7485f2ddb51ac8e6","tron","USDT",10804.779999999999,14369.78,"USDT",10804.779999999999,72,1,4,4,24,0.18478260869565216,0.2608695652173913,1.3299465606888805,False,0.4768614274408881,0.14368265899938226,False,False,"",19.7,"",0,"[]","[]",0,False,False,"",""
"0xa6f4e84c4318e2a185137b5fdab75295a5481b1d","tron","USDT",20931.0,20932.0,"USDT",20931.0,86,2,6,7,24,0.16037735849056603,0.3113207547169811,1.0000477760259903,False,0.6498111529974018,0.16930460990437263,False,False,"",19.6,"",0,"[]","[]",0,False,False,"",""
"0x0f35618fd9f89993346bd0564ab1abd864b632cf","tron","USDT",16043.94,18348.940000000002,"USDT",16043.94,75,2,5,8,24,0.1875,0.46875,1.14366795188713,False,0.627945029075734,0.16634122660897976,False,False,"",19.6,"",0,"[]","[]",0,False,False,"",""
"0x014760625e1ed522ffa91b2970dce77d47a6770a","tron","USDT",102556.0,102330.0,"USDT",102556.0,101,3,9,8,24,0.15447154471544716,0.10569105691056911,0.9977963259097469,False,0.6141715466700713,0.164089816444138,False,False,"",19.6,"",0,"[]","[]",0,False,False,"",""
"0x4e07c88a6861c75da2deabf36477d687fca53e8b","tron","USDT",439985.62000099994,570964.86,"USDT",439985.62000099994,148,1,3,8,24,0.15845070422535212,0.22535211267605634,1.2976898199507119,False,0.5894983425988312,0.16043255469988532,False,False,"",19.6,"",0,"[]","[]",0,False,False,"",""
"0x8aa2f98cb9bcbed245b99be2a190e27fe4b11479","tron","USDT",216235.80219199997,216235.802192,"USDT",216235.80219199997,53,1,3,1,6,0.0,0.14814814814814814,1.0000000000000002,False,0.566024204392649,0.1574126959229502,False,False,"",19.6,"",0,"[]","[]",0,False,False,"",""
"0xec08d50fb9c5fe364676b1cd145aefdd47ef5f64","tron","USDT",81180.0,63131.0,"USDT",81180.0,57,2,2,8,16,0.25806451612903225,0.6451612903225806,0.7776669130327667,False,0.5484065336598927,0.15438805488333723,False,False,"",19.6,"",0,"[]","[]",0,False,False,"",""
"0x0116414843655a1d77cc185e024de5282ce1854d","tron","USDT",25277.0,26666.0,"USDT",25277.0,51,2,6,7,24,0.16071428571428573,0.5178571428571429,1.0549511413538,False,0.5321070375293298,0.15217840830254947,False,False,"",19.6,"",0,"[]","[]",0,False,False,"",""
"0x96b19b2bf1fb82081ad7d7f97dd3e53e14ec9051","tron","USDT",15629.18,42000.0,"USDT",15629.18,79,1,1,8,23,0.21348314606741572,0.6404494382022472,2.687281098560513,False,0.4340654415060511,0.13790632948000925,False,False,"",19.6,"",0,"[]","[]",0,False,False,"",""
"0x1e742a3e7f9825880a2a8354c848000b426dbbcd","tron","USDT",605832.4,603830.0,"USDT",605832.4,53,1,9,8,17,0.272,0.104,0.9966947954582818,False,0.3990027869715309,0.1325772545438354,False,False,"",19.6,"",0,"[]","[]",0,False,False,"",""
"0x36ffc8de47db266296d26beab8a601f2d2b0d98c","tron","USDT",296400.31,455909.93,"USDT",296400.31,54,8,12,7,2,0.9891304347826086,0.43478260869565216,1.5381560498367899,False,0.39355659819041877,0.13187787218314717,False,False,"",19.6,"",0,"[]","[]",0,False,False,"",""
"0x4583b3e762f1e118229f82f9eea1ba021316bd0b","tron","USDT",50382.515689000014,184.91,"USDT",50382.515689000014,72,1,1,3,23,0.11538461538461539,0.11538461538461539,0.0036701224119376655,True,0.20015132614083664,0.10390000815929384,False,False,"",19.6,"",0,"[]","[]",0,False,False,"",""
"0x17b103d07d732f892579439a9ec41b2f28aa7513","tron","USDT",87150.82999999999,84091.93,"USDT",87150.82999999999,141,1,6,8,24,0.32934131736526945,0.1467065868263473,0.9649010801159325,False,0.6135987727242174,0.1645297934202294,False,False,"",19.5,"",0,"[]","[]",0,False,False,"",""
"0xa4ee526ed67b072aa0bde38615635cb809c8bee0","tron","USDT",35678.279726999994,34986.0,"USDT",35678.279726999994,54,1,2,2,3,0.0,0.18461538461538463,0.9805966057697535,False,0.5814173937671286,0.16017651192348964,False,False,"",19.5,"",0,"[]","[]",0,False,False,"",""
"0x9b0560107863a174efcf0edc4b70385db5b8f009","tron","USDT",91383.0,72930.0,"USDT",91383.0,126,1,2,8,22,0.13471502590673576,0.13471502590673576,0.7980696628475756,False,0.5650375094408733,0.15775400840835196,False,False,"",19.5,"",0,"[]","[]",0,False,False,"",""
"0x5ec6c0d347e269e8e2ca47d94dbea16de75163c2","tron","USDT",26436.472506999984,20355.0,"USDT",26436.472506999984,106,2,3,8,24,0.38317757009345793,0.02336448598130841,0.7699590024580738,False,0.5413069058255457,0.15444911292201263,False,False,"",19.5,"",0,"[]","[]",0,False,False,"",""
"0xc83d760320b3a6b4e6b73a29ffed9b2d2c33f90b","tron","USDT",501145.6721150001,514345.752115,"USDT",501145.6721150001,56,3,15,8,23,0.18803418803418803,0.2564102564102564,1.0263398064365021,False,0.5155522986858059,0.15061030141208376,False,False,"",19.5,"",0,"[]","[]",0,False,False,"",""
"0xadca1c1c2e596bb7c9b572fd591dff359fce4a91","tron","USDT",767573.514,499000.0,"USDT",767573.514,62,1,2,8,24,0.06428571428571428,0.9892857142857143,0.6501005974002381,False,0.5094239742536917,0.14982701589364056,False,False,"",19.5,"",0,"[]","[]",0,False,False,"",""
"0x5fdc97cf3ee3f5e83865d3e8bc1768f7bf8b7e6e","tron","USDT",85100.10799999998,88739.374,"USDT",85100.10799999998,51,6,8,8,22,0.15384615384615385,0.0,1.0427645285714564,False,0.36385856896074237,0.12846436191541938,False,False,"",19.5,"",0,"[]","[]",0,False,False,"",""
"0x9afce83db8605b225b25dffb2a54d347165f78dd","tron","USDT",959122.8293339999,328859.54000000004,"USDT",959122.8293339999,64,6,7,7,17,0.34686346863468637,0.17343173431734318,0.34287531267330484,True,0.3060470481913172,0.120074910110536,False,False,"",19.5,"",0,"[]","[]",0,False,False,"",""
"0x2e2b7e2d6a85eca6fd0d4f4dc047382801578080","tron","USDT",178917.426335,179000.0,"USDT",178917.426335,91,1,3,3,2,0.0,0.1773049645390071,1.0004615182919376,False,0.7226329316620965,0.18107436377603253,False,False,"",19.4,"",0,"[]","[]",0,False,False,"",""
"0x73a2cb4256f50f65ec8e2ff9278ff5ad98231017","tron","USDT",149458.7,149091.74000000002,"USDT",149458.7,138,2,9,8,22,0.059907834101382486,0.31336405529953915,0.9975447397843017,False,0.7143229327170576,0.18029128127475869,False,False,"",19.4,"",0,"[]","[]",0,False,False,"",""
"0x6fbbdc937b09163d9214913d0b49b1b9c7122dec","tron","USDT",415665.0754,415665.0,"USDT",415665.0754,91,1,6,2,13,0.21379310344827587,0.09655172413793103,0.9999998186039568,False,0.6949349704442338,0.17698578435570356,False,False,"",19.4,"",0,"[]","[]",0,False,False,"",""
"0x1ec37cc7da09213163c010e12ce6a725a176ef56","tron","USDT",20302.0,25995.0,"USDT",20302.0,61,2,2,8,19,0.10810810810810811,0.3783783783783784,1.2804157225889075,False,0.5216398496552351,0.15190871032192382,False,False,"",19.4,"",0,"[]","[]",0,False,False,"",""
"0xed8d58f009644c5aa43b46e32a9d558e510a7d63","tron","USDT",12945.5,13372.5,"USDT",12945.5,66,1,4,3,24,0.15476190476190477,0.2261904761904762,1.0329844347456645,False,0.5052139602046098,0.14961804894261893,False,False,"",19.4,"",0,"[]","[]",0,False,False,"",""
"0x95da23b57444983bd08fd69f6da1cb3c212d2347","tron","USDT",71120.44181599998,50602.0,"USDT",71120.44181599998,63,1,1,6,18,0.16666666666666666,0.0043859649122807015,0.7114972672823872,False,0.49774544180251057,0.14865430948053732,False,False,"",19.4,"",0,"[]","[]",0,False,False,"",""
"0x808dd479189e2a5fef44ab6249e049362e5f65f1","tron","USDT",12343.797,18494.0,"USDT",12343.797,65,1,3,8,22,0.22535211267605634,0.7746478873239436,1.4982423965656595,False,0.4867925785084728,0.14680084289613665,False,False,"",19.4,"",0,"[]","[]",0,False,False,"",""
"0xfa9841f8fc864820fa2cfc0884590cfa8708a6d6","tron","USDT",18854.745457999998,700.0,"USDT",18854.745457999998,65,2,2,8,23,0.2,0.11578947368421053,0.03712593211927943,True,0.23162957907289217,0.10938584120028538,False,False,"",19.4,"",0,"[]","[]",0,False,False,"",""
"0x9b05369c75b2547acabf1bba0e600595e8490be5","tron","USDT",96893.639999,96271.639999,"USDT",96893.639999,125,2,10,5,24,0.22602739726027396,0.3972602739726027,0.9935805900159554,False,0.7258788253093319,0.1822491308125604,False,False,"",19.3,"",0,"[]","[]",0,False,False,"",""
"0x78219f0c0857afaa70773ddf599e50faafecbf13","tron","USDT",82510.54000000001,82795.54000000001,"USDT",82510.54000000001,113,2,12,8,24,0.20994475138121546,0.3756906077348066,1.0034541041665708,False,0.7084530608340995,0.18004810567253765,False,False,"",19.3,"",0,"[]","[]",0,False,False,"",""
"0x6fbcfb5040c3df58dd528ad209f2ad23ed696fd3","tron","USDT",135108.97,136312.96999999997,"USDT",135108.97,110,2,10,5,24,0.17419354838709677,0.36774193548387096,1.008911325428652,False,0.7015794561155247,0.17891118446050486,False,False,"",19.3,"",0,"[]","[]",0,False,False,"",""
"0x3967b525e6849a0b824df0a2d5606afb114e0e0e","tron","USDT",579918.7580000001,579887.0,"USDT",579918.7580000001,76,1,7,2,8,0.020134228187919462,0.11409395973154363,0.9999452371568224,False,0.6641306879513107,0.17300444488859767,False,False,"",19.3,"",0,"[]","[]",0,False,False,"",""
"0x883ee948d810050345146d2b9222d299af5093a8","tron","USDT",51106.38999999999,51488.39,"USDT",51106.38999999999,57,1,1,3,16,0.028037383177570093,0.102803738317757,1.0074746034693511,False,0.5769004177193974,0.16056321446887917,False,False,"",19.3,"",0,"[]","[]",0,False,False,"",""
"0x3aaea743cd1a334d0e91e2d04c87c4079e217012","tron","USDT",16738.6,18035.6,"USDT",16738.6,59,2,6,7,24,0.22077922077922077,0.38961038961038963,1.0774855722700822,False,0.5554800258418151,0.15770176142166697,False,False,"",19.3,"",0,"[]","[]",0,False,False,"",""
"0x6314d34820dfa1c79bce1d0fe07a1f36b6e9f342","tron","USDT",14868.0,17041.5,"USDT",14868.0,55,2,5,7,23,0.21428571428571427,0.5714285714285714,1.146186440677966,False,0.5485081175120985,0.15638083696936184,False,False,"",19.3,"",0,"[]","[]",0,False,False,"",""
"0x1861c3bed9a1454faf416f373c561ccc8d71c410","tron","USDT",39949.711363,26000.0,"USDT",39949.711363,135,1,3,7,20,0.02027027027027027,0.12162162162162163,0.6508182190292436,False,0.5379852484674355,0.15460324500188177,False,False,"",19.3,"",0,"[]","[]",0,False,False,"",""
"0x23c3282d59a6a593779a0a3b5f4671362ab0243c","tron","USDT",49125.541658999995,90000.0,"USDT",49125.541658999995,91,1,1,8,17,0.17582417582417584,0.04395604395604396,1.8320408683679448,False,0.5068325255644209,0.150493851737235,False,False,"",19.3,"",0,"[]","[]",0,False,False,"",""
"0xc77f529fe528ef2b7daebfb68b6a2d33df303ac3","tron","USDT",13355.15,13432.65,"USDT",13355.15,69,1,4,1,3,1.0,0.043478260869565216,1.0058030048333415,False,0.4580281036500955,0.1430736425285125,False,False,"",19.3,"",0,"[]","[]",0,False,False,"",""
"0x0e63799372a03f05aba366fc6d9a0f2d2fdaaf11","tron","USDT",56458.920032,56457.920032,"USDT",56458.920032,105,2,11,5,24,0.1865671641791045,0.4552238805970149,0.9999822880069361,False,0.7186652160056902,0.18166839292926668,False,False,"",19.2,"",0,"[]","[]",0,False,False,"",""
"0xa0ad6a4233d0f098f5d8f4da1cd494e3209446d6","tron","USDT",44119.47,42429.47,"USDT",44119.47,100,2,11,7,24,0.25,0.39375,0.9616949160994,False,0.6880359800822736,0.1771991364281364,False,False,"",19.2,"",0,"[]","[]",0,False,False,"",""
"0x62ba2c33244b84d231b49777734e5b12a14a3d5f","tron","USDT",127667.952,161000.0,"USDT",127667.952,55,2,7,8,17,0.23684210526315788,0.5394736842105263,1.261083909296203,False,0.6733771222196479,0.1754644988805858,False,False,"",19.2,"",0,"[]","[]",0,False,False,"",""
"0xcfb7c6e7cd7e8ad90caa2c5019a0cfe46595881d","tron","USDT",509042.003354,430400.0,"USDT",509042.003354,102,1,7,8,24,0.23631123919308358,0.5043227665706052,0.8455097951920669,False,0.6410203812705962,0.1706949891985317,False,False,"",19.2,"",0,"[]","[]",0,False,False,"",""
"0x30abd8aa8530b9654cb33743acc0a632f33b8b26","tron","USDT",20436.73,20903.0,"USDT",20436.73,70,2,4,8,24,0.2127659574468085,0.44680851063829785,1.022815293836147,False,0.6293455024160965,0.16862671034504229,False,False,"",19.2,"",0,"[]","[]",0,False,False,"",""
"0xec9f435cf2b2d6faadc392f1a45bd37351804b34","tron","USDT",19933.760000000002,18152.760000000002,"USDT",19933.760000000002,73,2,4,8,24,0.21875,0.4270833333333333,0.910654086333938,False,0.6224490602071732,0.16802629138894487,False,False,"",19.2,"",0,"[]","[]",0,False,False,"",""
"0x49a97f47946e7cc0b8c478c01db44d5de51e0711","tron","USDT",18387.0,19048.0,"USDT",18387.0,64,2,5,7,24,0.19047619047619047,0.4642857142857143,1.035949312013923,False,0.6068845436931366,0.16564543507162027,False,False,"",19.2,"",0,"[]","[]",0,False,False,"",""
"0xd0392db4e625d5b2798492a6844acda6e1c42b28","tron","USDT",55005.965557,35511.340046,"USDT",55005.965557,75,3,8,8,23,0.17307692307692307,0.5288461538461539,0.6455907043246305,False,0.5925202027205962,0.16350722800854323,False,False,"",19.2,"",0,"[]","[]",0,False,False,"",""
"0x55270b7c69e21d502d8af9749ecfeb36b00b450a","tron","USDT",17187.5,15441.5,"USDT",17187.5,71,2,4,8,24,0.18947368421052632,0.3263157894736842,0.8984145454545455,False,0.585599538405118,0.1624110390698521,False,False,"",19.2,"",0,"[]","[]",0,False,False,"",""
"0x815aa3625e50fb63d57189cd6432431026e6de83","tron","USDT",85541.55284100001,79400.0,"USDT",85541.55284100001,109,4,11,8,23,0.0625,0.008928571428571428,0.9282038654077791,False,0.5650894508045501,0.15920399281312142,False,False,"",19.2,"",0,"[]","[]",0,False,False,"",""
"0xdd5e4d18de31d3788d1a2566eb4c7d8b9b1ef18b","tron","USDT",13475.808006,14028.608005999999,"USDT",13475.808006,69,1,4,3,24,0.1511627906976744,0.19767441860465115,1.0410216589427417,False,0.5065648300222988,0.1508341525628391,False,False,"",19.2,"",0,"[]","[]",0,False,False,"",""
"0x19a168afcf03fe8681946320edca92180d7c8115","tron","USDT",112271.23635900002,126260.42535900002,"USDT",112271.23635900002,72,6,12,8,24,0.1953125,0.0,1.1246017186028663,False,0.4560074913309731,0.14377138963125996,False,False,"",19.2,"",0,"[]","[]",0,False,False,"",""
"0xbc24a3577df6f4c3f60296235f5a9ad6515305c9","tron","USDT",622797.708177,213267.56262,"USDT",622797.708177,152,2,3,8,12,0.3201754385964912,0.11842105263157894,0.3424347261075486,True,0.43805216261281404,0.14091741858219164,False,False,"",19.2,"",0,"[]","[]",0,False,False,"",""
"0x7bef96cc1b4bcab0f5b02e6033ee1f6e6bbf8a48","tron","USDT",97858.369,84574.65299999999,"USDT",97858.369,66,6,8,8,23,0.2564102564102564,0.0,0.8642556979464883,False,0.4326001310729372,0.14021652233935905,False,False,"",19.2,"",0,"[]","[]",0,False,False,"",""
"0xebb9ed1cc81ffd190307f5423aee2e7c9c359a44","tron","USDT",10165.380000000001,14333.380000000001,"USDT",10165.380000000001,65,1,5,4,24,0.15,0.2375,1.4100191040571035,False,0.42841751491246993,0.13937287941202736,False,False,"",19.2,"",0,"[]","[]",0,False,False,"",""
"0xa5c1cd82b281bc2bb709d21f71eb60aaaa9052ef","tron","USDT",38183.54000000001,40112.59,"USDT",38183.54000000001,65,2,10,8,16,0.1125,0.1,1.0505204598630715,False,0.6569286287804113,0.17350779490284418,False,False,"",19.1,"",0,"[]","[]",0,False,False,"",""
"0x021ef99d15d83c40481a8e01d30c009dfbde4907","tron","USDT",37696.820836999985,37800.0,"USDT",37696.820836999985,133,1,3,8,19,0.2,0.06875,1.0027370786371126,False,0.5835404372533036,0.1629098629891106,False,False,"",19.1,"",0,"[]","[]",0,False,False,"",""
"0x9ff077483dcebc642aca13568f3aebe1098b7d52","tron","USDT",312925.56999999995,200000.0,"USDT",312925.56999999995,77,1,1,8,15,0.09420289855072464,0.028985507246376812,0.6391296179471688,False,0.5604346192416076,0.15935056056617014,False,False,"",19.1,"",0,"[]","[]",0,False,False,"",""
"0xc0b2967b797b79a8be473f481147cae8ad5e8437","tron","USDT",15843.81,18856.81,"USDT",15843.81,90,1,6,4,24,0.19444444444444445,0.2222222222222222,1.1901689050802806,False,0.5454713736231191,0.15722301524490473,False,False,"",19.1,"",0,"[]","[]",0,False,False,"",""
"0x0a85cd695f7ded37f8db9fd0f6772d5ea962f789","tron","USDT",149629.47999999998,151400.0,"USDT",149629.47999999998,92,2,11,8,24,0.12331081081081081,0.0,1.011832695001012,False,0.5334918204798514,0.15535437456056328,False,False,"",19.1,"",0,"[]","[]",0,False,False,"",""
"0x861ded4a5094e8e90f51f4cd9d8c5ea55df8f5ba","tron","USDT",243120.3,155667.44,"USDT",243120.3,95,1,24,8,24,0.10486891385767791,0.15355805243445692,0.6402897660129574,False,0.4989678590743979,0.15051950415738408,False,False,"",19.1,"",0,"[]","[]",0,False,False,"",""
"0x2e3f179a80b47670d280a825064a26ea0743567c","tron","USDT",31968.051153,30000.0,"USDT",31968.051153,82,1,1,8,19,0.22,0.06,0.9384369368160463,False,0.4987138329033258,0.15013723117692657,False,False,"",19.1,"",0,"[]","[]",0,False,False,"",""
"0xd31377eae93b54fb7b74692ab39ea7cf36ddc992","tron","USDT",15012.545,17713.785,"USDT",15012.545,51,2,5,8,22,0.19402985074626866,0.29850746268656714,1.179932183383963,False,0.4579400536862733,0.14462734725961374,False,False,"",19.1,"",0,"[]","[]",0,False,False,"",""
"0xedf82147b0b9cf152b66a4cbf17f001edb8e14a3","tron","USDT",72727.71,53561.0,"USDT",72727.71,56,4,4,8,19,0.16901408450704225,0.056338028169014086,0.7364593220383262,False,0.4014155757478714,0.1358475645491472,False,False,"",19.1,"",0,"[]","[]",0,False,False,"",""
"0x3a1f3628d945ac12f9d1c19e4da416a25c5691dd","tron","USDT",12214.163151,48800.0,"USDT",12214.163151,106,1,1,8,22,0.07547169811320754,0.0,3.9953617285687426,False,0.3083146571044375,0.12235615032281777,False,False,"",19.1,"",0,"[]","[]",0,False,False,"",""
"0x8c0d0ba47f76e8e68ed289a8981ed57751c3c750","tron","USDT",92954.84168999999,4480.632074,"USDT",92954.84168999999,51,6,13,8,21,0.09803921568627451,0.0,0.04820224522508141,True,0.08205192372004991,0.08923380040359463,False,False,"",19.1,"",0,"[]","[]",0,False,False,"",""
"0x10d6dda6a2c2069b65f133e50599712197a020b7","tron","USDT",37814.530064,37763.530064,"USDT",37814.530064,107,2,9,5,24,0.24475524475524477,0.36363636363636365,0.9986513120772972,False,0.6979149329667818,0.17998724863054505,False,False,"",19.0,"",0,"[]","[]",0,False,False,"",""
"0x9977c995d3d162c87533ee0ef4431c801ae8cfe8","tron","USDT",243309.3,283994.0,"USDT",243309.3,77,1,4,8,18,0.1111111111111111,0.32323232323232326,1.167213912497385,False,0.6948180870657403,0.17946112762879424,False,False,"",19.0,"",0,"[]","[]",0,False,False,"",""
"0x8f237481492e5027e20622812fab053a69425a15","tron","USDT",19490.4,20122.4,"USDT",19490.4,75,2,5,8,24,0.20212765957446807,0.4148936170212766,1.032426220087838,False,0.637911887313674,0.17103865085540743,False,False,"",19.0,"",0,"[]","[]",0,False,False,"",""
"0xdd5462e9e34760e217724d4a8af9974bd7586a42","tron","USDT",71199.57784299999,70132.287843,"USDT",71199.57784299999,134,1,6,8,24,0.27181208053691275,0.12416107382550336,0.9850098830311405,False,0.6048235812678148,0.16657444698453433,False,False,"",19.0,"",0,"[]","[]",0,False,False,"",""
"0x15a269975261750ce9e29286a4c92480d12de7ad","tron","USDT",19756.170000000002,19827.17,"USDT",19756.170000000002,79,1,5,3,24,0.17391304347826086,0.3695652173913043,1.0035938139831757,False,0.5957850471540597,0.1650223430300935,False,False,"",19.0,"",0,"[]","[]",0,False,False,"",""
"0xf67547aaf822dcf204472879b434782c96fdfb5e","tron","USDT",22565.0,22708.0,"USDT",22565.0,54,2,5,5,23,0.13846153846153847,0.4307692307692308,1.0063372479503656,False,0.5492031913781027,0.15837147806525026,False,False,"",19.0,"",0,"[]","[]",0,False,False,"",""
"0xf7ee0e30222e2f473bb5f6ba65602140b027990e","tron","USDT",17195.149999999994,15336.76,"USDT",17195.149999999994,98,2,4,8,24,0.2468354430379747,0.0,0.8919235947345621,False,0.522781850278154,0.15434292342714628,False,False,"",19.0,"",0,"[]","[]",0,False,False,"",""
"0x1e5f9b24d2759778246c970cab65720755ef41f7","tron","USDT",19280.191266000005,17306.447955,"USDT",19280.191266000005,79,2,3,8,21,0.1125,0.0125,0.8976284371991351,False,0.5084140782959454,0.1521559195487024,False,False,"",19.0,"",0,"[]","[]",0,False,False,"",""
"0x4762a179fd50fac37ee801ecba3551482707c55c","tron","USDT",92610.86229299997,156689.0,"USDT",92610.86229299997,112,3,5,8,24,0.18685121107266436,0.07958477508650519,1.6919073650806877,False,0.481295801748542,0.14832048998034308,False,False,"",19.0,"",0,"[]","[]",0,False,False,"",""
"0xa9263fca6333bcd4d1ad01315d184928b96f2052","tron","USDT",20087.7,14306.0,"USDT",20087.7,75,1,1,8,19,0.23232323232323232,0.1111111111111111,0.712177103401584,False,0.4503242597659286,0.1437805289551159,False,False,"",19.0,"",0,"[]","[]",0,False,False,"",""
"0x9db846b30e8c73546eb2bbc154e1c12ac97de9f9","tron","USDT",18921.55,28000.0,"USDT",18921.55,50,3,6,8,22,0.16666666666666666,0.0,1.47979420290621,False,0.26710704915430256,0.11729515655596129,False,False,"",19.0,"",0,"[]","[]",0,False,False,"",""
"0xaae16e7c4190534939d2698df42ccedb5b33c278","tron","USDT",57098.17999999999,55797.18,"USDT",57098.17999999999,109,2,8,5,24,0.23484848484848486,0.4621212121212121,0.9772146853017033,False,0.7215074821074048,0.18396108207096346,False,False,"",18.9,"",0,"[]","[]",0,False,False,"",""
"0x1b928691377e1b1bbe56ed534d227d3cac921634","tron","USDT",84850.5,84749.50000000001,"USDT",84850.5,115,2,9,5,24,0.22556390977443608,0.41353383458646614,0.9988096711274538,False,0.7215010646602734,0.1839427474261085,False,False,"",18.9,"",0,"[]","[]",0,False,False,"",""
"0x8217fee9acb1a8748e3693ab32cb94c1cf998383","tron","USDT",39409.545041000005,38110.045041,"USDT",39409.545041000005,113,2,7,5,24,0.20437956204379562,0.39416058394160586,0.9670257548355845,False,0.708107078353939,0.18186537385796792,False,False,"",18.9,"",0,"[]","[]",0,False,False,"",""
"0x0a2254e15be673f440725092e2a6fc5e278b2b79","tron","USDT",57471.61005,56167.610049999996,"USDT",57471.61005,119,2,7,5,24,0.2246376811594203,0.36231884057971014,0.9773105364741733,False,0.7068471364297518,0.18208445162526876,False,False,"",18.9,"",0,"[]","[]",0,False,False,"",""
"0xcbd5b991497e25640f77a80f183a9c11dedaf7c4","tron","USDT",93434.939569,96000.0,"USDT",93434.939569,114,2,5,8,24,0.15328467153284672,0.17153284671532848,1.0274529040510136,False,0.6494399436183047,0.17326141206823925,False,False,"",18.9,"",0,"[]","[]",0,False,False,"",""
"0xe4723bdcf4a9a3abee9b605a8d8ca3eab4deb70e","tron","USDT",80164.74582600004,80444.775826,"USDT",80164.74582600004,133,1,7,8,24,0.2626582278481013,0.13291139240506328,1.0034931814117862,False,0.6087590060305069,0.16766393988645345,False,False,"",18.9,"",0,"[]","[]",0,False,False,"",""
"0x39779bc4d2289d6210a7fb0cd039700ce1c0fd09","tron","USDT",23687.17,25031.17,"USDT",23687.17,84,1,6,4,24,0.22916666666666666,0.3854166666666667,1.056739576741333,False,0.6035333038359557,0.16659573156366625,False,False,"",18.9,"",0,"[]","[]",0,False,False,"",""
"0xe1061192fe1f7420d5da84c5c6dfa9db29f40f06","tron","USDT",261213.93,350144.0,"USDT",261213.93,177,2,5,8,20,0.03389830508474576,0.05084745762711865,1.3404491866111428,False,0.5859666395939526,0.16394615433328025,False,False,"",18.9,"",0,"[]","[]",0,False,False,"",""
"0xb5b73fc1f99a5e0259862d762711154a85be0ae1","tron","USDT",29334.950406000004,39300.0,"USDT",29334.950406000004,60,4,11,8,20,0.19148936170212766,0.09574468085106383,1.3396988730535506,False,0.42228882243097515,0.1405034211982381,False,False,"",18.9,"",0,"[]","[]",0,False,False,"",""
"0x79b9a5a03226dafdbd59d5bbbb61be7dea5a77b3","tron","USDT",11147.1,14596.0,"USDT",11147.1,57,1,5,4,24,0.2125,0.275,1.3093988571018471,False,0.42012381441557856,0.1399158250185067,False,False,"",18.9,"",0,"[]","[]",0,False,False,"",""
"0xc4e2821c59da766a053952edd617fbca3946f07d","tron","USDT",183650.95,217177.45,"USDT",183650.95,50,6,17,8,24,0.1839080459770115,0.14942528735632185,1.1825555489911705,False,0.4065637445271805,0.13787221123791393,False,False,"",18.9,"",0,"[]","[]",0,False,False,"",""
"0x3f94fc79faab4ef592c1f11e14bb63a48bebd4a5","tron","USDT",49734.079999999994,49433.079999999994,"USDT",49734.079999999994,94,2,10,8,24,0.24242424242424243,0.41818181818181815,0.9939478120435725,False,0.6902507905575267,0.1801580946626129,False,False,"",18.8,"",0,"[]","[]",0,False,False,"",""
"0x158d161f2fc20e06d479f8d9e299f7069a98c9c3","tron","USDT",86827.78171900006,77107.0,"USDT",86827.78171900006,122,2,4,7,21,0.038461538461538464,0.2087912087912088,0.888045260093603,False,0.6508945742060805,0.17424583710865832,False,False,"",18.8,"",0,"[]","[]",0,False,False,"",""
"0x0403ba45188f10c4c91fe0e3a623404dd2214670","tron","USDT",21068.68,23635.68,"USDT",21068.68,87,2,6,7,24,0.17647058823529413,0.33088235294117646,1.1218396216564113,False,0.6327813360900535,0.17185674172465704,False,False,"",18.8,"",0,"[]","[]",0,False,False,"",""
"0xf2b5705c97ffd0685518959202cafd931589ea24","tron","USDT",324582.142006,313274.582006,"USDT",324582.142006,147,1,6,8,24,0.22006472491909385,0.1553398058252427,0.9651627168083974,False,0.6210020637561214,0.16970121579986935,False,False,"",18.8,"",0,"[]","[]",0,False,False,"",""
"0xcea3c704b008f0c5a39c276bd4ef485477b9979f","tron","USDT",19913.6,20817.6,"USDT",19913.6,64,2,6,7,24,0.21686746987951808,0.4939759036144578,1.0453961112003858,False,0.6094326558415006,0.16832918609440817,False,False,"",18.8,"",0,"[]","[]",0,False,False,"",""
"0xbbf1e9097b0092aeb2f8d17cd2b99d2773f8e210","tron","USDT",168764.214572,169816.0,"USDT",168764.214572,136,1,7,7,24,0.20606060606060606,0.09090909090909091,1.0062322775635073,False,0.5943608954509919,0.16607209860116418,False,False,"",18.8,"",0,"[]","[]",0,False,False,"",""
"0xa3c2cf923417a897253d982ad957939e923e3f1d","tron","USDT",208855.85965700002,220810.168,"USDT",208855.85965700002,150,1,2,8,24,0.20869565217391303,0.0,1.0572371221120265,False,0.5370061838250174,0.15747239380153988,False,False,"",18.8,"",0,"[]","[]",0,False,False,"",""
"0x1ea8d046c74965613caf8efba99dec8280e94aa6","tron","USDT",119050.94162200001,85688.0,"USDT",119050.94162200001,88,4,8,8,24,0.31390134529147984,0.08968609865470852,0.7197591117932434,False,0.5297205359400023,0.15645538243464518,False,False,"",18.8,"",0,"[]","[]",0,False,False,"",""
"0x3521a05a40664c549bff71efb7f377a8ad71a6bb","tron","USDT",26048.440000000002,26000.0,"USDT",26048.440000000002,52,1,3,8,20,0.1206896551724138,0.46551724137931033,0.9981403876777265,False,0.49398038591743687,0.15133223540268953,False,False,"",18.8,"",0,"[]","[]",0,False,False,"",""
"0x1ad6927e161b47fba4606795292a839fc3df32cc","tron","USDT",148351.04560400004,108700.0,"USDT",148351.04560400004,92,2,5,8,24,0.17892976588628762,0.0016722408026755853,0.7327214955407708,False,0.4907845501166705,0.15076123448479362,False,False,"",18.8,"",0,"[]","[]",0,False,False,"",""
"0xfc50586f2970d77585fce5ddd87b61b448753bee","tron","USDT",254591.7393,150000.0,"USDT",254591.7393,137,1,1,8,20,0.24087591240875914,0.0,0.5891785821976196,False,0.45633862993123175,0.14614660499476995,False,False,"",18.8,"",0,"[]","[]",0,False,False,"",""
"0x31443071e434d49523702581206e8616b5582e53","tron","USDT",42091.69,40636.69,"USDT",42091.69,114,2,8,5,24,0.24475524475524477,0.3776223776223776,0.9654326067686995,False,0.7035975029763307,0.18236346379281426,False,False,"",18.7,"",0,"[]","[]",0,False,False,"",""
"0x4e76e099bd8abcc69cd087c3e0fab6928910a3ee","tron","USDT",280900.0,268500.0,"USDT",280900.0,58,1,7,8,12,0.24561403508771928,1.0,0.9558561765752936,False,0.7030269054181515,0.18235521057678433,False,False,"",18.7,"",0,"[]","[]",0,False,False,"",""
"0x4ee161ec73b06dfd8d30b8a8cc520038e1ab7ae4","tron","USDT",35773.58,32885.0,"USDT",35773.58,107,2,7,5,24,0.23703703703703705,0.4222222222222222,0.9192538180411354,False,0.6980372270775234,0.18173797670288483,False,False,"",18.7,"",0,"[]","[]",0,False,False,"",""
"0x6a39f2cb8328aae8a32367b9105c0929bc65082c","tron","USDT",179143.71992499995,175243.0,"USDT",179143.71992499995,99,2,7,7,8,0.0,0.0,0.9782257512201208,False,0.6919920798719937,0.18089801157995722,False,False,"",18.7,"",0,"[]","[]",0,False,False,"",""
"0x1a9f4b78ec0851d3b0bab9695aedbc4f9e6397c2","tron","USDT",112793.33374499995,146500.0,"USDT",112793.33374499995,92,2,3,2,4,0.9459459459459459,0.4954954954954955,1.298835623842834,False,0.64475999311579,0.17420832367223443,False,False,"",18.7,"",0,"[]","[]",0,False,False,"",""
"0x6f666345b4631f0690311ae22ec55772266ab108","tron","USDT",78040.88,94510.0,"USDT",78040.88,128,2,3,8,23,0.25280898876404495,0.19101123595505617,1.211031961710324,False,0.6320204117816466,0.171818309964906,False,False,"",18.7,"",0,"[]","[]",0,False,False,"",""
"0xa7fb2ba62143ddb0f84f72d1a25785ae825cbcb9","tron","USDT",110300.20074799997,113650.470748,"USDT",110300.20074799997,144,1,9,8,24,0.31629392971246006,0.12779552715654952,1.0303741060966363,False,0.6116302437739493,0.16902685444266474,False,False,"",18.7,"",0,"[]","[]",0,False,False,"",""
"0xb7fa12a7e2698514bea82e95c6aec730a30b8050","tron","USDT",66474.87000000001,64800.87,"USDT",66474.87000000001,121,1,6,8,24,0.3141891891891892,0.12837837837837837,0.9748175513543689,False,0.5932154152462211,0.16642283605476194,False,False,"",18.7,"",0,"[]","[]",0,False,False,"",""
"0xe6cb79e8ffb4187372ce7c23ff2056e2a6f29a45","tron","USDT",60989.477499,90000.0,"USDT",60989.477499,72,2,2,8,17,0.0,0.0898876404494382,1.4756643881967288,False,0.5932131555296368,0.16618872036319554,False,False,"",18.7,"",0,"[]","[]",0,False,False,"",""
"0x4a250de11993a3a4ba57cd8d2d766257a1cf1d61","tron","USDT",27141.25,26500.0,"USDT",27141.25,79,2,7,8,24,0.13541666666666666,0.13541666666666666,0.9763736010684844,False,0.5775920666950954,0.16389516545509447,False,False,"",18.7,"",0,"[]","[]",0,False,False,"",""
"0xe4a46d10dbd4946aede7798d6631cf865ae5ed44","tron","USDT",15148.173451999999,17407.173452,"USDT",15148.173451999999,77,1,5,4,24,0.17204301075268819,0.3333333333333333,1.1491268902589538,False,0.551348983221181,0.16006163436996207,False,False,"",18.7,"",0,"[]","[]",0,False,False,"",""
"0x9c7e6668ef7fcaa1c5eca50667447392cab5a7ad","tron","USDT",303961.92514999997,314808.28515,"USDT",303961.92514999997,132,1,10,8,24,0.21524663677130046,0.013452914798206279,1.0356832849859323,False,0.550528067341675,0.16043245256221988,False,False,"",18.7,"",0,"[]","[]",0,False,False,"",""
"0x3cd6933d757f7572245fb5587650dda315fab0d5","tron","USDT",795385.2388030001,758611.0,"USDT",795385.2388030001,50,2,14,8,23,0.13839285714285715,0.5133928571428571,0.9537655000256947,False,0.5241910202202892,0.1564843334318059,False,False,"",18.7,"",0,"[]","[]",0,False,False,"",""
"0x876455a1cd579549b88f25f14331863ee9bbedf3","tron","USDT",13622.779999999999,18001.78,"USDT",13622.779999999999,77,1,5,4,24,0.20454545454545456,0.3409090909090909,1.3214468706093765,False,0.5187227280744492,0.15585652225212127,False,False,"",18.7,"",0,"[]","[]",0,False,False,"",""
"0x12141db7a37689be3c8e96a5bdd63b4181916eb5","tron","USDT",37483.445595,24095.0,"USDT",37483.445595,110,1,3,8,24,0.164021164021164,0.047619047619047616,0.6428171054587919,False,0.4834939455202658,0.15037927134154194,False,False,"",18.7,"",0,"[]","[]",0,False,False,"",""
"0x3ff173e256329ba811f30f12cac79baeed09c5e3","tron","USDT",148436.18,172813.0,"USDT",148436.18,114,1,10,8,24,0.18888888888888888,0.5555555555555556,1.1642242477541527,False,0.6591318425155075,0.1768934815574259,False,False,"",18.6,"",0,"[]","[]",0,False,False,"",""
"0xce7d8edc94a31246ebf9a9bb1d84eb8a91083eaa","tron","USDT",216717.05,233525.0,"USDT",216717.05,97,1,12,8,24,0.2185430463576159,0.4966887417218543,1.077557118833059,False,0.6459856627416805,0.17475043825799624,False,False,"",18.6,"",0,"[]","[]",0,False,False,"",""
"0x2204c665b984c22565ddbd8d2af3483247b49fa5","tron","USDT",112639.06999999996,112662.0,"USDT",112639.06999999996,65,1,2,5,18,0.1016949152542373,0.17796610169491525,1.0002035705728043,False,0.6437513074004548,0.17435280737265635,False,False,"",18.6,"",0,"[]","[]",0,False,False,"",""
"0x0345f8b9e0f729aa63505dbfa4468aa90511ff76","tron","USDT",20144.123439,19019.643439,"USDT",20144.123439,69,2,5,8,22,0.17525773195876287,0.5257731958762887,0.9441782610494258,False,0.6307002869028481,0.17263126212330454,False,False,"",18.6,"",0,"[]","[]",0,False,False,"",""
"0x3c8ba0d8e608030e392c60aa5c767206df3b2062","tron","USDT",140643.482422,129007.68866799999,"USDT",140643.482422,51,2,4,8,13,0.0,0.2625,0.9172674513342405,False,0.6185050366586007,0.17058722674064586,False,False,"",18.6,"",0,"[]","[]",0,False,False,"",""
"0x69c7da99917fbe6408019a1f2e7cfdfdab18f8d4","tron","USDT",29086.0,29236.4,"USDT",29086.0,81,1,6,2,24,0.18478260869565216,0.42391304347826086,1.0051708725847488,False,0.6165140101536016,0.1703538833742792,False,False,"",18.6,"",0,"[]","[]",0,False,False,"",""
"0x5858dbc874616f29d9b66288a15255be5efdeca5","tron","USDT",26051.5,28963.16,"USDT",26051.5,77,1,7,2,23,0.12941176470588237,0.5294117647058824,1.1117655413315932,False,0.5997894287126146,0.16810718312176487,False,False,"",18.6,"",0,"[]","[]",0,False,False,"",""
"0x45a5011bb5d9a85f29b55bbd2a626778a1abef5f","tron","USDT",76398.3,93141.433666,"USDT",76398.3,142,1,7,8,24,0.29375,0.165625,1.2191558407189689,False,0.5836901227571475,0.16546897818244516,False,False,"",18.6,"",0,"[]","[]",0,False,False,"",""
"0xd8013a0d80b65685d0212018590af9d24dc7b4c7","tron","USDT",375678.0,423371.0,"USDT",375678.0,152,1,4,8,20,0.14136125654450263,0.08900523560209424,1.12695180447085,False,0.5813554929830151,0.16509730936371547,False,False,"",18.6,"",0,"[]","[]",0,False,False,"",""
"0xc417c04eb0f31237a549a0c433ebd96cfea808d8","tron","USDT",17125.0,19764.5,"USDT",17125.0,76,1,5,4,24,0.18681318681318682,0.37362637362637363,1.154131386861314,False,0.5565560623856932,0.16168291973045218,False,False,"",18.6,"",0,"[]","[]",0,False,False,"",""
"0x662e7a6f4ae127b153310a537a340bdbc097873c","tron","USDT",16864.16,17543.16,"USDT",16864.16,68,1,5,3,24,0.19767441860465115,0.36046511627906974,1.040262900731492,False,0.5467210639594837,0.1604513271608331,False,False,"",18.6,"",0,"[]","[]",0,False,False,"",""
"0x8a219a733a6cc0e7b9f6223344f2d6a28184515d","tron","USDT",20673.575041,20324.925041000002,"USDT",20673.575041,62,1,3,4,24,0.3013698630136986,0.3835616438356164,0.9831354761182547,False,0.5307597711537272,0.15762938770034707,False,False,"",18.6,"",0,"[]","[]",0,False,False,"",""
"0x212b24a463da2a15e9abff82562a6ab1f3ef26fe","tron","USDT",421073.524935,391000.0,"USDT",421073.524935,71,2,16,8,24,0.19597989949748743,0.10050251256281408,0.9285789223161386,False,0.5246669274484362,0.15687035380003278,False,False,"",18.6,"",0,"[]","[]",0,False,False,"",""
"0x05ffa1b8aa0b91f06f2106eb97d278b3ebfcedbe","tron","USDT",121142.30606900001,166725.694757,"USDT",121142.30606900001,63,3,5,8,23,0.10625,0.26875,1.3762796843411307,False,0.48382071037516244,0.1512900927105919,False,False,"",18.6,"",0,"[]","[]",0,False,False,"",""
"0x365909947e249a924eb2494550837d577334e318","tron","USDT",117760.83000000002,122584.923,"USDT",117760.83000000002,54,5,8,8,21,0.22549019607843138,0.0,1.0409651749227649,False,0.38606962749863843,0.13705964373914192,False,False,"",18.6,"",0,"[]","[]",0,False,False,"",""
"0x0d21a4f2791c9ab48051a8908cb0e99ee62ac7d2","tron","USDT",125264.41,125196.41,"USDT",125264.41,112,2,11,5,24,0.23741007194244604,0.3237410071942446,0.9994571482833792,False,0.694602321633368,0.18241981436324334,False,False,"",18.5,"",0,"[]","[]",0,False,False,"",""
"0x956741c7d359f9d73fbf7f3412ce5be2e98f769c","tron","USDT",215461.505464,215431.46546399998,"USDT",215461.505464,106,2,10,8,24,0.15286624203821655,0.3248407643312102,0.9998605783435175,False,0.6869734603571841,0.18128204576677143,False,False,"",18.5,"",0,"[]","[]",0,False,False,"",""
"0xf25ca9a66e615b211ae973f9eec66e5fa3666e0a","tron","USDT",120033.41,117460.0,"USDT",120033.41,111,1,8,8,24,0.30057803468208094,0.4797687861271676,0.9785608856734137,False,0.67726753347713,0.1797760523132207,False,False,"",18.5,"",0,"[]","[]",0,False,False,"",""
"0x5d537aff66191bba0b76636926a953c8387530ff","tron","USDT",39657.36,36859.36,"USDT",39657.36,105,1,8,4,24,0.312,0.416,0.9294456312775232,False,0.6452347111949936,0.1753827614761737,False,False,"",18.5,"",0,"[]","[]",0,False,False,"",""
"0x1a9f4b78ec0851d3b0bab9695aedbc4f9e6397c2","tron","USDT",112793.33374499995,146500.0,"USDT",112793.33374499995,92,2,3,2,4,0.9459459459459459,0.4954954954954955,1.298835623842834,False,0.64475999311579,0.16791421496119474,False,False,"",18.5,"",0,"[]","[]",0,False,False,"",""
"0x9f24be23cb960a2c027c74ec8923b9ca467830a5","tron","USDT",49757.16977,49800.0,"USDT",49757.16977,79,1,6,6,3,1.0,0.7,1.0008607850928415,False,0.6361792549043362,0.1740617415888775,False,False,"",18.5,"",0,"[]","[]",0,False,False,"",""
"0xb0c20dd2d6825034b650411fb01aa7f103138e3e","tron","USDT",84767.97164700001,87849.35507800001,"USDT",84767.97164700001,129,1,7,8,24,0.3089171974522293,0.12101910828025478,1.0363507981980722,False,0.5959570927135904,0.1681417852033903,False,False,"",18.5,"",0,"[]","[]",0,False,False,"",""
"0x6500d4f0d2e5f6a1544afb613dcb16d3021601f5","tron","USDT",52174.45390499999,46000.0,"USDT",52174.45390499999,113,1,2,7,23,0.09649122807017543,0.14912280701754385,0.881657526952893,False,0.5737093628535996,0.16465427246315,False,False,"",18.5,"",0,"[]","[]",0,False,False,"",""
"0x735b755d8cf64a5e6881a57f7f12ed1feb8865ab","tron","USDT",816812.0700000001,778561.0,"USDT",816812.0700000001,127,1,7,8,14,0.3446327683615819,0.005649717514124294,0.9531702928924641,False,0.5335520325811822,0.15916794332449324,False,False,"",18.5,"",0,"[]","[]",0,False,False,"",""
"0x047fbbdc4e0adb70f0c58cb43d8d59a40c806193","tron","USDT",28348.357637,23250.0,"USDT",28348.357637,104,1,3,8,24,0.2548076923076923,0.07692307692307693,0.8201533329625532,False,0.5217178024060471,0.15721098374458026,False,False,"",18.5,"",0,"[]","[]",0,False,False,"",""
"0x4beea824db0fef76f98ea5fe4b90b8da752e033e","tron","USDT",101757.162,122746.822,"USDT",101757.162,133,1,6,8,24,0.2033898305084746,0.01059322033898305,1.206272065645856,False,0.5137881686727114,0.15575218352101167,False,False,"",18.5,"",0,"[]","[]",0,False,False,"",""
"0xc56ad3bfd2ac0ae3b1c6f35059a169c86acab888","tron","USDT",156319.02756100002,530059.083604,"USDT",156319.02756100002,206,1,4,7,22,0.049107142857142856,0.09375,3.3908801242840143,False,0.43211564320932316,0.14398142149023557,False,False,"",18.5,"",0,"[]","[]",0,False,False,"",""
"0x4ea9276a97973585d0ef268fc3d70e676ae39706","tron","USDT",12513.087169999999,12672.0,"USDT",12513.087169999999,63,1,7,8,15,0.3283582089552239,0.0,1.0126997301178395,False,0.39228300332649935,0.1380973722918894,False,False,"",18.5,"",0,"[]","[]",0,False,False,"",""
"0x07ddbfefc5b884915fa3362be648fcab19d61512","tron","USDT",192016.767732,198516.767732,"USDT",192016.767732,111,2,7,8,23,0.22981366459627328,0.32298136645962733,1.0338512103748778,False,0.6860580860290136,0.18193388883179312,False,False,"",18.4,"",0,"[]","[]",0,False,False,"",""
"0x629917973d3efb2c5a93bdcead3084456d03e21c","tron","USDT",45673.68,43376.67999999999,"USDT",45673.68,97,2,10,8,24,0.25157232704402516,0.34591194968553457,0.9497084535338512,False,0.6665216996713601,0.17861039751448687,False,False,"",18.4,"",0,"[]","[]",0,False,False,"",""
"0x029c825ea42d2f03e96d49f7c474f66e48203ab5","tron","USDT",15689.023728,15615.233728,"USDT",15689.023728,65,2,4,8,24,0.22131147540983606,0.16393442622950818,0.9952967118107987,False,0.538548360739569,0.15998886251601768,False,False,"",18.4,"",0,"[]","[]",0,False,False,"",""
"0xc7f777692de7be5da9e63b9fe4f5274b13eef454","tron","USDT",15455.0,18226.0,"USDT",15455.0,83,1,5,4,24,0.14953271028037382,0.22429906542056074,1.1792947266256875,False,0.5333700999460413,0.15933910218125946,False,False,"",18.4,"",0,"[]","[]",0,False,False,"",""
"0xa5bb8380680e07b5905888b0860901b5fcd18e0c","tron","USDT",25311.2,26862.2,"USDT",25311.2,51,2,7,5,23,0.16417910447761194,0.5373134328358209,1.061277221151111,False,0.5324106247971199,0.1592446715690588,False,False,"",18.4,"",0,"[]","[]",0,False,False,"",""
"0xfad788f4be432150d78137732fb4ade1eaac9077","tron","USDT",21973.0,18396.0,"USDT",21973.0,54,2,4,8,24,0.2,0.4266666666666667,0.8372093023255814,False,0.517195334243691,0.1571411969384297,False,False,"",18.4,"",0,"[]","[]",0,False,False,"",""
"0x7e1bed131ac273f44516362409096bc2796be932","tron","USDT",279340.84330600005,400000.0,"USDT",279340.84330600005,68,1,1,7,13,0.2839506172839506,0.41975308641975306,1.4319424086574606,False,0.484342132342914,0.15256799542919758,False,False,"",18.4,"",0,"[]","[]",0,False,False,"",""
"0xada4fb8e8e58b1f463c3a89bc8186d3ac797b269","tron","USDT",13529.9,16585.9,"USDT",13529.9,73,1,5,3,24,0.14814814814814814,0.19753086419753085,1.2258701099047296,False,0.4836471344511474,0.15215221056138822,False,False,"",18.4,"",0,"[]","[]",0,False,False,"",""
"0xd9732f8d5bb2531db010a9462de2c552ace1bc53","tron","USDT",98841.41370899999,390000.0,"USDT",98841.41370899999,79,3,3,8,24,0.10559006211180125,0.4161490683229814,3.945714507364322,False,0.4597714029583147,0.14896902184125432,False,False,"",18.4,"",0,"[]","[]",0,False,False,"",""
"0x4b75e22c91183be5acc223b7cd1021bc051d881e","tron","USDT",27171.376028000002,92488.036347,"USDT",27171.376028000002,63,2,2,1,5,0.0,0.07936507936507936,3.403877530960943,False,0.448027790228597,0.14713001063401443,False,False,"",18.4,"",0,"[]","[]",0,False,False,"",""
"0xc0de48014a1a82d819beedf1c32d3da2a171ea5d","tron","USDT",89051.1,5890.0,"USDT",89051.1,90,2,2,8,18,0.23853211009174313,0.06422018348623854,0.06614179948366723,True,0.44294597531582797,0.14645483991731306,False,False,"",18.4,"",0,"[]","[]",0,False,False,"",""
"0x853914ceacef69e00331dc0dc78023d8e4edd2b8","tron","USDT",78943.0,60000.0,"USDT",78943.0,54,1,4,8,21,0.13846153846153847,0.3384615384615385,0.7600420556604132,False,0.4280953676538217,0.14415863647602772,False,False,"",18.4,"",0,"[]","[]",0,False,False,"",""
"0x93905dac36b1601eb98b556a52a8aa6cae4ece82","tron","USDT",14040.089999999998,16257.09,"USDT",14040.089999999998,51,1,4,4,24,0.18421052631578946,0.34210526315789475,1.1579049706946325,False,0.4238201712577566,0.1435901607878144,False,False,"",18.4,"",0,"[]","[]",0,False,False,"",""
"0x0f4c13683cbdd443847302a8fad2babb13f34be8","tron","USDT",58911.176000000014,81772.9525,"USDT",58911.176000000014,56,3,3,8,22,0.0967741935483871,0.03225806451612903,1.3880719763597993,False,0.3659759229709805,0.1348631616903958,False,False,"",18.4,"",0,"[]","[]",0,False,False,"",""
"0xadffeb4c1103cbd1ab77618cba0fd1bbc857c0d4","tron","USDT",18936.77,8400.0,"USDT",18936.77,52,1,1,8,15,0.13580246913580246,0.06172839506172839,0.4435814555491776,True,0.31527388859975036,0.12750261313030192,False,False,"",18.4,"",0,"[]","[]",0,False,False,"",""
"0xc7f7385781d357f79bdc1979fa69c5f4b56f8c88","tron","USDT",81133.94,80559.94,"USDT",81133.94,112,2,8,5,24,0.25925925925925924,0.37037037037037035,0.9929252788660331,False,0.7052636752263667,0.18486762843789067,False,False,"",18.3,"",0,"[]","[]",0,False,False,"",""
"0x094c33b7da90a2278e4daa2245f7af1e5cb38813","tron","USDT",48969.479999999996,44172.869999999995,"USDT",48969.479999999996,109,2,5,5,24,0.24822695035460993,0.3191489361702128,0.9020489905140916,False,0.6697643476321774,0.18016816711293437,False,False,"",18.3,"",0,"[]","[]",0,False,False,"",""
"0xa356bfcdc49c859f0f296558bb82f05fba10de0c","tron","USDT",98982.69000000002,100291.0,"USDT",98982.69000000002,66,1,2,3,16,0.0,0.18309859154929578,1.0132175635962206,False,0.6478719511982817,0.1767496021726479,False,False,"",18.3,"",0,"[]","[]",0,False,False,"",""
"0x6e8c61f7245ca2c1e07ba4c820b4811cdf49bceb","tron","USDT",22938.0,24005.0,"USDT",22938.0,76,2,5,8,24,0.21649484536082475,0.41237113402061853,1.0465166971837125,False,0.6383882786717291,0.1751818657187244,False,False,"",18.3,"",0,"[]","[]",0,False,False,"",""
"0x900b01588d23616590a800a9581ebd4f98c2952c","tron","USDT",35613.0,38265.44,"USDT",35613.0,84,1,8,2,24,0.12087912087912088,0.46153846153846156,1.0744795439867465,False,0.6184075425697506,0.17227428651682214,False,False,"",18.3,"",0,"[]","[]",0,False,False,"",""
"0x7c660a561dd1a41df2f5149619e79e7c0c9b7166","tron","USDT",97035.68528000002,83955.96528,"USDT",97035.68528000002,138,1,6,8,24,0.30952380952380953,0.14965986394557823,0.8652071146583032,False,0.5923152911521896,0.16861890424737486,False,False,"",18.3,"",0,"[]","[]",0,False,False,"",""
"0x18f5aee80739fac478adb02f5580f63ea44b75ba","tron","USDT",23314.999864999998,25553.999864999998,"USDT",23314.999864999998,81,1,6,4,24,0.18556701030927836,0.3917525773195876,1.096032597596586,False,0.5894667211799208,0.16843662952948862,False,False,"",18.3,"",0,"[]","[]",0,False,False,"",""
"0x279b4f9c1775d9a448e6d7e576c7515844ed8ee6","tron","USDT",36737.01222899999,37006.236999999994,"USDT",36737.01222899999,104,2,13,8,24,0.25510204081632654,0.015306122448979591,1.0073284340414455,False,0.5778485220666549,0.16655904357371037,False,False,"",18.3,"",0,"[]","[]",0,False,False,"",""
"0x00f025512ba3ac0625f82a4ccd5ec80f48f0990a","tron","USDT",492972.76534499996,275646.35,"USDT",492972.76534499996,140,2,3,8,20,0.19111111111111112,0.11555555555555555,0.5591512744260686,False,0.571332720147428,0.16540407167793347,False,False,"",18.3,"",0,"[]","[]",0,False,False,"",""
"0x7da1e2d9589a95dbf96b783303598328583d6fae","tron","USDT",18996.7,19137.7,"USDT",18996.7,87,1,6,4,24,0.18181818181818182,0.14545454545454545,1.0074223417751504,False,0.5540287544150282,0.16281834725755495,False,False,"",18.3,"",0,"[]","[]",0,False,False,"",""
"0x057433ec1f22d72a737efbbfcd36c33733001a56","tron","USDT",83003.67124,111313.0,"USDT",83003.67124,81,4,8,8,20,0.15584415584415584,0.2077922077922078,1.3410611643688064,False,0.5408868258443024,0.16122223545888875,False,False,"",18.3,"",0,"[]","[]",0,False,False,"",""
"0x0ccecdc547ce083738462430196b070cf311e723","tron","USDT",22482.870000000003,22689.47,"USDT",22482.870000000003,58,1,16,8,23,0.14925373134328357,0.208955223880597,1.0091892182804063,False,0.46588963281187035,0.14991655967129858,False,False,"",18.3,"",0,"[]","[]",0,False,False,"",""
"0xe7e3e08a7b2af97277aaccd6892aa4e5ed4edaf3","tron","USDT",71479.36,78848.0,"USDT",71479.36,63,2,2,8,24,0.37329700272479566,0.0,1.1030876605498425,False,0.4242054172400987,0.14428956521579928,False,False,"",18.3,"",0,"[]","[]",0,False,False,"",""
"0xf269e122ea6b04ea6563cbdab021d542ea9e8ca8","tron","USDT",16841.0,11479.0,"USDT",16841.0,62,1,1,8,19,0.14925373134328357,0.0,0.6816103556795915,False,0.32616967310812806,0.1296057895608304,False,False,"",18.3,"",0,"[]","[]",0,False,False,"",""
"0x2337e7b7f29cad5a91d8baef5e9dd38d264c414b","tron","USDT",11852.409999999994,34579.420000000006,"USDT",11852.409999999994,59,3,4,2,2,1.0,0.031746031746031744,2.9175011664294455,False,0.2583818915284626,0.12007556982786682,False,False,"",18.3,"",0,"[]","[]",0,False,False,"",""
"0x13b90d8014fbb5bee07efd296243b04b32519055","tron","USDT",53417.0,57971.0,"USDT",53417.0,102,1,7,8,24,0.23717948717948717,0.46794871794871795,1.0852537581668757,False,0.6498475002716002,0.17769179942132063,False,False,"",18.2,"",0,"[]","[]",0,False,False,"",""
"0x7b21a8f9d3d51700a509d7580691fd30dfbe6a50","tron","USDT",603692.504436,655000.0,"USDT",603692.504436,80,1,7,8,20,0.034482758620689655,0.896551724137931,1.0849894527213553,False,0.6287439292674725,0.17455668184505202,False,False,"",18.2,"",0,"[]","[]",0,False,False,"",""
"0x7fbfe4d74b046f00149a0877d1188c7fa015df9e","tron","USDT",86392.92635700002,86392.0,"USDT",86392.92635700002,131,1,6,2,19,0.025806451612903226,0.1935483870967742,0.999989277397594,False,0.6266899218174838,0.17415664396762726,False,False,"",18.2,"",0,"[]","[]",0,False,False,"",""
"0x993ec3fff3052564dcd0088ecbd34e98c8d947a5","tron","USDT",169793.32919200006,200000.0,"USDT",169793.32919200006,109,2,2,8,24,0.24050632911392406,0.0949367088607595,1.1779025769254023,False,0.5863154953724274,0.16849622535466424,False,False,"",18.2,"",0,"[]","[]",0,False,False,"",""
"0x6468173fbe52c1a43cad07f59cb66b44f9e0a7a3","tron","USDT",14949.49,18228.489999999998,"USDT",14949.49,68,2,5,8,24,0.20618556701030927,0.41237113402061853,1.2193385861323696,False,0.5747113952791291,0.1664224062633502,False,False,"",18.2,"",0,"[]","[]",0,False,False,"",""
"0x58f2adf3cdb636cda1a65486df133d8d88761f8e","tron","USDT",39420.17,39441.17,"USDT",39420.17,54,2,7,7,21,0.15254237288135594,0.5423728813559322,1.0005327222079459,False,0.5669485877861115,0.16578905660534704,False,False,"",18.2,"",0,"[]","[]",0,False,False,"",""
"0x2128c5bc4d139f94629d0a63281f84c4e7ec0463","tron","USDT",117960.01,88673.0,"USDT",117960.01,51,2,2,8,17,0.04504504504504504,0.18018018018018017,0.7517208586197984,False,0.5621774303523774,0.16477325050187935,False,False,"",18.2,"",0,"[]","[]",0,False,False,"",""
"0xc69edda2af9d3408e2e8bfc0237ac023b99535b6","tron","USDT",189418.45797299998,399010.0,"USDT",189418.45797299998,110,4,10,7,21,0.3090909090909091,0.44545454545454544,2.1065000965052496,False,0.5238906320035859,0.15905581190751544,False,False,"",18.2,"",0,"[]","[]",0,False,False,"",""
"0x471be11d88690a313b37713a7e8eceea64478804","tron","USDT",75202.73999999999,68881.07,"USDT",75202.73999999999,56,3,6,8,17,0.25833333333333336,0.2833333333333333,0.91593830224803,False,0.5118071136096239,0.15739504980490326,False,False,"",18.2,"",0,"[]","[]",0,False,False,"",""
"0x76e76b0f8da2babd2575d8132e037c89ba97eb5b","tron","USDT",464974.03,527947.0,"USDT",464974.03,50,4,8,8,15,0.46206896551724136,0.12413793103448276,1.1354333058127999,False,0.4072925409889416,0.1424022776337433,False,False,"",18.2,"",0,"[]","[]",0,False,False,"",""
"0xd218078e57ec36dc53c65d835122c5da73237a1f","tron","USDT",206089.20151100002,149139.0,"USDT",206089.20151100002,56,5,6,8,20,0.09154929577464789,0.02112676056338028,0.7236623700152465,False,0.3827199235772313,0.1384454514844468,False,False,"",18.2,"",0,"[]","[]",0,False,False,"",""
"0x0d07c097dc191f5465caf2bc572dbe2a172e4993","tron","USDT",44265.96004900001,40186.160049,"USDT",44265.96004900001,104,2,8,5,24,0.24031007751937986,0.4108527131782946,0.9078343721567567,False,0.6875955611189354,0.18379971975306197,False,False,"",18.1,"",0,"[]","[]",0,False,False,"",""
"0xe9f50537a940ec20b106917e373c852d4cc3a72f","tron","USDT",126711.87000000001,127114.81,"USDT",126711.87000000001,103,2,6,7,21,0.08333333333333333,0.30952380952380953,1.0031799704321307,False,0.6774904066307411,0.1822072181031547,False,False,"",18.1,"",0,"[]","[]",0,False,False,"",""
"0x9377c8f6a0dfc32da10aa72219b728df11938cdb","tron","USDT",83763.45726999997,92998.77727,"USDT",83763.45726999997,134,1,6,8,24,0.2746478873239437,0.13380281690140844,1.1102547614555982,False,0.589042727673022,0.1693513578560153,False,False,"",18.1,"",0,"[]","[]",0,False,False,"",""
"0x4df3b63bc178b22356af24920a18f760dbd35e14","tron","USDT",86958.89069999997,69011.26,"USDT",86958.89069999997,126,1,5,8,24,0.2918149466192171,0.1601423487544484,0.7936078697011255,False,0.5720339898971951,0.16681235219153978,False,False,"",18.1,"",0,"[]","[]",0,False,False,"",""
"0xd1353e282e4c73c94f9ea0879ed58e19a8d32030","tron","USDT",565006.1,647204.0,"USDT",565006.1,64,1,4,8,24,0.23129251700680273,0.9863945578231292,1.145481438165004,False,0.5604823766431086,0.16500146868008309,False,False,"",18.1,"",0,"[]","[]",0,False,False,"",""
"0x9048076b1b2c5f3171b70c2fe6dbaa861ff444da","tron","USDT",45625.417,45200.0,"USDT",45625.417,105,2,8,8,24,0.14329268292682926,0.0,0.9906758770007515,False,0.5547689719039604,0.1643324314360578,False,False,"",18.1,"",0,"[]","[]",0,False,False,"",""
"0x17f8d9208cf670c8ff8f80c54dbc5525c9047fe2","tron","USDT",1033228.8,860000.0,"USDT",1033228.8,56,1,6,8,23,0.2857142857142857,0.8392857142857143,0.8323422653336802,False,0.5099915368856514,0.15790479044477057,False,False,"",18.1,"",0,"[]","[]",0,False,False,"",""
"0x1291bafe5bd608842ad20036af21bdd10b2c3890","tron","USDT",173939.22999999998,173619.22999999998,"USDT",173939.22999999998,52,1,22,8,24,0.2346368715083799,0.6480446927374302,0.9981602770116896,False,0.5073864256398996,0.1572214400949199,False,False,"",18.1,"",0,"[]","[]",0,False,False,"",""
"0x9233865de6d60b57acc82b32fb91f739266e31f1","tron","USDT",36666.75254299999,29950.0,"USDT",36666.75254299999,50,2,3,8,15,0.018518518518518517,0.0,0.8168162687676502,False,0.47642914348907467,0.1528773759243387,False,False,"",18.1,"",0,"[]","[]",0,False,False,"",""
"0xae096cb4c02d978450b481594d116e72b49f0142","tron","USDT",42885.47,34107.13,"USDT",42885.47,67,3,5,8,22,0.2222222222222222,0.05555555555555555,0.7953073616775098,False,0.4666365507756633,0.15162004457815204,False,False,"",18.1,"",0,"[]","[]",0,False,False,"",""
"0xf2455f261678ca67262355e68c780bc72182c43e","tron","USDT",19230.96,19230.96,"USDT",19230.96,61,1,1,2,10,0.9032258064516129,0.07526881720430108,1.0,False,0.4372702823845809,0.14692692737314206,False,False,"",18.1,"",0,"[]","[]",0,False,False,"",""
"0xb35a8648c4151deef08be66b7a2384cba8ec8ede","tron","USDT",13534.507826000001,16925.387145,"USDT",13534.507826000001,54,1,1,8,21,0.24705882352941178,0.011764705882352941,1.250535842351509,False,0.31544639495417154,0.12925403436546484,False,False,"",18.1,"",0,"[]","[]",0,False,False,"",""
"0xaededa016259708eaf64be6f3d7bf9bba63c7831","tron","USDT",173723.51775499998,214000.0,"USDT",173723.51775499998,90,1,5,3,5,0.0,0.12389380530973451,1.2318424285064353,False,0.6572845846707434,0.179838643352281,False,False,"",18.0,"",0,"[]","[]",0,False,False,"",""
"0x9c7db627c9506a650a1f2717c0c6e527d35b0953","tron","USDT",31098.57,31969.57,"USDT",31098.57,84,2,8,8,24,0.14432989690721648,0.35051546391752575,1.0280077186828849,False,0.6496427413373809,0.1786059792838149,False,False,"",18.0,"",0,"[]","[]",0,False,False,"",""
"0x3a549a233c385b438108483171badb814d45d364","tron","USDT",37288.4,37489.4,"USDT",37288.4,81,1,7,2,24,0.17777777777777778,0.4666666666666667,1.0053904163225025,False,0.6256139830734645,0.17521285992463204,False,False,"",18.0,"",0,"[]","[]",0,False,False,"",""
"0xd49392952afe673a013d5e6b8e5f21ece0fe5b6a","tron","USDT",23161.84,25578.75,"USDT",23161.84,87,2,6,7,24,0.20408163265306123,0.2585034013605442,1.104348790942343,False,0.6172745717084386,0.17379406564690608,False,False,"",18.0,"",0,"[]","[]",0,False,False,"",""
"0x87a47ada4b6d362d53cde47e9771cf5dd550f227","tron","USDT",20766.250182,24322.450182,"USDT",20766.250182,82,2,7,7,24,0.18115942028985507,0.34782608695652173,1.171249020349494,False,0.6154812582340008,0.17389521759144516,False,False,"",18.0,"",0,"[]","[]",0,False,False,"",""
"0x6bb72a69403eb915d4fb49e73d943c96d3ca0172","tron","USDT",20324.5,21820.65,"USDT",20324.5,77,2,7,6,24,0.14432989690721648,0.30927835051546393,1.0736131270141949,False,0.6101317000117734,0.173094343848807,False,False,"",18.0,"",0,"[]","[]",0,False,False,"",""
"0x1522edeed282ab4c6051527ffbf5b35d4467a5d2","tron","USDT",18658.93,19604.93,"USDT",18658.93,66,2,5,8,24,0.1978021978021978,0.3626373626373626,1.0506995845956868,False,0.5877085815120595,0.16990170099406227,False,False,"",18.0,"",0,"[]","[]",0,False,False,"",""
"0x452a6250e5b9c476528796ac3eb1ca739d3aa578","tron","USDT",20228.0,21872.0,"USDT",20228.0,61,2,6,7,24,0.2,0.49411764705882355,1.08127348230176,False,0.5875552542344038,0.16968418519164552,False,False,"",18.0,"",0,"[]","[]",0,False,False,"",""
"0xe8400b529ecdd82d3310bb230c7e2be366b7fc8d","tron","USDT",87028.57750000001,72898.4475,"USDT",87028.57750000001,123,1,5,8,24,0.27017543859649124,0.1368421052631579,0.837638044813498,False,0.5707996842652545,0.16734061290037788,False,False,"",18.0,"",0,"[]","[]",0,False,False,"",""
"0x5ad481c07fb4956899560ec619c62b55e73f8983","tron","USDT",19635.46,16989.86,"USDT",19635.46,70,2,4,7,24,0.23076923076923078,0.3076923076923077,0.8652641700270837,False,0.5706548062151882,0.16715071571050016,False,False,"",18.0,"",0,"[]","[]",0,False,False,"",""
"0x9cf055bc98c13610ec337596b2f429fadeb24a85","tron","USDT",21098.8,24339.8,"USDT",21098.8,60,2,8,7,23,0.25316455696202533,0.4810126582278481,1.1536106318842778,False,0.5660057983205896,0.16664879186893855,False,False,"",18.0,"",0,"[]","[]",0,False,False,"",""
"0xe3cc3c9f18124efe6be258464c17b4b37e196282","tron","USDT",19528.100000000002,19727.120000000003,"USDT",19528.100000000002,100,2,5,8,24,0.22929936305732485,0.0,1.0101914676799075,False,0.5465946065088415,0.1638442003156878,False,False,"",18.0,"",0,"[]","[]",0,False,False,"",""
"0xbc7e5ab0bf210a7cd445afbb6ad573412ba281cb","tron","USDT",790971.269,837000.0,"USDT",790971.269,59,1,11,8,24,0.32,0.715,1.0581926712182512,False,0.5436729852543327,0.16335167565326114,False,False,"",18.0,"",0,"[]","[]",0,False,False,"",""
"0x66e016359f9e8d2d6ef94751d25f1bd4325b268d","tron","USDT",377737.69999999995,246406.0,"USDT",377737.69999999995,60,2,5,8,20,0.25806451612903225,0.21505376344086022,0.6523203799885476,False,0.4598231078220036,0.15083397366557405,False,False,"",18.0,"",0,"[]","[]",0,False,False,"",""
"0xae7b33ebb3a1e73e0ec8b995e8b69e1d2483fa05","tron","USDT",104721.07299999996,100000.0,"USDT",104721.07299999996,79,1,1,8,24,0.14098360655737704,0.0,0.9549176410749729,False,0.44786385094022996,0.14943775138638993,False,False,"",18.0,"",0,"[]","[]",0,False,False,"",""
"0x1fc4fad5dcc2c46a686419522bca1981e352dd37","tron","USDT",10875.949999999997,12600.0297,"USDT",10875.949999999997,58,2,5,8,22,0.1702127659574468,0.0,1.1585222164500575,False,0.3889813478350445,0.1405574271808343,False,False,"",18.0,"",0,"[]","[]",0,False,False,"",""
"0x296c2f39f6bb0b17ce6aaa7bda7736be21617bc0","tron","USDT",93777.0,93221.0,"USDT",93777.0,115,2,9,5,24,0.24817518248175183,0.36496350364963503,0.9940710408735618,False,0.7072857456018751,0.18755995206287857,False,False,"",17.9,"",0,"[]","[]",0,False,False,"",""
"0x30dba8b1b348935c36e854762c39da34e3bbc7a3","tron","USDT",308073.760398,293100.0,"USDT",308073.760398,63,1,7,8,17,0.019230769230769232,0.375,0.9513955346970951,False,0.6765632844382985,0.18340070770311867,False,False,"",17.9,"",0,"[]","[]",0,False,False,"",""
"0x4d5caab6137c2ab436f03c1fb571094ba650eacd","tron","USDT",30023.760000000002,30534.760000000002,"USDT",30023.760000000002,84,2,8,7,23,0.1592920353982301,0.3805309734513274,1.0170198536092747,False,0.6604463206273159,0.18071997797555128,False,False,"",17.9,"",0,"[]","[]",0,False,False,"",""
"0xc9ff60a18f9d76402ad280cc76654224844736d7","tron","USDT",56525.0,55151.0,"USDT",56525.0,79,2,11,8,22,0.15463917525773196,0.41237113402061853,0.9756921716054843,False,0.6533858570015093,0.1798964573562098,False,False,"",17.9,"",0,"[]","[]",0,False,False,"",""
"0x49a427126206b18c4598075043389f35f3e20800","tron","USDT",153353.0,153944.0,"USDT",153353.0,85,1,9,2,24,0.16842105263157894,0.45263157894736844,1.0038538535274824,False,0.6333843166992548,0.1768420672959185,False,False,"",17.9,"",0,"[]","[]",0,False,False,"",""
"0x916f2865e165ad5b1f97ea209644a1d405df6146","tron","USDT",23214.1,22259.1,"USDT",23214.1,66,2,6,8,24,0.21739130434782608,0.45652173913043476,0.9588612093512132,False,0.6137803100011258,0.17436679991778692,False,False,"",17.9,"",0,"[]","[]",0,False,False,"",""
"0x5f45c922d6dc10d971c297cade5593ddf816776f","tron","USDT",162682.65828599996,167412.858853,"USDT",162682.65828599996,89,2,10,8,24,0.25842696629213485,0.1348314606741573,1.0290762433859684,False,0.5998100314662398,0.17233402861148794,False,False,"",17.9,"",0,"[]","[]",0,False,False,"",""
"0x361614c404d288c4fb891e4d30fe7d545cb9aa77","tron","USDT",28484.77,28935.77,"USDT",28484.77,74,1,8,3,24,0.16483516483516483,0.46153846153846156,1.015833022348434,False,0.5978643233653648,0.17161574568192395,False,False,"",17.9,"",0,"[]","[]",0,False,False,"",""
"0x7dee7293a56c97e260697c8a246a897a1b2cd746","tron","USDT",22593.129999999997,23924.13,"USDT",22593.129999999997,78,1,6,4,24,0.17894736842105263,0.3368421052631579,1.0589117134279316,False,0.5734036725542165,0.16839709960400506,False,False,"",17.9,"",0,"[]","[]",0,False,False,"",""
"0xef6211bf098f900d167d385427ce66d240d6fcbf","tron","USDT",31217.648318,27700.0,"USDT",31217.648318,65,1,3,4,4,0.1506849315068493,0.0410958904109589,0.8873185999737292,False,0.5703368710480852,0.16799421911983498,False,False,"",17.9,"",0,"[]","[]",0,False,False,"",""
"0x7b0cf44512696963fd934e69720f784601a61a8a","tron","USDT",15952.47,18982.77,"USDT",15952.47,74,2,6,6,23,0.15555555555555556,0.2222222222222222,1.1899580441147986,False,0.5510043571115989,0.16519298970340862,False,False,"",17.9,"",0,"[]","[]",0,False,False,"",""
"0xb12feccfc6167439840dbf6ecd02093c97875de7","tron","USDT",17197.989999999998,20798.989999999998,"USDT",17197.989999999998,78,1,5,4,24,0.1702127659574468,0.30851063829787234,1.2093849339370473,False,0.5359132418096322,0.16270054213584195,False,False,"",17.9,"",0,"[]","[]",0,False,False,"",""
"0x4b7d8a779730bac7c024d048d6c0f1ef174327c6","tron","USDT",27477.315035999993,31564.0,"USDT",27477.315035999993,117,1,5,8,21,0.078125,0.0234375,1.1487294140146427,False,0.521285045032123,0.1604514112809312,False,False,"",17.9,"",0,"[]","[]",0,False,False,"",""
"0x6c5c974a5f052f240c521cdfd5179c3b53eb183a","tron","USDT",214675.98799999998,216147.0,"USDT",214675.98799999998,97,1,18,8,24,0.25348189415041783,0.011142061281337047,1.006852242832114,False,0.5117626755931469,0.15928081770102953,False,False,"",17.9,"",0,"[]","[]",0,False,False,"",""
"0xbd87bdee21cd81b1679cb891c5f1ae7bd2c9527f","tron","USDT",69001.10519,180250.0,"USDT",69001.10519,135,2,2,8,21,0.19393939393939394,0.10909090909090909,2.612276999095411,False,0.45244285073957863,0.1504064778084936,False,False,"",17.9,"",0,"[]","[]",0,False,False,"",""
"0xd66b2d35b6dc6a257ef1c1cb536138704c8fa11e","tron","USDT",77757.223944,98000.0,"USDT",77757.223944,61,1,1,2,4,0.4918032786885246,0.11475409836065574,1.2603330601228595,False,0.40142957802473334,0.14320350767671142,False,False,"",17.9,"",0,"[]","[]",0,False,False,"",""
"0xf89504c2be619143d8282ca12fa44f3eafb81cea","tron","USDT",103312.973,105462.903,"USDT",103312.973,108,2,6,7,23,0.09554140127388536,0.2929936305732484,1.0208098744772354,False,0.6773709699723253,0.1840205411925948,False,False,"",17.8,"",0,"[]","[]",0,False,False,"",""
"0xf1f50f07f193dbd6fae8576cb0977088d731f532","tron","USDT",30959.35,30960.350000000002,"USDT",30959.35,90,2,7,7,23,0.1623931623931624,0.3247863247863248,1.000032300419744,False,0.6610199854561677,0.1816416597289613,False,False,"",17.8,"",0,"[]","[]",0,False,False,"",""
"0x735f2295341a60ace2391aed4e69657fb7ec6158","tron","USDT",32557.07,35079.45,"USDT",32557.07,87,2,9,7,24,0.13392857142857142,0.38392857142857145,1.0774756450749405,False,0.6558181834009689,0.18067611840786568,False,False,"",17.8,"",0,"[]","[]",0,False,False,"",""
"0x5c19f8470083f8aa2424875ecc87a5f55e23b084","tron","USDT",30856.68,33391.380000000005,"USDT",30856.68,82,2,8,7,23,0.15384615384615385,0.41346153846153844,1.0821442877198715,False,0.6508279779558016,0.18033473778497355,False,False,"",17.8,"",0,"[]","[]",0,False,False,"",""
"0xfdced899a017df127411d5d1603a6fe27f2bfe88","tron","USDT",30372.66,28919.16,"USDT",30372.66,104,2,5,5,24,0.2824427480916031,0.16793893129770993,0.9521444614992562,False,0.6310160729363372,0.17744113051674887,False,False,"",17.8,"",0,"[]","[]",0,False,False,"",""
"0x4e1e7809f883fd2e44cc34396f57894ebad0dfa7","tron","USDT",257084.93873800003,266617.538738,"USDT",257084.93873800003,125,1,5,8,24,0.1744186046511628,0.1434108527131783,1.0370795739602419,False,0.6000022833253877,0.17283227409785795,False,False,"",17.8,"",0,"[]","[]",0,False,False,"",""
"0x0f0b90e45d2e2e8344fdfcf106748e486e04be4e","tron","USDT",189764.55307800003,200000.0,"USDT",189764.55307800003,60,1,2,8,16,0.03333333333333333,0.1,1.053937612457016,False,0.5812339925242849,0.17017482326857325,False,False,"",17.8,"",0,"[]","[]",0,False,False,"",""
"0xfcf0da778a846c95bc503f8d1dada8d4787f0c7d","tron","USDT",22111.98,24951.48,"USDT",22111.98,79,1,6,4,24,0.18181818181818182,0.35353535353535354,1.1284145517497755,False,0.5672350636527342,0.1678136232975157,False,False,"",17.8,"",0,"[]","[]",0,False,False,"",""
"0x251967d134bddf5106ab21a51e41cd267691896b","tron","USDT",298314.67826599994,294536.848266,"USDT",298314.67826599994,119,1,9,8,24,0.25728155339805825,0.021844660194174758,0.9873360907952663,False,0.5492153131837059,0.1654700975732411,False,False,"",17.8,"",0,"[]","[]",0,False,False,"",""
"0x818c549dcab81cc78a8a4238edc6b96b9fd63bb1","tron","USDT",20304.3,22478.48,"USDT",20304.3,81,1,6,4,24,0.19148936170212766,0.24468085106382978,1.1070797811301054,False,0.5479475578932079,0.16499655848201644,False,False,"",17.8,"",0,"[]","[]",0,False,False,"",""
"0xc8ef3201a3fb216b03d8c012b0d0e9b0b5056a25","tron","USDT",18478.0,20631.045040999998,"USDT",18478.0,71,1,6,4,24,0.21348314606741572,0.38202247191011235,1.1165193766100225,False,0.5477629108725272,0.16501020053970267,False,False,"",17.8,"",0,"[]","[]",0,False,False,"",""
"0xc4fd2f738c4885a639afb63e49bcf1717468955d","tron","USDT",52658.534793,52658.53,"USDT",52658.534793,77,1,1,3,23,0.10738255033557047,0.1342281879194631,0.9999999089796171,False,0.5255490629254618,0.16159209451805068,False,False,"",17.8,"",0,"[]","[]",0,False,False,"",""
"0xbf21623046bdd7462f89b69d1116f0a9101206c7","tron","USDT",219338.18800000005,226018.638,"USDT",219338.18800000005,73,1,7,8,24,0.2549019607843137,0.16470588235294117,1.0304573045893857,False,0.5130031155052516,0.15992735984697737,False,False,"",17.8,"",0,"[]","[]",0,False,False,"",""
"0x9138a1ef23019dba58acd3a221c442073c313c73","tron","USDT",605113.315632,550000.0,"USDT",605113.315632,54,1,11,8,24,0.25831202046035806,0.6368286445012787,0.90892066955354,False,0.5031422692760151,0.15867254122144164,False,False,"",17.8,"",0,"[]","[]",0,False,False,"",""
"0xd8762554d7484854a16a8c44e1e207bb5c80cdb6","tron","USDT",172454.5696259999,182081.0,"USDT",172454.5696259999,99,1,13,8,24,0.27729257641921395,0.002183406113537118,1.0558200945030152,False,0.49401303174932976,0.15722594132754253,False,False,"",17.8,"",0,"[]","[]",0,False,False,"",""
"0x115574bc75b2bc741739557fdee510f63f458cf2","tron","USDT",23090.473509000003,32183.0,"USDT",23090.473509000003,111,1,3,8,24,0.10526315789473684,0.07894736842105263,1.3937782604352393,False,0.48966658009582975,0.1566249295293905,False,False,"",17.8,"",0,"[]","[]",0,False,False,"",""
"0xeb4d163cada6e7d3fa06c61ee633731437549a03","tron","USDT",14510.0,18290.0,"USDT",14510.0,60,1,6,4,24,0.1728395061728395,0.37037037037037035,1.2605099931082013,False,0.46849414660471567,0.15337692977948442,False,False,"",17.8,"",0,"[]","[]",0,False,False,"",""
"0xcc668dc85ff554284b69368789930afde3575984","tron","USDT",20436.060799999996,18888.0,"USDT",20436.060799999996,66,1,1,8,23,0.11206896551724138,0.05172413793103448,0.9242485714272295,False,0.43722533060099944,0.14865495828828246,False,False,"",17.8,"",0,"[]","[]",0,False,False,"",""
"0x16c25de0559b8512bef71a5df367c7926270fdcf","tron","USDT",13914.6,17270.6,"USDT",13914.6,50,1,6,4,24,0.18518518518518517,0.3950617283950617,1.241185517370244,False,0.4122514666738669,0.14544262478092224,False,False,"",17.8,"",0,"[]","[]",0,False,False,"",""
"0x81bb5a3f4d5eeaf6d3099a7514b419ed188a0489","tron","USDT",35254.7502,24582.53,"USDT",35254.7502,57,3,4,8,19,0.05813953488372093,0.023255813953488372,0.6972827735423863,False,0.38378645161569375,0.14124917081325378,False,False,"",17.8,"",0,"[]","[]",0,False,False,"",""
"0x245cd1d5c5401b590f03dde837c069d5615cd248","tron","USDT",177977.44,404983.42,"USDT",177977.44,53,12,19,8,23,0.16666666666666666,0.03333333333333333,2.2754761502356704,False,0.17048408785298075,0.11016865971044837,False,False,"",17.8,"",0,"[]","[]",0,False,False,"",""
"0xd77981eb280cf629ddd0d696a976ea25ab6793a9","tron","USDT",207272.45,184900.0,"USDT",207272.45,100,1,7,8,24,0.1875,0.54375,0.892062596838123,False,0.6499275350556568,0.18061494560657454,False,False,"",17.7,"",0,"[]","[]",0,False,False,"",""
"0x67a9e32f47ea6bd25d577fbdeca1e9a401cdff4d","tron","USDT",38119.0,38268.0,"USDT",38119.0,84,2,9,8,23,0.15151515151515152,0.31313131313131315,1.0039088118785908,False,0.6446014738412249,0.17957579739413937,False,False,"",17.7,"",0,"[]","[]",0,False,False,"",""
"0x2b2bd9c77efd2ba8fe2453a89fb877195c8dc309","tron","USDT",33461.040680000006,33631.040680000006,"USDT",33461.040680000006,85,1,5,4,24,0.18556701030927836,0.3402061855670103,1.0050805353493268,False,0.6040040632573421,0.17405182330806285,False,False,"",17.7,"",0,"[]","[]",0,False,False,"",""
"0x1284c6d7dc69085a1eb49d526db74d82d13f8801","tron","USDT",75742.86999999998,85644.25055,"USDT",75742.86999999998,117,1,7,8,24,0.2779783393501805,0.13357400722021662,1.1307235988021054,False,0.5701573869181984,0.16893535314405278,False,False,"",17.7,"",0,"[]","[]",0,False,False,"",""
"0x2f3113dbfb6d1939d2c5d89993d3b207714f098b","tron","USDT",276459.80734,248089.01734000002,"USDT",276459.80734,110,2,8,8,24,0.21226415094339623,0.009433962264150943,0.897378247228869,False,0.5611430631615963,0.16733504358738077,False,False,"",17.7,"",0,"[]","[]",0,False,False,"",""
"0x6c68fbdfd32cc317808c1ad12d5c74385d3ccd3c","tron","USDT",36343.0,37966.0,"USDT",36343.0,54,2,8,7,23,0.19672131147540983,0.5081967213114754,1.0446578433260876,False,0.5552548948040789,0.16660366111945346,False,False,"",17.7,"",0,"[]","[]",0,False,False,"",""
"0x74fcd224747e12e5af9de258e76c27dad11a5b88","tron","USDT",22019.46399999998,22048.0,"USDT",22019.46399999998,94,2,8,8,23,0.26956521739130435,0.008695652173913044,1.0012959443517797,False,0.5544023978620511,0.16673538297130575,False,False,"",17.7,"",0,"[]","[]",0,False,False,"",""
"0x7b16956163b08a84939c18ddf8523dc51b2605c7","tron","USDT",281265.74005900003,281438.0,"USDT",281265.74005900003,119,1,9,8,24,0.23897911832946636,0.0069605568445475635,1.0006124455149206,False,0.5366547408387461,0.16421228650606162,False,False,"",17.7,"",0,"[]","[]",0,False,False,"",""
"0xf31ea9e373510bcf56560306d874a3806268b49a","tron","USDT",181309.91199999998,180600.0,"USDT",181309.91199999998,66,2,13,8,24,0.2264808362369338,0.0,0.9960845383897159,False,0.45896589916158276,0.1524599365716921,False,False,"",17.7,"",0,"[]","[]",0,False,False,"",""
"0x4b7f8a79c249c08459aa15bac926b3a042036dd4","tron","USDT",34079.501,49710.744999999995,"USDT",34079.501,128,1,2,8,24,0.20622568093385213,0.0,1.4586699787652406,False,0.4401127097601746,0.14991352085153864,False,False,"",17.7,"",0,"[]","[]",0,False,False,"",""
"0x9e823cd2397db37da02fde701887f7d3e3107929","tron","USDT",197993.0,38680.0,"USDT",197993.0,60,11,13,8,20,0.0379746835443038,0.016877637130801686,0.19536044203582956,True,0.14460772265189922,0.1070833063549429,False,False,"",17.7,"",0,"[]","[]",0,False,False,"",""
"0xf34c9701abd6c818c0d9c4bd10bae6c249c514ec","tron","USDT",162509.77000000002,144344.0,"USDT",162509.77000000002,107,1,9,8,24,0.1853932584269663,0.5112359550561798,0.8882173668696964,False,0.6576972609131594,0.1820403238380438,False,False,"",17.6,"",0,"[]","[]",0,False,False,"",""
"0xccbef5b865f33496ac87fe89777649f50296eaf3","tron","USDT",248187.53592099997,251411.0,"USDT",248187.53592099997,84,1,4,8,24,0.1676300578034682,0.5664739884393064,1.012988017577265,False,0.6420908769865641,0.18028205309674633,False,False,"",17.6,"",0,"[]","[]",0,False,False,"",""
"0x5ff9f1efde919e5feb183b1776f211806432bfc5","tron","USDT",76848.6,74948.6,"USDT",76848.6,103,1,9,5,24,0.25,0.36363636363636365,0.9752760622835029,False,0.6371215504217387,0.17908963520541893,False,False,"",17.6,"",0,"[]","[]",0,False,False,"",""
"0x6e1e3db07e1e12ac8aca4c72cc938337a71816b7","tron","USDT",25090.245879,28368.205879,"USDT",25090.245879,91,2,7,6,24,0.2109375,0.2578125,1.1306467866360603,False,0.6192762903644061,0.17650381621098632,False,False,"",17.6,"",0,"[]","[]",0,False,False,"",""
"0xa6f87cd5cb488cda817253405bb81e6b607cf93a","tron","USDT",24646.010000000002,25915.010000000002,"USDT",24646.010000000002,59,2,8,7,24,0.1797752808988764,0.5393258426966292,1.0514890645585229,False,0.587393805196767,0.1719884438209202,False,False,"",17.6,"",0,"[]","[]",0,False,False,"",""
"0x1b103e1d85c52312d8464822e28066d0ac4d1c57","tron","USDT",16987.35,20562.850000000002,"USDT",16987.35,74,2,6,6,24,0.14583333333333334,0.3020833333333333,1.2104801514067824,False,0.5686838890373347,0.16902148284675095,False,False,"",17.6,"",0,"[]","[]",0,False,False,"",""
"0x135ca84fab106e647604ecb1a7c9d8b2f5c1ef6f","tron","USDT",581906.338519,650000.0,"USDT",581906.338519,66,2,3,3,4,0.36036036036036034,0.1891891891891892,1.117018250143664,False,0.5283668564705949,0.16320454046062965,False,False,"",17.6,"",0,"[]","[]",0,False,False,"",""
"0x91f1592df19db2ceedf59044f8618785e8820875","tron","USDT",17671.5,21936.921234,"USDT",17671.5,73,1,6,4,24,0.15555555555555556,0.36666666666666664,1.2413729017910196,False,0.5254143483733066,0.16287749263097456,False,False,"",17.6,"",0,"[]","[]",0,False,False,"",""
"0xc064c507302c571efd854eebefd78ec5e21a88d3","tron","USDT",59375.206346000006,64344.972818,"USDT",59375.206346000006,56,3,8,5,14,0.27956989247311825,0.17204301075268819,1.0837010391684272,False,0.4798756594903845,0.1565411701348306,False,False,"",17.6,"",0,"[]","[]",0,False,False,"",""
"0xe7bd62b118a8b10644de1e6f4e05a41e04988515","tron","USDT",49748.653651000015,46712.0,"USDT",49748.653651000015,64,3,9,8,23,0.2911392405063291,0.03164556962025317,0.9389600837782879,False,0.47093858780003234,0.1548398155687944,False,False,"",17.6,"",0,"[]","[]",0,False,False,"",""
"0xdf6349cba51eb6e53d034892df73c9a5cbe74970","tron","USDT",45384.0,45924.0,"USDT",45384.0,82,2,9,8,24,0.14583333333333334,0.375,1.0118984664198836,False,0.6544333950172335,0.18256784349513194,False,False,"",17.5,"",0,"[]","[]",0,False,False,"",""
"0x03c1d1c9336d170a5b220b59f0bcc964edc7e29a","tron","USDT",43760.0,42224.0,"USDT",43760.0,78,2,10,8,24,0.16666666666666666,0.4270833333333333,0.9648994515539305,False,0.6523254752502752,0.1820378512257983,False,False,"",17.5,"",0,"[]","[]",0,False,False,"",""
"0x34e38b685967858e3c9cecce81a42c98d4188d86","tron","USDT",48049.0,48505.0,"USDT",48049.0,79,2,10,8,24,0.16129032258064516,0.34408602150537637,1.009490311973194,False,0.6386891182418472,0.1801763702931326,False,False,"",17.5,"",0,"[]","[]",0,False,False,"",""
"0xcabd95091b7d23cb1aacf4b8b176a878933b8552","tron","USDT",27908.0,25670.0,"USDT",27908.0,75,2,5,5,24,0.22123893805309736,0.415929203539823,0.9198079403755196,False,0.6285380112037459,0.1783952302340705,False,False,"",17.5,"",0,"[]","[]",0,False,False,"",""
"0x0e84f22bff03bfa39e841e99b01d284229e69a6e","tron","USDT",26636.593238,27060.593237999998,"USDT",26636.593238,89,2,7,7,24,0.25874125874125875,0.22377622377622378,1.015917951526741,False,0.6284390004611243,0.17850968868784867,False,False,"",17.5,"",0,"[]","[]",0,False,False,"",""
"0x31b05701603a4e1f7067c4c085c64194b3eddc81","tron","USDT",24048.770000000004,27836.370000000003,"USDT",24048.770000000004,88,2,8,6,24,0.2302158273381295,0.2446043165467626,1.1574966204092765,False,0.6039332173793729,0.1750694874447073,False,False,"",17.5,"",0,"[]","[]",0,False,False,"",""
"0x1d6b088b0830a1fb79b3308d608f4e816293c83b","tron","USDT",30486.868273999997,31309.968374,"USDT",30486.868273999997,81,1,6,4,24,0.17525773195876287,0.3711340206185567,1.0269985126908547,False,0.5974017317962083,0.17389877651167174,False,False,"",17.5,"",0,"[]","[]",0,False,False,"",""
"0x2b8056ae0be0e8c763f9fef544d95548df7e4975","tron","USDT",21697.36,25582.86,"USDT",21697.36,79,2,7,6,23,0.16161616161616163,0.31313131313131315,1.1790770858758854,False,0.5962554030847961,0.17415791077492565,False,False,"",17.5,"",0,"[]","[]",0,False,False,"",""
"0x811c9532f0baa6d54ff2b476d3e784f8ff28a123","tron","USDT",19815.52,17838.52,"USDT",19815.52,64,2,5,6,24,0.3300970873786408,0.39805825242718446,0.9002297189273862,False,0.5783874946595248,0.17106141826707644,False,False,"",17.5,"",0,"[]","[]",0,False,False,"",""
"0xccbbb977bde0e899ea04d840962c1f089596b5a9","tron","USDT",54021.48271499999,54700.0,"USDT",54021.48271499999,99,2,8,8,24,0.1523809523809524,0.012698412698412698,1.012560138132077,False,0.5662015537272378,0.16975197989001733,False,False,"",17.5,"",0,"[]","[]",0,False,False,"",""
"0xb5dd711c674ecf18d7853b005640c08f58441b7a","tron","USDT",19094.0,22981.0,"USDT",19094.0,64,2,7,7,24,0.21686746987951808,0.43373493975903615,1.2035718026605216,False,0.566143550718456,0.16956904454327593,False,False,"",17.5,"",0,"[]","[]",0,False,False,"",""
"0xe95b30b8d52ea67602b30b2a3a66faccd028e48b","tron","USDT",274492.12307000003,273849.37307000003,"USDT",274492.12307000003,113,1,8,8,24,0.22391857506361323,0.01272264631043257,0.9976584027519213,False,0.5395361628453192,0.1656830900038811,False,False,"",17.5,"",0,"[]","[]",0,False,False,"",""
"0xa60eeb3a62f7ab7a00dab8bd0828c4a3d9a0c0fc","tron","USDT",420153.575164,421656.37516399997,"USDT",420153.575164,58,1,2,8,21,0.3448275862068966,0.4827586206896552,1.0035767873673653,False,0.5366669822844831,0.16512477023347832,False,False,"",17.5,"",0,"[]","[]",0,False,False,"",""
"0x40020f16c45453768544df4f69b8eda1eaef5cbe","tron","USDT",19816.36,20869.245182,"USDT",19816.36,52,2,4,2,12,0.20833333333333334,0.0,1.0531321182093987,False,0.5195842442200657,0.16253073544386143,False,False,"",17.5,"",0,"[]","[]",0,False,False,"",""
"0x64c2002317a11d77180e639dab0c12a1d0f3343b","tron","USDT",23627.0,24158.0,"USDT",23627.0,52,2,5,8,24,0.18666666666666668,0.36,1.0224742878909723,False,0.513098150041707,0.16181360814902646,False,False,"",17.5,"",0,"[]","[]",0,False,False,"",""
"0xb4de62237c58283c655b4c81466b3a0501f668b8","tron","USDT",343727.16000000003,370000.0,"USDT",343727.16000000003,50,1,5,8,24,0.16,0.7,1.0764351586298853,False,0.4772499472072368,0.15656314454069026,False,False,"",17.5,"",0,"[]","[]",0,False,False,"",""
"0x533f42da4a8dbe8e25db5431dea83130289cd9ef","tron","USDT",154168.84069500002,32065.78,"USDT",154168.84069500002,72,1,1,5,18,0.15853658536585366,0.23170731707317074,0.20799131559559006,True,0.42620158001736996,0.14912761955467646,False,False,"",17.5,"",0,"[]","[]",0,False,False,"",""
"0x02a12094b5d4a43cc0649837d8a454b97a1c7278","tron","USDT",496621.85,900477.0,"USDT",496621.85,57,7,10,7,19,0.04819277108433735,0.08433734939759036,1.8132045539277017,False,0.2579104114914655,0.12441572851211197,False,False,"",17.5,"",0,"[]","[]",0,False,False,"",""
"0x86c5c8a7818c120f71f3aad3aee42869ecec4680","tron","USDT",42808.78,39777.78,"USDT",42808.78,91,2,8,8,24,0.22727272727272727,0.33116883116883117,0.9291967675789873,False,0.6506085153266447,0.18269948397014174,False,False,"",17.4,"",0,"[]","[]",0,False,False,"",""
"0x5877092a3f3b9c873bb4ec829cd488095f6000f6","tron","USDT",37842.0,37688.0,"USDT",37842.0,81,2,8,8,23,0.15217391304347827,0.34782608695652173,0.9959304476507584,False,0.6458916027529218,0.18198107583548395,False,False,"",17.4,"",0,"[]","[]",0,False,False,"",""
"0x12285a1ab2f7ab7a656a496fb20706f7a5f0cece","tron","USDT",30721.0,29198.0,"USDT",30721.0,81,2,6,6,24,0.2542372881355932,0.3559322033898305,0.9504247908596726,False,0.6391660877102582,0.1807089596092804,False,False,"",17.4,"",0,"[]","[]",0,False,False,"",""
"0xddabb982d2d40d602403f06dc68caf5a142b029d","tron","USDT",28852.81,31952.809999999998,"USDT",28852.81,84,2,9,7,24,0.14814814814814814,0.2962962962962963,1.1074418748121932,False,0.6199504417116986,0.17818355793566787,False,False,"",17.4,"",0,"[]","[]",0,False,False,"",""
"0x663c3b53f10a4d66a8bf9fbf6852352b289d935d","tron","USDT",28502.859999999997,31276.76,"USDT",28502.859999999997,88,2,9,6,24,0.2116788321167883,0.24087591240875914,1.097320058408174,False,0.6151617166912923,0.17734969870269396,False,False,"",17.4,"",0,"[]","[]",0,False,False,"",""
"0x26ddc2aba11f739b8677d1e3ade535e3d3170194","tron","USDT",137397.54,137499.49000000002,"USDT",137397.54,66,2,7,6,17,0.28205128205128205,0.358974358974359,1.0007420074624336,False,0.5966691691036585,0.17436619172934242,False,False,"",17.4,"",0,"[]","[]",0,False,False,"",""
"0xf7c0d30422f5a696bc128918ee8042605390375d","tron","USDT",18689.709999,20943.409999000003,"USDT",18689.709999,67,2,7,6,24,0.1276595744680851,0.3191489361702128,1.1205850706148244,False,0.5663356976654709,0.1702977457590259,False,False,"",17.4,"",0,"[]","[]",0,False,False,"",""
"0x58b505c349102a32ee29fba7d546a12537e3f5f1","tron","USDT",303884.98964800005,276057.299648,"USDT",303884.98964800005,138,1,9,8,24,0.24597701149425288,0.011494252873563218,0.9084269017952029,False,0.5417929554374807,0.16624387311990696,False,False,"",17.4,"",0,"[]","[]",0,False,False,"",""
"0x1d0ceee758cae610e90b7b2895640249a109b78f","tron","USDT",26426.5,26167.866099,"USDT",26426.5,66,2,11,8,22,0.14814814814814814,0.13580246913580246,0.990213085312092,False,0.5334975699983217,0.16553185756141248,False,False,"",17.4,"",0,"[]","[]",0,False,False,"",""
"0xc416710fdfa73c40d5f7920f17bb619c55558ee2","tron","USDT",64030.92999999999,64174.95999999999,"USDT",64030.92999999999,83,1,12,8,24,0.22478386167146974,0.09510086455331412,1.0022493816660167,False,0.5266455965489123,0.16442107700645237,False,False,"",17.4,"",0,"[]","[]",0,False,False,"",""
"0x1ab17cc90ffdd4b7eda0d74e63d149072e55b36c","tron","USDT",19097.132007,19601.0,"USDT",19097.132007,84,1,3,8,22,0.06338028169014084,0.09154929577464789,1.0263844850009576,False,0.5228719151916508,0.16357403800451997,False,False,"",17.4,"",0,"[]","[]",0,False,False,"",""
"0x900cf73c495c4912598e7802907511cdddfd775a","tron","USDT",266198.467,266198.467,"USDT",266198.467,52,3,14,6,21,0.27848101265822783,0.012658227848101266,1.0,False,0.40248767368892874,0.14614627915514888,False,False,"",17.4,"",0,"[]","[]",0,False,False,"",""
"0xc3dcdb896952c8820e4bed6a065f5d6f9824b1fb","tron","USDT",75793.68000000001,102000.0,"USDT",75793.68000000001,73,1,2,8,24,0.21100917431192662,0.0,1.3457586437286062,False,0.36554123405123085,0.14053301334102203,False,False,"",17.4,"",0,"[]","[]",0,False,False,"",""
"0x51d3efe10e81237c509c51d6c1097e006e3d57bb","tron","USDT",30439.37775,10000.0,"USDT",30439.37775,99,1,1,7,19,0.026881720430107527,0.06989247311827956,0.3285218272899813,True,0.3114910082190899,0.1328942374168819,False,False,"",17.4,"",0,"[]","[]",0,False,False,"",""
"0x4d6818b5e531052ce5b1916d114e9c1bf82c7ef3","tron","USDT",20982.2124,7128.07,"USDT",20982.2124,81,3,8,8,23,0.24786324786324787,0.008547008547008548,0.33971965701767465,True,0.29618238949407727,0.13084489460931198,False,False,"",17.4,"",0,"[]","[]",0,False,False,"",""
"0x5c966a4753d64b126ddd697528a86fc12e5008e3","tron","USDT",187861.97620800004,183888.0,"USDT",187861.97620800004,111,2,8,8,24,0.5194174757281553,0.19902912621359223,0.9788462982865672,False,0.6556975429383534,0.1835315144483623,False,False,"",17.3,"",0,"[]","[]",0,False,False,"",""
"0xbd4958b299ef691f998b37f02a5b03659eb89fde","tron","USDT",201731.5853829999,206014.0,"USDT",201731.5853829999,102,1,7,8,23,0.07303370786516854,0.398876404494382,1.0212282801866137,False,0.6464266882029283,0.18245680692273436,False,False,"",17.3,"",0,"[]","[]",0,False,False,"",""
"0x9a7fd46f29c1b17dab494ffd1e2fd8c6076b83d4","tron","USDT",32771.31,32856.31,"USDT",32771.31,86,2,8,6,24,0.19852941176470587,0.25735294117647056,1.0025937321394842,False,0.635317201577482,0.18087992789251067,False,False,"",17.3,"",0,"[]","[]",0,False,False,"",""
"0x6551d70e15e843fb0fe410b961e11219bdb46f10","tron","USDT",23074.42,24816.42,"USDT",23074.42,76,2,7,6,24,0.14705882352941177,0.3235294117647059,1.075494855341976,False,0.6092847133780414,0.1767052782292392,False,False,"",17.3,"",0,"[]","[]",0,False,False,"",""
"0xe2cb760964a6a6e8ea969e8080ded03bfccaad59","tron","USDT",23778.59,20924.010000000002,"USDT",23778.59,74,2,5,7,24,0.22935779816513763,0.3394495412844037,0.8799516708097496,False,0.5959141351480549,0.17484046070531079,False,False,"",17.3,"",0,"[]","[]",0,False,False,"",""
"0x763c6301df92c842a22f5bbc164b63eae0627281","tron","USDT",22372.75,25299.75,"USDT",22372.75,70,2,8,7,23,0.14814814814814814,0.3888888888888889,1.1308287984266574,False,0.5930408741111723,0.1748302382500267,False,False,"",17.3,"",0,"[]","[]",0,False,False,"",""
"0xcd78c516b1b49b93f0534d1d59314d388c2b6216","tron","USDT",24457.640000000003,22665.64,"USDT",24457.640000000003,68,2,6,5,24,0.23423423423423423,0.36936936936936937,0.9267304613200618,False,0.5920023002424973,0.17436953033654745,False,False,"",17.3,"",0,"[]","[]",0,False,False,"",""
"0x683edbfb4b88cc7ffcd6c9015c59da1cb3fec616","tron","USDT",102459.92,102460.0,"USDT",102459.92,93,1,2,4,24,0.12154696132596685,0.19337016574585636,1.000000780793114,False,0.5799415740072221,0.17272287164130945,False,False,"",17.3,"",0,"[]","[]",0,False,False,"",""
"0x7cb1d2474ef2536e6893400dd5bc35b70eed0cfa","tron","USDT",512826.2699989999,556892.0,"USDT",512826.2699989999,110,2,11,7,9,0.7419354838709677,0.024193548387096774,1.0859272088403078,False,0.5769427518670797,0.17253075706581322,False,False,"",17.3,"",0,"[]","[]",0,False,False,"",""
"0xbd94790e3f7f5014b9fa478b06b746e3360329f3","tron","USDT",46651.721952,60000.0,"USDT",46651.721952,60,1,2,8,17,0.024691358024691357,0.18518518518518517,1.2861261597532039,False,0.5642001378386914,0.17021863592549374,False,False,"",17.3,"",0,"[]","[]",0,False,False,"",""
"0xbf99a489bbcbc72dbe19566d6e4330008f30ddf9","tron","USDT",532265.037607,573534.0,"USDT",532265.037607,107,1,9,2,20,0.08018867924528301,0.08018867924528301,1.077534610536398,False,0.5478279053243654,0.16798396717368946,False,False,"",17.3,"",0,"[]","[]",0,False,False,"",""
"0x08f724250e0b35278a946fe242221fe6302664e9","tron","USDT",267402.872962,248161.881688,"USDT",267402.872962,124,1,8,8,24,0.23943661971830985,0.009389671361502348,0.9280449343686209,False,0.5311266919387174,0.16533264965488004,False,False,"",17.3,"",0,"[]","[]",0,False,False,"",""
"0xd2acde2da0a8d5d955cd137c5dcc377a606f38cd","tron","USDT",17929.227024000003,17295.537024,"USDT",17929.227024000003,65,2,4,8,24,0.20535714285714285,0.15178571428571427,0.9646560334613563,False,0.5289240350203753,0.16501063293056267,False,False,"",17.3,"",0,"[]","[]",0,False,False,"",""
"0x53704701404d30e9ec3e96e5865f541811bdf8ab","tron","USDT",47776.8,51021.600000000006,"USDT",47776.8,50,2,7,5,23,0.14285714285714285,0.5396825396825397,1.0679158085095695,False,0.5220959059807396,0.16439316924267444,False,False,"",17.3,"",0,"[]","[]",0,False,False,"",""
"0xa3b9204bee230b9a71d5f9ea0def50edf8fe21d1","tron","USDT",90089.12508999999,92489.41580300001,"USDT",90089.12508999999,57,2,2,8,23,0.13333333333333333,0.22666666666666666,1.026643512306309,False,0.5126004772787652,0.1628245122315914,False,False,"",17.3,"",0,"[]","[]",0,False,False,"",""
"0xe0fbbd61e617f2187a87cd9e9b91ca53ddeac061","tron","USDT",25618.0,25819.0,"USDT",25618.0,51,1,6,4,24,0.1791044776119403,0.4626865671641791,1.0078460457490828,False,0.4844012077036124,0.15864837552045735,False,False,"",17.3,"",0,"[]","[]",0,False,False,"",""
"0xa47f0230030b2db4580f56b36adc3474731801b4","tron","USDT",22195.38,22382.38,"USDT",22195.38,51,1,6,4,24,0.20588235294117646,0.35294117647058826,1.0084251767710217,False,0.4565847988008831,0.15487487790726473,False,False,"",17.3,"",0,"[]","[]",0,False,False,"",""
"0x24a73e967792159f4c2de7a604c3ab299fa4fbfa","tron","USDT",189773.32254699987,189950.0,"USDT",189773.32254699987,126,1,9,8,23,0.30952380952380953,0.0873015873015873,1.0009309920416047,False,0.5858738643438082,0.17393057410848262,False,False,"",17.2,"",0,"[]","[]",0,False,False,"",""
"0xa7d07338384eb75f020c0901198225d244e88f88","tron","USDT",49483.0,52133.5,"USDT",49483.0,54,2,9,7,23,0.23076923076923078,0.5230769230769231,1.0535638502111837,False,0.5546390901101613,0.16981683651668195,False,False,"",17.2,"",0,"[]","[]",0,False,False,"",""
"0x3dc2ec854220a0e7b1df10f42eb45871a828aab1","tron","USDT",196385.36372700005,168191.153727,"USDT",196385.36372700005,119,1,5,8,24,0.2706766917293233,0.010025062656641603,0.8564342603494959,False,0.5136221277310377,0.16350877642210498,False,False,"",17.2,"",0,"[]","[]",0,False,False,"",""
"0xbea178ec3d30ad473dd7d0812a9360ad15638a06","tron","USDT",16598.731078,7080.0,"USDT",16598.731078,89,2,3,8,17,0.5208333333333334,0.0,0.4265386291717112,True,0.31558562812031266,0.1347273401574854,False,False,"",17.2,"",0,"[]","[]",0,False,False,"",""
"0x65f89d9812f9f39dbf312caed09670bdc44edfd0","tron","USDT",50222.896027,53970.31602699999,"USDT",50222.896027,84,2,12,7,24,0.22302158273381295,0.23741007194244604,1.0746157688315179,False,0.6102897552431092,0.1783725377940924,False,False,"",17.1,"",0,"[]","[]",0,False,False,"",""
"0xdf0e07f89f6b2c4ded8054ee03363e3247bc045e","tron","USDT",22571.56,25830.629999999997,"USDT",22571.56,78,2,7,7,24,0.1415929203539823,0.3185840707964602,1.1443883364729772,False,0.6011985317192997,0.17669564023651213,False,False,"",17.1,"",0,"[]","[]",0,False,False,"",""
"0x80106deb780ffa974ce887d3ce18a0ad0a8efe0c","tron","USDT",35577.0,35728.0,"USDT",35577.0,81,1,6,4,24,0.18085106382978725,0.35106382978723405,1.0042443151474267,False,0.596708286230936,0.17601985369024314,False,False,"",17.1,"",0,"[]","[]",0,False,False,"",""
"0x428735a250f196d1036ef3feadccf223ac007e9b","tron","USDT",85811.50105800001,109470.0,"USDT",85811.50105800001,95,1,2,8,20,0.2640449438202247,0.3539325842696629,1.275703124293435,False,0.5709015087137022,0.17275815110531856,False,False,"",17.1,"",0,"[]","[]",0,False,False,"",""
"0x57f1b978aada9f447f8ef9a5b9956e1144974649","tron","USDT",37532.02,22431.020000000004,"USDT",37532.02,104,1,6,4,24,0.29457364341085274,0.3488372093023256,0.597650219732378,False,0.5594672918173855,0.17057287092030265,False,False,"",17.1,"",0,"[]","[]",0,False,False,"",""
"0x4704a263d0e9e41b70233b7ca7d4a644a7b42648","tron","USDT",51489.812995,81932.0,"USDT",51489.812995,85,1,2,8,24,0.20327868852459016,0.3770491803278688,1.5912273755578825,False,0.4964564522752456,0.16167228031450498,False,False,"",17.1,"",0,"[]","[]",0,False,False,"",""
"0x8d9cb52223cfbf51ab62b1b8943ffddcc48e2ea8","tron","USDT",34855.0,34800.0,"USDT",34855.0,76,2,9,8,23,0.13541666666666666,0.3645833333333333,0.9984220341414431,False,0.6346463073213411,0.18254423738015546,False,False,"",17.0,"",0,"[]","[]",0,False,False,"",""
"0xb301ae6816977a6b4f220db76e0c5fa6f1ba0de6","tron","USDT",30039.24,29793.640000000003,"USDT",30039.24,77,2,8,6,24,0.26956521739130435,0.3391304347826087,0.9918240275053564,False,0.630839032305195,0.1816788614320679,False,False,"",17.0,"",0,"[]","[]",0,False,False,"",""
"0x185aac572b9139cdf33cc30ccd210b2bfbca22b2","tron","USDT",192160.53999999998,147100.0,"USDT",192160.53999999998,110,1,9,8,24,0.20903954802259886,0.4463276836158192,0.765505758882651,False,0.6271710755775163,0.18114575933880694,False,False,"",17.0,"",0,"[]","[]",0,False,False,"",""
"0xbdbe84654eaf53627172f6e3b56d05f9fccc2a4c","tron","USDT",29408.67,32753.67,"USDT",29408.67,82,2,8,7,24,0.203125,0.328125,1.1137419679298657,False,0.6219176754413689,0.1804171818302262,False,False,"",17.0,"",0,"[]","[]",0,False,False,"",""
"0x5f678e9615bea35d766626fd89baccb6c8d0340f","tron","USDT",507379.7545840001,508815.0,"USDT",507379.7545840001,75,2,11,8,24,0.08955223880597014,0.1865671641791045,1.0028287400177736,False,0.5830514640089958,0.17490543074634562,False,False,"",17.0,"",0,"[]","[]",0,False,False,"",""
"0x85eeb607daec093ed52dc076d4c770ec08b87363","tron","USDT",19856.2,23559.5,"USDT",19856.2,70,2,7,6,24,0.14736842105263157,0.3368421052631579,1.1865059779816882,False,0.5679655009522953,0.17254321083559832,False,False,"",17.0,"",0,"[]","[]",0,False,False,"",""
"0x9d5a855e663bd1f0a75e219087e96a76009e877e","tron","USDT",47930.223417999994,47000.0,"USDT",47930.223417999994,70,2,2,4,22,0.11278195488721804,0.19548872180451127,0.9805921326531799,False,0.5632856161317118,0.17211149781725893,False,False,"",17.0,"",0,"[]","[]",0,False,False,"",""
"0xf8c216b586cd77add1be5cbad4ef7dbfe4d4cd39","tron","USDT",28650.87,27502.87,"USDT",28650.87,53,2,6,8,22,0.2236842105263158,0.42105263157894735,0.9599314087146393,False,0.5324614050060387,0.16751868520022006,False,False,"",17.0,"",0,"[]","[]",0,False,False,"",""
"0xe40c4dc046f4c0bff9ab64d1953f8e6b64261b00","tron","USDT",24392.5,25327.5,"USDT",24392.5,54,2,6,8,23,0.21518987341772153,0.34177215189873417,1.0383314543404736,False,0.519451593488696,0.16576107579137728,False,False,"",17.0,"",0,"[]","[]",0,False,False,"",""
"0xc05e73853a273dbcbac0815c0204ce17045ba994","tron","USDT",109938.91705699991,108270.0,"USDT",109938.91705699991,108,1,8,8,24,0.2619647355163728,0.0025188916876574307,0.9848195970846736,False,0.5172463039978401,0.16504037900173102,False,False,"",17.0,"",0,"[]","[]",0,False,False,"",""
"0x2559f000405e734608dbd387947cc4aa58427bfc","tron","USDT",53457.83000000001,53457.83,"USDT",53457.83000000001,70,1,1,2,24,0.4251968503937008,0.13385826771653545,0.9999999999999999,False,0.4986104885701479,0.16247966217287674,False,False,"",17.0,"",0,"[]","[]",0,False,False,"",""
"0x004566cb9a0f9fe54a366568f8ef535763e1c159","tron","USDT",54537.920000000006,54537.92,"USDT",54537.920000000006,67,1,1,2,22,0.19008264462809918,0.11570247933884298,0.9999999999999999,False,0.4825862841774988,0.15993695293526938,False,False,"",17.0,"",0,"[]","[]",0,False,False,"",""
"0x8e6720dff3669cbe021c224e8e1b16242d47ed46","tron","USDT",120272.74346600001,134076.972178,"USDT",120272.74346600001,79,1,1,8,23,0.16964285714285715,0.044642857142857144,1.11477437293099,False,0.4731455288203462,0.15864655979838577,False,False,"",17.0,"",0,"[]","[]",0,False,False,"",""
"0x5c9877ab321c08e24d2afbcef788b764e6f096d3","tron","USDT",17561.030000000006,16000.0,"USDT",17561.030000000006,74,1,2,8,24,0.2764227642276423,0.024390243902439025,0.9111082892062706,False,0.45039736380270645,0.15556504174020508,False,False,"",17.0,"",0,"[]","[]",0,False,False,"",""
"0x9d134cdafe470bfa9e16681fec0e230bddc3ebf5","tron","USDT",44639.0,42057.0,"USDT",44639.0,76,2,9,8,24,0.15053763440860216,0.40860215053763443,0.9421582024686933,False,0.6351371537165088,0.1831732007338845,False,False,"",16.9,"",0,"[]","[]",0,False,False,"",""
"0x223486817f3fb832f8e1f07af1b3baeeb346f30a","tron","USDT",44214.46,48517.899999999994,"USDT",44214.46,80,1,10,4,24,0.17708333333333334,0.3854166666666667,1.0973310541393018,False,0.5849936726324714,0.1755422168252216,False,False,"",16.9,"",0,"[]","[]",0,False,False,"",""
"0xd4fd6584d97b555f8b21858c26ed43be49e7fe99","tron","USDT",625148.0,609000.0,"USDT",625148.0,58,1,8,8,24,0.2138364779874214,0.7044025157232704,0.9741693167058041,False,0.5453045043093365,0.1697737046426422,False,False,"",16.9,"",0,"[]","[]",0,False,False,"",""
"0x7f1047a302bb4f8b3baddb2e5402a08c04546037","tron","USDT",231293.32765199998,200000.0,"USDT",231293.32765199998,75,2,2,8,20,0.1523809523809524,0.09523809523809523,0.8647028517005757,False,0.5244197276686674,0.16692485273795715,False,False,"",16.9,"",0,"[]","[]",0,False,False,"",""
"0x3ab733602bd85bfeb2c67811e06daeb9f72e87cb","tron","USDT",13629.148736,14594.0,"USDT",13629.148736,70,1,3,8,20,0.017094017094017096,0.05128205128205128,1.0707932155330762,False,0.45217932193148425,0.15633800781934137,False,False,"",16.9,"",0,"[]","[]",0,False,False,"",""
"0xfe142366f34e8a1c8d7c37c0be81b925c180150f","tron","USDT",40475.08,41532.08,"USDT",40475.08,76,2,8,6,24,0.14432989690721648,0.422680412371134,1.0261148341152135,False,0.6457855495373338,0.185149098559586,False,False,"",16.8,"",0,"[]","[]",0,False,False,"",""
"0x42d141e4bae90e655bbfebacfac0136e3248dc53","tron","USDT",32123.0,29260.0,"USDT",32123.0,79,2,8,8,23,0.15463917525773196,0.36082474226804123,0.9108738287208542,False,0.6267960118221628,0.1823891196214193,False,False,"",16.8,"",0,"[]","[]",0,False,False,"",""
"0xc6c3f47775a2ef566c0f8a7ea738411ce13a26da","tron","USDT",458665.548,465000.0,"USDT",458665.548,52,2,5,8,19,0.06923076923076923,0.9,1.013810612171813,False,0.5636430770277621,0.1733302706820124,False,False,"",16.8,"",0,"[]","[]",0,False,False,"",""
"0xb23584dff0ead7c094364105bb8971766215def1","tron","USDT",23642.0,26700.07,"USDT",23642.0,51,2,7,8,24,0.25,0.5595238095238095,1.1293490398443449,False,0.5204098872350755,0.1669495736119221,False,False,"",16.8,"",0,"[]","[]",0,False,False,"",""
"0xb22814041029e710e0ba20ab47e6599e97588424","tron","USDT",11120.630000000001,17700.0,"USDT",11120.630000000001,54,1,2,8,22,0.21052631578947367,0.09210526315789473,1.5916364450575191,False,0.28411556172807484,0.1326264735920133,False,False,"",16.8,"",0,"[]","[]",0,False,False,"",""
"0xee30de4a43d4e169d47e6e1350ac02202ac7104d","tron","USDT",136973.837096,136300.297096,"USDT",136973.837096,94,2,6,7,19,0.2595419847328244,0.2366412213740458,0.9950827105797734,False,0.6423379226627947,0.18523296289150298,False,False,"",16.7,"",0,"[]","[]",0,False,False,"",""
"0x2657a0b5b2719ea522c0be8dcc462e1fbb3dc011","tron","USDT",31997.4,35536.903397,"USDT",31997.4,80,2,8,5,24,0.2608695652173913,0.391304347826087,1.1106184689068488,False,0.6338153470075142,0.18384481791129637,False,False,"",16.7,"",0,"[]","[]",0,False,False,"",""
"0xb5a01bdd6c9bd3581c9572972aa0ac8eefd4d3ea","tron","USDT",33683.0,34862.0,"USDT",33683.0,77,2,8,8,23,0.17204301075268819,0.3333333333333333,1.0350028204138586,False,0.6241737971902,0.18261201465772497,False,False,"",16.7,"",0,"[]","[]",0,False,False,"",""
"0x8fa746a84b617742295f65b344c1f96d25daac15","tron","USDT",25864.84,28604.84,"USDT",25864.84,78,2,8,7,24,0.1559633027522936,0.27522935779816515,1.1059353160506695,False,0.5991177328454466,0.17870676712723188,False,False,"",16.7,"",0,"[]","[]",0,False,False,"",""
"0x3264e828e333f0956b5cb369884db67e29abd22b","tron","USDT",318741.80153399997,327264.8164,"USDT",318741.80153399997,102,1,7,8,24,0.058823529411764705,0.21176470588235294,1.0267395579273932,False,0.5954364900281476,0.17815844553215093,False,False,"",16.7,"",0,"[]","[]",0,False,False,"",""
"0x2abbcd7bd900469f9135339c05c641c62f18ce18","tron","USDT",168364.81158900005,133000.0,"USDT",168364.81158900005,100,1,2,8,21,0.1076923076923077,0.21025641025641026,0.7899512893743494,False,0.5542027186547892,0.17265513103620933,False,False,"",16.7,"",0,"[]","[]",0,False,False,"",""
"0xc03baab5c588fb5735c1c407fdfa7c61a0c9b70d","tron","USDT",62745.714603,80000.0,"USDT",62745.714603,88,2,2,8,21,0.0380952380952381,0.0761904761904762,1.2749874713543392,False,0.5258406948819785,0.1682259049422204,False,False,"",16.7,"",0,"[]","[]",0,False,False,"",""
"0xe24d1cf75d41ea99f7655a1ab9634928821e9e8a","tron","USDT",294534.80149299995,288703.95149300003,"USDT",294534.80149299995,110,1,8,8,24,0.2708860759493671,0.007594936708860759,0.9802031883144428,False,0.524346330177456,0.1678046811062479,False,False,"",16.7,"",0,"[]","[]",0,False,False,"",""
"0x174c679d1264b97d9256400a10d7d73141ed3b74","tron","USDT",29467.444363,22146.0,"USDT",29467.444363,106,1,3,8,24,0.14204545454545456,0.045454545454545456,0.7515412509883967,False,0.4984256863249765,0.1644429141245155,False,False,"",16.7,"",0,"[]","[]",0,False,False,"",""
"0x7156471feca7aff01e3254a445fb6c65a87a99d3","tron","USDT",52329.546653,52329.54,"USDT",52329.546653,70,1,1,2,23,0.06521739130434782,0.09420289855072464,0.9999998728634123,False,0.48274313907290656,0.16189075790108692,False,False,"",16.7,"",0,"[]","[]",0,False,False,"",""
"0xf57600bb58746a9b1e9c13e8e86ffbb956430a9c","tron","USDT",43571.25623500001,35904.688527,"USDT",43571.25623500001,76,1,2,8,23,0.36363636363636365,0.11688311688311688,0.8240452910824821,False,0.48020574131824456,0.16191212305934088,False,False,"",16.7,"",0,"[]","[]",0,False,False,"",""
"0xfe1f2e85270815ff9cd0877ca529379f00e2758e","tron","USDT",15320.09,18664.09,"USDT",15320.09,70,1,5,4,23,0.1511627906976744,0.18604651162790697,1.2182754801048818,False,0.4714502379099963,0.16044043830626264,False,False,"",16.7,"",0,"[]","[]",0,False,False,"",""
"0xb8b215d99760febc2faca604a2b9f3534380e07c","tron","USDT",50369.6,10000.0,"USDT",50369.6,101,1,1,7,22,0.0847457627118644,0.3220338983050847,0.19853244814332455,True,0.36742948380168156,0.1452007638255658,False,False,"",16.7,"",0,"[]","[]",0,False,False,"",""
"0x4636a1252eee1fa6c4fdb57e839ad80b50705213","tron","USDT",39508.48,39911.479999999996,"USDT",39508.48,81,2,8,6,24,0.21804511278195488,0.3082706766917293,1.0102003418000387,False,0.6342216976641967,0.18469418985148978,False,False,"",16.6,"",0,"[]","[]",0,False,False,"",""
"0x8b3a0156f991895aad7a489f01a00c620560ff33","tron","USDT",32970.0,31113.0,"USDT",32970.0,78,2,8,8,22,0.13402061855670103,0.32989690721649484,0.9436760691537761,False,0.622576540590056,0.18297793133775325,False,False,"",16.6,"",0,"[]","[]",0,False,False,"",""
"0xefcb8607af6585225842452ea5f78842ba41a078","tron","USDT",45222.413047,48391.413047,"USDT",45222.413047,77,1,9,2,23,0.12903225806451613,0.46236559139784944,1.0700758713761345,False,0.6000144088713442,0.17966774598329893,False,False,"",16.6,"",0,"[]","[]",0,False,False,"",""
"0x281673c3f198fbd2ef34bd6596444a4b13f1d33c","tron","USDT",78591.01,80607.01,"USDT",78591.01,76,1,10,2,24,0.13333333333333333,0.4222222222222222,1.0256517889259853,False,0.5955195749803789,0.17888969140581662,False,False,"",16.6,"",0,"[]","[]",0,False,False,"",""
"0x384295fdbaf14f67878266d6a7c68ec9c9f1ab8b","tron","USDT",355753.00699999987,359103.0,"USDT",355753.00699999987,108,1,5,6,24,0.15135135135135136,0.12432432432432433,1.0094166259570088,False,0.5809718966821975,0.1769881064311843,False,False,"",16.6,"",0,"[]","[]",0,False,False,"",""
"0x49c1c3e6759294b920c7d154cd5563f0e11b3f19","tron","USDT",19532.48,22048.980000000003,"USDT",19532.48,72,2,7,6,24,0.15,0.25,1.1288366863808386,False,0.5642147335440924,0.1744846808193018,False,False,"",16.6,"",0,"[]","[]",0,False,False,"",""
"0x8218493b1298757fcbc226561781d6c071dc7d88","tron","USDT",42650.972651000004,42000.0,"USDT",42650.972651000004,68,1,10,8,19,0.15714285714285714,0.2714285714285714,0.9847372144047754,False,0.5291751434636535,0.1692118875183083,False,False,"",16.6,"",0,"[]","[]",0,False,False,"",""
"0x478d3e23ee63675450be50cbac2c1c9e6f5ff94a","tron","USDT",37588.066561,36795.866561,"USDT",37588.066561,93,1,5,8,24,0.1827956989247312,0.053763440860215055,0.9789241620418445,False,0.5262420264917396,0.1689258464658479,False,False,"",16.6,"",0,"[]","[]",0,False,False,"",""
"0xc93b8ee06ba03dd78669a2694a989af7be0e31ac","tron","USDT",43209.0,46209.0,"USDT",43209.0,50,2,5,5,23,0.16666666666666666,0.4696969696969697,1.0694299798653057,False,0.5143076391681312,0.16721834253635004,False,False,"",16.6,"",0,"[]","[]",0,False,False,"",""
"0x760eff3464fd19ee11b5c7e570e611d3b7ce5e44","tron","USDT",20314.997271,19660.997271,"USDT",20314.997271,57,2,4,8,24,0.1834862385321101,0.21100917431192662,0.9678070348090277,False,0.5072772294629262,0.1663447624067086,False,False,"",16.6,"",0,"[]","[]",0,False,False,"",""
"0xf1b774048f2fda2f45fbfd6d4f0658c8f6ce0276","tron","USDT",138863.52949599997,100000.0,"USDT",138863.52949599997,90,1,1,8,24,0.2446043165467626,0.07194244604316546,0.7201314871006541,False,0.47692634224308017,0.16147719175828407,False,False,"",16.6,"",0,"[]","[]",0,False,False,"",""
"0x9c16c9af8342e508bdad95cebef0ca1edaa60a1c","tron","USDT",53284.840000000004,54224.84,"USDT",53284.840000000004,63,1,1,3,19,0.13541666666666666,0.10416666666666667,1.017641040115725,False,0.454450276961167,0.15818100839286087,False,False,"",16.6,"",0,"[]","[]",0,False,False,"",""
"0x4452f3788ed3a281629e1604752e8cf1c490daf3","tron","USDT",63357.939999999995,60718.14,"USDT",63357.939999999995,76,2,8,6,24,0.28205128205128205,0.39316239316239315,0.9583351352648145,False,0.6347867043277277,0.185322132231728,False,False,"",16.5,"",0,"[]","[]",0,False,False,"",""
"0x24ace8e09ae4b5e5376194ac837fd941996a600e","tron","USDT",34884.770000000004,33298.770000000004,"USDT",34884.770000000004,76,2,8,6,24,0.23214285714285715,0.36607142857142855,0.9545360339196732,False,0.6260932220237374,0.18404083540684113,False,False,"",16.5,"",0,"[]","[]",0,False,False,"",""
"0xd699da196721b4371e71ce1e8c924996a8d24fe4","tron","USDT",22446.210000000003,25362.210000000003,"USDT",22446.210000000003,71,2,7,6,24,0.14736842105263157,0.29473684210526313,1.1299105728762227,False,0.5716870920585521,0.1759446618192993,False,False,"",16.5,"",0,"[]","[]",0,False,False,"",""
"0x0a80c6817942bf1d11264d4a7932e7cb11c436fb","tron","USDT",149187.919355,136358.353207,"USDT",149187.919355,78,1,2,8,24,0.21428571428571427,0.2755102040816326,0.9140039876990884,False,0.5531952394940983,0.17352259168289835,False,False,"",16.5,"",0,"[]","[]",0,False,False,"",""
"0x13723ec391627d6c8b421c45a55b6bc839f0ffab","tron","USDT",23130.539999999997,24300.0,"USDT",23130.539999999997,73,2,10,8,24,0.1925925925925926,0.08148148148148149,1.0505591309152318,False,0.5285031446820366,0.16991287852188552,False,False,"",16.5,"",0,"[]","[]",0,False,False,"",""
"0x3a0fa01abf5b6abc378c6759070ec42ddc1bc18c","tron","USDT",37065.344601,44920.0,"USDT",37065.344601,62,1,5,4,5,0.0,0.0,1.2119137292140025,False,0.49746485612940927,0.1650293705085748,False,False,"",16.5,"",0,"[]","[]",0,False,False,"",""
"0x0d880744eaea2e82ef6ad9a9f401b89d4b5108b0","tron","USDT",47021.83,49242.83,"USDT",47021.83,51,1,8,3,23,0.14285714285714285,0.4603174603174603,1.0472333807510257,False,0.47580657351362277,0.1623999787395331,False,False,"",16.5,"",0,"[]","[]",0,False,False,"",""
"0xbb4d14836df114406b9eee22d1bdf362854d90e6","tron","USDT",147737.3,147740.0,"USDT",147737.3,51,1,4,4,2,0.0,0.0,1.00001827568258,False,0.4724078195385176,0.16160473117688068,False,False,"",16.5,"",0,"[]","[]",0,False,False,"",""
"0x94879b1d39b3d547e909ad432ce11ee531c13805","tron","USDT",51049.06,51049.06,"USDT",51049.06,62,1,1,3,24,0.3208955223880597,0.13432835820895522,1.0,False,0.4649708650829225,0.16050484458082648,False,False,"",16.5,"",0,"[]","[]",0,False,False,"",""
"0xe9526c4ef02f91b580e0d9f655493e2a9c5b0ea5","tron","USDT",181914.18156999993,378502.17,"USDT",181914.18156999993,89,4,10,8,24,0.19,0.3,2.0806633475925773,False,0.45259973106230383,0.15871485789916973,False,False,"",16.5,"",0,"[]","[]",0,False,False,"",""
"0xa72c83fde62019f51296d69e60c51b078a77dae8","tron","USDT",21123.669999999987,15420.0,"USDT",21123.669999999987,81,1,2,8,24,0.2692307692307692,0.023076923076923078,0.7299867873338303,False,0.43696553317272746,0.15647354028892224,False,False,"",16.5,"",0,"[]","[]",0,False,False,"",""
"0x6e28430c9b77624b0c0632814d259796bb1b0aac","tron","USDT",86681.97000000002,86707.03,"USDT",86681.97000000002,61,2,20,8,21,0.11688311688311688,0.0,1.0002891027972713,False,0.43535230942709885,0.15639801813685816,False,False,"",16.5,"",0,"[]","[]",0,False,False,"",""
"0x0148d77215d1532a42318d9ff38565f102f3d8d1","tron","USDT",31383.0,4918.0,"USDT",31383.0,53,1,3,8,16,0.13559322033898305,0.13559322033898305,0.15670904629895166,True,0.2934664170589835,0.13569529806132186,False,False,"",16.5,"",0,"[]","[]",0,False,False,"",""
"0xe1d159b7ec9de27fffee8d45078cf8ee7aebdcdd","tron","USDT",78475.09426000001,73958.549401,"USDT",78475.09426000001,68,1,6,7,9,0.0,0.15555555555555556,0.9424461365533884,False,0.6374582994756262,0.1863169641649673,False,False,"",16.4,"",0,"[]","[]",0,False,False,"",""
"0x28a03e6a004d6e7664e3cad1131a15941e24d1eb","tron","USDT",43046.0,44302.0,"USDT",43046.0,77,2,8,8,24,0.15789473684210525,0.3473684210526316,1.0291780885564281,False,0.6289694024590416,0.18521509041763967,False,False,"",16.4,"",0,"[]","[]",0,False,False,"",""
"0xaa7aadd9ca372af02bed13272ddbc499a4bcd166","tron","USDT",354181.285772,354210.0,"USDT",354181.285772,81,1,8,8,21,0.1678832116788321,0.41605839416058393,1.0000810721208417,False,0.6151115309814793,0.1828447532073032,False,False,"",16.4,"",0,"[]","[]",0,False,False,"",""
"0x3214e9a25603a112aa347ee138b9f76c78af9050","tron","USDT",37918.0,36294.0,"USDT",37918.0,75,2,9,8,23,0.1595744680851064,0.3191489361702128,0.9571707368532095,False,0.6100580828255949,0.18254448322265393,False,False,"",16.4,"",0,"[]","[]",0,False,False,"",""
"0x6b80abe1dc9659f74498961e94575a0c38dde3cc","tron","USDT",107495.49602699999,89240.064098,"USDT",107495.49602699999,65,2,3,5,20,0.09302325581395349,0.26356589147286824,0.8301749133339065,False,0.5342106886282336,0.17104624568276178,False,False,"",16.4,"",0,"[]","[]",0,False,False,"",""
"0x74c1ccdae3c2adca73d37abe7147790be1a3e950","tron","USDT",322143.10000000003,289700.0,"USDT",322143.10000000003,50,1,12,8,14,0.09859154929577464,0.028169014084507043,0.8992897876751046,False,0.4744792036130129,0.16230999905123034,False,False,"",16.4,"",0,"[]","[]",0,False,False,"",""
"0x8905df8c6cce5d539ce08717e76135441d3b129e","tron","USDT",51444.03999999999,51444.04,"USDT",51444.03999999999,64,1,1,3,22,0.3474576271186441,0.1016949152542373,1.0000000000000002,False,0.4625952487673689,0.16101192140024928,False,False,"",16.4,"",0,"[]","[]",0,False,False,"",""
"0x178aac6944d06f01ebbe72059f3a530deeeee67a","tron","USDT",76448.06,77098.06,"USDT",76448.06,56,1,1,3,22,0.3173076923076923,0.17307692307692307,1.0085025048379253,False,0.4453635958499855,0.15809896143665214,False,False,"",16.4,"",0,"[]","[]",0,False,False,"",""
"0xf6ec4e78a43efe5661e96bccba50b75301cf2c41","tron","USDT",53397.19135,53397.19,"USDT",53397.19135,58,1,1,2,17,0.3229166666666667,0.11458333333333333,0.9999999747177714,False,0.43859255433396216,0.15724183189268592,False,False,"",16.4,"",0,"[]","[]",0,False,False,"",""
"0xdc069f05e876ceee6148dd07fca0a95e565aebd0","tron","USDT",638448.312673,572000.0,"USDT",638448.312673,51,2,19,8,24,0.24434389140271492,0.1085972850678733,0.8959221735667214,False,0.4164547170979252,0.15428273957340083,False,False,"",16.4,"",0,"[]","[]",0,False,False,"",""
"0xc8e642a8c84d75590bf9475780d2857daabdfc34","tron","USDT",32163.92999999999,94000.0,"USDT",32163.92999999999,106,2,2,8,20,0.31297709923664124,0.0,2.922528434802589,False,0.3583146571044375,0.14576830231237858,False,False,"",16.4,"",0,"[]","[]",0,False,False,"",""
"0xb74e283772511b1887de0df6326d18e6f7c63395","tron","USDT",38983.89,36180.89,"USDT",38983.89,72,2,8,5,24,0.23214285714285715,0.41964285714285715,0.9280985042795883,False,0.6198868456340442,0.18446697410964652,False,False,"",16.3,"",0,"[]","[]",0,False,False,"",""
"0x2acfcabb45e3fc8b022d2ae1f909e93a19d74b70","tron","USDT",28173.244458000005,28740.244458,"USDT",28173.244458000005,72,2,6,5,24,0.22413793103448276,0.27586206896551724,1.0201254775908137,False,0.5938009914383591,0.1805584943855047,False,False,"",16.3,"",0,"[]","[]",0,False,False,"",""
"0x2b04dc99482677e927068892ae45d7b60e65ff63","tron","USDT",530827.021,530827.514,"USDT",530827.021,102,1,8,4,17,0.3128491620111732,0.0893854748603352,1.0000009287394585,False,0.5593229877169223,0.17528752718045887,False,False,"",16.3,"",0,"[]","[]",0,False,False,"",""
"0xe02a14345b236903c7161ace90f77e6d538698e3","tron","USDT",274434.79000000004,286465.53,"USDT",274434.79000000004,100,1,8,8,24,0.24242424242424243,0.010101010101010102,1.0438382466013145,False,0.5089598271476887,0.16794031599729609,False,False,"",16.3,"",0,"[]","[]",0,False,False,"",""
"0x2f6d0a2048581b29a3b7239ae4467b74a47012b3","tron","USDT",822191.37,828696.3,"USDT",822191.37,74,1,9,8,24,0.24324324324324326,0.003003003003003003,1.00791169822179,False,0.4457058719199629,0.15911933757099134,False,False,"",16.3,"",0,"[]","[]",0,False,False,"",""
"0xc51823fdb8646ffcf6111db1011c571153e79236","tron","USDT",496488.59173900005,1600000.0,"USDT",496488.59173900005,121,1,4,8,24,0.10775862068965517,0.10775862068965517,3.2226319529233147,False,0.3898251904975347,0.15073350054228207,False,False,"",16.3,"",0,"[]","[]",0,False,False,"",""
"0x2943008000b3835830b0a097c6be067a55ec6f2a","tron","USDT",180339.72303300002,120300.0,"USDT",180339.72303300002,50,3,5,8,22,0.27972027972027974,0.16083916083916083,0.6670743304734174,False,0.37994108752005323,0.14916810234971167,False,False,"",16.3,"",0,"[]","[]",0,False,False,"",""
"0x174198daa1d27e2db4e803ff99a4f5e4ea0d7893","tron","USDT",16029.069999999998,31000.0,"USDT",16029.069999999998,55,1,1,8,18,0.23214285714285715,0.026785714285714284,1.9339861888431458,False,0.34742508406014716,0.144321960337024,False,False,"",16.3,"",0,"[]","[]",0,False,False,"",""
"0x6562ae81197569411a936ed845d38a6d4c059e5e","tron","USDT",39670.981999999996,80665.124354,"USDT",39670.981999999996,143,1,2,8,24,0.16408668730650156,0.0,2.033353355205576,False,0.3439489018377409,0.14431508536137344,False,False,"",16.3,"",0,"[]","[]",0,False,False,"",""
"0x402b8ff3860d5ddbfc1c05db5a629e1db1414653","tron","USDT",141343.41999999998,115000.0,"USDT",141343.41999999998,81,1,5,8,16,0.07874015748031496,0.03937007874015748,0.8136211788281337,False,0.6114019587597997,0.1837002717213575,False,False,"",16.2,"",0,"[]","[]",0,False,False,"",""
"0x91a33725c3a047ddf032dc498f7899a50ccbfe8a","tron","USDT",82716.084017,82914.70599999999,"USDT",82716.084017,103,1,7,8,20,0.056,0.168,1.002401249833819,False,0.5888294766132451,0.18043644538332526,False,False,"",16.2,"",0,"[]","[]",0,False,False,"",""
"0xb4b7a9155a4ec4aef7be1cfa96020e9334567268","tron","USDT",164924.32999999996,120000.0,"USDT",164924.32999999996,79,1,4,8,22,0.22857142857142856,0.5952380952380952,0.7276064119829987,False,0.578331681320849,0.1788331325235082,False,False,"",16.2,"",0,"[]","[]",0,False,False,"",""
"0xe1eea4ef15bab1a471795a0df06b782935907820","tron","USDT",58445.95905699999,61522.959057,"USDT",58445.95905699999,66,2,13,8,24,0.19672131147540983,0.30327868852459017,1.052646924606013,False,0.5723034254777216,0.17782568174248237,False,False,"",16.2,"",0,"[]","[]",0,False,False,"",""
"0xce56dc7ae70ed1fff6ec8303eeed220e11a81d75","tron","USDT",25398.319824000002,24516.919824,"USDT",25398.319824000002,70,2,5,7,24,0.20168067226890757,0.23529411764705882,0.96529691703594,False,0.5712978414977303,0.1777373234611448,False,False,"",16.2,"",0,"[]","[]",0,False,False,"",""
"0xd2d11a44c25c244719f088f1b41979a5cd3a3d4d","tron","USDT",62496.4438,80000.0,"USDT",62496.4438,56,1,2,8,18,0.08571428571428572,0.04285714285714286,1.2800728351202602,False,0.4922373379512953,0.16634053996297804,False,False,"",16.2,"",0,"[]","[]",0,False,False,"",""
"0x61ce0b50c05b5e85ac0562a4bc2479a305f8e1ae","tron","USDT",51837.910001,51837.91,"USDT",51837.910001,63,1,1,4,21,0.3684210526315789,0.11403508771929824,0.9999999999807092,False,0.4625504258141606,0.16220780754993064,False,False,"",16.2,"",0,"[]","[]",0,False,False,"",""
"0xe20b2ca9f34c3c090d9b61046483533bfc8154cc","tron","USDT",101687.02065600005,101467.0,"USDT",101687.02065600005,69,1,2,7,24,0.1608187134502924,0.023391812865497075,0.9978362955804914,False,0.4491638525719477,0.1602690718573811,False,False,"",16.2,"",0,"[]","[]",0,False,False,"",""
"0xc5fd34c131adb33e1933b8c892306ab28aeaf301","tron","USDT",50197.178555,50197.17,"USDT",50197.178555,56,1,1,4,20,0.2553191489361702,0.14893617021276595,0.9999998295720945,False,0.43989239083597875,0.15888337848612366,False,False,"",16.2,"",0,"[]","[]",0,False,False,"",""
"0x8e45204e42049b73a563f6358f0a4ed0146634d8","tron","USDT",98227.72,98128.72,"USDT",98227.72,61,2,7,8,23,0.15217391304347827,0.5108695652173914,0.9989921378608808,False,0.6053116503422344,0.18317400072163642,False,False,"",16.1,"",0,"[]","[]",0,False,False,"",""
"0x462aebb5b6489342fba70264b791c054d47ef81a","tron","USDT",88612.10999900001,91638.039999,"USDT",88612.10999900001,74,1,7,2,24,0.125,0.4431818181818182,1.0341480413911162,False,0.5904810147607727,0.1810400450237009,False,False,"",16.1,"",0,"[]","[]",0,False,False,"",""
"0x0aa13265a166e3488285d8e016ea7383e06a5232","tron","USDT",128724.19435700001,127905.12856499999,"USDT",128724.19435700001,105,1,12,8,19,0.23809523809523808,0.0380952380952381,0.9936370486054202,False,0.5408609821101472,0.1740010292208194,False,False,"",16.1,"",0,"[]","[]",0,False,False,"",""
"0xef1c64d3b3c3ac9788e11251de511499ae9a521b","tron","USDT",25251.156253000005,20396.0,"USDT",25251.156253000005,88,1,3,8,24,0.136986301369863,0.0684931506849315,0.8077253887166779,False,0.48875260799882636,0.1664947088176837,False,False,"",16.1,"",0,"[]","[]",0,False,False,"",""
"0xd95021e35ca96517f194bba2a22425302837c5a2","tron","USDT",17168.800000000003,21387.8,"USDT",17168.800000000003,66,1,5,3,24,0.14102564102564102,0.14102564102564102,1.2457364521690506,False,0.43778681983064527,0.15879885315508152,False,False,"",16.1,"",0,"[]","[]",0,False,False,"",""
"0xcb7a44977352c9246fa7461d01850c47513b6254","tron","USDT",26649.0,30166.0,"USDT",26649.0,68,1,1,8,19,0.16129032258064516,0.021505376344086023,1.131974933393373,False,0.41896583806359344,0.15603696693683944,False,False,"",16.1,"",0,"[]","[]",0,False,False,"",""
"0x2bf18d311b07bb402737ef2c2b439c6f4250c908","tron","USDT",20198.0,39660.0,"USDT",20198.0,70,2,2,8,19,0.21518987341772153,0.24050632911392406,1.9635607485889692,False,0.3870951116000008,0.15140739160000705,False,False,"",16.1,"",0,"[]","[]",0,False,False,"",""
"0xe3e2265528b8688253096d7eb8ddfe744b5eb2ec","tron","USDT",22084.131713000002,55197.0,"USDT",22084.131713000002,74,5,6,8,16,0.6470588235294118,0.00980392156862745,2.4993964316698873,False,0.3063872702823846,0.1399103211556147,False,False,"",16.1,"",0,"[]","[]",0,False,False,"",""
"0x228e3af5b0a510da0d5ac1302fc064a023f8cbe7","tron","USDT",15593.36,49475.0,"USDT",15593.36,83,1,1,8,24,0.19753086419753085,0.018518518518518517,3.172824843394881,False,0.29401613626176604,0.13772107506205672,False,False,"",16.1,"",0,"[]","[]",0,False,False,"",""
"0x03f3c136385f9c5e653c395a0968ec1bbaa25d30","tron","USDT",44200.0,41120.0,"USDT",44200.0,72,2,8,7,24,0.15730337078651685,0.34831460674157305,0.930316742081448,False,0.6015048544673878,0.18320859147154156,False,False,"",16.0,"",0,"[]","[]",0,False,False,"",""
"0xc2b09bc7717951b369eb8749825e9df96d185cef","tron","USDT",57746.132000000005,63000.0,"USDT",57746.132000000005,59,2,3,8,21,0.038834951456310676,0.46601941747572817,1.0909821630996859,False,0.5713374087068221,0.17878355555752545,False,False,"",16.0,"",0,"[]","[]",0,False,False,"",""
"0x0bbadd104ec9b4543ef80bf0232d18444060a5d4","tron","USDT",157052.64375500003,145148.483755,"USDT",157052.64375500003,105,1,3,8,21,0.15060240963855423,0.13253012048192772,0.9242027404608969,False,0.5655666798716504,0.17840749874813494,False,False,"",16.0,"",0,"[]","[]",0,False,False,"",""
"0x85da1ca9e525cff81d7e101616c044dab2e26b4b","tron","USDT",249732.964136,251552.27855400002,"USDT",249732.964136,86,1,2,4,10,0.7459016393442623,0.11475409836065574,1.007285039138883,False,0.5415282005989379,0.17442918858414264,False,False,"",16.0,"",0,"[]","[]",0,False,False,"",""
"0xd528312b5bdce1a101c2f137a55ecada13e035b9","tron","USDT",267641.090096,269000.0,"USDT",267641.090096,58,1,15,8,22,0.05,0.39,1.0050773590240294,False,0.515569019454719,0.17063504586219264,False,False,"",16.0,"",0,"[]","[]",0,False,False,"",""
"0xbe221e929bdf8666bba1df86413ac0d1a60439c9","tron","USDT",261537.00886199993,300000.0,"USDT",261537.00886199993,61,2,2,8,24,0.2345679012345679,0.19753086419753085,1.1470651947323258,False,0.5001252846752292,0.16869868190712534,False,False,"",16.0,"",0,"[]","[]",0,False,False,"",""
"0xe31872f468aa8977749c8c1be7f58b57e67f63c7","tron","USDT",120906.0,260000.0,"USDT",120906.0,172,2,3,8,19,0.22362869198312235,0.07172995780590717,2.150430913271467,False,0.4601972209771403,0.16266176168431407,False,False,"",16.0,"",0,"[]","[]",0,False,False,"",""
"0xa04bc708c81b6ef04d19d7d371ef844842c60cca","tron","USDT",27097.410434,100000.0,"USDT",27097.410434,85,1,1,8,23,0.13815789473684212,0.13157894736842105,3.6903895390139105,False,0.34657104437471986,0.1460599650800951,False,False,"",16.0,"",0,"[]","[]",0,False,False,"",""
"0x9633f32c426537158ef4c45ec5fc013013196853","tron","USDT",34645.57,34711.57,"USDT",34645.57,74,2,7,5,24,0.22321428571428573,0.30357142857142855,1.0019050054595724,False,0.6107575018215773,0.18510422454632763,False,False,"",15.9,"",0,"[]","[]",0,False,False,"",""
"0xdeeb0495d299df55371dac53c656a68d50704b45","tron","USDT",130680.1,135000.0,"USDT",130680.1,64,2,8,8,17,0.25287356321839083,0.39080459770114945,1.0330570607154417,False,0.589578637162156,0.182173661263976,False,False,"",15.9,"",0,"[]","[]",0,False,False,"",""
"0xefb9e50dc466e3ebbdba793ab0b17897938bb5c6","tron","USDT",261897.99,272359.23000000004,"USDT",261897.99,62,2,11,8,24,0.1991869918699187,0.37398373983739835,1.0399439491689113,False,0.5730062796417893,0.1796219643778828,False,False,"",15.9,"",0,"[]","[]",0,False,False,"",""
"0xcdf3f4f5cca0c03c22a9fb7254dabfa50f00ff26","tron","USDT",25368.879999999997,29525.879999999997,"USDT",25368.879999999997,72,2,7,5,24,0.24528301886792453,0.2830188679245283,1.163862180750589,False,0.5666224540336564,0.1791131449781601,False,False,"",15.9,"",0,"[]","[]",0,False,False,"",""
"0x8588ea3dd85950d6f6dec554bca417c3f4e366ba","tron","USDT",253268.5,235317.45999999996,"USDT",253268.5,65,2,6,8,24,0.18009478672985782,0.1943127962085308,0.9291224925326282,False,0.5344125756019986,0.17419053414534763,False,False,"",15.9,"",0,"[]","[]",0,False,False,"",""
"0x84f2f789eb24c07814a8b9a19e779f278fd9e734","tron","USDT",277141.2550639999,299660.785064,"USDT",277141.2550639999,104,1,9,8,24,0.21573604060913706,0.007614213197969543,1.0812565058017063,False,0.503201858857588,0.16967809867388656,False,False,"",15.9,"",0,"[]","[]",0,False,False,"",""
"0xacd77efbd678e20df0864d827ff481a328eece4e","tron","USDT",113492.82999999999,108280.98000000001,"USDT",113492.82999999999,93,1,6,8,24,0.14578005115089515,0.010230179028132993,0.9540777157464487,False,0.4974269281784247,0.16867296947779475,False,False,"",15.9,"",0,"[]","[]",0,False,False,"",""
"0xa0dfe4ce4c2fc9bdcd99aaebc0727e6e8e20d968","tron","USDT",555352.3823229999,691114.746548,"USDT",555352.3823229999,65,1,5,4,24,0.19287833827893175,0.17210682492581603,1.2444616581225703,False,0.4430619489671489,0.16080556060964202,False,False,"",15.9,"",0,"[]","[]",0,False,False,"",""
"0xaa0a8f3a3677304573f368ec0efff4b9da252300","tron","USDT",17775.633883000002,18300.0,"USDT",17775.633883000002,54,1,5,8,18,0.3055555555555556,0.1388888888888889,1.0294991515043233,False,0.41505489852029176,0.15699055161675568,False,False,"",15.9,"",0,"[]","[]",0,False,False,"",""
"0x7f1e66af96b125f9bf3f71abb1fcec1f2e290be0","tron","USDT",59331.12,59331.12,"USDT",59331.12,52,1,1,3,22,0.22857142857142856,0.14285714285714285,1.0,False,0.4078888390856118,0.15596088284524762,False,False,"",15.9,"",0,"[]","[]",0,False,False,"",""
"0x6abb88ac1fbd933be40ec75ec3828b8715f2eb5c","tron","USDT",43644.31992,30000.0,"USDT",43644.31992,74,1,1,8,19,0.046511627906976744,0.011627906976744186,0.6873746699453668,False,0.3965964041818121,0.15395807614909512,False,False,"",15.9,"",0,"[]","[]",0,False,False,"",""
"0x5288528745ead6fdeadedfcac937b27507d82c29","tron","USDT",113391.196484,150000.0,"USDT",113391.196484,52,1,1,8,24,0.16286644951140064,0.0749185667752443,1.3228540191051399,False,0.31723107874284473,0.14269558244531727,False,False,"",15.9,"",0,"[]","[]",0,False,False,"",""
"0x46b0776bfc6f31fccdb8d19e8cb6e626f3d70e05","tron","USDT",287655.872759,264926.510509,"USDT",287655.872759,57,2,10,8,23,0.10476190476190476,0.5333333333333333,0.9209841883915132,False,0.5716912348096339,0.1799650393343023,False,False,"",15.8,"",0,"[]","[]",0,False,False,"",""
"0xdfbe0579e9e0cbd0dd34b40382040d483c750462","tron","USDT",56719.322508,56812.88,"USDT",56719.322508,63,1,1,3,24,0.23076923076923078,0.06837606837606838,1.0016494818319948,False,0.44303630712979114,0.16149417779816128,False,False,"",15.8,"",0,"[]","[]",0,False,False,"",""
"0x643d958863e3c558330cd850064cdcbe76f555e2","tron","USDT",14504.3,12967.3,"USDT",14504.3,61,1,3,8,21,0.2247191011235955,0.011235955056179775,0.8940314251635721,False,0.3847901487709484,0.1532469358386067,False,False,"",15.8,"",0,"[]","[]",0,False,False,"",""
"0x9f8b9b0eabfd64f49397289e745e10f08856bb1c","tron","USDT",61145.555777000016,49800.0,"USDT",61145.555777000016,54,2,2,8,14,0.3333333333333333,0.0,0.8144500343021224,False,0.35715266934361584,0.14917679852801707,False,False,"",15.8,"",0,"[]","[]",0,False,False,"",""
"0x8eee045ca7d8fcf7c38ac5cf95f366d9e4462bc0","tron","USDT",24733.639999999996,120998.0,"USDT",24733.639999999996,54,3,4,8,19,0.18055555555555555,0.1388888888888889,4.892041769832504,False,0.27095472882115645,0.13647945146755197,False,False,"",15.8,"",0,"[]","[]",0,False,False,"",""
"0xcbe778cb140dfea2f31d8037f991623db815da71","tron","USDT",80830.5,77133.0,"USDT",80830.5,62,1,7,8,15,0.2087912087912088,0.10989010989010989,0.9542561285653312,False,0.5962748025844243,0.18430002069368567,False,False,"",15.7,"",0,"[]","[]",0,False,False,"",""
"0x5334b59a62417593f5a52aea0ad66fe77365c5f3","tron","USDT",17386.0,29000.0,"USDT",17386.0,56,1,1,8,22,0.16176470588235295,0.058823529411764705,1.6680087426665133,False,0.2715528906419551,0.13695619277368248,False,False,"",15.7,"",0,"[]","[]",0,False,False,"",""
"0x99ec79385b07412db62197cfcbe76f39e22db8dd","tron","USDT",47728.65584,145040.0,"USDT",47728.65584,50,4,4,8,21,0.13636363636363635,0.045454545454545456,3.038845269102387,False,0.2028686687584043,0.12703012627079113,False,False,"",15.7,"",0,"[]","[]",0,False,False,"",""
"0x31272f2a4860128c52b5dc644e27829ca7ba6a7f","tron","USDT",40804.1,43558.140028,"USDT",40804.1,77,1,7,4,24,0.18947368421052632,0.37894736842105264,1.0674941985731827,False,0.5796432490348031,0.18273874793774209,False,False,"",15.6,"",0,"[]","[]",0,False,False,"",""
"0xc124ed90c1fe8d2771fb38ede643360e828fc416","tron","USDT",39012.715743,42268.975742999995,"USDT",39012.715743,68,2,10,5,24,0.21739130434782608,0.2956521739130435,1.0834666323013993,False,0.5714061804872773,0.18126193531349555,False,False,"",15.6,"",0,"[]","[]",0,False,False,"",""
"0xf8ef904ea25a564d7fdf308dda0bcef0966663dd","tron","USDT",139093.700322,139093.700322,"USDT",139093.700322,57,1,4,3,19,0.08860759493670886,0.34177215189873417,1.0,False,0.4983639623487226,0.17074334808797742,False,False,"",15.6,"",0,"[]","[]",0,False,False,"",""
"0x62add456fd1a30279be7696abb6aedf9f83ee6f8","tron","USDT",349989.275836,288010.225836,"USDT",349989.275836,65,1,4,5,24,0.19424460431654678,0.2805755395683453,0.8229115739276466,False,0.48773336812483903,0.16932173530260314,False,False,"",15.6,"",0,"[]","[]",0,False,False,"",""
"0x0ee950b25471bd8760844515c28a3670cd10cf1e","tron","USDT",39025.55381600001,20092.0,"USDT",39025.55381600001,102,1,3,8,24,0.13966480446927373,0.12849162011173185,0.5148421491910391,False,0.4782485732716457,0.16782991493549615,False,False,"",15.6,"",0,"[]","[]",0,False,False,"",""
"0x9d41dbeb15b260642ee9ad4a78345fab5506877d","tron","USDT",59063.73192500001,62338.07912499999,"USDT",59063.73192500001,84,1,17,7,19,0.10434782608695652,0.0,1.0554375264359828,False,0.45910523339500875,0.16500313597400856,False,False,"",15.6,"",0,"[]","[]",0,False,False,"",""
"0x4c36b765e05e77443483d3bf4cc6ab574e572a3f","tron","USDT",110990.664174,120000.0,"USDT",110990.664174,71,1,7,7,22,0.3739130434782609,0.6608695652173913,1.0811720147189683,False,0.5884495952632883,0.18444331728734564,False,False,"",15.5,"",0,"[]","[]",0,False,False,"",""
"0xfe7293bf623fd353436996c14daef4c102a94f84","tron","USDT",44967.80000000001,50015.0,"USDT",44967.80000000001,51,1,1,2,22,0.36666666666666664,0.15555555555555556,1.1122403141803687,False,0.38172047145348253,0.15397964668726077,False,False,"",15.5,"",0,"[]","[]",0,False,False,"",""
"0x44e0524e12a10acfe3106b6636ee43cdcd7847fd","tron","USDT",884567.6220000001,884569.0,"USDT",884567.6220000001,53,1,5,1,6,0.27906976744186046,0.023255813953488372,1.000001557823241,False,0.3654187830117749,0.15166174177603597,False,False,"",15.5,"",0,"[]","[]",0,False,False,"",""
"0xc69f4e6a896bba9213569de225055e35f317a859","tron","USDT",93857.8,93029.0,"USDT",93857.8,62,2,8,8,24,0.21505376344086022,0.41935483870967744,0.991169620425793,False,0.5913311898852484,0.18545657452087216,False,False,"",15.4,"",0,"[]","[]",0,False,False,"",""
"0x465b104cf138451fb54934c49b837646a3c6371b","tron","USDT",31709.77,35360.77,"USDT",31709.77,74,2,8,5,24,0.24107142857142858,0.26785714285714285,1.1151380158228834,False,0.5788773721828012,0.1835902279803172,False,False,"",15.4,"",0,"[]","[]",0,False,False,"",""
"0xec7b70384251fd345a69be26a956edac1e67f5b6","tron","USDT",46244.76,46810.76,"USDT",46244.76,68,2,10,8,24,0.232,0.264,1.0122392245088958,False,0.5778524688588663,0.18341612961689036,False,False,"",15.4,"",0,"[]","[]",0,False,False,"",""
"0xc8a8d330e9a7d44722bcb04164091d680470cd1b","tron","USDT",106354.28600000001,107447.0,"USDT",106354.28600000001,64,1,2,5,24,0.1286549707602339,0.25146198830409355,1.010274282693224,False,0.507828603793045,0.17325101633406165,False,False,"",15.4,"",0,"[]","[]",0,False,False,"",""
"0xd9a2b1fe32b5e402596855624ccaa6f1b319e76e","tron","USDT",63678.445999999996,63000.0,"USDT",63678.445999999996,76,2,4,8,24,0.19282511210762332,0.004484304932735426,0.9893457513080643,False,0.5049959992082736,0.17310436040491473,False,False,"",15.4,"",0,"[]","[]",0,False,False,"",""
"0xa616d3f7700b5a5f44c41e29b17d0ea5deb85d32","tron","USDT",211170.57,209113.57,"USDT",211170.57,69,2,5,3,9,0.8604651162790697,0.0,0.9902590592997879,False,0.4685583111876133,0.16744537405905324,False,False,"",15.4,"",0,"[]","[]",0,False,False,"",""
"0xf999d357db17ec3a841980aaceb69604095e5b96","tron","USDT",19861.95,17200.0,"USDT",19861.95,74,1,2,8,24,0.2578125,0.0,0.8659774090660786,False,0.4111156969633726,0.15918659931666845,False,False,"",15.4,"",0,"[]","[]",0,False,False,"",""
"0xe6cda4705fb88d426400dc98e353733a5198ea88","tron","USDT",122173.589,123705.912,"USDT",122173.589,50,1,12,4,23,0.16129032258064516,0.1935483870967742,1.0125421788173874,False,0.4035202509241066,0.15785760653245912,False,False,"",15.4,"",0,"[]","[]",0,False,False,"",""
"0x85ce57611e3067fb48bd184cb1a40aab55716e4e","tron","USDT",478364.330208,196150.0,"USDT",478364.330208,73,5,8,8,9,0.275,0.21666666666666667,0.41004311486751327,True,0.3659395956315035,0.1528124774827761,False,False,"",15.4,"",0,"[]","[]",0,False,False,"",""
"0x9ec9b9687e605ca7b4abd22d6a85e90a1ebc9587","tron","USDT",209477.23736900004,210293.444266,"USDT",209477.23736900004,56,2,8,7,20,0.034482758620689655,0.3793103448275862,1.0038963989942362,False,0.5521790348582573,0.18027073778650693,False,False,"",15.3,"",0,"[]","[]",0,False,False,"",""
"0x737b4e86541149e0f52563f76c4dbf64dab255ae","tron","USDT",34707.1,34000.0,"USDT",34707.1,52,1,7,8,17,0.008695652173913044,0.11304347826086956,0.9796266469973003,False,0.543235952438456,0.1788266384060811,False,False,"",15.3,"",0,"[]","[]",0,False,False,"",""
"0xc16b904ab6082eaa88476e1eebc821a651509efa","tron","USDT",218636.650932,200000.0,"USDT",218636.650932,85,1,2,7,24,0.224,0.112,0.914759712735463,False,0.521903085532301,0.17601566980306205,False,False,"",15.3,"",0,"[]","[]",0,False,False,"",""
"0x5b58caa43acef6b66954a51b803607a9164a0d30","tron","USDT",260946.05000000005,300000.0,"USDT",260946.05000000005,98,1,2,8,23,0.06532663316582915,0.035175879396984924,1.1496629284099145,False,0.49884374780076024,0.17273571102596658,False,False,"",15.3,"",0,"[]","[]",0,False,False,"",""
"0x6d4b76311891920ff10fb769de108b1cb48bcf6e","tron","USDT",56228.85657599999,50275.0,"USDT",56228.85657599999,72,2,2,7,20,0.046242774566473986,0.005780346820809248,0.89411386006129,False,0.47216656403377305,0.16869121462215042,False,False,"",15.3,"",0,"[]","[]",0,False,False,"",""
"0xee04e0cff52c53c720f42b0463e385c9123bf3c3","tron","USDT",270233.978828,256522.0,"USDT",270233.978828,108,1,7,8,19,0.2994011976047904,0.05389221556886228,0.9492588649011918,False,0.5444685367632953,0.17984579249708,False,False,"",15.2,"",0,"[]","[]",0,False,False,"",""
"0xfdbd3eaa4aa26cd0f64cb5aa3c6add5caf7e1b00","tron","USDT",27275.90999999999,27111.0,"USDT",27275.90999999999,85,1,3,8,24,0.27007299270072993,0.0072992700729927005,0.9939540055675506,False,0.4852094474604398,0.1712183982259216,False,False,"",15.2,"",0,"[]","[]",0,False,False,"",""
"0xcdf3f94ff8c036d0d4d218742e892097258260bf","tron","USDT",388066.819,334002.719,"USDT",388066.819,63,1,5,5,23,0.21994884910485935,0.13043478260869565,0.8606835283178383,False,0.44060376079579533,0.16442757620062043,False,False,"",15.2,"",0,"[]","[]",0,False,False,"",""
"0x07fe3416f6a2bc277003f07f310426fe755e4265","tron","USDT",52565.023362999986,36668.782651,"USDT",52565.023362999986,73,2,4,8,24,0.20257234726688103,0.0,0.6975890108100058,False,0.4242107649589532,0.1622132127544767,False,False,"",15.2,"",0,"[]","[]",0,False,False,"",""
"0x7616108c177f193b84ee6fd0e4d7f1ef7375ab1a","tron","USDT",101107.58899999998,101512.07899899999,"USDT",101107.58899999998,50,1,8,5,22,0.14545454545454545,0.2,1.0040005898963729,False,0.40715595553036243,0.15955872017010908,False,False,"",15.2,"",0,"[]","[]",0,False,False,"",""
"0x591e2cb0c85259dd2a0694527b4b69f32245dcd4","tron","USDT",55143.794404,55143.79,"USDT",55143.794404,54,1,1,3,23,0.27102803738317754,0.07476635514018691,0.9999999201360725,False,0.39576421531363315,0.1578124862985864,False,False,"",15.2,"",0,"[]","[]",0,False,False,"",""
"0x8e0a58f654d4c902ce379b643a9ad96df722e6a8","tron","USDT",63777.385282,56642.0,"USDT",63777.385282,54,1,1,8,24,0.24352331606217617,0.0051813471502590676,0.8881204481737536,False,0.33304766650610884,0.14909645721889297,False,False,"",15.2,"",0,"[]","[]",0,False,False,"",""
"0x6a309f4dbe4e989c3b2fa6b2fa5d3f59690ed999","tron","USDT",170193.58999999997,579943.58,"USDT",170193.58999999997,89,1,1,8,24,0.05405405405405406,0.011583011583011582,3.4075524230965457,False,0.30138951142985204,0.14423733551863505,False,False,"",15.2,"",0,"[]","[]",0,False,False,"",""
"0xeeaa7acd79077691f57b9b0cc20bd4bc55278976","tron","USDT",127948.24,673161.253,"USDT",127948.24,85,1,1,8,23,0.05761316872427984,0.01646090534979424,5.261199786726257,False,0.29753473778574635,0.14357921315376038,False,False,"",15.2,"",0,"[]","[]",0,False,False,"",""
"0xe042b9004a2c49aa58d57cb0bd4418ff4996974e","tron","USDT",66130.91,68784.91,"USDT",66130.91,68,2,10,8,23,0.2,0.25217391304347825,1.040132518968815,False,0.5690913805630278,0.1840659043070242,False,False,"",15.1,"",0,"[]","[]",0,False,False,"",""
"0x9b96e30f0bf7827291fc81b6dc21b937eb862bb9","tron","USDT",31200.453057,30333.573057,"USDT",31200.453057,65,2,7,8,24,0.19491525423728814,0.211864406779661,0.9722157880715291,False,0.5484099886317868,0.18091711674766825,False,False,"",15.1,"",0,"[]","[]",0,False,False,"",""
"0x99c1068014d3dd0d991bf4a1e94e756764865fae","tron","USDT",301713.82,311317.0,"USDT",301713.82,58,1,6,8,21,0.16129032258064516,0.8279569892473119,1.0318287707205458,False,0.5472424932785712,0.1806536790992755,False,False,"",15.1,"",0,"[]","[]",0,False,False,"",""
"0xe0e74f2efda29f000250d4cd68264df64483ff75","tron","USDT",45827.248013,45827.248013,"USDT",45827.248013,59,2,11,7,24,0.23809523809523808,0.29523809523809524,1.0,False,0.5460555804571942,0.18051191953836915,False,False,"",15.1,"",0,"[]","[]",0,False,False,"",""
"0x8726b7e37ad2922293021bec23a880ab972b59ff","tron","USDT",27533.01,24668.9,"USDT",27533.01,63,2,5,8,24,0.18421052631578946,0.21052631578947367,0.8959754127863246,False,0.5218217073891789,0.17711422951638628,False,False,"",15.1,"",0,"[]","[]",0,False,False,"",""
"0x9fa24d3adf29a84202148b213cd04e6337a200e8","tron","USDT",377001.212881,391142.0,"USDT",377001.212881,63,1,7,8,19,0.3153153153153153,0.2702702702702703,1.0375085984762162,False,0.5018438652442457,0.1743206436716211,False,False,"",15.1,"",0,"[]","[]",0,False,False,"",""
"0x73bc0f4873306b92ef48c51c3db87385cb2c5a37","tron","USDT",473261.777415,460000.0,"USDT",473261.777415,71,1,3,8,21,0.05263157894736842,0.12631578947368421,0.9719779241682329,False,0.49356636027067036,0.1726724928477238,False,False,"",15.1,"",0,"[]","[]",0,False,False,"",""
"0x7d7abef4ec2827a8dacd09cdbf91cc40a8e3635b","tron","USDT",54268.47000000001,54269.0,"USDT",54268.47000000001,56,1,1,4,22,0.16071428571428573,0.08928571428571429,1.0000097662602243,False,0.4169859445516306,0.16194701465244327,False,False,"",15.1,"",0,"[]","[]",0,False,False,"",""
"0xea73db99ec76979bfa94ca0b397f2d8ab60c12f2","tron","USDT",60047.589538,92000.0,"USDT",60047.589538,72,3,8,8,22,0.10273972602739725,0.04794520547945205,1.532118120108377,False,0.4155172096851825,0.16162978914661658,False,False,"",15.1,"",0,"[]","[]",0,False,False,"",""
"0x74e1a33322af4b9984c41e5ada631c3a2acfd5c0","tron","USDT",50887.530415,50887.53,"USDT",50887.530415,53,1,1,3,19,0.16842105263157894,0.06315789473684211,0.9999999918447604,False,0.38352756448280234,0.15671646496221792,False,False,"",15.1,"",0,"[]","[]",0,False,False,"",""
"0x930a25f752305dbc37b9fcc2a09e50ce300c4d96","tron","USDT",36195.61420299999,87636.0,"USDT",36195.61420299999,82,3,6,8,21,0.08333333333333333,0.023809523809523808,2.421177314701749,False,0.3449350067234424,0.15135507077924532,False,False,"",15.1,"",0,"[]","[]",0,False,False,"",""
"0x13afd6a571ff7afb0dfc6d07049bf881d2289cff","tron","USDT",74039.25769,60000.0,"USDT",74039.25769,50,1,1,8,24,0.15384615384615385,0.0,0.8103808961891282,False,0.27514206897337024,0.14132325060920325,False,False,"",15.1,"",0,"[]","[]",0,False,False,"",""
"0xfe959fac4470603895b8d1b1cec96354025f59a6","tron","USDT",416025.63476299995,24000.0,"USDT",416025.63476299995,54,1,1,7,9,0.7272727272727273,0.5757575757575758,0.05768875279445757,True,0.23092367615279563,0.13457367764078515,False,False,"",15.1,"",0,"[]","[]",0,False,False,"",""
"0x9b3bb4fd3eaba352de2977d880a8ae7f1cf80b0f","tron","USDT",125136.66871599996,117250.0,"USDT",125136.66871599996,81,2,5,2,2,1.0,0.0,0.9369755580284872,False,0.4997214226769659,0.1744844423219608,False,False,"",15.0,"",0,"[]","[]",0,False,False,"",""
"0x59de8551d18ab32b6316a73354ec332bc6b52a0a","tron","USDT",25783.799999999996,24814.449999999997,"USDT",25783.799999999996,54,2,5,8,24,0.1826086956521739,0.23478260869565218,0.9624046882150809,False,0.49086731146641377,0.1732650867338527,False,False,"",15.0,"",0,"[]","[]",0,False,False,"",""
"0xbcccf776a7268f28214df6f8c7087e4d0e484e86","tron","USDT",22646.06,24014.0,"USDT",22646.06,77,1,3,8,24,0.2706766917293233,0.015037593984962405,1.060405209559632,False,0.4624146999078853,0.1691178886154608,False,False,"",15.0,"",0,"[]","[]",0,False,False,"",""
"0xb35e92979a5545d26e700cbe629c5e0160006737","tron","USDT",67577.404,66588.83899999999,"USDT",67577.404,69,1,6,8,24,0.25980392156862747,0.0024509803921568627,0.9853713676245983,False,0.42650053977323876,0.16380622845979448,False,False,"",15.0,"",0,"[]","[]",0,False,False,"",""
"0xfc8c62a3ebbec70f604472b4022b0ea53b1387a0","tron","USDT",24390.5,23795.0,"USDT",24390.5,53,1,2,8,20,0.24705882352941178,0.08235294117647059,0.9755847563600583,False,0.3859506581299229,0.1575635452945613,False,False,"",15.0,"",0,"[]","[]",0,False,False,"",""
"0xcfeb499562db8d6d1cbe39bb791f9a0eac8974e7","tron","USDT",158023.16267999998,70000.0,"USDT",158023.16267999998,76,2,4,8,24,0.1751054852320675,0.14767932489451477,0.4429730351730232,True,0.3641212766894679,0.15484184221693653,False,False,"",15.0,"",0,"[]","[]",0,False,False,"",""
"0xf49892b43550e56ddcb9f7e83cfd14568fc29302","tron","USDT",40534.42600000001,42180.623998999996,"USDT",40534.42600000001,50,1,10,4,22,0.125,0.08928571428571429,1.0406123426787883,False,0.3618685668743723,0.1543179681028487,False,False,"",15.0,"",0,"[]","[]",0,False,False,"",""
"0xb148b529869ae27c021bcfc9a5bd743340bbb91b","tron","USDT",277513.30391899997,53799.0,"USDT",277513.30391899997,75,6,7,6,2,0.9904761904761905,0.18095238095238095,0.19386097617757,True,0.32059648927406176,0.14805369342934116,False,False,"",15.0,"",0,"[]","[]",0,False,False,"",""
"0xb1c2a3ae1f17f981ca25dbee6773c7504c8865ed","tron","USDT",94685.96099699999,94685.96100000001,"USDT",94685.96099699999,94,1,7,7,3,1.0,0.10471204188481675,1.000000000031684,False,0.5520842671384414,0.1826187273598719,False,False,"",14.9,"",0,"[]","[]",0,False,False,"",""
"0xef36cec735a67e7aa055fe26922fd22a06e7e219","tron","USDT",36649.93,38026.869999999995,"USDT",36649.93,62,2,8,7,23,0.2978723404255319,0.2872340425531915,1.0375700581147085,False,0.5514281667723968,0.18256499760264105,False,False,"",14.9,"",0,"[]","[]",0,False,False,"",""
"0x697e44f69342df04253eb6c1b66deb13cf8d9004","tron","USDT",419994.467852,460000.0,"USDT",419994.467852,83,1,7,8,21,0.11235955056179775,0.08426966292134831,1.0952525216643982,False,0.5035626736142294,0.17581729261244977,False,False,"",14.9,"",0,"[]","[]",0,False,False,"",""
"0x164c78ed23a6665868af9055afdd919d50632c61","tron","USDT",55404.137617999986,64000.0,"USDT",55404.137617999986,82,1,3,8,21,0.0975609756097561,0.024390243902439025,1.1551483833439786,False,0.4645776742948977,0.16965755272521976,False,False,"",14.9,"",0,"[]","[]",0,False,False,"",""
"0x8ed7d1ad9225f4cacd013f1564d386a2cfe41419","tron","USDT",38865.20129999999,80000.0,"USDT",38865.20129999999,58,2,2,8,17,0.043478260869565216,0.043478260869565216,2.058396645947644,False,0.40936799641416405,0.1616774891510407,False,False,"",14.9,"",0,"[]","[]",0,False,False,"",""
"0x2fd361fb40c2d554025cb2e7b7c6e5324f4fb294","tron","USDT",38679.43209899999,1220.0,"USDT",38679.43209899999,63,1,1,8,22,0.15625,0.0,0.03154131107399433,True,0.10113121156486611,0.11693235898187226,False,False,"",14.9,"",0,"[]","[]",0,False,False,"",""
"0x3d9c136dc657eeea8c21bf8bdb7bc4341833a273","tron","USDT",156482.27,156524.0,"USDT",156482.27,81,1,3,5,23,0.33223684210526316,0.023026315789473683,1.0002666755792846,False,0.4908251946914044,0.1740688534526838,False,False,"",14.8,"",0,"[]","[]",0,False,False,"",""
"0xc2bfb160e7935f2752465635c08459739a4960ea","tron","USDT",283791.184294,555000.0,"USDT",283791.184294,95,2,5,8,23,0.25595238095238093,0.375,1.9556632859498377,False,0.4901537614563794,0.17443743702854597,False,False,"",14.8,"",0,"[]","[]",0,False,False,"",""
"0x18ac98ff00e7ce431583b6ab1cfb799f9b6297d3","tron","USDT",471148.968,471148.0,"USDT",471148.968,74,2,6,4,15,0.33495145631067963,0.0,0.9999979454481157,False,0.48791980423978004,0.17412506644313291,False,False,"",14.8,"",0,"[]","[]",0,False,False,"",""
"0x5dd535bafc0a08be694d2512e8d7a5f4c89f7d80","tron","USDT",73674.76158800001,95284.510333,"USDT",73674.76158800001,98,1,5,4,24,0.14728682170542637,0.050387596899224806,1.2933127746764197,False,0.4775543881395704,0.1721791372556038,False,False,"",14.8,"",0,"[]","[]",0,False,False,"",""
"0xb4e5ed3f04d46ebd7ad3d4848301b25f37d3cb11","tron","USDT",15254.08,28814.08,"USDT",15254.08,79,2,6,6,23,0.1326530612244898,0.29591836734693877,1.8889424993182153,False,0.4502034320054739,0.16844904365570762,False,False,"",14.8,"",0,"[]","[]",0,False,False,"",""
"0xfe339b86fbd46fe74bc3b1c5e6f3dbd4cf1007f6","tron","USDT",90984.04699999998,80000.0,"USDT",90984.04699999998,77,1,2,8,24,0.20521172638436483,0.0,0.8792750227960295,False,0.4264152914260817,0.16467872526819372,False,False,"",14.8,"",0,"[]","[]",0,False,False,"",""
"0xda16a8a93fbffa2a1127afeb17b40c88807957d2","tron","USDT",39460.40000000001,40993.350000000006,"USDT",39460.40000000001,64,2,7,8,23,0.15306122448979592,0.2653061224489796,1.038847806915287,False,0.5556997348966378,0.18425175496982737,False,False,"",14.7,"",0,"[]","[]",0,False,False,"",""
"0xebac34d4906141d7d7f70338077fac805512818a","tron","USDT",111661.28966700005,114824.0,"USDT",111661.28966700005,92,1,8,8,23,0.1888111888111888,0.006993006993006993,1.028324142972304,False,0.4936852386399633,0.17528030517783794,False,False,"",14.7,"",0,"[]","[]",0,False,False,"",""
"0x7f5b40dbaf6d25cfb4b38295564b0f1dd27c4777","tron","USDT",104294.31846199998,100367.0,"USDT",104294.31846199998,65,1,2,8,22,0.15384615384615385,0.009615384615384616,0.9623438887188192,False,0.41561983108307354,0.16370083764908988,False,False,"",14.7,"",0,"[]","[]",0,False,False,"",""
"0xd531f9b10588723059ebb794cb2ac31020a2043a","tron","USDT",36512.44,34110.44,"USDT",36512.44,63,2,8,8,23,0.19801980198019803,0.2376237623762376,0.934214202063735,False,0.5369548977861223,0.18224839621330352,False,False,"",14.6,"",0,"[]","[]",0,False,False,"",""
"0xd618dfabaab6ad2c4bca89057c1b729385106c2b","tron","USDT",38741.299055,38643.299054999996,"USDT",38741.299055,59,2,9,8,23,0.22018348623853212,0.25688073394495414,0.9974703997441883,False,0.5355989656503168,0.18202156219591809,False,False,"",14.6,"",0,"[]","[]",0,False,False,"",""
"0x708625f5ffba2cf649d6ef7de517a59ee8598516","tron","USDT",365184.9497099998,339446.95972700004,"USDT",365184.9497099998,105,1,7,8,20,0.3896551724137931,0.0,0.9295206716392919,False,0.4925379308316683,0.1756510868813227,False,False,"",14.6,"",0,"[]","[]",0,False,False,"",""
"0x9b4fd9a5161cc4903b45d5d7cd0844dc2d587ff0","tron","USDT",21989.790000000005,23635.0,"USDT",21989.790000000005,75,1,3,8,24,0.2868217054263566,0.015503875968992248,1.0748169946143185,False,0.45137456611523585,0.16982781186960422,False,False,"",14.6,"",0,"[]","[]",0,False,False,"",""
"0x96f5508c73de382683331178e0914ca539750a72","tron","USDT",21238.56000000001,25609.0,"USDT",21238.56000000001,79,1,3,8,24,0.2867647058823529,0.014705882352941176,1.205778546191455,False,0.43943595369312993,0.1682198117397523,False,False,"",14.6,"",0,"[]","[]",0,False,False,"",""
"0xdb603868897aba141e77c15c879a1c0395f86e2c","tron","USDT",156727.715566,111300.0,"USDT",156727.715566,59,1,3,8,21,0.11475409836065574,0.19672131147540983,0.7101488055131524,False,0.41114674900043413,0.16352695891558383,False,False,"",14.6,"",0,"[]","[]",0,False,False,"",""
"0xa8513a56bd169d5d4a2b481e362eddefc9591171","tron","USDT",121879.22358500003,175000.0,"USDT",121879.22358500003,55,2,4,8,24,0.19365079365079366,0.15873015873015872,1.4358476765152093,False,0.39841988648091153,0.16180821852536525,False,False,"",14.6,"",0,"[]","[]",0,False,False,"",""
"0xbdcbb155323ff13ac0e2fd33ae2d50dbbf160ee6","tron","USDT",102917.59999999998,77153.0,"USDT",102917.59999999998,54,1,25,8,24,0.27956989247311825,0.0,0.7496579788102328,False,0.2941942582452379,0.1467985522006272,False,False,"",14.6,"",0,"[]","[]",0,False,False,"",""
"0x592b6654bc65a613cb361c996b6ea12346921b53","tron","USDT",121112.60045500002,60000.0,"USDT",121112.60045500002,60,1,1,8,24,0.18518518518518517,0.0,0.49540675185397653,True,0.17938166413144074,0.1302376101519681,False,False,"",14.6,"",0,"[]","[]",0,False,False,"",""
"0x649528550f8c36420f5c66c6ff810bf5b3401509","tron","USDT",32764.32,36808.72,"USDT",32764.32,67,2,8,5,24,0.23684210526315788,0.21929824561403508,1.1234391557645635,False,0.539095225772233,0.1829032730815806,False,False,"",14.5,"",0,"[]","[]",0,False,False,"",""
"0xcda3cd53bc346457afe371d53701a8b6172d1f71","tron","USDT",29798.756999999998,26701.797000000002,"USDT",29798.756999999998,61,2,6,8,24,0.19658119658119658,0.20512820512820512,0.8960708327531919,False,0.510859168791786,0.1791097491681875,False,False,"",14.5,"",0,"[]","[]",0,False,False,"",""
"0x530cf0c25bb39761d2148f3ae07d87f803f76a96","tron","USDT",28899.479999999996,28067.0,"USDT",28899.479999999996,79,1,3,8,24,0.288,0.04,0.9711939453581865,False,0.4877842843652276,0.1753802856661385,False,False,"",14.5,"",0,"[]","[]",0,False,False,"",""
"0xa34b2747dc408fe81b012a8af84b3fff938c358b","tron","USDT",562889.1372349999,306341.2,"USDT",562889.1372349999,96,1,4,8,23,0.19424460431654678,0.1366906474820144,0.5442300796650584,False,0.47599079405941236,0.17356811862895244,False,False,"",14.5,"",0,"[]","[]",0,False,False,"",""
"0x9b9869a60dbae0b6d785cb49967c99be99db5040","tron","USDT",543845.8183820001,485000.0,"USDT",543845.8183820001,62,1,7,8,24,0.20437956204379562,0.22627737226277372,0.8917968725822463,False,0.4703584780574622,0.1732777931251528,False,False,"",14.5,"",0,"[]","[]",0,False,False,"",""
"0x466b5a71c07bcd28ec915f3cb892d44c432396bd","tron","USDT",48483.76899999999,49720.24999899999,"USDT",48483.76899999999,55,1,10,5,24,0.24193548387096775,0.11290322580645161,1.0255029884124727,False,0.41498008362633554,0.16523030053714505,False,False,"",14.5,"",0,"[]","[]",0,False,False,"",""
"0xe91d79fd2a1996551f55a6ddad1134908218651b","tron","USDT",22629.309999999998,15151.0,"USDT",22629.309999999998,67,1,2,8,19,0.25225225225225223,0.036036036036036036,0.6695299149642654,False,0.38233717976560067,0.1604769887663503,False,False,"",14.5,"",0,"[]","[]",0,False,False,"",""
"0xdd501e029448738104b7f732459fdd5d2a634d24","tron","USDT",54336.77380699998,53980.233807000004,"USDT",54336.77380699998,63,2,11,8,24,0.19230769230769232,0.17692307692307693,0.993438329605906,False,0.5316773566428308,0.18283090674580915,False,False,"",14.4,"",0,"[]","[]",0,False,False,"",""
"0x6182e3e24aeea54605bdab7e700d2f8b58dca868","tron","USDT",429387.86087299994,309332.0,"USDT",429387.86087299994,82,2,6,4,4,0.4772727272727273,0.07575757575757576,0.720402294026405,False,0.511426940203757,0.1796198847114565,False,False,"",14.4,"",0,"[]","[]",0,False,False,"",""
"0x14fe59da22ed8d566fe2bddefa8a4503fb8d8ce1","tron","USDT",109723.0,140000.0,"USDT",109723.0,75,2,4,8,23,0.1780821917808219,0.08904109589041095,1.2759403224483472,False,0.4934672470298285,0.177142748390555,False,False,"",14.4,"",0,"[]","[]",0,False,False,"",""
"0xc287bdef86f29e8ec89073eb11517c64937148bf","tron","USDT",25874.720000000012,24861.0,"USDT",25874.720000000012,72,1,3,8,24,0.2748091603053435,0.03816793893129771,0.9608219915036758,False,0.458726478085585,0.17190717012770773,False,False,"",14.4,"",0,"[]","[]",0,False,False,"",""
"0xa4a872079a1912dba010c3f7ffc5ea5984577636","tron","USDT",19300.75,21874.22,"USDT",19300.75,77,1,5,4,24,0.19,0.01,1.1333352330867972,False,0.4427188789765446,0.1697982343746528,False,False,"",14.4,"",0,"[]","[]",0,False,False,"",""
"0x0a7fad35faac8f2cab984f480f86fadff86e876d","tron","USDT",79491.48999999998,79000.0,"USDT",79491.48999999998,74,1,2,8,24,0.24907063197026022,0.0,0.9938170740037711,False,0.43668362995091115,0.16880008953601072,False,False,"",14.4,"",0,"[]","[]",0,False,False,"",""
"0xcf305865bebcceaacee039090e63a789eac9b52b","tron","USDT",63386.069535,69670.0,"USDT",63386.069535,53,1,5,8,19,0.1320754716981132,0.1509433962264151,1.099137405286349,False,0.3971380052717307,0.16273419817093948,False,False,"",14.4,"",0,"[]","[]",0,False,False,"",""
"0xdb057ab0248600eac6af0623c75343e726662bf9","tron","USDT",58263.328977,58958.438977,"USDT",58263.328977,62,2,10,8,21,0.24742268041237114,0.16494845360824742,1.0119304889062277,False,0.5220424096145412,0.18175307571555283,False,False,"",14.3,"",0,"[]","[]",0,False,False,"",""
"0xd185a87109bcf316e0836554d8e6fae7f22e7e75","tron","USDT",37583.0114,39234.011399999996,"USDT",37583.0114,57,2,9,8,23,0.2897196261682243,0.27102803738317754,1.0439294228562002,False,0.5214247832907054,0.18151071188157392,False,False,"",14.3,"",0,"[]","[]",0,False,False,"",""
"0x356fc42c58ed0de9d62ca645b6eb731ef82d9bd0","tron","USDT",31626.702418,30240.202418,"USDT",31626.702418,60,2,5,7,24,0.20869565217391303,0.1826086956521739,0.9561604627104314,False,0.5119402951418174,0.18006441291950198,False,False,"",14.3,"",0,"[]","[]",0,False,False,"",""
"0xace8e8983468f04e092707d9e07179cef4ab351b","tron","USDT",81582.02,66700.0,"USDT",81582.02,101,1,8,8,21,0.23125,0.0625,0.8175821093912604,False,0.5108718678665981,0.18025791686772824,False,False,"",14.3,"",0,"[]","[]",0,False,False,"",""
"0xae33a6af57d28899b9c6c622c34161dbd4893db0","tron","USDT",33585.73,34543.0,"USDT",33585.73,83,1,4,8,24,0.2578125,0.046875,1.0285022835591187,False,0.5024797315445636,0.17892709441797522,False,False,"",14.3,"",0,"[]","[]",0,False,False,"",""
"0x01c27e8a4f00ed2b39cb28631cd8a3519632d0fa","tron","USDT",102621.867497,96018.278115,"USDT",102621.867497,54,2,8,8,24,0.09130434782608696,0.2826086956521739,0.9356512452651181,False,0.49977032076974254,0.17825247048726406,False,False,"",14.3,"",0,"[]","[]",0,False,False,"",""
"0x42bdaa4621216cf35a4c90cd66cd6ad3fcbab84c","tron","USDT",422459.34099999996,391967.0,"USDT",422459.34099999996,80,1,5,2,10,0.5735294117647058,0.0661764705882353,0.9278218326814084,False,0.4931618564511181,0.17767090440046507,False,False,"",14.3,"",0,"[]","[]",0,False,False,"",""
"0xaab7b847eac3991a845bfeee8e3a8b16437cace6","tron","USDT",178564.81277999998,165000.0,"USDT",178564.81277999998,59,1,4,8,24,0.25925925925925924,0.2839506172839506,0.9240342340194848,False,0.478800571590988,0.17515581039703448,False,False,"",14.3,"",0,"[]","[]",0,False,False,"",""
"0xbe2786408c8f1d7ce7e689dde59d32624297cac4","tron","USDT",49368.432811,61555.565674,"USDT",49368.432811,51,1,2,8,19,0.06382978723404255,0.648936170212766,1.2468608414137168,False,0.4506726546666068,0.17134132575549094,False,False,"",14.3,"",0,"[]","[]",0,False,False,"",""
"0xfa96639d581c3cbc0ddaa4f065edef4eb77f4967","tron","USDT",97574.26000000001,84075.259998,"USDT",97574.26000000001,50,2,17,8,23,0.10185185185185185,0.2222222222222222,0.8616540878506277,False,0.4364724580900718,0.1692451755713446,False,False,"",14.3,"",0,"[]","[]",0,False,False,"",""
"0xf6da102ec7b59dcd2a7106ea7754695fb8aa52b6","tron","USDT",32411.999973999995,25000.0,"USDT",32411.999973999995,57,1,2,8,20,0.04819277108433735,0.2289156626506024,0.7713192650886803,False,0.4227309081499637,0.16725616185076736,False,False,"",14.3,"",0,"[]","[]",0,False,False,"",""
"0x086810cecd4cc769a25a253e18a6cb48eccbfbac","tron","USDT",72066.29999999999,33802.0,"USDT",72066.29999999999,50,3,3,8,20,0.1839080459770115,0.04597701149425287,0.4690403142661689,True,0.19690084635838845,0.13447474265786014,False,False,"",14.3,"",0,"[]","[]",0,False,False,"",""
"0xfff4beb2c9c090db099b728da321aaaba0c0089d","tron","USDT",37861.442499000004,37923.442499,"USDT",37861.442499000004,60,2,9,7,24,0.2631578947368421,0.21052631578947367,1.0016375498636014,False,0.5277764792697719,0.18330261715601714,False,False,"",14.2,"",0,"[]","[]",0,False,False,"",""
"0xb5f59fcdf8f3593567c56d3a6368d53c81978a1f","tron","USDT",54828.02002,53937.0,"USDT",54828.02002,59,2,5,8,19,0.2857142857142857,0.1,0.9837488200435657,False,0.4837286972225186,0.17678278580546208,False,False,"",14.2,"",0,"[]","[]",0,False,False,"",""
"0x235e5426358ad509c68a6b909f161a5387bcbf6b","tron","USDT",65257.98712900001,80000.0,"USDT",65257.98712900001,65,1,2,8,19,0.22641509433962265,0.27358490566037735,1.2259035793098925,False,0.47613259655397844,0.17543490837817843,False,False,"",14.2,"",0,"[]","[]",0,False,False,"",""
"0xb75acd56bb179829d4402d239ff834a9c75c49d4","tron","USDT",27702.390000000003,32206.0,"USDT",27702.390000000003,82,1,4,8,24,0.25,0.03333333333333333,1.1625711716570302,False,0.46672377552964284,0.1745060508338963,False,False,"",14.2,"",0,"[]","[]",0,False,False,"",""
"0xc636e215c05e40fbfecf964e87e7a58f5855bf68","tron","USDT",84118.58998699998,84118.589987,"USDT",84118.58998699998,53,2,17,8,13,0.32857142857142857,0.06428571428571428,1.0000000000000002,False,0.43397579560735094,0.16973205957442333,False,False,"",14.2,"",0,"[]","[]",0,False,False,"",""
"0x91d1d712439afca5cdaf15db92a152eadd48f5da","tron","USDT",185859.18718,450000.0,"USDT",185859.18718,115,1,3,8,23,0.042735042735042736,0.19658119658119658,2.421187818733901,False,0.4134692962796952,0.16659582979748533,False,False,"",14.2,"",0,"[]","[]",0,False,False,"",""
"0xd67af977ed54293c33f38599db127dfa25ae7885","tron","USDT",35735.92,38117.50000000001,"USDT",35735.92,60,2,9,8,23,0.1834862385321101,0.22935779816513763,1.0666438698094245,False,0.5201091462532653,0.18263348824003922,False,False,"",14.1,"",0,"[]","[]",0,False,False,"",""
"0xc4a1c3a4945269008d4f6b8915f01262051299b0","tron","USDT",77771.73817,69000.0,"USDT",77771.73817,64,1,3,8,19,0.07207207207207207,0.34234234234234234,0.8872117509984669,False,0.5107233900921183,0.18116938785859055,False,False,"",14.1,"",0,"[]","[]",0,False,False,"",""
"0xde6cf822bf40c700303a51dfdbe0bfc1d25cacdb","tron","USDT",38872.1,38895.1,"USDT",38872.1,58,2,9,7,24,0.2,0.18,1.0005916840098683,False,0.5097651235297163,0.18094473689410384,False,False,"",14.1,"",0,"[]","[]",0,False,False,"",""
"0x2fc38a3914770009253069f0d77fd953bba8a8c9","tron","USDT",251100.0,282900.0,"USDT",251100.0,51,1,5,8,24,0.2251655629139073,1.0,1.1266427718040621,False,0.48825279929225796,0.17787690572667042,False,False,"",14.1,"",0,"[]","[]",0,False,False,"",""
"0xc3360f3121e8de8dafab873222292b95382ab2bc","tron","USDT",35439.15,36273.649999999994,"USDT",35439.15,50,2,8,8,23,0.14583333333333334,0.2916666666666667,1.0235474044947463,False,0.4783474442467253,0.17667187139844093,False,False,"",14.1,"",0,"[]","[]",0,False,False,"",""
"0x70eba6c7b06e349363a4e631b8c5bbb302cba7ff","tron","USDT",148506.655186,117660.0,"USDT",148506.655186,106,1,3,8,22,0.2830188679245283,0.0,0.7922877251031915,False,0.46677220212507575,0.17485123942480635,False,False,"",14.1,"",0,"[]","[]",0,False,False,"",""
"0xd2b80bb918bc81ae6216963d64133556246d8adb","tron","USDT",322651.84653900005,400000.0,"USDT",322651.84653900005,58,1,2,8,19,0.16030534351145037,0.33587786259541985,1.2397263623025652,False,0.45393729141218975,0.17275226669692711,False,False,"",14.1,"",0,"[]","[]",0,False,False,"",""
"0x197c72ba242f7046c1bb6d326630ed4c31df189c","tron","USDT",22048.609999999993,25017.0,"USDT",22048.609999999993,74,1,3,8,24,0.288,0.032,1.134629348516755,False,0.444387442712606,0.17145021823066592,False,False,"",14.1,"",0,"[]","[]",0,False,False,"",""
"0x9b754649b5577f3c5007ac81ce9c665349445309","tron","USDT",23389.267199999995,26253.0,"USDT",23389.267199999995,75,1,3,8,24,0.2857142857142857,0.015037593984962405,1.1224379017740242,False,0.441402155189794,0.17102417057089908,False,False,"",14.1,"",0,"[]","[]",0,False,False,"",""
"0xd9d2912cad3f9aa0756875645322df93ee8c5e40","tron","USDT",311608.346248,450000.0,"USDT",311608.346248,54,2,8,8,19,0.24050632911392406,0.26582278481012656,1.4441204974717146,False,0.41915438548996903,0.16786866751729929,False,False,"",14.1,"",0,"[]","[]",0,False,False,"",""
"0x91ea0e9f78d6f6ee372f4a0eb8c3326486db42f4","tron","USDT",75266.445545,75414.475544,"USDT",75266.445545,55,1,12,5,21,0.1875,0.109375,1.0019667462430055,False,0.4180737058836266,0.16769957888981718,False,False,"",14.1,"",0,"[]","[]",0,False,False,"",""
"0x45f9a12cc0b6a33751237817e5c1896438fd106f","tron","USDT",76764.52,127786.0,"USDT",76764.52,51,2,5,8,18,0.043478260869565216,0.014492753623188406,1.6646492416027612,False,0.4131033206619668,0.16704603522536254,False,False,"",14.1,"",0,"[]","[]",0,False,False,"",""
"0xc6821b38dd871b15a70d5f95d30099eeb8281bb0","tron","USDT",33918.040594,141123.0,"USDT",33918.040594,82,1,2,7,15,0.3584905660377358,0.3490566037735849,4.160706147187177,False,0.40031376064545043,0.16525144150777632,False,False,"",14.1,"",0,"[]","[]",0,False,False,"",""
"0x8391467322c484e35411172e4234d5d766a4702a","tron","USDT",20190.112,71500.0,"USDT",20190.112,55,1,2,8,17,0.3287671232876712,0.5616438356164384,3.5413374626153633,False,0.32729717615419096,0.15474937763531937,False,False,"",14.1,"",0,"[]","[]",0,False,False,"",""
"0x263db03ed146f7da48978e96024b0716eb045519","tron","USDT",59436.56,59869.079999999994,"USDT",59436.56,60,2,9,6,24,0.1935483870967742,0.1935483870967742,1.0072770025721542,False,0.5218077101982541,0.1833907597610911,False,False,"",14.0,"",0,"[]","[]",0,False,False,"",""
"0xbf6e06933b5634b03a5c9f55c9ab77ed5953f200","tron","USDT",40832.1,37399.05,"USDT",40832.1,59,2,9,8,24,0.225,0.25,0.9159227666468295,False,0.5174965210568424,0.1827099809319248,False,False,"",14.0,"",0,"[]","[]",0,False,False,"",""
"0x4124b447074bf829223ad94ad259f9bb3dbc1a97","tron","USDT",181446.78,193149.0,"USDT",181446.78,52,2,5,8,19,0.10317460317460317,0.2857142857142857,1.064493952441592,False,0.4862719849487053,0.17830355762735461,False,False,"",14.0,"",0,"[]","[]",0,False,False,"",""
"0xa9b3cd634af331a547e840f38b115859d7a62181","tron","USDT",24919.480000000003,23806.0,"USDT",24919.480000000003,76,1,3,8,23,0.25,0.0,0.9553168846219904,False,0.4373878950776926,0.17119742479072203,False,False,"",14.0,"",0,"[]","[]",0,False,False,"",""
"0xb0db1158875cfcc15c17f592713115246df54614","tron","USDT",23749.260000000002,25340.0,"USDT",23749.260000000002,72,1,3,8,24,0.26717557251908397,0.007633587786259542,1.0669806132906876,False,0.43200952503348056,0.17058991224135872,False,False,"",14.0,"",0,"[]","[]",0,False,False,"",""
"0x4f723c66eb7e11990bd1112bbc1c343769205988","tron","USDT",91783.344756,87389.52931400003,"USDT",91783.344756,70,2,9,8,20,0.18461538461538463,0.16923076923076924,0.9521284013599565,False,0.5500626143822558,0.18815963019765575,False,False,"",13.9,"",0,"[]","[]",0,False,False,"",""
"0x04b39e542c1a725c7027caafb408ee7618b1782e","tron","USDT",34328.26,31547.809999999998,"USDT",34328.26,61,2,5,8,24,0.1875,0.17857142857142858,0.9190040508898498,False,0.5079155569283061,0.18175678546363155,False,False,"",13.9,"",0,"[]","[]",0,False,False,"",""
"0xde117e81ded08837a6911f71121d33a705f1bb25","tron","USDT",116481.79999999999,160888.0,"USDT",116481.79999999999,90,2,3,8,20,0.2857142857142857,0.0,1.3812286554637723,False,0.45618367276201915,0.17467736716834342,False,False,"",13.9,"",0,"[]","[]",0,False,False,"",""
"0x518960b7f5b82542b6b6bb184dcf1d4803724af2","tron","USDT",26092.610000000004,26364.0,"USDT",26092.610000000004,69,1,3,8,24,0.2975206611570248,0.01652892561983471,1.0104010292569428,False,0.44334785331490456,0.17251760738094474,False,False,"",13.9,"",0,"[]","[]",0,False,False,"",""
"0xcb5597aed9908a5a88e4ebdbc45cdda596e8ae4b","tron","USDT",30081.576517999994,50000.0,"USDT",30081.576517999994,103,1,5,8,24,0.3333333333333333,0.06140350877192982,1.662146928040203,False,0.4175257914426094,0.1688306994237374,False,False,"",13.9,"",0,"[]","[]",0,False,False,"",""
"0xa10e471610533154c6e881bd81ab3c16fa2b7d4f","tron","USDT",181159.75617599997,80000.0,"USDT",181159.75617599997,77,1,1,7,22,0.13194444444444445,0.3263888888888889,0.44159918123470293,True,0.36792539429265997,0.16182179707412825,False,False,"",13.9,"",0,"[]","[]",0,False,False,"",""
"0xd723abb38f9252fd0f5babe62a329480579f9753","tron","USDT",131810.0,129500.0,"USDT",131810.0,56,1,9,8,23,0.22580645161290322,0.3870967741935484,0.9824747742963357,False,0.5015599481358247,0.1817464018158304,False,False,"",13.8,"",0,"[]","[]",0,False,False,"",""
"0xa63b2704df4482db73c5274742a9ad5c1987c921","tron","USDT",39234.63,40264.0,"USDT",39234.63,83,1,4,8,24,0.2903225806451613,0.03225806451612903,1.026236261180493,False,0.4959853788710282,0.18084971498987773,False,False,"",13.8,"",0,"[]","[]",0,False,False,"",""
"0xd0071646768280d04b359240a21c5c7d1fac5c23","tron","USDT",468249.7822460001,457158.0,"USDT",468249.7822460001,81,1,7,8,13,0.3858267716535433,0.023622047244094488,0.9763122532747428,False,0.4869477935505111,0.17973928039574744,False,False,"",13.8,"",0,"[]","[]",0,False,False,"",""
"0xfdb2c133319a30bf40584f0ddc086d6e63ee6bf9","tron","USDT",39787.255815000004,39697.255815,"USDT",39787.255815000004,53,2,9,7,24,0.24489795918367346,0.20408163265306123,0.9977379691522712,False,0.4822011124319782,0.17868844838234593,False,False,"",13.8,"",0,"[]","[]",0,False,False,"",""
"0x2252441f3bf222e1afef3ba85e2e88cbdab2e32a","tron","USDT",30661.79,30949.197999000004,"USDT",30661.79,50,1,8,5,23,0.19696969696969696,0.07575757575757576,1.0093734905561613,False,0.3631858128703903,0.1615468298313077,False,False,"",13.8,"",0,"[]","[]",0,False,False,"",""
"0xe937644ddb489b6115f78bcfeebce4455706c3df","tron","USDT",47883.59999999999,20000.0,"USDT",47883.59999999999,57,1,1,8,17,0.13821138211382114,0.024390243902439025,0.4176795395500757,True,0.32930013919643375,0.15632129871648742,False,False,"",13.8,"",0,"[]","[]",0,False,False,"",""
"0x8184ac835394ef6115d83b646bb4a4b431f2e4fd","tron","USDT",109282.48999999996,105672.0,"USDT",109282.48999999996,93,1,10,8,24,0.23148148148148148,0.0,0.9669618618682648,False,0.48059542033420877,0.1793879057115299,False,False,"",13.7,"",0,"[]","[]",0,False,False,"",""
"0xa5352848b2d0a404cd03ef88ff2f7314bbef2909","tron","USDT",198297.55659999992,219499.44660000002,"USDT",198297.55659999992,89,1,7,7,24,0.21951219512195122,0.003484320557491289,1.1069195726035492,False,0.46853092187552503,0.17726218287892198,False,False,"",13.7,"",0,"[]","[]",0,False,False,"",""
"0xf89d7a738704eaff5715f21cf18e29bcd2a907fb","tron","USDT",192303.503863,151906.0,"USDT",192303.503863,55,1,3,8,24,0.1867704280155642,0.3229571984435798,0.7899284045714539,False,0.4384876979470115,0.17323813905891527,False,False,"",13.7,"",0,"[]","[]",0,False,False,"",""
"0xd81540a78df25df4be92b31c80a340b9faa26f1d","tron","USDT",18890.302888,27823.314023,"USDT",18890.302888,63,1,2,6,19,0.12345679012345678,0.012345679012345678,1.4728887190408506,False,0.32207398187537983,0.15621786097712836,False,False,"",13.7,"",0,"[]","[]",0,False,False,"",""
"0x911f6bf290af0f9980a967ed7eca6f443fe7bdaa","tron","USDT",15901.336999999996,35112.0,"USDT",15901.336999999996,74,1,1,8,23,0.31851851851851853,0.0,2.2081162106054357,False,0.2379202151501569,0.1439466096159545,False,False,"",13.7,"",0,"[]","[]",0,False,False,"",""
"0x301792b6a64d97b160b269ce4b5c6b6ad03b31d7","tron","USDT",192989.813333,200000.0,"USDT",192989.813333,87,1,3,8,16,0.27692307692307694,0.007692307692307693,1.0363241279212188,False,0.48433087141261866,0.18049684680526595,False,False,"",13.6,"",0,"[]","[]",0,False,False,"",""
"0x2df7775eab67c704619d9d1c8e5a2beb005b7d19","tron","USDT",365400.19784300006,375018.76999999996,"USDT",365400.19784300006,92,1,6,8,19,0.24087591240875914,0.0,1.026323390665302,False,0.48059368134699343,0.17965717356287525,False,False,"",13.6,"",0,"[]","[]",0,False,False,"",""
"0xb19cf15a9fb98b4823bc49215bb82a59d834a6a1","tron","USDT",32236.37000000001,35065.0,"USDT",32236.37000000001,80,1,4,8,24,0.2992125984251969,0.031496062992125984,1.0877465421820134,False,0.4750773163955112,0.1792661598338483,False,False,"",13.6,"",0,"[]","[]",0,False,False,"",""
"0x585dda1d98eb3658b17ab0d06ed4b9fc36113130","tron","USDT",29003.899609000004,30572.899609,"USDT",29003.899609000004,54,2,7,6,24,0.18085106382978725,0.18085106382978725,1.054096174002517,False,0.47317897228152256,0.17844403525605412,False,False,"",13.6,"",0,"[]","[]",0,False,False,"",""
"0xb017ca57d63f290333ee7f8215f264e86bcc07cb","tron","USDT",86483.89853999998,95705.0,"USDT",86483.89853999998,86,1,7,8,22,0.2898550724637681,0.0,1.1066221761006199,False,0.45357471314383835,0.1759842045123058,False,False,"",13.6,"",0,"[]","[]",0,False,False,"",""
"0x3331feb5e5d3be39200c455736d810ce3d1d0c86","tron","USDT",232489.70999999996,406473.13,"USDT",232489.70999999996,75,1,2,2,24,0.22302158273381295,0.3381294964028777,1.7483489054203736,False,0.42401914764743576,0.17124591964095126,False,False,"",13.6,"",0,"[]","[]",0,False,False,"",""
"0x0f850695d0c8cf794c676a27831e853f69565f39","tron","USDT",105862.188,110602.79799999998,"USDT",105862.188,51,2,15,8,23,0.2604166666666667,0.03125,1.0447809561616088,False,0.39617603646826094,0.1672518456797703,False,False,"",13.6,"",0,"[]","[]",0,False,False,"",""
"0x77ce8b356234f11631552e1072f6c5f86a803c70","tron","USDT",143430.41772300002,20082.0,"USDT",143430.41772300002,108,2,2,8,24,0.18023255813953487,0.08139534883720931,0.1400121419069096,True,0.34306293936300447,0.15954900919703385,False,False,"",13.6,"",0,"[]","[]",0,False,False,"",""
"0xbb795f3806927be3393605464fec3b480c1f407b","tron","USDT",63032.84046500001,41206.0,"USDT",63032.84046500001,52,1,1,8,24,0.19696969696969696,0.0,0.6537227212992296,False,0.26095521212179124,0.14758237033689947,False,False,"",13.6,"",0,"[]","[]",0,False,False,"",""
"0x793a7927915704e01ae6effe6e6133525ccd6aec","tron","USDT",57829.15,55234.32,"USDT",57829.15,88,2,5,8,23,0.15217391304347827,0.0,0.9551293767935375,False,0.5195556826200254,0.18613526830514315,False,False,"",13.5,"",0,"[]","[]",0,False,False,"",""
"0x86fa4eea36f30fdddcb0b966e4cf98dc69009433","tron","USDT",130560.893157,161000.0,"USDT",130560.893157,65,1,7,8,19,0.1103448275862069,0.4206896551724138,1.2331410739232371,False,0.5124708439334162,0.18478709228302914,False,False,"",13.5,"",0,"[]","[]",0,False,False,"",""
"0x4c3fa0b2447f39b705fd452d1f38a3a37389214b","tron","USDT",273832.09281,220000.0,"USDT",273832.09281,67,1,5,8,21,0.08791208791208792,0.27472527472527475,0.8034120388973117,False,0.49078101826803244,0.18205217895166337,False,False,"",13.5,"",0,"[]","[]",0,False,False,"",""
"0xb737f61a9203d8f6bad338475395a04f3fb5b55c","tron","USDT",264131.8429829999,200000.0,"USDT",264131.8429829999,58,1,7,8,24,0.20833333333333334,0.4513888888888889,0.7571976091230788,False,0.4829948781670631,0.18063303988228846,False,False,"",13.5,"",0,"[]","[]",0,False,False,"",""
"0x7758d02417087459d67b97220aac97a5ab2eafb7","tron","USDT",205763.839,205347.0,"USDT",205763.839,54,1,3,1,7,0.45054945054945056,0.14285714285714285,0.9979741872914802,False,0.421535671165154,0.17154061334410375,False,False,"",13.5,"",0,"[]","[]",0,False,False,"",""
"0x23b6162110e9c1c8afe1407cedf653cec10db30c","tron","USDT",34310.96,25600.0,"USDT",34310.96,50,1,3,8,17,0.1,0.0,0.7461172756460327,False,0.4122893448647511,0.17037459555221446,False,False,"",13.5,"",0,"[]","[]",0,False,False,"",""
"0xf8bdc59adbb1a2335d47baa97577fc917f25d1fb","tron","USDT",320800.645913,486493.02999400004,"USDT",320800.645913,59,1,5,4,23,0.21014492753623187,0.3007246376811594,1.5164964166747197,False,0.39454921509625285,0.1677965604623431,False,False,"",13.5,"",0,"[]","[]",0,False,False,"",""
"0xe1ba1776f176b7101660414691c6086389fe45d7","tron","USDT",816283.3600000001,820915.43,"USDT",816283.3600000001,55,1,11,8,22,0.0427807486631016,0.0053475935828877,1.0056745858447977,False,0.36345495284448737,0.16297846979114178,False,False,"",13.5,"",0,"[]","[]",0,False,False,"",""
"0x5ff9a6ff98b8722b1d2644bd5935c505bc3115e7","tron","USDT",18102.828,13281.8564,"USDT",18102.828,51,2,6,7,22,0.058394160583941604,0.0,0.7336895870634135,False,0.3191493920877163,0.1570342719347701,False,False,"",13.5,"",0,"[]","[]",0,False,False,"",""
"0x0b2abb2f3804fa0a4afffd2b228ec319ab36ec10","tron","USDT",220420.28417600002,220400.0,"USDT",220420.28417600002,53,1,7,7,20,0.06629834254143646,0.4861878453038674,0.9999079750029547,False,0.5036346653726215,0.1844856223877534,False,False,"",13.4,"",0,"[]","[]",0,False,False,"",""
"0x13e0cb10149b73b9568fc1e75eb44424f8d745a7","tron","USDT",220400.609398,242540.63759499998,"USDT",220400.609398,64,1,7,8,24,0.21311475409836064,0.30327868852459017,1.1004535706932619,False,0.5031948080487075,0.18399856698563638,False,False,"",13.4,"",0,"[]","[]",0,False,False,"",""
"0x09a82fdfa87cd21222f1a30766816302106f48ab","tron","USDT",34408.942105,35237.942104999995,"USDT",34408.942105,55,2,8,6,24,0.23655913978494625,0.15053763440860216,1.0240925744671334,False,0.4785297594230233,0.1804729209448545,False,False,"",13.4,"",0,"[]","[]",0,False,False,"",""
"0xcd96e89387b1acaf7dec76e2d083a554bbdba060","tron","USDT",37514.218807,39245.218807,"USDT",37514.218807,51,2,9,8,23,0.34408602150537637,0.1935483870967742,1.0461425042303427,False,0.45614577078100454,0.17733797261148448,False,False,"",13.4,"",0,"[]","[]",0,False,False,"",""
"0xd122acc7a7c57375f9580c773a370480c3df58b7","tron","USDT",179085.04000000007,175960.47,"USDT",179085.04000000007,75,1,6,8,23,0.22123893805309736,0.008849557522123894,0.9825525906574883,False,0.45495964408398537,0.1771527301055995,False,False,"",13.4,"",0,"[]","[]",0,False,False,"",""
"0x661b7ff65b67bef2210107f7903e113b1f9c7fb1","tron","USDT",23892.54,23918.18,"USDT",23892.54,57,2,5,8,24,0.19047619047619047,0.0,1.0010731383101168,False,0.41529411281309986,0.17126662331374914,False,False,"",13.4,"",0,"[]","[]",0,False,False,"",""
"0xcb2fda6898875a921a9fb3ff6c9fc932bcb6ec5b","tron","USDT",57727.991203,35636.0,"USDT",57727.991203,84,2,5,8,21,0.16778523489932887,0.040268456375838924,0.6173088523847349,False,0.48063344237295774,0.1817967846279554,False,False,"",13.3,"",0,"[]","[]",0,False,False,"",""
"0xdfac8c429a15ad87d85b7d2ba960f3cf75e08019","tron","USDT",31234.429999999997,27048.0,"USDT",31234.429999999997,79,1,3,8,24,0.25806451612903225,0.008064516129032258,0.8659674596270847,False,0.4454032633283752,0.17637053179291962,False,False,"",13.3,"",0,"[]","[]",0,False,False,"",""
"0xd8c44c299131d814acc0dd88c3ad1e91a8761cc3","tron","USDT",345824.89092200005,183831.86826199997,"USDT",345824.89092200005,58,1,3,5,24,0.21153846153846154,0.2653846153846154,0.5315750054077594,False,0.390358031112928,0.1683997960597774,False,False,"",13.3,"",0,"[]","[]",0,False,False,"",""
"0xcdb6ccf067aa38edd8bfa9517a98d2b4297d24e5","tron","USDT",81199.0,81746.0,"USDT",81199.0,54,1,7,8,24,0.27586206896551724,0.4224137931034483,1.0067365361642384,False,0.4975097075587256,0.18448597025664892,False,False,"",13.2,"",0,"[]","[]",0,False,False,"",""
"0x30229c179d2dfceaa90a5f339a5ae203cae80590","tron","USDT",95690.00399999999,92757.33499999999,"USDT",95690.00399999999,65,2,12,8,24,0.30327868852459017,0.040983606557377046,0.969352399650856,False,0.4866091621354603,0.18285236228717838,False,False,"",13.2,"",0,"[]","[]",0,False,False,"",""
"0x10acf3dbb32161cab43fd2d88ad75ca4fc3735f1","tron","USDT",214244.98819800006,205000.0,"USDT",214244.98819800006,60,1,7,8,24,0.263681592039801,0.2537313432835821,0.9568485205849666,False,0.4819792962281543,0.18248968633631446,False,False,"",13.2,"",0,"[]","[]",0,False,False,"",""
"0x7722f46438fe2fe78f1b49c916235d2c905c1595","tron","USDT",42523.734000000004,44001.034,"USDT",42523.734000000004,67,1,13,8,23,0.2988505747126437,0.0,1.0347405992145469,False,0.4068349370822363,0.17108502939960196,False,False,"",13.2,"",0,"[]","[]",0,False,False,"",""
"0xd2b6345fc1d272a571974c3d564ad96ca5da6686","tron","USDT",45048.34016300001,29000.0,"USDT",45048.34016300001,71,2,4,8,20,0.09722222222222222,0.0,0.6437529084327696,False,0.4057115857206193,0.17091874924869033,False,False,"",13.2,"",0,"[]","[]",0,False,False,"",""
"0xdf081a2b6b9f2cdbd251e60d18041b104e4de54b","tron","USDT",117596.004618,100375.0,"USDT",117596.004618,63,1,2,7,24,0.13636363636363635,0.024793388429752067,0.8535579106285041,False,0.3961037829325139,0.16999506324678082,False,False,"",13.2,"",0,"[]","[]",0,False,False,"",""
"0x93524a58bfce48693cf0815333b0ff5dffd16081","tron","USDT",36471.320000000014,37182.0,"USDT",36471.320000000014,79,1,4,8,24,0.24806201550387597,0.007751937984496124,1.0194859961196903,False,0.4678643426855196,0.18097687211144114,False,False,"",13.1,"",0,"[]","[]",0,False,False,"",""
"0xa09b611c14174a5ac23a0e563a186cf79e137078","tron","USDT",37966.05999999998,37144.0,"USDT",37966.05999999998,74,1,4,8,24,0.2578125,0.03125,0.9783475030066332,False,0.46631046877703264,0.18069566388611485,False,False,"",13.1,"",0,"[]","[]",0,False,False,"",""
"0x7c4e014b4846b18296dd41c444ccb373389030f8","tron","USDT",66558.57005899999,75168.0,"USDT",66558.57005899999,72,1,6,8,22,0.17509727626459143,0.0038910505836575876,1.1293511854802212,False,0.4151427615592673,0.1729566816219052,False,False,"",13.1,"",0,"[]","[]",0,False,False,"",""
"0x60380060108366a683aa0194479a0486575629a6","tron","USDT",35716.52,60000.0,"USDT",35716.52,50,1,2,8,15,0.0,0.11504424778761062,1.6798949057746948,False,0.395352260440758,0.1704659125539355,False,False,"",13.1,"",0,"[]","[]",0,False,False,"",""
"0x68aa38e3ef5dd01bb2684d801ff70317c5959fee","tron","USDT",373605.951,373540.0,"USDT",373605.951,53,1,16,8,23,0.23484848484848486,0.0,0.9998234744392495,False,0.3365626330321798,0.16179458706376548,False,False,"",13.1,"",0,"[]","[]",0,False,False,"",""
"0x09839478157d7dc28ff147437da7bcf654ff3955","tron","USDT",95523.176635,42945.67,"USDT",95523.176635,58,1,1,4,5,0.4307692307692308,0.07692307692307693,0.44958377131968796,True,0.2131350420272724,0.1438945510160714,False,False,"",13.1,"",0,"[]","[]",0,False,False,"",""
"0xce079802da547075120dd02d9b6f1e7cd20d69e0","tron","USDT",39636.500000000015,36685.5,"USDT",39636.500000000015,59,2,6,8,24,0.29523809523809524,0.1523809523809524,0.9255484212783668,False,0.4913624856900078,0.18507891060625542,False,False,"",13.0,"",0,"[]","[]",0,False,False,"",""
"0x15b16c076ae5ac9d661c14bdd64be5a47135c366","tron","USDT",40772.06000000001,41953.0,"USDT",40772.06000000001,77,1,4,8,24,0.2857142857142857,0.03968253968253968,1.0289644428071574,False,0.481208456127049,0.1834682964374545,False,False,"",13.0,"",0,"[]","[]",0,False,False,"",""
"0xaf46b7851224cb562b77eded56d55e71147fccb7","tron","USDT",91057.47057100001,64189.0,"USDT",91057.47057100001,56,1,4,8,16,0.2736842105263158,0.5157894736842106,0.7049284325326176,False,0.47159976091261946,0.18212671188965301,False,False,"",13.0,"",0,"[]","[]",0,False,False,"",""
"0x5f690d1970f7bf50f6ad57b9e88d9008a9e9255b","tron","USDT",34007.38999999999,35100.0,"USDT",34007.38999999999,75,1,4,8,24,0.2711864406779661,0.03389830508474576,1.0321286049885041,False,0.46968364699871334,0.1814636402950116,False,False,"",13.0,"",0,"[]","[]",0,False,False,"",""
"0x8ea74ed634c4b58ae04effe80777ed1f701ec505","tron","USDT",146757.45124799997,135068.0,"USDT",146757.45124799997,71,1,9,8,24,0.2540322580645161,0.004032258064516129,0.9203484991828701,False,0.42129515927180483,0.17487577682591177,False,False,"",13.0,"",0,"[]","[]",0,False,False,"",""
"0xb0facb9ae781b4c5f71f75ecfe7099e953c83eb8","tron","USDT",99269.72593000002,104821.0,"USDT",99269.72593000002,51,1,2,5,24,0.20863309352517986,0.04316546762589928,1.0559211181253232,False,0.3496405186429766,0.16405478417166325,False,False,"",13.0,"",0,"[]","[]",0,False,False,"",""
"0x5081a8ea2f01e42ceab64ddbe5bcf37bfd711dc1","tron","USDT",35646.47000000001,32528.0,"USDT",35646.47000000001,76,1,3,8,24,0.2727272727272727,0.024793388429752067,0.912516723254785,False,0.4593971142609973,0.18072331932319302,False,False,"",12.9,"",0,"[]","[]",0,False,False,"",""
"0x234a22eab5dfe457667f9f435ea808cac6320d61","tron","USDT",121482.53499999999,120340.28499999999,"USDT",121482.53499999999,51,2,13,8,21,0.29591836734693877,0.01020408163265306,0.9905974138587081,False,0.3898048256673042,0.17057733017712573,False,False,"",12.9,"",0,"[]","[]",0,False,False,"",""
"0xbba53eefaa334cd7eacb90c0e03cb3a2373583b4","tron","USDT",37035.78,38886.06,"USDT",37035.78,50,1,12,8,18,0.3333333333333333,0.0,1.0499592556171355,False,0.3030740386121175,0.15803317115354687,False,False,"",12.9,"",0,"[]","[]",0,False,False,"",""
"0x117176730222abd0341d2f5387cc7744a70bff53","tron","USDT",165351.35000000003,149390.0,"USDT",165351.35000000003,72,1,5,8,24,0.2553191489361702,0.031914893617021274,0.903470095647843,False,0.44492530554821497,0.17904993115006657,False,False,"",12.8,"",0,"[]","[]",0,False,False,"",""
"0x7e21cb81222bcef71d507fb79bb31ad3178fdd38","tron","USDT",94527.67623000004,94268.94622999999,"USDT",94527.67623000004,56,2,13,8,23,0.28431372549019607,0.029411764705882353,0.9972629180117522,False,0.44174303631413886,0.17851842594987893,False,False,"",12.8,"",0,"[]","[]",0,False,False,"",""
"0xe15f4770d91a3277fc7fc15bc7d67552a82ba97e","tron","USDT",103511.92400000003,99689.914,"USDT",103511.92400000003,55,2,12,8,22,0.22916666666666666,0.041666666666666664,0.9630766210084162,False,0.4335162654836196,0.1777968671666218,False,False,"",12.8,"",0,"[]","[]",0,False,False,"",""
"0x5d5f0a4d843b4ec9b55185d7b4830f1ef06be0fa","tron","USDT",30131.260000000002,33962.0,"USDT",30131.260000000002,70,1,4,8,24,0.29508196721311475,0.03278688524590164,1.1271350750018418,False,0.432125651965118,0.17708706899015886,False,False,"",12.8,"",0,"[]","[]",0,False,False,"",""
"0xd7891d54b96bbf5c4bcafb81af489f138f63bb2a","tron","USDT",100990.80351799999,100253.373518,"USDT",100990.80351799999,60,2,13,8,24,0.29591836734693877,0.0,0.9926980479973252,False,0.4288399233601105,0.176629105394859,False,False,"",12.8,"",0,"[]","[]",0,False,False,"",""
"0xbc7721d8312cf2f9efcb7bd7e2d44d5761718966","tron","USDT",30404.659999999996,26932.0,"USDT",30404.659999999996,72,1,3,8,24,0.2900763358778626,0.007633587786259542,0.885785271073579,False,0.42256270190633394,0.1761740234751386,False,False,"",12.8,"",0,"[]","[]",0,False,False,"",""
"0xba61f4e4e215af69856e178fc76852be70b00d4c","tron","USDT",99250.61900000002,99635.08899999998,"USDT",99250.61900000002,54,2,13,8,23,0.32038834951456313,0.019417475728155338,1.003873728989035,False,0.4204265092447748,0.1759315247679638,False,False,"",12.8,"",0,"[]","[]",0,False,False,"",""
"0x4bec15689617d8dfea947a10d401d0d674cfa683","tron","USDT",192235.04000000004,173105.41000000003,"USDT",192235.04000000004,64,1,7,8,24,0.1837837837837838,0.01891891891891892,0.9004883292868979,False,0.407058669891445,0.1738769194334775,False,False,"",12.8,"",0,"[]","[]",0,False,False,"",""
"0x17bad9fe63b14f17a11ed41e498f51fc8f094282","tron","USDT",130887.44899999996,131896.779,"USDT",130887.44899999996,51,2,13,8,23,0.22935779816513763,0.01834862385321101,1.0077114345776579,False,0.3970457901799413,0.1723520983869914,False,False,"",12.8,"",0,"[]","[]",0,False,False,"",""
"0x2a0ec186cf880f80fb71d3127578a1e098b5166e","tron","USDT",90328.11504100001,39832.115041,"USDT",90328.11504100001,104,2,8,5,24,0.19696969696969696,0.3333333333333333,0.44097139659031037,True,0.4739629928994157,0.18414571336498203,False,False,"",12.7,"",0,"[]","[]",0,False,False,"",""
"0x27b96b097d85f40d617da85ba4129133a70949b3","tron","USDT",176550.178443,200805.497586,"USDT",176550.178443,75,1,7,8,24,0.18,0.004,1.1373848463757341,False,0.4246521208189814,0.17664774531313293,False,False,"",12.7,"",0,"[]","[]",0,False,False,"",""
"0x3a710a9455435f1c36871e44a32cbb552778cc6c","tron","USDT",108750.72999999997,117433.0,"USDT",108750.72999999997,52,2,15,8,23,0.20512820512820512,0.02564102564102564,1.0798364296037373,False,0.3950367481446941,0.1727376502517417,False,False,"",12.7,"",0,"[]","[]",0,False,False,"",""
"0xb45834de350d148a230de408d336cb284d5259b9","tron","USDT",28589.769999999993,23884.0,"USDT",28589.769999999993,51,1,2,8,20,0.18181818181818182,0.01652892561983471,0.8354037125867052,False,0.31441377703101203,0.16076210156186388,False,False,"",12.7,"",0,"[]","[]",0,False,False,"",""
"0x0354c8f7cd6c359cde5ec86ea3c09ad229131cc2","tron","USDT",116057.38699999999,114444.33700000001,"USDT",116057.38699999999,58,2,12,8,23,0.26495726495726496,0.008547008547008548,0.9861012724679044,False,0.4338181926379107,0.17873188237137028,False,False,"",12.6,"",0,"[]","[]",0,False,False,"",""
"0xac747a95b3e48ba096f06a8285af79a0ee1950a7","tron","USDT",128208.6,120360.0,"USDT",128208.6,51,2,3,8,22,0.10483870967741936,0.07258064516129033,0.9387825777677941,False,0.4109523918422186,0.17540436472524923,False,False,"",12.6,"",0,"[]","[]",0,False,False,"",""
"0xec63d7b6b59dcb6e8db430d56fd0488af393a4d1","tron","USDT",100374.274,104566.354,"USDT",100374.274,53,2,13,8,22,0.16161616161616163,0.010101010101010102,1.0417644863862228,False,0.397339617290214,0.1736623511171857,False,False,"",12.6,"",0,"[]","[]",0,False,False,"",""
"0x27b242c00eed15fa391121ce5e4209a13ae31498","tron","USDT",89300.30000000002,91601.39,"USDT",89300.30000000002,50,2,13,8,20,0.23863636363636365,0.03409090909090909,1.0257679985397583,False,0.3922018462803944,0.17274927299855602,False,False,"",12.6,"",0,"[]","[]",0,False,False,"",""
"0x35393e244288f150f679d17a33a3ab3e0c54a3ac","tron","USDT",60625.81000000001,64636.0,"USDT",60625.81000000001,65,1,5,8,22,0.23711340206185566,0.0,1.066146580144661,False,0.39208220346905076,0.1727415038359425,False,False,"",12.6,"",0,"[]","[]",0,False,False,"",""
"0xf44551d5ecc94d75e325df77292976d13f3b0210","tron","USDT",49621.840000000004,50585.0,"USDT",49621.840000000004,71,1,4,8,24,0.272,0.024,1.0194100017250467,False,0.4528862650068508,0.18227739401390053,False,False,"",12.5,"",0,"[]","[]",0,False,False,"",""
"0xed5e1407d8ea36750b9e6471d51d6629330c1274","tron","USDT",204469.41781699998,200731.0,"USDT",204469.41781699998,72,1,8,8,23,0.21359223300970873,0.009708737864077669,0.9817164940512235,False,0.4454244283485683,0.18103509414476243,False,False,"",12.5,"",0,"[]","[]",0,False,False,"",""
"0xad52251375de17c15e0a9b70b1b417792541336b","tron","USDT",38577.0,38483.97,"USDT",38577.0,62,1,7,8,23,0.12048192771084337,0.04819277108433735,0.9975884594447469,False,0.4305575843138709,0.17873233579225295,False,False,"",12.5,"",0,"[]","[]",0,False,False,"",""
"0x679be607a6152c19a81a390d982624b9df415e94","tron","USDT",104640.99600000003,106469.44600000001,"USDT",104640.99600000003,53,2,12,8,21,0.2616822429906542,0.018691588785046728,1.01747355309959,False,0.4095039446916015,0.17572809508804493,False,False,"",12.5,"",0,"[]","[]",0,False,False,"",""
"0xbfb612a1a96479e69b956f6d319bf0c87ab2294f","tron","USDT",572515.8200000001,350000.0,"USDT",572515.8200000001,75,1,7,8,23,0.04013377926421405,0.023411371237458192,0.6113368186052919,False,0.39340138433961513,0.17368466070698263,False,False,"",12.5,"",0,"[]","[]",0,False,False,"",""
"0xc4a7a607d25e4611c307bd531f85eb0baf6fe78a","tron","USDT",49740.620363999995,94312.102234,"USDT",49740.620363999995,64,1,1,8,21,0.09009009009009009,0.1981981981981982,1.8960781257617532,False,0.31542803240031636,0.1623541382023157,False,False,"",12.5,"",0,"[]","[]",0,False,False,"",""
"0xcd9f5709c8d455bfdb605ae1170d3c79b7f79fb6","tron","USDT",41658.78000000002,42950.0,"USDT",41658.78000000002,75,1,5,8,24,0.2900763358778626,0.030534351145038167,1.0309951467613785,False,0.4681622436194859,0.18506647068051307,False,False,"",12.4,"",0,"[]","[]",0,False,False,"",""
"0x2e12b203736f5b45609695b425d9779973676b0d","tron","USDT",174877.49000000002,173884.0,"USDT",174877.49000000002,66,1,7,8,23,0.21875,0.041666666666666664,0.994318937217134,False,0.44644334817852316,0.18200447056294006,False,False,"",12.4,"",0,"[]","[]",0,False,False,"",""
"0xc074ae95c683d3ef82e560069cba2404dd574b7e","tron","USDT",67338.99,68419.0,"USDT",67338.99,64,1,5,8,21,0.15846994535519127,0.01092896174863388,1.0160384050904239,False,0.4171643494615208,0.17757461513868322,False,False,"",12.4,"",0,"[]","[]",0,False,False,"",""
"0x6a5b603f15028916fc26d1664ecfd8ddc8347444","tron","USDT",136406.428856,136297.657856,"USDT",136406.428856,55,2,13,8,23,0.2336448598130841,0.0,0.99920259623456,False,0.4029108912773916,0.17516844428256484,False,False,"",12.4,"",0,"[]","[]",0,False,False,"",""
"0x7a0d4fa7fa630f642680d9648d6759ef7985d8ad","tron","USDT",27840.160000000003,34794.520000000004,"USDT",27840.160000000003,50,2,8,6,24,0.23529411764705882,0.08235294117647059,1.2497959781840333,False,0.36734246281231925,0.170392124839561,False,False,"",12.4,"",0,"[]","[]",0,False,False,"",""
"0xf0b83a3bde6a8fed927dd95cd90ea800a3077836","tron","USDT",87920.69399999997,87583.76000000001,"USDT",87920.69399999997,55,2,12,8,24,0.2857142857142857,0.009523809523809525,0.9961677509051513,False,0.42000898720478647,0.1782787314946091,False,False,"",12.3,"",0,"[]","[]",0,False,False,"",""
"0x3e3e27113be5fcc318c5f79cd3eef268874c43fc","tron","USDT",36295.0,120000.0,"USDT",36295.0,50,1,1,8,22,0.09900990099009901,0.3465346534653465,3.3062405289984844,False,0.24722097714029584,0.15304712199500536,False,False,"",12.3,"",0,"[]","[]",0,False,False,"",""
"0x0bae82f705d03644297712267859c8e61f96b595","tron","USDT",85560.0,81258.0,"USDT",85560.0,54,1,7,8,24,0.2835820895522388,0.3208955223880597,0.949719495091164,False,0.46118997701016473,0.18529477388372423,False,False,"",12.2,"",0,"[]","[]",0,False,False,"",""
"0xbf72f640c85886329bf389b08d6aae94029f15aa","tron","USDT",34176.899999999994,40341.0,"USDT",34176.899999999994,78,1,5,8,24,0.2923076923076923,0.015384615384615385,1.180358663307673,False,0.44189778773290733,0.18252347687729847,False,False,"",12.2,"",0,"[]","[]",0,False,False,"",""
"0xc7bfa3a897024b315db9494feb3ed811c854e6b4","tron","USDT",88535.38816999999,87679.22817,"USDT",88535.38816999999,57,2,13,8,24,0.2636363636363636,0.0,0.9903297425165625,False,0.4135746889784357,0.17838106885112226,False,False,"",12.2,"",0,"[]","[]",0,False,False,"",""
"0x2ce6ac77114563691fce89c2a76cfa531db53d4e","tron","USDT",119778.37199999996,118416.922,"USDT",119778.37199999996,52,2,13,8,23,0.2857142857142857,0.0,0.9886335907120197,False,0.3779373860043493,0.17274260112654055,False,False,"",12.2,"",0,"[]","[]",0,False,False,"",""
"0x1b044332bb97dda6562b409e3b26910cbd3d3afd","tron","USDT",80220.37000000001,130000.0,"USDT",80220.37000000001,61,1,1,8,20,0.20987654320987653,0.006172839506172839,1.6205360309357832,False,0.2742567561615659,0.15799791291237952,False,False,"",12.2,"",0,"[]","[]",0,False,False,"",""
"0x729586bf887e3bb7d738a0b5a3ac1a2782d79368","tron","USDT",78399.615,78641.85500000001,"USDT",78399.615,61,2,10,8,24,0.2894736842105263,0.017543859649122806,1.003089811091547,False,0.46029642594843195,0.18529454300474485,False,False,"",12.1,"",0,"[]","[]",0,False,False,"",""
"0xfe2ff4d0f1c2012c530bb07b5bb06f04db8e5b99","tron","USDT",97430.28000000001,84575.044808,"USDT",97430.28000000001,71,1,3,8,21,0.1440677966101695,0.03389830508474576,0.8680570845942349,False,0.4347275083576636,0.18178695857579397,False,False,"",12.1,"",0,"[]","[]",0,False,False,"",""
"0x9fc25ff0a9f308784dbb114ee647b02048c447de","tron","USDT",74922.31,76188.23000000001,"USDT",74922.31,53,2,11,8,22,0.24489795918367346,0.02040816326530612,1.0168964357879517,False,0.4106502959889807,0.17814286531147416,False,False,"",12.1,"",0,"[]","[]",0,False,False,"",""
"0xfa6fcacb09aa9f8e76bdd10e28d421636f191b1f","tron","USDT",86026.50300000003,85684.75500000002,"USDT",86026.50300000003,51,2,12,8,24,0.2909090909090909,0.03636363636363636,0.9960274102970336,False,0.4064443883794426,0.17757609429784732,False,False,"",12.1,"",0,"[]","[]",0,False,False,"",""
"0x12863ad1388c10de5349b67d5e4b331fc86fa90d","tron","USDT",184660.893512,190179.0,"USDT",184660.893512,55,1,9,8,24,0.23949579831932774,0.01680672268907563,1.0298823772757355,False,0.3721947482113701,0.17246719646928582,False,False,"",12.1,"",0,"[]","[]",0,False,False,"",""
"0x405d284965b1f795e2aa75082fec9b168bce403c","tron","USDT",63663.87700000001,61979.937000000005,"USDT",63663.87700000001,51,2,7,8,21,0.36486486486486486,0.0,0.9735495216541713,False,0.3671213790058679,0.17200584523799878,False,False,"",12.1,"",0,"[]","[]",0,False,False,"",""
"0xb74c100fe77ac8d05ea731a06623b8eccfd6cdd9","tron","USDT",59654.06557400002,148895.753497,"USDT",59654.06557400002,64,2,4,8,24,0.12849162011173185,0.16759776536312848,2.495986686981073,False,0.3354101299865531,0.16757897624260404,False,False,"",12.1,"",0,"[]","[]",0,False,False,"",""
"0x458731bd26107b81f11608214a95c8895424369c","tron","USDT",36496.00867199997,41609.0,"USDT",36496.00867199997,75,1,5,8,24,0.2601626016260163,0.04065040650406504,1.1400972740321262,False,0.45127234259384363,0.18458169028706606,False,False,"",12.0,"",0,"[]","[]",0,False,False,"",""
"0x5efa0dc0dadd9b391aa787f7be31011ad2f13abf","tron","USDT",137821.34612000003,142494.0,"USDT",137821.34612000003,59,1,8,8,24,0.23383084577114427,0.009950248756218905,1.0339037022315216,False,0.3871681613914366,0.1754981858946305,False,False,"",12.0,"",0,"[]","[]",0,False,False,"",""
"0x2b94a256c06f635ad9078694dccde37935b6b1d2","tron","USDT",299876.5280000001,110000.0,"USDT",299876.5280000001,103,2,3,4,23,0.18796992481203006,0.02631578947368421,0.3668176390250856,True,0.35812372502599427,0.1711585792348841,False,False,"",12.0,"",0,"[]","[]",0,False,False,"",""
"0x15bd4880c7c4ec6f81197b2ecaa68bd20de00020","tron","USDT",168112.77000000005,170710.0,"USDT",168112.77000000005,67,1,7,8,24,0.22916666666666666,0.010416666666666666,1.0154493320168358,False,0.4301911734890578,0.1825792878915664,False,False,"",11.9,"",0,"[]","[]",0,False,False,"",""
"0x4ec865ebc5b8ef36e1154e0aaca898893572bb00","tron","USDT",173189.01,160275.0,"USDT",173189.01,67,1,6,8,24,0.22448979591836735,0.02040816326530612,0.9254340099293829,False,0.4263015039132634,0.18191862397027092,False,False,"",11.9,"",0,"[]","[]",0,False,False,"",""
"0x132f419bab0065e89264cf44f7e551c23a8c295d","tron","USDT",95141.79027499999,120000.0,"USDT",95141.79027499999,83,1,4,8,17,0.4918918918918919,0.005405405405405406,1.2612754043533265,False,0.4270591280042787,0.18222559322092108,False,False,"",11.8,"",0,"[]","[]",0,False,False,"",""
"0xd3f8d0856503697d805c7efec6da77cd6757870f","tron","USDT",89301.16599999998,88910.536,"USDT",89301.16599999998,55,2,11,8,24,0.2524271844660194,0.009708737864077669,0.9956257010126834,False,0.4203488067197935,0.18136635476315166,False,False,"",11.8,"",0,"[]","[]",0,False,False,"",""
"0xf3d4e86f40f5767fa51df9b8e3c558e1dbd8c1f4","tron","USDT",94064.64192299996,91270.933923,"USDT",94064.64192299996,55,2,11,8,24,0.22772277227722773,0.009900990099009901,0.9703001261378654,False,0.41573192123833064,0.18107209701023658,False,False,"",11.8,"",0,"[]","[]",0,False,False,"",""
"0x151b78d0369277aae62eb2ffd13e5433e7f6bd1e","tron","USDT",257393.66,270107.23,"USDT",257393.66,50,2,8,8,20,0.0707070707070707,0.050505050505050504,1.0493934854494862,False,0.39514147323731025,0.1780609804076027,False,False,"",11.8,"",0,"[]","[]",0,False,False,"",""
"0x8b81057afc736d67a6894ac0425e9567c83fc3a7","tron","USDT",110945.403624,110458.55362399998,"USDT",110945.403624,51,2,11,8,22,0.25961538461538464,0.009615384615384616,0.9956118055899821,False,0.3893733696343568,0.17720382669518114,False,False,"",11.8,"",0,"[]","[]",0,False,False,"",""
"0x57a749b11abe0beccff5dacf8a360f6044e16521","tron","USDT",288303.91000000003,150000.0,"USDT",288303.91000000003,58,1,3,8,19,0.18085106382978725,0.28191489361702127,0.5202843069315293,False,0.39294076994748917,0.178056157418561,False,False,"",11.7,"",0,"[]","[]",0,False,False,"",""
"0xc9d4604928128998db77ac1abf985f3e6448a204","tron","USDT",73479.571,71630.541,"USDT",73479.571,55,2,9,8,24,0.2641509433962264,0.018867924528301886,0.9748361350667113,False,0.42466243095776174,0.18356934014982934,False,False,"",11.6,"",0,"[]","[]",0,False,False,"",""
"0x5b9bff6f7dd59fa62aa6624cef33c3c13bed4c30","tron","USDT",41029.98000000002,33267.0,"USDT",41029.98000000002,66,1,4,8,24,0.272,0.056,0.8107973730428332,False,0.4157901335059221,0.18204313246353798,False,False,"",11.6,"",0,"[]","[]",0,False,False,"",""
"0x5441a44996603bcb7445370ef9de3bb00dcbef81","tron","USDT",76096.715,71205.667,"USDT",76096.715,54,2,8,8,23,0.22340425531914893,0.02127659574468085,0.9357258982861482,False,0.4094221854842131,0.18117848762664585,False,False,"",11.6,"",0,"[]","[]",0,False,False,"",""
"0x672a423c1236f286e530ee779f6c7116a2a2862e","tron","USDT",36820.600000000006,32504.0,"USDT",36820.600000000006,69,1,4,8,24,0.288,0.0,0.8827667121122413,False,0.397059841750104,0.17944874018219148,False,False,"",11.6,"",0,"[]","[]",0,False,False,"",""
"0x9dd854e5ec63984931bc47efb9e11e84648ca936","tron","USDT",64389.528999999995,69058.609,"USDT",64389.528999999995,58,2,11,8,24,0.2912621359223301,0.0,1.072513032359656,False,0.4061831846531248,0.18134841552998104,False,False,"",11.5,"",0,"[]","[]",0,False,False,"",""
"0x53f3de2f30266211940a4c03fad48ecf827f8b11","tron","USDT",58373.29600000002,57614.986,"USDT",58373.29600000002,50,2,8,8,24,0.2268041237113402,0.020618556701030927,0.9870092995948007,False,0.38825797825154645,0.17872560845851831,False,False,"",11.5,"",0,"[]","[]",0,False,False,"",""
"0xfcd446578e1944b910b1bdbb1b8a53966ae41147","tron","USDT",91505.74299999997,90657.29299999999,"USDT",91505.74299999997,50,2,11,8,23,0.21818181818181817,0.01818181818181818,0.9907279043677075,False,0.38711913533342496,0.17861448391974866,False,False,"",11.5,"",0,"[]","[]",0,False,False,"",""
"0x0135807548fa165a73eda5fa9c7ba6978f6d9042","tron","USDT",77763.928692,80946.968692,"USDT",77763.928692,56,2,11,8,23,0.2857142857142857,0.0,1.04093208835432,False,0.40187633445822607,0.18095070869583763,False,False,"",11.4,"",0,"[]","[]",0,False,False,"",""
"0x6a253ef6fa085c75a6b752bee34f793f19f9a9a3","tron","USDT",99291.78199999998,103891.54199999999,"USDT",99291.78199999998,53,2,12,8,20,0.2897196261682243,0.0,1.046325686852916,False,0.3773328007737467,0.17728442981419745,False,False,"",11.4,"",0,"[]","[]",0,False,False,"",""
"0xb3a93c58cd7cf1a223da248b9f67685430eda45e","tron","USDT",29668.831703,34060.0,"USDT",29668.831703,53,2,4,8,22,0.23684210526315788,0.008771929824561403,1.1480061075865007,False,0.3733570931398043,0.17721859158886055,False,False,"",11.4,"",0,"[]","[]",0,False,False,"",""
"0x89a731a52923885a5828c793791f09667fcf47ff","tron","USDT",76903.01,82270.48,"USDT",76903.01,52,2,12,8,22,0.29473684210526313,0.0,1.0697953175044774,False,0.3662516043610498,0.17580287542009948,False,False,"",11.4,"",0,"[]","[]",0,False,False,"",""
"0x7d8e0ad037cb4af3d1dfc90d856977da17b1bfa0","tron","USDT",143005.58999999997,60100.0,"USDT",143005.58999999997,57,2,2,8,24,0.20689655172413793,0.04980842911877394,0.42026329180558614,True,0.2411122728837528,0.1577307522920407,False,False,"",11.4,"",0,"[]","[]",0,False,False,"",""
"0xdcbfd8fec4c862ed21f4e1acdf724e99835c3132","tron","USDT",84016.412,81216.68200000002,"USDT",84016.412,50,2,10,8,24,0.2413793103448276,0.011494252873563218,0.9666763917506976,False,0.37733348543216555,0.17819585691963225,False,False,"",11.3,"",0,"[]","[]",0,False,False,"",""
"0x6a6ad72ce9e01c914def6794e289320cd14e9718","tron","USDT",80635.72399999997,80127.276,"USDT",80635.72399999997,50,2,10,8,24,0.2018348623853211,0.03669724770642202,0.9936945069160664,False,0.3968115145611604,0.18138226515154698,False,False,"",11.2,"",0,"[]","[]",0,False,False,"",""
"0x0d5278e6875b8e001aae7eae314fcd086a12aec4","tron","USDT",209646.97000000003,244500.0,"USDT",209646.97000000003,67,1,6,8,19,0.08035714285714286,0.017857142857142856,1.1662462853624833,False,0.4063069957289377,0.18435670686103556,False,False,"",11.0,"",0,"[]","[]",0,False,False,"",""
"0xa81ca72786359920e4f7bb6a52857635ee855d94","tron","USDT",68810.65,69207.381,"USDT",68810.65,53,2,10,8,23,0.29245283018867924,0.0,1.0057655464670077,False,0.3854448288509284,0.18110058352842828,False,False,"",11.0,"",0,"[]","[]",0,False,False,"",""
"0x48fa4362d84d6c2cc3df09009c24346d47027044","tron","USDT",109261.27856100003,113403.74856100001,"USDT",109261.27856100003,60,1,4,8,20,0.19883040935672514,0.0,1.0379134314970264,False,0.37271762746124015,0.1792934498590087,False,False,"",11.0,"",0,"[]","[]",0,False,False,"",""
"0xf70bff9899470caffcdeb5a7859df6d21cb85eab","tron","USDT",73706.713,68959.84300000001,"USDT",73706.713,54,2,10,8,22,0.2857142857142857,0.0,0.9355978606724736,False,0.3813822346176861,0.18106846042500074,False,False,"",10.9,"",0,"[]","[]",0,False,False,"",""
"0x29b067de77469e16ced46464fbda7a84d4839cfa","tron","USDT",323192.31654599996,325108.0,"USDT",323192.31654599996,54,1,9,8,24,0.1254355400696864,0.0,1.0059273793216164,False,0.3430771866188681,0.17545315182215726,False,False,"",10.9,"",0,"[]","[]",0,False,False,"",""
"0xdaec95680a75bc2085ae812ca150d2bbcab8d474","tron","USDT",154556.66,183038.0,"USDT",154556.66,61,1,7,8,23,0.2268041237113402,0.020618556701030927,1.1842776623149076,False,0.37634482612061326,0.18090370635158332,False,False,"",10.8,"",0,"[]","[]",0,False,False,"",""
"0xaff1654a0cb26a2814e27edccc94ec0541f0a5c7","tron","USDT",101674.76000000007,99594.12200000002,"USDT",101674.76000000007,52,2,11,8,22,0.3170731707317073,0.0,0.9795363372384646,False,0.3761179353096383,0.18138821152049617,False,False,"",10.7,"",0,"[]","[]",0,False,False,"",""
"0x3b294431e6f1fb0ee04da842295d76144d07be6f","tron","USDT",37646.776000000005,36800.0,"USDT",37646.776000000005,54,1,9,5,13,0.26436781609195403,0.0,0.9775073435239181,False,0.339764131187975,0.1767536508347154,False,False,"",10.6,"",0,"[]","[]",0,False,False,"",""
"0x8075b36b5697aedb93437d95f8730849c00ec958","tron","USDT",172078.54439999998,178702.0,"USDT",172078.54439999998,50,1,11,8,23,0.25396825396825395,0.005291005291005291,1.0384908857934296,False,0.31679756466112585,0.17406931170888273,False,False,"",10.5,"",0,"[]","[]",0,False,False,"",""
"0xa2c108bf92ab8f5c2b1ea2e5a9618c20a3c40ffe","tron","USDT",46835.951513000015,100002.033729,"USDT",46835.951513000015,59,2,2,8,24,0.08695652173913043,0.004830917874396135,2.1351553774079504,False,0.23632900044822952,0.16230809049942208,False,False,"",10.5,"",0,"[]","[]",0,False,False,"",""
"0xf9713043ada879c97f0a4ebe2fce06b0f71e95af","tron","USDT",148427.08,132425.0,"USDT",148427.08,54,1,7,8,24,0.25654450261780104,0.010471204188481676,0.8921889455751606,False,0.3422880804642029,0.1788719897253876,False,False,"",10.3,"",0,"[]","[]",0,False,False,"",""
"0xb54960b0bec2e96bd58419d234b87d5834aaeed0","tron","USDT",29327.347,34658.614,"USDT",29327.347,56,1,7,6,12,0.32954545454545453,0.0,1.1817848372033106,False,0.323705784688428,0.17641770868044127,False,False,"",10.3,"",0,"[]","[]",0,False,False,"",""
"0x5835e3864d0eefff754e406afa34b924d3a29e59","tron","USDT",157995.254144,147314.0,"USDT",157995.254144,52,1,10,8,24,0.22631578947368422,0.005263157894736842,0.9323950950180763,False,0.3280298930511276,0.17770426238455933,False,False,"",10.1,"",0,"[]","[]",0,False,False,"",""
"0xa19c39895f709a166f76ae960287609a9c6499af","tron","USDT",88487.82000000004,76907.0,"USDT",88487.82000000004,51,1,5,7,23,0.22727272727272727,0.007575757575757576,0.869125264923466,False,0.31035575670499804,0.1779290192060729,False,False,"",9.7,"",0,"[]","[]",0,False,False,"",""
"0xb0efcfd3018c2cedff2f130ed6d502c628b4fb18","tron","USDT",112021.12652700001,161072.0,"USDT",112021.12652700001,51,1,3,4,24,0.1484375,0.0625,1.4378716318406015,False,0.28154266152968344,0.17565622448894336,False,False,"",9.3,"",0,"[]","[]",0,False,False,"",""
"0xd19bd431740f16f2ccdf6731d1c16bfb81801e59","tron","USDT",25739.120000000003,12650.0,"USDT",25739.120000000003,53,1,3,8,24,0.17105263157894737,0.046052631578947366,0.49146979383910555,True,0.1750980824791613,0.16011790237605,False,False,"",9.3,"",0,"[]","[]",0,False,False,"",""
"0x32440bba2df5f6c4f31d397a5e033b2f0df8260f","tron","USDT",44477.0,18000.0,"USDT",44477.0,63,2,4,8,24,0.34513274336283184,0.10619469026548672,0.40470355464622165,True,0.2898156549005576,0.1778551107682953,False,False,"",9.2,"",0,"[]","[]",0,False,False,"",""
"0x1f95f74409fc127f0af9f03dbfc032548092a346","tron","USDT",73069.91214600002,174650.0,"USDT",73069.91214600002,83,1,7,8,24,0.12422360248447205,0.062111801242236024,2.390176679712358,False,0.31427610936799644,0.18212263749186147,False,False,"",9.0,"",0,"[]","[]",0,False,False,"",""
