wallet,chain,asset,raw_value_in,raw_value_out,value_unit,value_in_usd_est,distinct_senders,distinct_recipients,out_cnt,active_days,hours_of_day_active,night_share,round100_share,pass_through,is_accumulator,informal_score,anomaly_score,is_anomaly,is_sanctioned,hops_to_sanctioned,risk_score,attributability,risk_attribution_score,risk_tags,risk_categories,risk_source_count,is_known_risk,confirmed,label_name,label_tags,campaign_terror_score,is_top_campaign_lead,anchor_exchange,anchor_exchange_addr,anchor_usdt,anchor_links,has_exchange_anchor,actionability,components_bridged,total_bridged_size,is_bridge_wallet,country_codes,country_source,hits_interesting_country,funnel_ratio_recipients,funnel_ratio_out_cnt,is_single_recipient
0xad285fdedfc0d5f944a33e478356524293c7ec68,ethereum,USDT,445592.761192,416564.100105,USDT,445592.761192,2469,5,5,4,8,0.2717699473471041,0.012555690562980963,0.9348538315358944,False,0.6991691577280904,-0.10624954868906111,True,False,,68.5,,0,[],[],0,False,False,,,71.5,True,Binance 15,0x21a31ee1afc51d94c2efccaa2092ad1028285549,49832.919713,3.0,True,93.5,0,,False,"['AE', 'GLOBAL', 'MT']",exchange,True,493.8,493.8,False
0xe865f239279350272892c30d450be9465ca3b8fa,ethereum,USDT,621438.0644010003,621438.064401,USDT,621438.0644010003,159,3,24,17,24,0.2502685284640172,0.0053705692803437165,0.9999999999999997,False,0.635254691689008,-0.05814357960106764,True,False,,58.2,,0,[],[],0,False,False,,,58.6,False,Binance 16,0xdfd5293d8e347dfe59e90efd55b2956a1343963d,244713.713948,5.0,True,83.2,0,,False,"['AE', 'GLOBAL', 'MT']",exchange,True,53.0,6.62,False
0xbf8d7d490323d775ada8b20a35472acb7fc6a0c4,ethereum,USDT,48323.397908,48361.853853,USDT,48323.397908,98,19,23,11,12,0.028846153846153848,0.19230769230769232,1.000795803827231,False,0.7985003566608272,-0.03482229016047056,True,False,,58.1,,0,[],[],0,False,False,,,26.9,False,Binance 16,0xdfd5293d8e347dfe59e90efd55b2956a1343963d,167.68305,3.0,True,83.1,0,,False,"['AE', 'GLOBAL', 'MT']",exchange,True,5.16,4.26,False
0x61a8a99099a4d46124cf2914bd8eb8dfafd7c99d,ethereum,USDT,56963.19433099999,56798.809152,USDT,56963.19433099999,77,13,17,10,13,0.06172839506172839,0.19753086419753085,0.9971141860822483,False,0.7467418720689966,-0.01011751429986063,True,False,,52.4,,0,[],[],0,False,False,,,16.9,False,Binance 17,0x56eddb7aa87536c09ccc2793473599fd21a8b17f,2241.35915,3.0,True,77.4,0,,False,"['AE', 'GLOBAL', 'MT']",exchange,True,5.92,4.53,False
0x8b7710171181ec25ce9aa254eb074ec85559347b,ethereum,USDT,306202.7314080001,306202.7314,USDT,306202.7314080001,2439,2,25,5,24,0.6799037304452467,0.2647412755716005,0.9999999999738731,False,0.8309651474478578,-0.13577756277026953,True,False,,77.1,,0,[],[],0,False,False,,,67.5,False,,,0.0,,False,77.1,0,,False,[],,False,1219.5,97.56,False
0x5da5a370ecaf1663b10a5ffadde833ddb58d2f1e,ethereum,USDT,1850000.0,1850000.0,USDT,1850000.0,1201,1,1,1,2,0.0,0.1440466278101582,1.0,False,0.9054959785522788,-0.11593775274018892,True,False,,75.4,,0,[],[],0,False,False,,,66.0,False,,,0.0,,False,75.4,0,,False,[],,False,1201.0,1201.0,True
0x2628cac51d5bffca6df89745dd829510bbe3b915,ethereum,USDT,168969.34402399996,168969.34402299998,USDT,168969.34402399996,124,5,11,9,24,0.2710926694329184,0.005532503457814661,0.9999999999940818,False,0.61179624664761,-0.017075226340180882,True,False,,50.3,,0,[],[],0,False,False,,,59.7,False,Binance 15,0x21a31ee1afc51d94c2efccaa2092ad1028285549,8826.232624999999,6.0,True,75.3,0,,False,"['AE', 'GLOBAL', 'MT', 'US']",exchange,True,24.8,11.27,False
0x6438e3764fdc42366ef3c5fa19ca06851833ad4c,ethereum,USDT,1527153.769605,900000.0,USDT,1527153.769605,1711,2,18,4,7,0.14457252641690682,0.06147934678194044,0.5893316167060151,False,0.8344883072554121,-0.10671089946090273,True,False,,71.9,,0,[],[],0,False,False,,,64.1,False,,,0.0,,False,71.9,0,,False,[],,False,855.5,95.06,False
0x186b8b2ae81def818ccb8408861ce648595ae234,ethereum,USDT,1467173.3295230004,0.0,USDT,1467173.3295230004,745,0,0,43,24,0.23393776583837028,0.08529214237743452,0.0,True,0.4249329758713137,-0.15718315210687672,True,False,,70.8,,0,[],[],0,False,False,,,92.3,True,,,0.0,,False,70.8,0,,False,[],,False,745.0,745.0,True
0x3b0e8e3b0fd8db2fa53a640cb9313973bb87916a,ethereum,USDT,246537.09578800012,170532.203151,USDT,246537.09578800012,1908,15,22,69,24,0.2335907335907336,0.022683397683397683,0.691710116102132,False,0.6176985915850377,-0.10632694562511025,True,False,,66.5,,0,[],[],0,False,False,,,67.0,False,,,0.0,,False,66.5,0,,False,[],,False,127.2,86.73,False
0x92ea49b6e51de747f6cec1b4e07c78ce4bd72bc6,ethereum,USDT,20413.948139,20843.591382,USDT,20413.948139,259,1,24,25,17,0.22393822393822393,0.0,1.0210465530760893,False,0.7339944427359886,0.054763780827376485,False,False,,40.4,,0,[],[],0,False,False,,,88.2,True,Binance 14,0x28c6c06298d514db089934071355e5743bf21d60,20843.591382000002,1.0,True,65.4,0,,False,"['AE', 'GLOBAL', 'MT']",exchange,True,259.0,10.79,True
0x9078791013192ddb9e2f09de320ce7bcd9fee99c,ethereum,USDT,23798.561185000002,23810.731962,USDT,23798.561185000002,74,15,25,12,14,0.4574468085106383,0.5638297872340425,1.0005114081017499,False,0.6079406138220093,0.03938051610483284,False,False,,40.0,,0,[],[],0,False,False,,,15.8,False,Binance 15,0x21a31ee1afc51d94c2efccaa2092ad1028285549,1395.632966,3.0,True,65.0,0,,False,"['AE', 'GLOBAL', 'MT']",exchange,True,4.93,2.96,False
0x9f006a5328d2f5fd44bbb728168620ba60863a70,ethereum,USDT,727817.2004369998,0.0,USDT,727817.2004369998,556,0,0,48,24,0.2179334916864608,0.04809976247030879,0.0,True,0.38766756032171584,-0.11736101136086918,True,False,,62.7,,0,[],[],0,False,False,,,86.3,True,,,0.0,,False,62.7,0,,False,[],,False,556.0,556.0,True
0x706aa393f29e10f99d1a7fb1311a7c34c7d28822,ethereum,USDT,20310.036156,19583.852431,USDT,20310.036156,79,15,18,13,11,0.023809523809523808,0.7142857142857143,0.9642450796531217,False,0.7718034395231176,0.08241072864460874,False,False,,36.4,,0,[],[],0,False,False,,,26.8,False,Binance 17,0x56eddb7aa87536c09ccc2793473599fd21a8b17f,861.077708,3.0,True,61.4,0,,False,"['AE', 'GLOBAL', 'MT']",exchange,True,5.27,4.39,False
0x672bde68f12e5939e6f1a4057e913619c5c340ec,ethereum,USDT,56271.61848899999,57200.26521,USDT,56271.61848899999,138,13,13,6,9,0.0070921985815602835,0.9361702127659575,1.0165029324895203,False,0.8682811829390933,0.09721369181875655,False,False,,36.2,,0,[],[],0,False,False,,,30.4,False,Binance 16,0xdfd5293d8e347dfe59e90efd55b2956a1343963d,6003.071964,3.0,True,61.2,0,,False,"['AE', 'GLOBAL', 'MT']",exchange,True,10.62,10.62,False
0xb8721bcaff22c756e7a2ead2c404c14730e6a7cc,ethereum,USDT,39920.62502699998,39726.08878399999,USDT,39920.62502699998,91,15,15,13,15,0.20149253731343283,0.5746268656716418,0.9951269239179393,False,0.8068001837112018,0.0916161907901274,False,False,,35.6,,0,[],[],0,False,False,,,31.3,False,Binance 14,0x28c6c06298d514db089934071355e5743bf21d60,165.691106,2.0,True,60.6,0,,False,"['AE', 'GLOBAL', 'MT']",exchange,True,6.07,6.07,False
0x0a967bd313289b5543a1020dbf7e58609f1c2449,ethereum,USDT,13600.076313000001,0.0,USDT,13600.076313000001,65,0,0,14,16,0.02631578947368421,0.32894736842105265,0.0,True,0.4202412868632708,0.039728823778556244,False,False,,35.3,,0,[],[],0,False,False,,,52.7,False,Binance 15,0x21a31ee1afc51d94c2efccaa2092ad1028285549,550.15,2.0,True,60.3,0,,False,"['AE', 'GLOBAL', 'MT']",exchange,True,65.0,65.0,True
0x300a06847cd62d9366b4c8ac14a70970415984aa,ethereum,USDT,482583.2199650001,461639.834377,USDT,482583.2199650001,62,8,23,57,23,0.236,0.028,0.9566015047321391,False,0.44748652078556994,0.043431223890655124,False,False,,35.3,,0,[],[],0,False,False,,,9.7,False,Coinbase 10,0xa9d1e08c7793af67e9d92fe308d5697fb81d3e43,83725.752767,7.0,True,60.3,0,,False,"['AE', 'GLOBAL', 'MT', 'US']",exchange,True,7.75,2.7,False
0x435b2c9e939ef9fd49a92a86f7bc1d03ee57cc51,ethereum,USDT,196617.774899,179140.550537,USDT,196617.774899,1610,5,8,14,12,0.07883302296710118,0.006828057107386716,0.9111106593949716,False,0.833160469680603,-0.03564399665863327,True,False,,59.1,,0,[],[],0,False,False,,,67.0,False,,,0.0,,False,59.1,0,,False,[],,False,322.0,201.25,False
0x546fad8125d2b441470de495a963954033ac5490,ethereum,USDT,773207.3949009997,1036501.6077459999,USDT,773207.3949009997,118,4,9,90,24,0.18810198300283287,0.0011331444759206798,1.3405221090503305,False,0.5290805647851082,0.061438939958679106,False,False,,34.1,,0,[],[],0,False,False,,,57.5,False,Binance 14,0x28c6c06298d514db089934071355e5743bf21d60,39767.637603999996,6.0,True,59.1,0,,False,"['AE', 'GLOBAL', 'MT', 'US']",exchange,True,29.5,13.11,False
0xca0b3d8f75bb7b7bc6916eb508b8b4513e17032f,ethereum,USDT,59110.51589700001,68186.98568099999,USDT,59110.51589700001,82,17,24,46,15,0.1783876500857633,0.0,1.153550847023831,False,0.5824265598177539,0.07101407961589701,False,False,,33.7,,0,[],[],0,False,False,,,48.1,False,Binance 16,0xdfd5293d8e347dfe59e90efd55b2956a1343963d,25886.346999999998,5.0,True,58.7,0,,False,"['AE', 'GLOBAL', 'MT']",exchange,True,4.82,3.42,False
0xc2b9da89f92d20a4bd1440ae50165db3a4431751,ethereum,USDT,26608.73626,27228.06842,USDT,26608.73626,70,2,2,6,7,0.013513513513513514,0.918918918918919,1.0232755195116507,False,0.7964172821566511,0.10273382260612923,False,False,,33.4,,0,[],[],0,False,False,,,22.8,False,Binance 17,0x56eddb7aa87536c09ccc2793473599fd21a8b17f,183.173988,2.0,True,58.4,0,,False,"['AE', 'GLOBAL', 'MT']",exchange,True,35.0,35.0,False
0x55035a3e39ae0e7ebc004949799e5c2c377afc0a,ethereum,USDT,132009.11788799986,145521.21,USDT,132009.11788799986,197,13,22,90,24,0.24196141479099678,0.001607717041800643,1.1023572638631232,False,0.5767135338225496,0.0739056135825778,False,False,,33.1,,0,[],[],0,False,False,,,65.2,False,Binance 17,0x56eddb7aa87536c09ccc2793473599fd21a8b17f,32692.009494000005,5.0,True,58.1,2,27393.0,True,"['AE', 'GLOBAL', 'MT']",exchange,True,15.15,8.95,False
0x8ca569b8e7cc18282a756636427472809cde1545,ethereum,USDT,57945.43037899997,56964.149071,USDT,57945.43037899997,58,17,18,67,24,0.43548387096774194,0.005376344086021506,0.98306542376885,False,0.3933959265768263,0.053283737529202124,False,False,,32.2,,0,[],[],0,False,False,,,23.1,False,Coinbase 10,0xa9d1e08c7793af67e9d92fe308d5697fb81d3e43,19925.209742,4.0,True,57.2,0,,False,"['AE', 'GLOBAL', 'MT', 'US']",exchange,True,3.41,3.22,False
0x75e6766af534f83d9a9f6d8448cb735473b8aa4c,ethereum,USDT,14499.178255000003,14455.861254999998,USDT,14499.178255000003,113,1,24,12,9,0.0,0.007352941176470588,0.9970124513790933,False,0.7030217932248803,0.10659200215549469,False,False,,30.3,,0,[],[],0,False,False,,,80.0,True,Binance 16,0xdfd5293d8e347dfe59e90efd55b2956a1343963d,4183.633361,4.0,True,55.3,0,,False,"['AE', 'GLOBAL', 'MT']",exchange,True,113.0,4.71,True
0x20be14ccc0739827d00b2f7d51bff9180b4b759d,ethereum,USDT,15419.074283999997,15445.955588999997,USDT,15419.074283999997,61,1,18,52,14,0.3902439024390244,0.0,1.001743379952965,False,0.38798912561798615,0.06293451826454544,False,False,,30.3,,0,[],[],0,False,False,,,56.3,False,Binance 14,0x28c6c06298d514db089934071355e5743bf21d60,15445.955589,1.0,True,55.3,0,,False,"['AE', 'GLOBAL', 'MT']",exchange,True,61.0,3.39,True
0xe741c16e9af36a09f7ef1e8aaa500a4faf906ca5,ethereum,USDT,763146.4287929999,763146.4277,USDT,763146.4287929999,803,16,24,3,24,0.2350061199510404,0.009791921664626682,0.9999999985677717,False,0.6506702410004176,-0.038384406324498355,True,False,,55.1,,0,[],[],0,False,False,,,46.0,False,,,0.0,,False,55.1,0,,False,[],,False,50.19,33.46,False
0x2b9962048a732264579bb837adc56779de2e8949,ethereum,USDT,14301.253872000003,14430.135718000001,USDT,14301.253872000003,162,1,17,33,23,0.24074074074074073,0.006172839506172839,1.0090119263075479,False,0.5878758989207961,0.09269187438756488,False,False,,30.0,,0,[],[],0,False,False,,,84.0,True,Binance 14,0x28c6c06298d514db089934071355e5743bf21d60,14430.135718000001,1.0,True,55.0,0,,False,"['AE', 'GLOBAL', 'MT']",exchange,True,162.0,9.53,True
0xd825011df49642535a4c0c07ed7b191407d2f7ea,ethereum,USDT,129436.38211600001,129436.01,USDT,129436.38211600001,1078,4,13,2,24,0.42091152815013405,0.2806076854334227,0.9999971251050599,False,0.8288198003561327,-0.011296223247944659,True,False,,54.7,,0,[],[],0,False,False,,,66.9,False,,,0.0,,False,54.7,0,,False,[],,False,269.5,82.92,False
0xc0e2cd68b80fda3c740f73b796a70a3916941eb7,ethereum,USDT,363659.09163900005,421212.93807399995,USDT,363659.09163900005,141,11,20,19,24,0.18874458874458874,0.0025974025974025974,1.1582631859294554,False,0.5408674700527147,0.08761837786942461,False,False,,29.7,,0,[],[],0,False,False,,,57.1,False,Binance 15,0x21a31ee1afc51d94c2efccaa2092ad1028285549,213559.27314999996,5.0,True,54.7,0,,False,"['AE', 'GLOBAL', 'MT']",exchange,True,12.82,7.05,False
0xa52b7763929343d2caa9182fb5cfd24772094290,ethereum,USDT,661907.7282759999,661907.6947270001,USDT,661907.7282759999,910,9,22,22,12,0.053783044667274384,0.10665451230628988,0.9999999493146878,False,0.8896782740452432,0.0031126225313182765,False,False,,53.6,,0,[],[],0,False,False,,,62.8,False,,,0.0,,False,53.6,0,,False,[],,False,101.11,41.36,False
0xa2010cd90f30a67dd07efc6bf6d53735fbf98270,ethereum,USDT,54914.491887000004,52626.432032000004,USDT,54914.491887000004,52,15,24,61,24,0.4032258064516129,0.008064516129032258,0.9583341340987322,False,0.36539336837470626,0.06984874129395863,False,False,,28.5,,0,[],[],0,False,False,,,16.9,False,Coinbase 10,0xa9d1e08c7793af67e9d92fe308d5697fb81d3e43,24085.772745000002,3.0,True,53.5,0,,False,"['AE', 'GLOBAL', 'MT', 'US']",exchange,True,3.47,2.17,False
0x2d3c7c3effff1dce08b8ac796e242f5f0c36ac47,ethereum,USDT,11038.404881999997,10745.990954999997,USDT,11038.404881999997,90,1,14,12,17,0.18681318681318682,0.01098901098901099,0.9735094037475622,False,0.6645410228406653,0.11383490544553759,False,False,,28.1,,0,[],[],0,False,False,,,71.6,True,Binance 14,0x28c6c06298d514db089934071355e5743bf21d60,10745.990955,1.0,True,53.1,0,,False,"['AE', 'GLOBAL', 'MT']",exchange,True,90.0,6.43,True
0x15cffe3f4951e63cc248dbd41c10914017819f30,ethereum,USDT,384497.897808,440012.015058,USDT,384497.897808,124,10,16,18,24,0.21347150259067357,0.00932642487046632,1.1443808082345384,False,0.5393544013557733,0.09989164706462167,False,False,,27.5,,0,[],[],0,False,False,,,54.5,False,Binance 17,0x56eddb7aa87536c09ccc2793473599fd21a8b17f,195190.057,5.0,True,52.5,0,,False,"['AE', 'GLOBAL', 'MT']",exchange,True,12.4,7.75,False
0x9c473e81abfca09c1628c13b48c65d26ad377483,ethereum,USDT,53918.27974400001,55816.773423,USDT,53918.27974400001,58,13,21,45,14,0.14072494669509594,0.0,1.0352105758569061,False,0.5115905926034177,0.09602928974749736,False,False,,27.5,,0,[],[],0,False,False,,,35.1,False,Binance 16,0xdfd5293d8e347dfe59e90efd55b2956a1343963d,14654.853,5.0,True,52.5,0,,False,"['AE', 'GLOBAL', 'MT']",exchange,True,4.46,2.76,False
0x7ed7f9f3cf6f0748c63a572ab383023c6e2fff4f,ethereum,USDT,573545.3796649998,526970.7165679999,USDT,573545.3796649998,1209,5,15,79,24,0.08288928359976318,0.06394316163410302,0.918795155974923,False,0.7509172081386843,-0.009459408077903242,True,False,,52.4,,0,[],[],0,False,False,,,70.2,False,,,0.0,,False,52.4,0,,False,[],,False,241.8,80.6,False
0xc5f04b7b745149d625e81a6c1543feb08242e4b3,ethereum,USDT,390031.28423199995,441200.64609500003,USDT,390031.28423199995,114,10,19,18,24,0.21681864235055726,0.005065856129685917,1.1311929681839659,False,0.522152827274735,0.09922222166434058,False,False,,27.1,,0,[],[],0,False,False,,,53.2,False,Binance 14,0x28c6c06298d514db089934071355e5743bf21d60,199473.979,5.0,True,52.1,0,,False,"['AE', 'GLOBAL', 'MT']",exchange,True,11.4,6.0,False
0x9baefb2eb210669335524bc56eb3098162ac8e02,ethereum,USDT,361282.51454699994,418540.33254699997,USDT,361282.51454699994,125,10,16,18,24,0.22745901639344263,0.005122950819672131,1.1584848856352588,False,0.5305014142938598,0.10313558204610629,False,False,,26.6,,0,[],[],0,False,False,,,54.7,False,Binance 16,0xdfd5293d8e347dfe59e90efd55b2956a1343963d,214932.297,5.0,True,51.6,0,,False,"['AE', 'GLOBAL', 'MT']",exchange,True,12.5,7.81,False
0x7433036715c2b5559b002b896ce3ae18c487b7e3,ethereum,USDT,66828.633172,66828.6329,USDT,66828.633172,90,8,23,11,15,0.16205128205128205,0.0,0.9999999959298883,False,0.632037532698042,0.11924288661282267,False,False,,26.3,,0,[],[],0,False,False,,,52.6,False,Binance 17,0x56eddb7aa87536c09ccc2793473599fd21a8b17f,1943.853,5.0,True,51.3,0,,False,"['AE', 'GLOBAL', 'MT']",exchange,True,11.25,3.91,False
0x5b71d5fd6bb118665582dd87922bf3b9de6c75f9,ethereum,USDT,171009.742505,164574.25,USDT,171009.742505,291,4,6,87,23,0.3517915309446254,0.05537459283387622,0.9623676849591664,False,0.7250472635333883,0.1328973175374467,False,False,,26.2,,0,[],[],0,False,False,,,64.2,False,Crypto.com 5,0xcffad3200574698b78f32232aa9d63eabd290703,164574.25,1.0,True,51.2,0,,False,[],,False,72.75,48.5,False
0x6ba457c996b0ad840d1d21c67bf54aec9237ab0b,ethereum,USDT,320116.76405600004,371067.597938,USDT,320116.76405600004,108,10,15,17,24,0.21842650103519667,0.0010351966873706005,1.159163279162371,False,0.5031539393417885,0.10271466520270173,False,False,,26.0,,0,[],[],0,False,False,,,51.3,False,Binance 15,0x21a31ee1afc51d94c2efccaa2092ad1028285549,136243.87082699998,6.0,True,51.0,0,,False,"['AE', 'GLOBAL', 'MT', 'US']",exchange,True,10.8,7.2,False
0xb9ffa4fe83b744e8d53dd44e904e3a57cd3ba152,ethereum,USDT,10322.535929000001,10322.535929,USDT,10322.535929000001,53,1,5,1,2,0.0,0.0,0.9999999999999998,False,0.49490616621983907,0.10270815681123685,False,False,,25.8,,0,[],[],0,False,False,,,44.8,False,Binance 14,0x28c6c06298d514db089934071355e5743bf21d60,10322.535929,1.0,True,50.8,0,,False,"['AE', 'GLOBAL', 'MT']",exchange,True,53.0,10.6,True
0x6ca77efbc58ad48960003d051478f534a782a5c5,ethereum,USDT,231352.257753,231352.257753,USDT,231352.257753,133,3,19,10,24,0.2332657200811359,0.004056795131845842,1.0,False,0.6146112600536194,0.12149382716882096,False,False,,25.5,,0,[],[],0,False,False,,,56.1,False,Binance 18,0x9696f59e4d72e237be84ffd425dcad154bf96976,20098.536999999997,5.0,True,50.5,0,,False,"['AE', 'GLOBAL', 'MT']",exchange,True,44.33,7.0,False
0x8e2ebe2778822b325a1fc4ec9ef29b32d2856a26,ethereum,USDT,13186.644317999999,13297.641438,USDT,13186.644317999999,59,14,14,25,19,0.0707070707070707,0.0,1.0084173893921207,False,0.3741878357944981,0.08751813195605324,False,False,,25.5,,0,[],[],0,False,False,,,30.8,False,Coinbase 10,0xa9d1e08c7793af67e9d92fe308d5697fb81d3e43,443.17471,1.0,True,50.5,0,,False,['US'],exchange,False,4.21,4.21,False
0x6291680980daa5135599d192b6a09a73ab677ba7,ethereum,USDT,24681.510000000002,24681.51,USDT,24681.510000000002,85,1,25,17,13,0.045454545454545456,0.0,0.9999999999999999,False,0.6175603217158177,0.12470208927441845,False,False,,24.9,,0,[],[],0,False,False,,,53.0,False,Binance 14,0x28c6c06298d514db089934071355e5743bf21d60,24681.509999999995,1.0,True,49.9,0,,False,"['AE', 'GLOBAL', 'MT']",exchange,True,85.0,3.4,True
0x66867e811ad86b36a38453d15e34b18017b0b06f,ethereum,USDT,89346.52138300006,89346.521383,USDT,89346.52138300006,86,11,20,8,13,0.3906432748538012,0.0,0.9999999999999993,False,0.46997319034852536,0.10423742920662071,False,False,,24.9,,0,[],[],0,False,False,,,48.8,False,Binance 17,0x56eddb7aa87536c09ccc2793473599fd21a8b17f,1020.02,5.0,True,49.9,0,,False,"['AE', 'GLOBAL', 'MT']",exchange,True,7.82,4.3,False
0xca03fa4399a806301471a500a35f3cb109bf3f80,ethereum,USDT,81118.759894,0.0,USDT,81118.759894,79,0,0,52,22,0.04081632653061224,0.14285714285714285,0.0,True,0.2908847184986595,0.08019960187422942,False,False,,24.8,,0,[],[],0,False,False,,,41.5,False,Binance 14,0x28c6c06298d514db089934071355e5743bf21d60,2271.862928,2.0,True,49.8,0,,False,"['AE', 'GLOBAL', 'MT', 'US']",exchange,True,79.0,79.0,True
0x85b312d08977a54e1af1e8f247928c8aca58bf8e,ethereum,USDT,62535.10459999999,62535.1046,USDT,62535.10459999999,60,10,24,8,14,0.19157608695652173,0.0,1.0000000000000002,False,0.5331099195710455,0.11495786946432712,False,False,,24.6,,0,[],[],0,False,False,,,37.0,False,Binance 15,0x21a31ee1afc51d94c2efccaa2092ad1028285549,3396.973,5.0,True,49.6,0,,False,"['AE', 'GLOBAL', 'MT']",exchange,True,6.0,2.5,False
0x06798c9e490521a2958fc658293a1f89f5e2fbcf,ethereum,USDT,189991.84566700002,0.0,USDT,189991.84566700002,283,0,0,28,8,0.4476987447698745,0.01882845188284519,0.0,True,0.34235924932975875,-0.04749798743120215,True,False,,49.0,,0,[],[],0,False,False,,,90.7,True,,,0.0,,False,49.0,0,,False,[],,False,283.0,283.0,True
0x108828aeda605e33435d7abbd987b178434fe7eb,ethereum,USDT,1064626.0223649999,1083649.499337,USDT,1064626.0223649999,439,5,25,88,24,0.33123425692695213,0.0025188916876574307,1.0178686943324387,False,0.6743082986670244,-0.025816054299732105,True,False,,49.0,,0,[],[],0,False,False,,,60.2,False,,,0.0,,False,49.0,0,,False,[],,False,87.8,17.56,False
0x108828aeda605e33435d7abbd987b178434fe7eb,ethereum,USDT,1064626.0223649999,1083649.499337,USDT,1064626.0223649999,439,5,25,88,24,0.33123425692695213,0.0025188916876574307,1.0178686943324387,False,0.6743082986670244,-0.025816054299732105,True,False,,49.0,,0,[],[],0,False,False,,,64.3,False,,,0.0,,False,49.0,0,,False,[],,False,87.8,17.56,False
0x95cace276e1986fe328afcfc0e94f92165e13f97,ethereum,USDT,56996.50499100001,56996.504991,USDT,56996.50499100001,59,8,24,7,13,0.2198100407055631,0.0,0.9999999999999999,False,0.5258713136729222,0.11820141058794437,False,False,,23.8,,0,[],[],0,False,False,,,36.0,False,Binance 18,0x9696f59e4d72e237be84ffd425dcad154bf96976,2167.365,4.0,True,48.8,0,,False,"['AE', 'GLOBAL', 'MT']",exchange,True,7.38,2.46,False
0x08f502da0f69ec96a1240cad3781000ca4b6c524,ethereum,USDT,411470.269957,490.0,USDT,411470.269957,50,3,8,38,19,0.205607476635514,0.205607476635514,0.0011908515287172672,True,0.22959473867035474,0.07770684323595195,False,False,,23.7,,0,[],[],0,False,False,,,19.7,False,Binance 15,0x21a31ee1afc51d94c2efccaa2092ad1028285549,3271.7,2.0,True,48.7,0,,False,"['AE', 'GLOBAL', 'MT']",exchange,True,16.67,6.25,False
0x493a30a817541c033d128b151a7fcc4a0c6aefb4,ethereum,USDT,163842.21254,163842.01,USDT,163842.21254,675,2,19,2,6,0.3718518518518519,0.017777777777777778,0.9999987638106391,False,0.7113938546388034,0.00942906689208689,False,False,,48.0,,0,[],[],0,False,False,,,62.7,False,,,0.0,,False,48.0,0,,False,[],,False,337.5,35.53,False
0xeb187b6b15120eb3a6b09a0b73c6cd83ddb2c064,ethereum,USDT,29991.866147,29991.866147,USDT,29991.866147,320,1,1,1,2,0.0,0.04375,1.0,False,0.8233243967828419,0.0254516867043747,False,False,,47.9,,0,[],[],0,False,False,,,92.1,True,,,0.0,,False,47.9,0,,False,[],,False,320.0,320.0,True
0xb0fb0e6a6a1e26b28d7cfc215f078a99e9fc5c34,ethereum,USDT,65482.30391,65482.30391,USDT,65482.30391,197,6,16,4,7,0.03015075376884422,0.005025125628140704,1.0,False,0.7993297587131367,0.16128169710547535,False,False,,22.9,,0,[],[],0,False,False,,,44.7,False,Binance 17,0x56eddb7aa87536c09ccc2793473599fd21a8b17f,1138.0,2.0,True,47.9,0,,False,"['AE', 'GLOBAL', 'MT']",exchange,True,32.83,12.31,False
0xb6ca71192940d6fbf10b5a91bf1ff61fbaf402e1,ethereum,USDT,44850.236162,44850.236162,USDT,44850.236162,82,12,19,11,13,0.5354477611940298,0.0,1.0,False,0.46313672922252014,0.11519522566259671,False,False,,22.8,,0,[],[],0,False,False,,,48.0,False,Binance 17,0x56eddb7aa87536c09ccc2793473599fd21a8b17f,6496.485000000001,5.0,True,47.8,0,,False,"['AE', 'GLOBAL', 'MT']",exchange,True,6.83,4.32,False
0xdf70a7494dbaab2d400138c223152659862032bd,ethereum,USDT,66426.23409000001,66426.21209,USDT,66426.23409000001,96,10,19,12,24,0.3772893772893773,0.0,0.9999996688055508,False,0.49490609998094925,0.12076429637963071,False,False,,22.6,,0,[],[],0,False,False,,,52.2,False,Binance 16,0xdfd5293d8e347dfe59e90efd55b2956a1343963d,5065.906999999999,5.0,True,47.6,0,,False,"['AE', 'GLOBAL', 'MT']",exchange,True,9.6,5.05,False
0xf4f77ef5a426728a6ac8d8abca22fee6fca1f57a,ethereum,USDT,63105.84424,63090.89324,USDT,63105.84424,77,9,12,9,13,0.4358353510895884,0.0,0.9997630805802528,False,0.4457971201374983,0.1146715406433082,False,False,,22.5,,0,[],[],0,False,False,,,45.5,False,Binance 15,0x21a31ee1afc51d94c2efccaa2092ad1028285549,2153.113,5.0,True,47.5,0,,False,"['AE', 'GLOBAL', 'MT']",exchange,True,8.56,6.42,False
0xcc1c3f6eb02f8ff2e62a287894073d2dd4d76d5a,ethereum,USDT,11440.740471000005,10016.010178,USDT,11440.740471000005,56,12,19,48,24,0.1827956989247312,0.0,0.8754686991972757,False,0.333672828311305,0.09931722356376366,False,False,,22.4,,0,[],[],0,False,False,,,31.1,False,Coinbase 10,0xa9d1e08c7793af67e9d92fe308d5697fb81d3e43,967.5467570000001,2.0,True,47.4,0,,False,"['AE', 'GLOBAL', 'MT', 'US']",exchange,True,4.67,2.95,False
0x9fad7da84392f6f5499668232ed1d1e815d7621f,ethereum,USDT,15421.124328999997,15531.624329,USDT,15421.124328999997,51,1,4,5,5,0.05660377358490566,0.0,1.007165495695551,False,0.4806044343729542,0.12116575267695268,False,False,,22.2,,0,[],[],0,False,False,,,49.2,False,Binance 14,0x28c6c06298d514db089934071355e5743bf21d60,15531.624329,1.0,True,47.2,0,,False,"['AE', 'GLOBAL', 'MT']",exchange,True,51.0,12.75,True
0xc014cb39f8d69d19c821013a3f6b404638483c31,ethereum,USDT,120100.44173500007,42830.0,USDT,120100.44173500007,152,11,14,89,23,0.04960835509138381,0.06527415143603134,0.35661817210051394,True,0.4253450821412824,0.11328988518880384,False,False,,22.2,,0,[],[],0,False,False,,,45.0,False,Binance 16,0xdfd5293d8e347dfe59e90efd55b2956a1343963d,5575.5449,5.0,True,47.2,2,27435.0,True,"['AE', 'GLOBAL', 'MT']",exchange,True,13.82,10.86,False
0x23543e729ed028e752d98e2af50e57d2d485f7b7,ethereum,USDT,608323.7112499999,234.073107,USDT,608323.7112499999,756,6,19,33,24,0.2971938775510204,0.10459183673469388,0.0003847837963097317,True,0.484929503676152,-0.016228625943115693,True,False,,47.0,,0,[],[],0,False,False,,,69.0,False,,,0.0,,False,47.0,0,,False,[],,False,126.0,39.79,False
0xab1566f0b38bd2249cb74fc0c4f8888a6dbaadd5,ethereum,USDT,115863.30934499997,79632.744569,USDT,115863.30934499997,52,12,25,63,16,0.006578947368421052,0.02631578947368421,0.6872990683520168,False,0.48906839275887515,0.12320212695959049,False,False,,22.0,,0,[],[],0,False,False,,,2.3,False,Coinbase 10,0xa9d1e08c7793af67e9d92fe308d5697fb81d3e43,18489.667148999997,4.0,True,47.0,2,27539.0,True,"['AE', 'GLOBAL', 'MT', 'US']",exchange,True,4.33,2.08,False
0x208261df8489b5b6fcbf77b64cc4beb5ba9f0922,ethereum,USDT,18109.11,18558.71,USDT,18109.11,60,1,18,23,16,0.11428571428571428,0.014285714285714285,1.0248272830636072,False,0.5707718088028282,0.13632827913693224,False,False,,21.7,,0,[],[],0,False,False,,,41.5,False,Binance 14,0x28c6c06298d514db089934071355e5743bf21d60,18558.71,1.0,True,46.7,0,,False,"['AE', 'GLOBAL', 'MT']",exchange,True,60.0,3.33,True
0xc7d7a089b085b86047dd7551a697d1b17c7838c4,ethereum,USDT,28684.362353999997,25429.272358,USDT,28684.362353999997,64,2,13,18,12,0.08108108108108109,0.13513513513513514,0.8865203989606525,False,0.7126928197385113,0.1559887531236061,False,False,,21.7,,0,[],[],0,False,False,,,39.9,False,Binance 17,0x56eddb7aa87536c09ccc2793473599fd21a8b17f,4.6,1.0,True,46.7,0,,False,"['AE', 'GLOBAL', 'MT']",exchange,True,32.0,4.92,False
0x90d26309f9c83852aa626ee1f698caee73d1d7b7,ethereum,USDT,97218.41114200001,97190.0,USDT,97218.41114200001,68,11,19,50,24,0.13135593220338984,0.2754237288135593,0.9997077596551284,False,0.5807726511267362,0.1378476894371955,False,False,,21.7,,0,[],[],0,False,False,,,39.8,False,Binance 15,0x21a31ee1afc51d94c2efccaa2092ad1028285549,9563.223766000001,6.0,True,46.7,0,,False,"['AE', 'GLOBAL', 'MT', 'US']",exchange,True,6.18,3.58,False
0x22a4247ad0f3f30f8e2ded14a290071c78a29453,ethereum,USDT,481252.52406000026,481250.0,USDT,481252.52406000026,894,3,23,26,24,0.2828282828282828,0.022222222222222223,0.9999947552275072,False,0.7218488169972441,0.019493689466481445,False,False,,46.5,,0,[],[],0,False,False,,,70.8,False,,,0.0,,False,46.5,0,,False,[],,False,298.0,38.87,False
0xf0a34c2de2879491c538d5f92656e5ed87ff11ff,ethereum,USDT,113294.46217200001,127505.89800900001,USDT,113294.46217200001,70,12,22,78,24,0.39473684210526316,0.043859649122807015,1.1254380449366064,False,0.47625287358640533,0.12423240139352282,False,False,,21.5,,0,[],[],0,False,False,,,18.4,False,Binance 18,0x9696f59e4d72e237be84ffd425dcad154bf96976,21850.222472999998,8.0,True,46.5,0,,False,"['AE', 'GLOBAL', 'MT', 'US']",exchange,True,5.83,3.18,False
0xa35572ceb6fc946493ca5c8db6953e208f605578,ethereum,USDT,32593.365554000004,11561.857379000001,USDT,32593.365554000004,62,14,17,2,16,0.009433962264150943,0.16981132075471697,0.35473039320976407,True,0.4586136389636687,0.121757489053689,False,False,,21.5,,0,[],[],0,False,False,,,40.5,False,Binance 18,0x9696f59e4d72e237be84ffd425dcad154bf96976,1555.0,5.0,True,46.5,0,,False,"['AE', 'GLOBAL', 'MT']",exchange,True,4.43,3.65,False
0x8d56e0e3847148019da2948b1ed6bf89924044eb,ethereum,USDT,1959565.719527,1959565.0,USDT,1959565.719527,410,6,24,34,24,0.024623803009575923,0.17920656634746923,0.9999996328130295,False,0.7982572992167615,0.030552496462611267,False,False,,46.4,,0,[],[],0,False,False,,,38.2,False,,,0.0,,False,46.4,2,1573.0,True,[],,False,68.33,17.08,False
0x7e9eb60cba63b9f26f64e5b32e199c021c96535f,ethereum,USDT,44945.22731999999,44945.0,USDT,44945.22731999999,88,4,7,10,24,0.42662116040955633,0.0,0.9999949422883464,False,0.5239936265273745,0.13213767518206726,False,False,,21.3,,0,[],[],0,False,False,,,49.5,False,Binance 15,0x21a31ee1afc51d94c2efccaa2092ad1028285549,5979.963,5.0,True,46.3,0,,False,"['AE', 'GLOBAL', 'MT']",exchange,True,22.0,12.57,False
0xc733b196599bad41618b4588d47441a865b30ee9,ethereum,USDT,72486.96697200001,72461.979972,USDT,72486.96697200001,97,6,13,9,13,0.2653333333333333,0.0,0.9996552897569896,False,0.5472500928039449,0.13553696156800105,False,False,,21.2,,0,[],[],0,False,False,,,52.5,False,Binance 18,0x9696f59e4d72e237be84ffd425dcad154bf96976,3131.005,5.0,True,46.2,0,,False,"['AE', 'GLOBAL', 'MT']",exchange,True,16.17,7.46,False
0x436f33146f5a3846499f691bdc7992aa90460677,ethereum,USDT,54976.64034199999,54976.640342,USDT,54976.64034199999,90,5,14,8,13,0.2770745428973277,0.0,1.0000000000000002,False,0.5320375335120644,0.1356535032492619,False,False,,20.8,,0,[],[],0,False,False,,,50.4,False,Binance 15,0x21a31ee1afc51d94c2efccaa2092ad1028285549,2596.992,5.0,True,45.8,0,,False,"['AE', 'GLOBAL', 'MT']",exchange,True,18.0,6.43,False
0xc81dd237e91da015dbfc90f44ff78e2e2d1ac9b4,ethereum,USDT,52833.11033400001,52833.0,USDT,52833.11033400001,93,9,14,10,24,0.4551282051282051,0.0,0.9999979116504912,False,0.4904821560566398,0.13021250490172642,False,False,,20.8,,0,[],[],0,False,False,,,51.8,False,Binance 17,0x56eddb7aa87536c09ccc2793473599fd21a8b17f,3016.531,5.0,True,45.8,0,,False,"['AE', 'GLOBAL', 'MT']",exchange,True,10.33,6.64,False
0x724718f697a95a5421198515144866e15314ce49,ethereum,USDT,58795.30770599999,58795.30734,USDT,58795.30770599999,92,7,23,5,7,0.05154639175257732,0.041237113402061855,0.9999999937750136,False,0.7132707762348954,0.1615252351498913,False,False,,20.7,,0,[],[],0,False,False,,,29.2,False,Binance 18,0x9696f59e4d72e237be84ffd425dcad154bf96976,8830.0,2.0,True,45.7,0,,False,"['AE', 'GLOBAL', 'MT']",exchange,True,13.14,4.0,False
0x3c87b82c7f8c532496980113bc1a3eb574dfbf12,ethereum,USDT,33415.13599,33000.0,USDT,33415.13599,51,6,10,2,12,0.19076923076923077,0.0,0.9875764087830067,False,0.5295528152686657,0.138373283853911,False,False,,20.3,,0,[],[],0,False,False,,,30.0,False,Binance 15,0x21a31ee1afc51d94c2efccaa2092ad1028285549,10416.398000000001,5.0,True,45.3,0,,False,"['AE', 'GLOBAL', 'MT']",exchange,True,8.5,5.1,False
0x1935d7fe63154042fbcd138eefbedeb2718d0093,ethereum,USDT,37755.90840200001,37755.908402,USDT,37755.90840200001,73,8,12,11,13,0.558091286307054,0.0,0.9999999999999998,False,0.43498659517426275,0.12656407098278472,False,False,,20.1,,0,[],[],0,False,False,,,44.2,False,Binance 14,0x28c6c06298d514db089934071355e5743bf21d60,920.832,4.0,True,45.1,0,,False,"['AE', 'GLOBAL', 'MT']",exchange,True,9.12,6.08,False
0x7f60a664e6e6eb7d3cfd17d49624922e8eba32b1,ethereum,USDT,19549.633937,0.0,USDT,19549.633937,204,0,0,1,6,0.0,0.0196078431372549,0.0,True,0.48310991957104554,-0.004668933796977415,True,False,,44.8,,0,[],[],0,False,False,,,89.4,True,,,0.0,,False,44.8,0,,False,[],,False,204.0,204.0,True
0x7a51633527ec6a1fba9af4023662125b2fe1d4a1,ethereum,USDT,49769.43920699999,49769.438949999996,USDT,49769.43920699999,76,9,20,9,14,0.592128801431127,0.0,0.9999999948361887,False,0.4414209104953879,0.12952727999375124,False,False,,19.7,,0,[],[],0,False,False,,,45.0,False,Binance 18,0x9696f59e4d72e237be84ffd425dcad154bf96976,861.4200000000001,4.0,True,44.7,0,,False,"['AE', 'GLOBAL', 'MT']",exchange,True,8.44,3.8,False
0x525c25526141d86199cef9b007901bed94222f21,ethereum,USDT,25873.724499000007,16692.349004,USDT,25873.724499000007,80,12,14,9,22,0.0641025641025641,0.0641025641025641,0.6451467396835404,False,0.48573176080534075,0.13561154104922973,False,False,,19.7,,0,[],[],0,False,False,,,44.9,False,Coinbase 10,0xa9d1e08c7793af67e9d92fe308d5697fb81d3e43,955.191703,2.0,True,44.7,0,,False,"['AE', 'GLOBAL', 'MT', 'US']",exchange,True,6.67,5.71,False
0xe2f8f90d14cf818383df78b2736905fabe04ec20,ethereum,USDT,16404.5147,16404.5147,USDT,16404.5147,51,1,15,18,19,0.19230769230769232,0.019230769230769232,1.0,False,0.3853887399463807,0.12232275715781105,False,False,,19.6,,0,[],[],0,False,False,,,42.6,False,Binance 14,0x28c6c06298d514db089934071355e5743bf21d60,16404.5147,1.0,True,44.6,0,,False,"['AE', 'GLOBAL', 'MT']",exchange,True,51.0,3.4,True
0xd878319d64e05a38552761ed95e43948a0a19aad,ethereum,USDT,91628.388435,160000.0,USDT,91628.388435,794,3,12,26,16,0.0022197558268590455,0.05771365149833518,1.7461837180897484,False,0.7563932831917018,0.03522178935585807,False,False,,44.5,,0,[],[],0,False,False,,,67.5,False,,,0.0,,False,44.5,0,,False,[],,False,264.67,66.17,False
0x4f4f2758ce7b9bf9f2edc0260ad5d9d3ac6c59fa,ethereum,USDT,29946.745,29946.745,USDT,29946.745,67,7,11,8,13,0.589622641509434,0.0,1.0,False,0.4164879356568365,0.12691323066945853,False,False,,19.5,,0,[],[],0,False,False,,,41.5,False,Binance 15,0x21a31ee1afc51d94c2efccaa2092ad1028285549,3202.3819999999996,5.0,True,44.5,0,,False,"['AE', 'GLOBAL', 'MT']",exchange,True,9.57,6.09,False
0xbd53634f5812b28fee4bfa72e3eed6da0114dfb5,ethereum,USDT,12469.901670000005,12469.901670000001,USDT,12469.901670000005,57,1,13,9,13,0.3157894736842105,0.0,0.9999999999999997,False,0.3634048257372654,0.12151496578910348,False,False,,19.2,,0,[],[],0,False,False,,,43.8,False,Binance 14,0x28c6c06298d514db089934071355e5743bf21d60,12469.901670000001,1.0,True,44.2,0,,False,"['AE', 'GLOBAL', 'MT']",exchange,True,57.0,4.38,True
0xf643c88b4dabdb8420da7058f54bb328c17d09e4,ethereum,USDT,68748.43758999999,67802.29999999999,USDT,68748.43758999999,54,11,25,46,21,0.47619047619047616,0.02857142857142857,0.98623768592906,False,0.41051831466570476,0.12796935594387243,False,False,,19.2,,0,[],[],0,False,False,,,29.3,False,Coinbase 10,0xa9d1e08c7793af67e9d92fe308d5697fb81d3e43,4054.7918469999995,3.0,True,44.2,0,,False,"['AE', 'GLOBAL', 'MT', 'US']",exchange,True,4.91,2.16,False
0x50e261760127a4cd1022199377994eb8e18db267,ethereum,USDT,43070.62149000001,43070.62125,USDT,43070.62149000001,70,8,14,10,14,0.6138211382113821,0.0,0.9999999944277559,False,0.42493297475686487,0.1312969319504722,False,False,,18.9,,0,[],[],0,False,False,,,42.8,False,Binance 17,0x56eddb7aa87536c09ccc2793473599fd21a8b17f,4872.751,5.0,True,43.9,0,,False,"['AE', 'GLOBAL', 'MT']",exchange,True,8.75,5.0,False
0x02200081af9419af307c6716d045e3fc45c2ef3e,ethereum,USDT,15761.179999999998,15761.18,USDT,15761.179999999998,73,1,17,10,13,0.3783783783783784,0.0,1.0000000000000002,False,0.43498659517426275,0.1335781253227194,False,False,,18.8,,0,[],[],0,False,False,,,53.7,False,Binance 14,0x28c6c06298d514db089934071355e5743bf21d60,15761.18,1.0,True,43.8,0,,False,"['AE', 'GLOBAL', 'MT']",exchange,True,73.0,4.29,True
0x648199c2cb1cf5aff759a951983416a2f8f9e4e8,ethereum,USDT,505340.7227909998,0.0,USDT,505340.7227909998,121,0,0,32,24,0.1872749099639856,0.11164465786314526,0.0,True,0.3537533512064343,-0.015050607574780606,True,False,,43.5,,0,[],[],0,False,False,,,68.7,False,,,0.0,,False,43.5,0,,False,[],,False,121.0,121.0,True
0x34d67e70d689323eb03a1bef04b322663b6c276a,ethereum,USDT,57865.44136,57861.282333999996,USDT,57865.44136,97,12,23,17,24,0.2236024844720497,0.0,0.9999281259089665,False,0.49730466003434026,0.14414128074868587,False,False,,18.5,,0,[],[],0,False,False,,,40.2,False,Coinbase 10,0xa9d1e08c7793af67e9d92fe308d5697fb81d3e43,5191.135247,2.0,True,43.5,0,,False,"['AE', 'GLOBAL', 'MT', 'US']",exchange,True,8.08,4.22,False
0x221753d199d0615cbf1328d81f431982f977f1c5,ethereum,USDT,22049.534381,13468.180882,USDT,22049.534381,66,2,4,58,19,0.047619047619047616,0.20952380952380953,0.6108147523335223,False,0.5377125483219324,0.1514323027201932,False,False,,18.2,,0,[],[],0,False,False,,,38.6,False,Binance 18,0x9696f59e4d72e237be84ffd425dcad154bf96976,7423.8145810000005,6.0,True,43.2,2,27532.0,True,"['AE', 'GLOBAL', 'MT', 'US']",exchange,True,33.0,16.5,False
0x7954ba20a355a1a3a4d8211040cd9000ae4d7dda,ethereum,USDT,18376.656114000005,16737.166319000004,USDT,18376.656114000005,77,5,23,69,22,0.1,0.023076923076923078,0.9107841064865453,False,0.5367144620479793,0.1510759525875448,False,False,,18.2,,0,[],[],0,False,False,,,42.6,False,Binance 18,0x9696f59e4d72e237be84ffd425dcad154bf96976,1132.42,4.0,True,43.2,2,27513.0,True,"['AE', 'GLOBAL', 'MT']",exchange,True,15.4,3.35,False
0x5f26548baac4db3b44e7f1ea20c4607116d8fe11,ethereum,USDT,48291.877962999984,48057.551114,USDT,48291.877962999984,58,9,21,49,21,0.38738738738738737,0.08108108108108109,0.9951476964888482,False,0.4778499146328903,0.14335501509813248,False,False,,18.1,,0,[],[],0,False,False,,,23.9,False,Coinbase 10,0xa9d1e08c7793af67e9d92fe308d5697fb81d3e43,12146.378686000002,7.0,True,43.1,0,,False,"['AE', 'GLOBAL', 'MT', 'US']",exchange,True,6.44,2.76,False
0x5f9acf4e85aa7283e0c16dd94cbc942f9d625151,ethereum,USDT,1383756.0028979995,1411047.0921079998,USDT,1383756.0028979995,255,6,22,90,24,0.1334321719792439,0.06226834692364715,1.0197224721358713,False,0.7307740042323432,0.0408092191818169,False,False,,42.9,,0,[],[],0,False,False,,,67.1,False,,,0.0,,False,42.9,0,,False,[],,False,42.5,11.59,False
0xf800d2cfe145ecc3d034e7736cdfd4cae6b68edd,ethereum,USDT,14431.238754000002,15000.0,USDT,14431.238754000002,68,2,3,55,24,0.16030534351145037,0.0,1.0394118104270398,False,0.46182273174837224,0.14239360780835797,False,False,,17.9,,0,[],[],0,False,False,,,43.5,False,Coinbase 10,0xa9d1e08c7793af67e9d92fe308d5697fb81d3e43,2218.3614239999997,5.0,True,42.9,0,,False,"['AE', 'GLOBAL', 'MT', 'US']",exchange,True,34.0,22.67,False
0xcbbf0684b08bb78c06ee2033b9d0a5874adc75e3,ethereum,USDT,147380.919156,155105.1,USDT,147380.919156,79,6,14,70,22,0.34532374100719426,0.07913669064748201,1.0524096395125893,False,0.6014483670036485,0.16178022156773264,False,False,,17.9,,0,[],[],0,False,False,,,18.0,False,Coinbase 10,0xa9d1e08c7793af67e9d92fe308d5697fb81d3e43,11921.12315,5.0,True,42.9,0,,False,"['AE', 'GLOBAL', 'MT', 'US']",exchange,True,13.17,5.64,False
0xac7cfeeebb9944b3d5ba02162ad6b9a79e61c35a,ethereum,USDT,55913.83260999997,55913.83149,USDT,55913.83260999997,64,5,16,11,17,0.46882217090069284,0.0,0.999999979969179,False,0.4516085750823076,0.1414425652264491,False,False,,17.8,,0,[],[],0,False,False,,,39.4,False,Binance 16,0xdfd5293d8e347dfe59e90efd55b2956a1343963d,2327.682,5.0,True,42.8,0,,False,"['AE', 'GLOBAL', 'MT']",exchange,True,12.8,4.0,False
0x8fe0ed7219253ba556443eb7e798dc996704b5e0,ethereum,USDT,217311.01804499998,100000.0,USDT,217311.01804499998,169,4,18,76,24,0.1253731343283582,0.014925373134328358,0.4601699485816792,True,0.44927259561445915,0.14148612607111954,False,False,,17.7,,0,[],[],0,False,False,,,59.5,False,Binance 15,0x21a31ee1afc51d94c2efccaa2092ad1028285549,1776.3788,5.0,True,42.7,0,,False,"['AE', 'GLOBAL', 'MT']",exchange,True,42.25,9.39,False
0x4475bc3bdbce892bded1f78fb7c0787d8d0b592c,ethereum,USDT,53817.09558100002,56288.163987,USDT,53817.09558100002,76,12,19,34,24,0.2484472049689441,0.018633540372670808,1.0459160491535775,False,0.48344413601378855,0.14689524228155115,False,False,,17.6,,0,[],[],0,False,False,,,39.7,False,Coinbase 10,0xa9d1e08c7793af67e9d92fe308d5697fb81d3e43,4577.062279,3.0,True,42.6,2,27525.0,True,"['AE', 'GLOBAL', 'MT', 'US']",exchange,True,6.33,4.0,False
0x44be7aebfb49a4a8924532058d832d15ed2d92d6,ethereum,USDT,43963.075072,48983.51,USDT,43963.075072,66,11,24,59,19,0.4690265486725664,0.017699115044247787,1.1141966279605748,False,0.43761643848295206,0.14144866391744743,False,False,,17.4,,0,[],[],0,False,False,,,29.3,False,Coinbase 10,0xa9d1e08c7793af67e9d92fe308d5697fb81d3e43,3629.462538,1.0,True,42.4,0,,False,['US'],exchange,False,6.0,2.75,False
0x27f8e7b0c5d0e33aa0b8d052e00e079908abb646,ethereum,USDT,112155.37686500003,58192.359698,USDT,112155.37686500003,61,2,6,72,22,0.42168674698795183,0.10843373493975904,0.5188548362513675,False,0.46730984124491154,0.14630622558357986,False,False,,17.3,,0,[],[],0,False,False,,,13.4,False,Binance 14,0x28c6c06298d514db089934071355e5743bf21d60,27456.514881,7.0,True,42.3,0,,False,"['AE', 'GLOBAL', 'MT', 'US']",exchange,True,30.5,10.17,False
0x55dd39a3a46c32e647c54a2046aa717056614406,ethereum,USDT,43191.245914999985,44162.148805000004,USDT,43191.245914999985,81,11,12,62,23,0.13690476190476192,0.0,1.022479159131245,False,0.4558258839914453,0.14487909883643463,False,False,,17.3,,0,[],[],0,False,False,,,39.2,False,Coinbase 10,0xa9d1e08c7793af67e9d92fe308d5697fb81d3e43,8987.851633000002,2.0,True,42.3,0,,False,['US'],exchange,False,7.36,6.75,False
0x6f629121e4e6feb7f788da80ed9c3102f3a64b03,ethereum,USDT,82214.67715199995,71534.59,USDT,82214.67715199995,81,4,6,69,21,0.12457912457912458,0.05723905723905724,0.8700951275128842,False,0.576297845877912,0.16266854807579462,False,False,,17.1,,0,[],[],0,False,False,,,46.3,False,Binance 15,0x21a31ee1afc51d94c2efccaa2092ad1028285549,49799.560000000005,5.0,True,42.1,2,27511.0,True,"['AE', 'GLOBAL', 'MT']",exchange,True,20.25,13.5,False
0x28d0e0503726f62170f38d8496458877c12e4df4,ethereum,USDT,15110.199741000004,15110.022431000001,USDT,15110.199741000004,51,18,23,17,20,0.09523809523809523,0.07936507936507936,0.9999882655422799,False,0.4408823716071155,0.005294950044180902,False,False,,42.0,,0,[],[],0,False,False,,,26.8,False,,,0.0,,False,42.0,0,,False,[],,False,2.83,2.22,False
0x7637b6063b942a219909e7584af64c3be139b30a,ethereum,USDT,379700.73787199985,379700.0,USDT,379700.73787199985,570,4,8,12,14,0.007309941520467836,0.16666666666666666,0.9999980567011695,False,0.9514741421713331,0.07656592645837751,False,False,,41.9,,0,[],[],0,False,False,,,56.8,False,,,0.0,,False,41.9,3,1416.0,True,[],,False,142.5,71.25,False
0xbaaadf5a9b14450931cb5b4850d05e656fcbed30,ethereum,USDT,27699.756926000002,15478.620530999999,USDT,27699.756926000002,69,11,24,35,23,0.18691588785046728,0.009345794392523364,0.5587998686180239,False,0.36873048310698275,0.1347555128187113,False,False,,16.9,,0,[],[],0,False,False,,,34.2,False,Coinbase 10,0xa9d1e08c7793af67e9d92fe308d5697fb81d3e43,1958.376238,1.0,True,41.9,0,,False,['US'],exchange,False,6.27,2.88,False
0xa23a7d1eca0658a8aa69ce022532178a7ec702f6,ethereum,USDT,88448.14616499995,90634.357044,USDT,88448.14616499995,76,10,22,26,24,0.2318840579710145,0.007246376811594203,1.024717430198273,False,0.4689171037726778,0.14995160675829045,False,False,,16.7,,0,[],[],0,False,False,,,29.3,False,Coinbase 10,0xa9d1e08c7793af67e9d92fe308d5697fb81d3e43,7346.764083,1.0,True,41.7,0,,False,['US'],exchange,False,7.6,3.45,False
0xabf865f07dfc60fad147b1118ad06e986a7d2056,ethereum,USDT,162778.23147699996,162778.231377,USDT,162778.23147699996,583,3,3,1,1,1.0,0.04974271012006861,0.9999999993856674,False,0.7414209114052837,0.04915588991284503,False,False,,41.6,,0,[],[],0,False,False,,,70.2,False,,,0.0,,False,41.6,0,,False,[],,False,194.33,194.33,False
0x129b3d4061c716ff08ff315c14c9f05f14ebbb0a,ethereum,USDT,72270.87471899998,79356.81305499999,USDT,72270.87471899998,51,8,13,59,23,0.38461538461538464,0.04895104895104895,1.0980469430258206,False,0.3941975819042193,0.14108426156597703,False,False,,16.4,,0,[],[],0,False,False,,,5.7,False,Binance 15,0x21a31ee1afc51d94c2efccaa2092ad1028285549,4793.058411,6.0,True,41.4,0,,False,"['AE', 'GLOBAL', 'MT', 'US']",exchange,True,6.38,3.92,False
0x4dad9b6bf236ad701d602f4bba62351dcae145c1,ethereum,USDT,34645.584375,25344.864494,USDT,34645.584375,66,5,21,86,23,0.10030395136778116,0.0,0.7315467454573712,False,0.4071672579386592,0.14727660830344602,False,False,,15.6,,0,[],[],0,False,False,,,42.3,False,Binance 18,0x9696f59e4d72e237be84ffd425dcad154bf96976,3003.1976,5.0,True,40.6,0,,False,"['AE', 'GLOBAL', 'MT']",exchange,True,13.2,3.14,False
0xfb9410e21625659b429eab63145872c6757cc178,ethereum,USDT,113984.58285100003,83395.25442299999,USDT,113984.58285100003,57,7,10,68,23,0.32978723404255317,0.09042553191489362,0.73163626463426,False,0.4266221590930719,0.15266873225097166,False,False,,15.2,,0,[],[],0,False,False,,,10.0,False,Binance 16,0xdfd5293d8e347dfe59e90efd55b2956a1343963d,18256.059354999998,7.0,True,40.2,0,,False,"['AE', 'GLOBAL', 'MT', 'US']",exchange,True,8.14,5.7,False
0xfdf75145954399e6694785437548aa07eaad681f,ethereum,USDT,229992.722899,73525.524727,USDT,229992.722899,919,4,20,81,24,0.2556149732620321,0.10802139037433155,0.31968630920243646,True,0.5549560285965195,0.03442343143944604,False,False,,39.6,,0,[],[],0,False,False,,,66.8,False,,,0.0,,False,39.6,0,,False,[],,False,229.75,45.95,False
0x1a2972d2baa3f1f535d37bb7fd01caf38d4c0921,ethereum,USDT,116121.75135900002,0.0,USDT,116121.75135900002,201,0,0,14,24,0.25961538461538464,0.125,0.0,True,0.40670241286863273,0.013880265309762385,False,False,,39.6,,0,[],[],0,False,False,,,83.1,True,,,0.0,,False,39.6,0,,False,[],,False,201.0,201.0,True
0x38fa9ed7bccb6a40964aa06afd060feb5991476b,ethereum,USDT,303924.5468420001,311840.931381,USDT,303924.5468420001,485,2,12,11,24,0.2090032154340836,0.08842443729903537,1.0260472035617292,False,0.7661042322099062,0.06496218871353465,False,False,,39.4,,0,[],[],0,False,False,,,69.8,False,,,0.0,,False,39.4,0,,False,[],,False,242.5,40.42,False
0xc48042826ed32bd2026c88d1a9ca61626c0484f4,ethereum,USDT,42099.433362,60350.0,USDT,42099.433362,90,3,9,78,24,0.23931623931623933,0.017094017094017096,1.433510980565202,False,0.4927884205089435,0.1676785900205804,False,False,,14.1,,0,[],[],0,False,False,,,48.6,False,Coinbase 10,0xa9d1e08c7793af67e9d92fe308d5697fb81d3e43,10854.034126,7.0,True,39.1,0,,False,"['AE', 'GLOBAL', 'MT', 'US']",exchange,True,30.0,10.0,False
0x03eb0ddb3dffd32bc2935e915f084892de38ac87,ethereum,USDT,651475.921906,651257.63,USDT,651475.921906,337,11,20,77,24,0.2096317280453258,0.45892351274787535,0.9996649271313645,False,0.7666890175978546,0.06737523449383642,False,False,,39.0,,0,[],[],0,False,False,,,62.6,False,,,0.0,,False,39.0,0,,False,[],,False,30.64,16.85,False
0x26db368c5009fd78164d9440645a08835a7df489,ethereum,USDT,15955.696516999998,15955.696517,USDT,15955.696516999998,197,1,1,2,2,0.949238578680203,0.08121827411167512,1.0000000000000002,False,0.6840482573726541,0.05717931127478726,False,False,,38.7,,0,[],[],0,False,False,,,88.4,True,,,0.0,,False,38.7,0,,False,[],,False,197.0,197.0,True
0x108828aeda605e33435d7abbd987b178434fe7eb,ethereum,USDT,1064626.0223649999,1083649.499337,USDT,1064626.0223649999,439,5,25,88,24,0.33123425692695213,0.0025188916876574307,1.0178686943324387,False,0.6743082986670244,0.05589789370710008,False,False,,38.7,,0,[],[],0,False,False,,,60.2,False,,,0.0,,False,38.7,0,,False,[],,False,87.8,17.56,False
0x108828aeda605e33435d7abbd987b178434fe7eb,ethereum,USDT,1064626.0223649999,1083649.499337,USDT,1064626.0223649999,439,5,25,88,24,0.33123425692695213,0.0025188916876574307,1.0178686943324387,False,0.6743082986670244,0.05589789370710008,False,False,,38.7,,0,[],[],0,False,False,,,64.3,False,,,0.0,,False,38.7,0,,False,[],,False,87.8,17.56,False
0xfb8e6042755ab41042ad2d2acc5c3d9ce51a558c,ethereum,USDT,62181.278494,38175.97,USDT,62181.278494,64,11,13,53,24,0.19402985074626866,0.014925373134328358,0.6139463665688971,False,0.3683656808204818,0.15372605282204943,False,False,,13.5,,0,[],[],0,False,False,,,30.5,False,Coinbase 10,0xa9d1e08c7793af67e9d92fe308d5697fb81d3e43,5584.629236000001,5.0,True,38.5,0,,False,"['AE', 'GLOBAL', 'MT', 'US']",exchange,True,5.82,4.92,False
0xc7d852aa12b4b0ce0db84df8942d19efbd1058ba,ethereum,USDT,13153.808707,12776.622679000002,USDT,13153.808707,60,18,18,50,23,0.1349206349206349,0.0,0.9713249571738661,False,0.37737491100581877,0.020766082884111636,False,False,,37.6,,0,[],[],0,False,False,,,32.5,False,,,0.0,,False,37.6,0,,False,[],,False,3.33,3.33,False
0x200c02b6fb479e5d8edccda25b7bab7780880558,ethereum,USDT,86592.53215599999,45003.620053,USDT,86592.53215599999,55,9,21,63,20,0.352112676056338,0.02112676056338028,0.5197171041484748,False,0.3146672814195073,0.1529015245551878,False,False,,12.3,,0,[],[],0,False,False,,,4.3,False,Coinbase 10,0xa9d1e08c7793af67e9d92fe308d5697fb81d3e43,38437.695356,7.0,True,37.3,2,27546.0,True,"['AE', 'GLOBAL', 'MT', 'US']",exchange,True,6.11,2.62,False
0xa2f2372fa2ce8064610c72aa3c20a8b809d66c63,ethereum,USDT,33280.920619000004,0.0,USDT,33280.920619000004,141,0,0,1,2,0.0,0.5957446808510638,0.0,True,0.5694369973190349,0.05059217011282252,False,False,,37.1,,0,[],[],0,False,False,,,71.6,True,,,0.0,,False,37.1,0,,False,[],,False,141.0,141.0,True
0x7ebcb8e15c47c99629619b9a5a571c3aa2698258,ethereum,USDT,47846.27925500001,46500.0,USDT,47846.27925500001,57,2,18,23,17,0.02531645569620253,0.0379746835443038,0.9718624044343152,False,0.6309676551495976,0.059542058046956337,False,False,,37.0,,0,[],[],0,False,False,,,25.9,False,,,0.0,,False,37.0,0,,False,[],,False,28.5,3.17,False
0x042405da38b82c825c48144e93fe6d31eeb3606b,ethereum,USDT,41750.51066600002,41750.508023999995,USDT,41750.51066600002,392,14,15,1,3,0.9974489795918368,0.02040816326530612,0.9999999367193364,False,0.6549597728666554,0.06419985681568685,False,False,,36.8,,0,[],[],0,False,False,,,68.5,False,,,0.0,,False,36.8,2,27183.0,True,[],,False,28.0,26.13,False
0x52d4090ecefc7a56ea0c9d81829137f0ebb07a23,ethereum,USDT,34565.360492000014,35600.69583699999,USDT,34565.360492000014,110,16,24,18,10,0.0,0.12686567164179105,1.0299529740255307,False,0.7944115499670118,0.08332921886357547,False,False,,36.8,,0,[],[],0,False,False,,,52.6,False,,,0.0,,False,36.8,0,,False,[],,False,6.88,4.58,False
0xd1c538e88b8436fb1056c44c3fdab028f3a45bb7,ethereum,USDT,223463.08191600014,223463.081916,USDT,223463.08191600014,465,12,20,24,24,0.39920948616600793,0.0533596837944664,0.9999999999999993,False,0.6916890080428952,0.0700389019225463,False,False,,36.6,,0,[],[],0,False,False,,,38.7,False,,,0.0,,False,36.6,0,,False,[],,False,38.75,23.25,False
0xffc5d18d44a3ffea7fdda70a2e201c67ef575a59,ethereum,USDT,31682.02367999999,5023.0,USDT,31682.02367999999,69,4,7,46,23,0.392,0.016,0.15854416532018706,True,0.24886701000773714,0.14828957291794026,False,False,,11.5,,0,[],[],0,False,False,,,30.7,False,Coinbase 10,0xa9d1e08c7793af67e9d92fe308d5697fb81d3e43,9787.769105,2.0,True,36.5,0,,False,"['AE', 'GLOBAL', 'MT', 'US']",exchange,True,17.25,9.86,False
0x7f7375cd22730845d8c5c90d7ff539781efb7dea,ethereum,USDT,52942.701025,52942.0,USDT,52942.701025,122,19,22,2,6,0.16326530612244897,0.006802721088435374,0.9999867587979754,False,0.7100509710625441,0.0744549608146392,False,False,,36.3,,0,[],[],0,False,False,,,29.4,False,,,0.0,,False,36.3,0,,False,[],,False,6.42,5.55,False
0x00f503370b6cfd14a742427e79b2859bd8d86df9,ethereum,USDT,59510.63639300001,0.0,USDT,59510.63639300001,183,0,0,62,24,0.31693989071038253,0.0546448087431694,0.0,True,0.357372654155496,0.025831283919332426,False,False,,36.2,,0,[],[],0,False,False,,,83.2,True,,,0.0,,False,36.2,0,,False,[],,False,183.0,183.0,True
0x98123302ebc563d3a6b31756ffcc280c1c21d1b2,ethereum,USDT,137880.309035,137880.294929,USDT,137880.309035,72,17,20,1,5,0.9594594594594594,0.12162162162162163,0.9999998976938759,False,0.5608578883859602,0.05950152087777877,False,False,,35.2,,0,[],[],0,False,False,,,14.9,False,,,0.0,,False,35.2,3,27504.0,True,[],,False,4.24,3.6,False
0x5a9f2f8f0508e2ac7bcfe6f3ef2e822c852ce48f,ethereum,USDT,90063.069188,0.0,USDT,90063.069188,159,0,0,1,1,1.0,0.16352201257861634,0.0,True,0.39946380697050937,0.0397682214196603,False,False,,34.8,,0,[],[],0,False,False,,,82.1,True,,,0.0,,False,34.8,0,,False,[],,False,159.0,159.0,True
0x20b2a2fc71a2584659aba7fdfa1ab219d64b5523,ethereum,USDT,37278.318995,0.0,USDT,37278.318995,55,0,0,2,4,0.01818181818181818,0.14545454545454545,0.0,True,0.3422252010723861,0.031378070741814534,False,False,,34.8,,0,[],[],0,False,False,,,54.2,False,,,0.0,,False,34.8,0,,False,[],,False,55.0,55.0,True
0xd36cb32afaf64f867ebdf3e9a95d85fc20b97249,ethereum,USDT,738812.6252840003,749539.2424079998,USDT,738812.6252840003,312,7,23,79,24,0.18044237485448195,0.046565774155995346,1.0145187247170773,False,0.6708227966115444,0.0794588608979595,False,False,,34.4,,0,[],[],0,False,False,,,63.8,False,,,0.0,,False,34.4,0,,False,[],,False,44.57,13.57,False
0xf9c33f4c25e9d34086347fcf53d187ddf70a84ad,ethereum,USDT,92288.63537900001,42633.81435099999,USDT,92288.63537900001,640,6,16,90,24,0.1893939393939394,0.031818181818181815,0.4619616941556943,True,0.5179955559893158,0.06214843870455483,False,False,,33.7,,0,[],[],0,False,False,,,70.3,False,,,0.0,,False,33.7,0,,False,[],,False,106.67,40.0,False
0xdb3beeac13a0343216b3a0c168a610d3cf300a4b,ethereum,USDT,183364.19115600002,0.0,USDT,183364.19115600002,62,0,0,2,3,0.0,0.125,0.0,True,0.37372654155495977,0.042026428542196514,False,False,,33.7,,0,[],[],0,False,False,,,33.2,False,,,0.0,,False,33.7,0,,False,[],,False,62.0,62.0,True
0x26a082d1dc02ebd6a161ed56e6c8b8e82528a977,ethereum,USDT,106784.466989,106784.466989,USDT,106784.466989,485,8,13,7,24,0.14857142857142858,0.08190476190476191,1.0,False,0.7186327077747988,0.09051621848434538,False,False,,33.6,,0,[],[],0,False,False,,,56.4,False,,,0.0,,False,33.6,0,,False,[],,False,60.62,37.31,False
0xe25ce841e0c33e6c08c965c0ea6f63ae24affdf0,ethereum,USDT,1285817.7420260005,1285823.5844059999,USDT,1285817.7420260005,54,9,16,48,16,0.27450980392156865,0.0,1.0000045437077187,False,0.34973099474371094,0.03928447566005533,False,False,,33.6,,0,[],[],0,False,False,,,3.7,False,,,0.0,,False,33.6,2,27529.0,True,[],,False,6.0,3.38,False
0xaf6f7be3985728ed008d19b0e6e5203d6f98009e,ethereum,USDT,89519.23717200002,80000.0,USDT,89519.23717200002,440,4,6,15,21,0.5852017937219731,0.6322869955156951,0.893662664330908,False,0.8059443291128304,0.10327692276889439,False,False,,33.5,,0,[],[],0,False,False,,,56.3,False,,,0.0,,False,33.5,0,,False,[],,False,110.0,73.33,False
0x973d170fde3c96d482ec17560a7d7b552f11ef2d,ethereum,USDT,30215.260318000004,0.0,USDT,30215.260318000004,149,2,2,60,3,0.864406779661017,0.03954802259887006,0.0,True,0.3757372654155496,0.04584839972230936,False,False,,33.1,,0,[],[],0,False,False,,,57.9,False,,,0.0,,False,33.1,0,,False,[],,False,74.5,74.5,False
0x71a2f4f28f876688fbe21307713faeb22366a261,ethereum,USDT,79230.518733,27953.866303,USDT,79230.518733,51,3,8,65,21,0.3923076923076923,0.03076923076923077,0.3528169037640926,True,0.21721217431850215,0.16291091821003195,False,False,,8.1,,0,[],[],0,False,False,,,5.7,False,Binance 17,0x56eddb7aa87536c09ccc2793473599fd21a8b17f,14297.678076,7.0,True,33.1,0,,False,"['AE', 'GLOBAL', 'MT', 'US']",exchange,True,17.0,6.38,False
0x88cf6c6319cb5ed2f8a968919648cc46e855650b,ethereum,USDT,50536.564150000006,50500.0,USDT,50536.564150000006,85,1,1,1,2,0.0,0.17647058823529413,0.9992764812840961,False,0.7637963150235753,0.10188909493353082,False,False,,32.7,,0,[],[],0,False,False,,,61.5,False,,,0.0,,False,32.7,0,,False,[],,False,85.0,85.0,True
0x21135ec0db68bb607c4257e3c2468af66d3888b8,ethereum,USDT,219068.67026800002,0.0,USDT,219068.67026800002,80,0,0,83,24,0.273542600896861,0.11434977578475336,0.0,True,0.2848525469168901,0.03513076186755737,False,False,,32.7,,0,[],[],0,False,False,,,66.9,False,,,0.0,,False,32.7,0,,False,[],,False,80.0,80.0,True
0xa700de1a10c143e60465321189ea930d824cd03a,ethereum,USDT,28415.867116,30900.757121,USDT,28415.867116,217,2,2,15,24,0.2605633802816901,0.9225352112676056,1.0874472700360018,False,0.7917598757515129,0.10662770210306505,False,False,,32.6,,0,[],[],0,False,False,,,62.1,False,,,0.0,,False,32.6,0,,False,[],,False,108.5,108.5,False
0x36e36c2df35331a515b81d6dcdd2a957d91937af,ethereum,USDT,209251.61399199974,207517.5,USDT,209251.61399199974,437,3,25,89,24,0.10250569476082004,0.0,0.9917127808052844,False,0.6510235213085099,0.08751449157921931,False,False,,32.5,,0,[],[],0,False,False,,,55.5,False,,,0.0,,False,32.5,0,,False,[],,False,145.67,17.48,False
0xc3a35428de74e7981055e26c3a4163d383a9c9d1,ethereum,USDT,27670.08258,0.0,USDT,27670.08258,136,0,0,2,3,0.0,0.0,0.0,True,0.39235924932975874,0.051258080890198066,False,False,,32.5,,0,[],[],0,False,False,,,82.9,True,,,0.0,,False,32.5,0,,False,[],,False,136.0,136.0,True
0xe37c9d39ae8f819ba0077d51bf4f62a6fbd0f6a0,ethereum,USDT,200015.17850300003,0.0,USDT,200015.17850300003,114,0,0,29,24,0.13953488372093023,0.1813953488372093,0.0,True,0.3701072386058981,0.049331203417821934,False,False,,32.3,,0,[],[],0,False,False,,,74.9,True,,,0.0,,False,32.3,0,,False,[],,False,114.0,114.0,True
0x6e87bc70a030ce1f19e11c0fd89533e8f82ca2e7,ethereum,USDT,12530.388848000002,0.0,USDT,12530.388848000002,85,0,0,25,9,0.0,0.009708737864077669,0.0,True,0.35375335120643425,0.04870989178619689,False,False,,32.0,,0,[],[],0,False,False,,,68.8,False,,,0.0,,False,32.0,0,,False,[],,False,85.0,85.0,True
0xbdb45cb409957303ca67fe64d99b6bf5236dfb0d,ethereum,USDT,95306.02551400001,101652.32243300001,USDT,95306.02551400001,204,5,10,47,22,0.5122950819672131,0.3155737704918033,1.066588622123034,False,0.7775669940740527,0.10747110928908277,False,False,,32.0,,0,[],[],0,False,False,,,61.5,False,,,0.0,,False,32.0,0,,False,[],,False,40.8,20.4,False
0xc88dadbd04edf208dfddb30e04a6c35424b00ad1,ethereum,USDT,13245.13171100001,0.0,USDT,13245.13171100001,57,0,0,64,24,0.13559322033898305,0.11864406779661017,0.0,True,0.19235924932975873,0.026587235599442982,False,False,,31.9,,0,[],[],0,False,False,,,60.0,False,,,0.0,,False,31.9,0,,False,[],,False,57.0,57.0,True
0x0cff831dd8dc0afeacce0e84532a67413ff20220,ethereum,USDT,104855.80627,0.0,USDT,104855.80627,76,0,0,3,3,0.0,0.7303370786516854,0.0,True,0.46702412868632714,0.0659371674761976,False,False,,31.7,,0,[],[],0,False,False,,,39.8,False,,,0.0,,False,31.7,0,,False,[],,False,76.0,76.0,True
0x6dae673b23769fa65d943ac7fe4fc48097fa06b3,ethereum,USDT,101703.15078399997,138764.941541,USDT,101703.15078399997,170,16,22,26,24,0.12777777777777777,0.2833333333333333,1.3644114314188054,False,0.653793316933397,0.09191270527194573,False,False,,31.7,,0,[],[],0,False,False,,,33.2,False,,,0.0,,False,31.7,0,,False,[],,False,10.62,7.73,False
0xbbe7b62f61351bf70cf6f277d99d6af0cec859cc,ethereum,USDT,42404.266457,42404.296457,USDT,42404.266457,80,1,1,2,5,0.0,0.1125,1.0000007074759807,False,0.7343162123922033,0.10370699820561557,False,False,,31.6,,0,[],[],0,False,False,,,65.4,False,,,0.0,,False,31.6,0,,False,[],,False,80.0,80.0,True
0xa7a3da44ccf09ce44bd8845c1c7c90ba7c4edcd6,ethereum,USDT,92322.33533000002,92322.33533,USDT,92322.33533000002,213,1,4,10,20,0.2801724137931034,0.008620689655172414,0.9999999999999999,False,0.6159517426273458,0.0897878709715178,False,False,,31.2,,0,[],[],0,False,False,,,80.9,True,,,0.0,,False,31.2,0,,False,[],,False,213.0,53.25,True
0x9cff7022aec825b5551055752e9f1ad2547b61f3,ethereum,USDT,93814.99268000001,0.0,USDT,93814.99268000001,115,0,0,29,9,0.28620689655172415,0.09310344827586207,0.0,True,0.3412868632707775,0.052531417434248995,False,False,,31.0,,0,[],[],0,False,False,,,76.3,True,,,0.0,,False,31.0,0,,False,[],,False,115.0,115.0,True
0x87a9f7c46faf5e6fdaa14e376e4cb6d610f113bf,ethereum,USDT,18368.449242,0.0,USDT,18368.449242,109,0,0,8,12,0.009174311926605505,0.0,0.0,True,0.36581769436997313,0.05580722519439779,False,False,,31.0,,0,[],[],0,False,False,,,70.7,False,,,0.0,,False,31.0,0,,False,[],,False,109.0,109.0,True
0x5122fb2d35474ac6c46e333a2212ef8efcbe0646,ethereum,USDT,837070.9733209995,1008575.327377,USDT,837070.9733209995,50,7,19,69,24,0.36538461538461536,0.27350427350427353,1.2048862755037046,False,0.4448136296177577,0.06706735585550577,False,False,,31.0,,0,[],[],0,False,False,,,0.3,False,,,0.0,,False,31.0,0,,False,[],,False,7.14,2.63,False
0xb9ba84bfe3cb1ad5b93df43fc86abe8777257dc5,ethereum,USDT,523394.73370999994,523393.91728700005,USDT,523394.73370999994,59,10,18,9,10,0.0,0.06557377049180328,0.9999984401390627,False,0.6264071947302254,0.09222952792943967,False,False,,31.0,,0,[],[],0,False,False,,,7.3,False,,,0.0,,False,31.0,0,,False,[],,False,5.9,3.28,False
0x6528d54ae8f64cd47ac2eac9b6240f53f0d5c622,ethereum,USDT,170185.596677,0.0,USDT,170185.596677,100,0,0,14,23,0.1590909090909091,0.125,0.0,True,0.33391420911528147,0.05210316689571698,False,False,,30.9,,0,[],[],0,False,False,,,75.9,True,,,0.0,,False,30.9,0,,False,[],,False,100.0,100.0,True
0x52973b2822fdc5bef1966b46b3ed7d1858b92d33,ethereum,USDT,15363.912127,0.0,USDT,15363.912127,67,1,1,3,8,0.47761194029850745,0.05970149253731343,0.0,True,0.21058981233243967,0.03602526595835098,False,False,,30.7,,0,[],[],0,False,False,,,65.5,False,,,0.0,,False,30.7,0,,False,[],,False,67.0,67.0,True
0xcde45e10524f33d5562491313d7afb25253c7ae9,ethereum,USDT,20282.988808000006,19700.848232999997,USDT,20282.988808000006,70,15,25,20,22,0.17567567567567569,0.5,0.9712990733017414,False,0.5883616913359515,0.08901110442283777,False,False,,30.6,,0,[],[],0,False,False,,,31.7,False,,,0.0,,False,30.6,0,,False,[],,False,4.67,2.8,False
0x8a7786cdc1995bba1c4a10d957af861c1e0b43d3,ethereum,USDT,267181.603498,265223.719005,USDT,267181.603498,58,1,2,1,4,0.0,0.15,0.9926720834542239,False,0.6563092156184587,0.099782428429672,False,False,,30.4,,0,[],[],0,False,False,,,56.3,False,,,0.0,,False,30.4,0,,False,[],,False,58.0,29.0,True
0xe21f61ceea148acc99878eb5e606acd0d6c4ec4e,ethereum,USDT,331464.62791300006,455218.264277,USDT,331464.62791300006,157,6,24,81,24,0.22445561139028475,0.16666666666666666,1.373353974881693,False,0.6737206259351896,0.10297210243016097,False,False,,30.3,,0,[],[],0,False,False,,,58.3,False,,,0.0,,False,30.3,0,,False,[],,False,26.17,6.54,False
0x1a9f4b78ec0851d3b0bab9695aedbc4f9e6397c2,ethereum,USDT,24883.241855000004,20300.0,USDT,24883.241855000004,94,4,6,21,9,0.7124183006535948,0.40522875816993464,0.8158100989530408,False,0.6712049152329674,0.14667419825657452,False,False,,30.1,,0,[],[],0,False,False,,,49.7,False,,,0.0,,False,30.1,0,,False,[],,False,23.5,15.67,False
0x1a9f4b78ec0851d3b0bab9695aedbc4f9e6397c2,ethereum,USDT,24883.241855000004,20300.0,USDT,24883.241855000004,94,4,6,21,9,0.7124183006535948,0.40522875816993464,0.8158100989530408,False,0.6712049152329674,0.14667419825657452,False,False,,30.1,,0,[],[],0,False,False,,,51.5,False,,,0.0,,False,30.1,0,,False,[],,False,23.5,15.67,False
0x50b15ff153d662143e4b12a53462b5faac81321f,ethereum,USDT,72057.42777099999,72056.6757,USDT,72057.42777099999,54,5,18,7,17,0.3793103448275862,0.15517241379310345,0.9999895628941631,False,0.5404804863053743,0.08549010440301236,False,False,,30.1,,0,[],[],0,False,False,,,30.2,False,,,0.0,,False,30.1,0,,False,[],,False,10.8,3.0,False
0x2ee0709411b1aa025368b9672bcc53ebdb8a3199,ethereum,USDT,499027.9027679999,454418.99,USDT,499027.9027679999,62,12,22,54,22,0.19387755102040816,0.3163265306122449,0.9106083797708225,False,0.5385559923080518,0.08628270805832933,False,False,,29.9,,0,[],[],0,False,False,,,9.7,False,,,0.0,,False,29.9,0,,False,[],,False,5.17,2.82,False
0x334e1acae8cebebc88e94ea153e869330916e70c,ethereum,USDT,63568.02646699999,936.3199999999999,USDT,63568.02646699999,225,1,2,85,24,0.20053475935828877,0.0,0.014729417476662909,True,0.2871281891253594,0.05186938483011255,False,False,,29.8,,0,[],[],0,False,False,,,90.0,True,,,0.0,,False,29.8,0,,False,[],,False,225.0,112.5,True
0xe70b60011cff7649974cdc85c403f4aabe0674b8,ethereum,USDT,233976.28941300005,233976.0,USDT,233976.28941300005,56,1,3,9,18,0.046153846153846156,0.23076923076923078,0.9999987630669724,False,0.6654153022112498,0.10446934798975499,False,False,,29.8,,0,[],[],0,False,False,,,28.4,False,,,0.0,,False,29.8,0,,False,[],,False,56.0,18.67,True
0x094b4cf43908f0adb3dbdb5025f52470aac3b160,ethereum,USDT,676579.9344439998,3520910.940194,USDT,676579.9344439998,127,6,21,9,24,0.23809523809523808,0.16483516483516483,5.203983684629098,False,0.5302949061662199,0.08547077433331901,False,False,,29.8,,0,[],[],0,False,False,,,53.9,False,,,0.0,,False,29.8,0,,False,[],,False,21.17,6.05,False
0x00aacd79b72b32b1b38796d4985928f64f8a4924,ethereum,USDT,13321.769631999998,14796.0,USDT,13321.769631999998,51,13,23,26,18,0.0,0.0070921985815602835,1.1106632533607832,False,0.4918083680945994,0.07997764549186115,False,False,,29.8,,0,[],[],0,False,False,,,30.3,False,,,0.0,,False,29.8,0,,False,[],,False,3.92,2.22,False
0x6e2c6d050bd0187b7da4adb2afb97b9be37594f0,ethereum,USDT,183845.62655199997,183845.62310199998,USDT,183845.62655199997,302,9,12,2,8,0.9577922077922078,0.06168831168831169,0.9999999812342558,False,0.6898123286865294,0.10817378640041264,False,False,,29.7,,0,[],[],0,False,False,,,68.0,False,,,0.0,,False,29.7,2,27276.0,True,[],,False,33.56,25.17,False
0x9eed4dbf8472ea97d3432035cfe6552a16f2fb83,ethereum,USDT,142108.056846,142108.03226900002,USDT,142108.056846,108,13,13,2,3,0.0,0.03418803418803419,0.9999998270541409,False,0.7310991611212839,0.11447425064176947,False,False,,29.6,,0,[],[],0,False,False,,,56.8,False,,,0.0,,False,29.6,2,27466.0,True,[],,False,8.31,8.31,False
0x35f4a82ffcc461f5255ad028604cb74973428cd0,ethereum,USDT,253780.598636,0.0,USDT,253780.598636,86,0,0,28,24,0.1223021582733813,0.23741007194244604,0.0,True,0.3273458445040215,0.0595035261895423,False,False,,29.4,,0,[],[],0,False,False,,,43.7,False,,,0.0,,False,29.4,0,,False,[],,False,86.0,86.0,True
0xed7eb6de51d1cea385cc18d7d40a686a70078a9f,ethereum,USDT,58908.52047099999,0.0,USDT,58908.52047099999,70,0,0,5,15,0.1794871794871795,0.08974358974358974,0.0,True,0.3910187667560322,0.06863244081922087,False,False,,29.4,,0,[],[],0,False,False,,,59.7,False,,,0.0,,False,29.4,0,,False,[],,False,70.0,70.0,True
0xa56be7c6b8da82d7212880fccd8804c92bef7a00,ethereum,USDT,220993.33652099996,220993.333017,USDT,220993.33652099996,406,6,24,10,24,0.2021978021978022,0.03956043956043956,0.9999999841443185,False,0.7245308279280595,0.11483161588901969,False,False,,29.4,,0,[],[],0,False,False,,,38.1,False,,,0.0,,False,29.4,2,604.0,True,[],,False,67.67,16.92,False
0x20b3747cb7c2fb265ba65dd1a5b9f7dbea266e18,ethereum,USDT,61554.45540099999,0.0,USDT,61554.45540099999,73,0,0,14,23,0.27906976744186046,0.08837209302325581,0.0,True,0.2494638069705094,0.04919157363039223,False,False,,29.3,,0,[],[],0,False,False,,,68.1,False,,,0.0,,False,29.3,0,,False,[],,False,73.0,73.0,True
0x94537ff7ad3e801562fefcfd3558d0c5d2226299,ethereum,USDT,13207.223714000002,1501.139365,USDT,13207.223714000002,90,1,1,23,19,0.0625,0.2708333333333333,0.11366047834934098,True,0.36428705545539103,0.06707167098087552,False,False,,29.0,,0,[],[],0,False,False,,,71.4,False,,,0.0,,False,29.0,0,,False,[],,False,90.0,90.0,True
0x938ad29920abd82842d5acc6b7b4fb4af9e83c8e,ethereum,USDT,371932.61405699997,380131.321335,USDT,371932.61405699997,317,4,13,42,24,0.18928571428571428,0.07321428571428572,1.022043528768745,False,0.7469317768199776,0.12128945938925223,False,False,,28.8,,0,[],[],0,False,False,,,68.3,False,,,0.0,,False,28.8,0,,False,[],,False,79.25,24.38,False
0xda24a7b7aa5964fcdd51595c6c7324544974c75e,ethereum,USDT,114423.72541,114423.725112,USDT,114423.72541,224,3,22,5,12,0.008438818565400843,0.05063291139240506,0.999999997395645,False,0.8667560316507108,0.1378358894964929,False,False,,28.8,,0,[],[],0,False,False,,,63.3,False,,,0.0,,False,28.8,0,,False,[],,False,74.67,10.18,False
0x278878f81daf0802db2a49323060a6fb2942b584,ethereum,USDT,11117.413773999999,11117.413422,USDT,11117.413773999999,62,10,11,2,4,0.031746031746031744,0.06349206349206349,0.99999996833796,False,0.6410187604236242,0.10663660233085354,False,False,,28.8,,0,[],[],0,False,False,,,38.9,False,,,0.0,,False,28.8,0,,False,[],,False,6.2,5.64,False
0x8d962aa68f3da54d56877b9a8375b728c0613b56,ethereum,USDT,31361.436018,0.0,USDT,31361.436018,103,0,0,5,24,0.15639810426540285,0.06635071090047394,0.0,True,0.30804289544235924,0.060588651514846104,False,False,,28.7,,0,[],[],0,False,False,,,77.9,True,,,0.0,,False,28.7,0,,False,[],,False,103.0,103.0,True
0x6fcf9f202fa3936342780a1f7f0b98c06e55fa79,ethereum,USDT,85576.76348899999,85576.76348899999,USDT,85576.76348899999,90,2,25,31,15,0.05917159763313609,0.08875739644970414,1.0,False,0.7975871313672922,0.12905486675572897,False,False,,28.7,,0,[],[],0,False,False,,,48.3,False,,,0.0,,False,28.7,0,,False,[],,False,45.0,3.6,False
0x0399873e7214513439b090bc817214cbc94994ff,ethereum,USDT,60896.90629999998,63942.0,USDT,60896.90629999998,284,3,8,57,24,0.04513064133016627,0.05938242280285035,1.0500040787786296,False,0.7249857794185369,0.11954935121409466,False,False,,28.6,,0,[],[],0,False,False,,,62.3,False,,,0.0,,False,28.6,0,,False,[],,False,94.67,35.5,False
0x0919084167f0d0d0a3601a377f2505a9ed97437b,ethereum,USDT,404873.448422,404800.0,USDT,404873.448422,236,4,8,9,23,0.08459214501510574,0.17522658610271905,0.9998185891856177,False,0.7805267205180887,0.12802778501159023,False,False,,28.4,,0,[],[],0,False,False,,,44.1,False,,,0.0,,False,28.4,0,,False,[],,False,59.0,29.5,False
0x9fd2e59e295fc0ce2f27647e68632d1eeb833241,ethereum,USDT,68944.87133699998,83646.555212,USDT,68944.87133699998,274,11,21,18,22,0.029490616621983913,0.14745308310991956,1.2132382523877483,False,0.685368435313335,0.11523726671007378,False,False,,28.3,,0,[],[],0,False,False,,,62.9,False,,,0.0,,False,28.3,0,,False,[],,False,24.91,13.05,False
0x32b66cd6ea668b9d85c3f14c0b2509a94d41593d,ethereum,USDT,56460.553687,0.0,USDT,56460.553687,64,0,0,10,23,0.175,0.10625,0.0,True,0.22466487935656837,0.05173689166687018,False,False,,28.2,,0,[],[],0,False,False,,,64.4,False,,,0.0,,False,28.2,0,,False,[],,False,64.0,64.0,True
0x3c06dcf9e00becd995c3741f80fc500d5501f261,ethereum,USDT,59452.098525999994,59450.0,USDT,59452.098525999994,141,14,14,1,4,0.0,0.01282051282051282,0.9999647022384066,False,0.7375264525120245,0.12345037077733789,False,False,,28.2,,0,[],[],0,False,False,,,44.4,False,,,0.0,,False,28.2,0,,False,[],,False,10.07,10.07,False
0x150bab5d5fb52025e493cca4612a11475968e31f,ethereum,USDT,22055.146358999995,22055.0,USDT,22055.146358999995,127,2,14,10,9,0.20714285714285716,0.24285714285714285,0.9999933639524484,False,0.8963793698414281,0.146875418118242,False,False,,27.9,,0,[],[],0,False,False,,,55.9,False,,,0.0,,False,27.9,0,,False,[],,False,63.5,9.07,False
0x487445bc46ce5ba9918db8609a1928fbfa7382f4,ethereum,USDT,53486.54524299999,53486.542409,USDT,53486.54524299999,318,9,11,5,7,0.9658385093167702,0.052795031055900624,0.9999999470147122,False,0.6823056194297521,0.11702053838719528,False,False,,27.9,,0,[],[],0,False,False,,,68.2,False,,,0.0,,False,27.9,2,27262.0,True,[],,False,35.33,28.91,False
0x972c08af800631109c9755ac0fe536120bc21057,ethereum,USDT,17008.55,0.0,USDT,17008.55,90,0,0,4,20,0.07692307692307693,0.10256410256410256,0.0,True,0.303485254691689,0.06513529682575586,False,False,,27.8,,0,[],[],0,False,False,,,76.3,True,,,0.0,,False,27.8,0,,False,[],,False,90.0,90.0,True
0x602d48dbb7477bccb95860e6ce74defdb944decd,ethereum,USDT,119287.520903,119287.518803,USDT,119287.520903,64,12,14,3,2,0.0,0.07575757575757576,0.9999999823954763,False,0.6585790849509451,0.11489777359005626,False,False,,27.7,,0,[],[],0,False,False,,,37.3,False,,,0.0,,False,27.7,3,27513.0,True,[],,False,5.33,4.57,False
0x092678b476c6eec7000a5d74773cbab045887139,ethereum,USDT,77855.285798,77855.28502,USDT,77855.285798,105,2,2,2,2,0.0,0.05714285714285714,0.999999990007101,False,0.8004021427735382,0.1354099884329404,False,False,,27.6,,0,[],[],0,False,False,,,51.6,False,,,0.0,,False,27.6,0,,False,[],,False,52.5,52.5,False
0x82eb2a88e83f68448b5aa4c36900c3be157eb575,ethereum,USDT,44719.97366799999,44468.61,USDT,44719.97366799999,102,2,2,2,2,0.0,0.45098039215686275,0.9943791633271944,False,0.8717980846761628,0.14528362757758662,False,False,,27.6,,0,[],[],0,False,False,,,51.5,False,,,0.0,,False,27.6,0,,False,[],,False,51.0,51.0,False
0xd07931fa27d726449b74277f20bec3bd59eb25f2,ethereum,USDT,35534.669040999994,29949.590275999995,USDT,35534.669040999994,305,8,12,67,20,0.32748538011695905,0.02046783625730994,0.8428273312872023,False,0.6184314180000678,0.11024110993207026,False,False,,27.6,,0,[],[],0,False,False,,,63.5,False,,,0.0,,False,27.6,0,,False,[],,False,38.12,25.42,False
0x79cc2735b559b9557587920b7ad70bd103043521,ethereum,USDT,30363.381329000003,30363.381329,USDT,30363.381329000003,173,3,3,2,2,0.05202312138728324,0.017341040462427744,0.9999999999999999,False,0.814745308310992,0.13850904612363496,False,False,,27.4,,0,[],[],0,False,False,,,62.5,False,,,0.0,,False,27.4,0,,False,[],,False,57.67,57.67,False
0x39056ebd0410b5e7105913cc8f4a2b0675d6f79b,ethereum,USDT,76512.917428,76512.917428,USDT,76512.917428,246,4,5,1,2,0.0,0.04580152671755725,1.0,False,0.8646112600536193,0.1471137918450498,False,False,,27.1,,0,[],[],0,False,False,,,65.0,False,,,0.0,,False,27.1,0,,False,[],,False,61.5,49.2,False
0xf81c4b52c840e7aa2f7b2321d20fabe50dc63f03,ethereum,USDT,492553.728738,492553.72873800003,USDT,492553.728738,135,3,11,5,6,0.9785714285714285,0.09285714285714286,1.0000000000000002,False,0.7088471849865952,0.12521783255422103,False,False,,27.1,,0,[],[],0,False,False,,,47.6,False,,,0.0,,False,27.1,2,27454.0,True,[],,False,45.0,12.27,False
0x196b1399b34f1c9972d8e9cace3786bc9691d991,ethereum,USDT,64895.44686900003,0.0,USDT,64895.44686900003,78,0,0,33,24,0.1891025641025641,0.0673076923076923,0.0,True,0.25147453083109916,0.062390016753844924,False,False,,27.0,,0,[],[],0,False,False,,,71.5,False,,,0.0,,False,27.0,0,,False,[],,False,78.0,78.0,True
0x2089f03117bb13f50e163be379ba5aa2250c2184,ethereum,USDT,24641.048331000005,24641.0,USDT,24641.048331000005,121,2,15,14,8,0.015267175572519083,0.1984732824427481,0.9999980385980598,False,0.879490224341596,0.15001000229788286,False,False,,27.0,,0,[],[],0,False,False,,,54.6,False,,,0.0,,False,27.0,0,,False,[],,False,60.5,8.07,False
0xf23f1d95fc60dbc30efcef5bfd2675caca04f0df,ethereum,USDT,47920.313668999996,47920.313669,USDT,47920.313668999996,80,5,8,41,23,0.09473684210526316,0.08421052631578947,1.0000000000000002,False,0.6203753351206435,0.11372806070656849,False,False,,27.0,,0,[],[],0,False,False,,,44.7,False,,,0.0,,False,27.0,3,27509.0,True,[],,False,16.0,10.0,False
0x280756917632049d4c6ce960d6f3e2da8062d75d,ethereum,USDT,92295.85171299994,104376.0,USDT,92295.85171299994,79,15,18,57,23,0.10176991150442478,0.1415929203539823,1.130885062143032,False,0.5641715130405625,0.10559433660724565,False,False,,27.0,,0,[],[],0,False,False,,,44.5,False,,,0.0,,False,27.0,0,,False,[],,False,5.27,4.39,False
0xd35e0895c5551b48fc2a84f7614542757d34c0b6,ethereum,USDT,60366.68141799999,0.0,USDT,60366.68141799999,123,0,0,52,3,1.0,0.024390243902439025,0.0,True,0.2903485254691689,0.06840049320178165,False,False,,26.9,,0,[],[],0,False,False,,,72.9,True,,,0.0,,False,26.9,0,,False,[],,False,123.0,123.0,True
0x02c875192a6d8f81d7c3798feb5db3ce67b592fb,ethereum,USDT,106136.873636,106136.873636,USDT,106136.873636,242,3,5,1,6,0.128099173553719,0.0,1.0,False,0.7857908847184987,0.13729513006206073,False,False,,26.9,,0,[],[],0,False,False,,,66.8,False,,,0.0,,False,26.9,0,,False,[],,False,80.67,48.4,False
0xcf1499161121cd6c34d7561a35b9e5c096e96eb6,ethereum,USDT,86082.18633099999,85991.0,USDT,86082.18633099999,170,4,22,10,12,0.026881720430107527,0.44623655913978494,0.9989407061450628,False,0.9312894817115863,0.15829186792050798,False,False,,26.8,,0,[],[],0,False,False,,,41.4,False,,,0.0,,False,26.8,0,,False,[],,False,42.5,7.73,False
0xbfed48267f1986776186400f59cab1bc9ecf198f,ethereum,USDT,650481.7364139998,693600.0,USDT,650481.7364139998,70,6,15,27,14,0.42016806722689076,0.226890756302521,1.0662866629026422,False,0.6179759113873,0.11518362204224103,False,False,,26.7,,0,[],[],0,False,False,,,14.0,False,,,0.0,,False,26.7,0,,False,[],,False,11.67,4.67,False
0x266573525cc74c10f0deb6c663e5b39c900ed30d,ethereum,USDT,181442.87710000007,0.0,USDT,181442.87710000007,98,0,0,19,22,0.0603448275862069,0.017241379310344827,0.0,True,0.2475871313672922,0.06452576218022721,False,False,,26.5,,0,[],[],0,False,False,,,47.8,False,,,0.0,,False,26.5,0,,False,[],,False,98.0,98.0,True
0x906b36021157a67ef4b86bb5ec6daff1dd24f726,ethereum,USDT,11245.729607,11245.0,USDT,11245.729607,59,2,2,1,2,0.0,0.15254237288135594,0.9999351214171516,False,0.7160728151681489,0.12952687887440167,False,False,,26.5,,0,[],[],0,False,False,,,33.8,False,,,0.0,,False,26.5,0,,False,[],,False,29.5,29.5,False
0xc9a24fa24563be6de9f5daa83752facb566c80ea,ethereum,USDT,212934.251315,220969.85026500002,USDT,212934.251315,67,9,22,42,15,0.09782608695652174,0.15217391304347827,1.0377374654400373,False,0.6986187267511347,0.12723969687592523,False,False,,26.5,,0,[],[],0,False,False,,,30.5,False,,,0.0,,False,26.5,0,,False,[],,False,7.44,3.05,False
0xd440fce225019c76a4007505d35ecc31058437d5,ethereum,USDT,283404.73713,259594.0,USDT,283404.73713,52,9,20,63,18,0.025477707006369428,0.6050955414012739,0.9159832775869309,False,0.645260998680925,0.12009320892868375,False,False,,26.5,,0,[],[],0,False,False,,,2.3,False,,,0.0,,False,26.5,0,,False,[],,False,5.78,2.6,False
0x6eeaab454c66041b87baa28f3f387814a2bfd701,ethereum,USDT,641987.978565,641987.9785650001,USDT,641987.978565,52,6,18,3,9,0.32142857142857145,0.0,1.0000000000000002,False,0.3896782841823056,0.08579434479242837,False,False,,26.2,,0,[],[],0,False,False,,,2.3,False,,,0.0,,False,26.2,0,,False,[],,False,8.67,2.89,False
0x3b24896e63dc335a9a00835c3535a0134eac2a7a,ethereum,USDT,104223.21414299999,104223.213704,USDT,104223.21414299999,320,4,9,5,5,0.9925925925925926,0.037037037037037035,0.9999999957878866,False,0.7195710447339848,0.1322930660741512,False,False,,26.1,,0,[],[],0,False,False,,,52.7,False,,,0.0,,False,26.1,0,,False,[],,False,80.0,35.56,False
0xb5acc81cdf7c2148e7b9e957792ca7609217a532,ethereum,USDT,193879.815498,193800.0,USDT,193879.815498,51,2,5,7,18,0.01694915254237288,0.3559322033898305,0.9995883248712869,False,0.6968345550546864,0.1293825374919526,False,False,,26.1,,0,[],[],0,False,False,,,1.3,False,,,0.0,,False,26.1,0,,False,[],,False,25.5,10.2,False
0x40695431cc5cb5bdbdc1a421012710d14cecce2c,ethereum,USDT,10870.43859,10870.43859,USDT,10870.43859,61,3,3,1,1,0.0,0.03278688524590164,1.0,False,0.6548257372654156,0.12370051475736127,False,False,,26.1,,0,[],[],0,False,False,,,38.5,False,,,0.0,,False,26.1,0,,False,[],,False,20.33,20.33,False
0x0099bb3f8dc85137d26af5d604b348339d1474ad,ethereum,USDT,26159.594529000005,0.0,USDT,26159.594529000005,55,0,0,58,24,0.17391304347826086,0.043478260869565216,0.0,True,0.1294906166219839,0.05157070871084357,False,False,,25.9,,0,[],[],0,False,False,,,57.4,False,,,0.0,,False,25.9,0,,False,[],,False,55.0,55.0,True
0xa8c673c234395085e3ce54f5e84bae375cf8bc12,ethereum,USDT,44739.20920800001,44739.19549399999,USDT,44739.20920800001,143,10,10,3,5,0.018292682926829267,0.08536585365853659,0.9999996934679835,False,0.8135388126882347,0.14688451642824502,False,False,,25.9,,0,[],[],0,False,False,,,61.6,False,,,0.0,,False,25.9,2,27435.0,True,[],,False,14.3,14.3,False
0xa287fd7755685dcfb336a9f1574eeceafa52f748,ethereum,USDT,122484.95273199999,40656.367,USDT,122484.95273199999,418,9,25,11,20,0.40569395017793597,0.0,0.3319294827092525,True,0.36826257214506763,0.08501784645093957,False,False,,25.8,,0,[],[],0,False,False,,,67.5,False,,,0.0,,False,25.8,0,,False,[],,False,46.44,16.72,False
0x2d93c85208222286641c856345b187cc0bf000d2,ethereum,USDT,34178.361359,33706.0,USDT,34178.361359,99,11,18,53,22,0.08571428571428572,0.01904761904761905,0.9861795200174037,False,0.5508552069525424,0.11133755345647883,False,False,,25.7,,0,[],[],0,False,False,,,30.6,False,,,0.0,,False,25.7,0,,False,[],,False,9.0,5.5,False
0x2467e4ab5a11e783102bb48db82b700de7000073,ethereum,USDT,140733.648583,140733.648464,USDT,140733.648583,83,4,23,27,11,0.011494252873563218,0.6666666666666666,0.999999999154431,False,0.8386058979542107,0.1520954220317438,False,False,,25.6,,0,[],[],0,False,False,,,32.8,False,,,0.0,,False,25.6,0,,False,[],,False,20.75,3.61,False
0x78fb7f2c09d940f26003fe19a4dd2bdfed2fead6,ethereum,USDT,19782.196086999997,23548.385229,USDT,19782.196086999997,89,16,17,5,8,0.5050505050505051,0.0,1.1903827626334662,False,0.4391352437199556,0.09734218159224867,False,False,,25.4,,0,[],[],0,False,False,,,45.6,False,,,0.0,,False,25.4,0,,False,[],,False,5.56,5.24,False
0x0cf69506cea10ef3cd2d287a51260c092f913f3b,ethereum,USDT,172139.85643199994,280189.367654,USDT,172139.85643199994,162,3,4,63,9,0.3863298662704309,0.0549777117384844,1.627684450664583,False,0.5747312063818288,0.11686475499088372,False,False,,25.3,,0,[],[],0,False,False,,,58.0,False,,,0.0,,False,25.3,2,334.0,True,[],,False,54.0,40.5,False
0x1d4969b90fd3d7a9463ec577d1af2cc4f1f02cb9,ethereum,USDT,38916.613978,38916.6032,USDT,38916.613978,107,2,2,5,7,0.0,0.037037037037037035,0.9999997230488755,False,0.7823055746365848,0.14557828065403655,False,False,,25.3,,0,[],[],0,False,False,,,43.1,False,,,0.0,,False,25.3,0,,False,[],,False,53.5,53.5,False
0xeb0a1faed771722eff735e00bd3ff13f902bc51f,ethereum,USDT,10398.642731,10290.0,USDT,10398.642731,73,2,2,14,19,0.14606741573033707,0.1797752808988764,0.9895522200530923,False,0.6306182188095462,0.12455888896677292,False,False,,25.3,,0,[],[],0,False,False,,,39.8,False,,,0.0,,False,25.3,0,,False,[],,False,36.5,36.5,False
0xdcb69ff30aeb0947cc68e602224cb719b6505b9a,ethereum,USDT,124780.91404300004,112178.643714,USDT,124780.91404300004,123,13,18,35,15,0.0,0.0,0.8990048243703581,False,0.6609001605845274,0.12855245954300104,False,False,,25.3,,0,[],[],0,False,False,,,53.3,False,,,0.0,,False,25.3,0,,False,[],,False,9.46,6.83,False
0x24d443559267a387e87e9a34cf4b64d479c5ea63,ethereum,USDT,486195.57255400013,496217.918372,USDT,486195.57255400013,66,11,23,10,13,0.33986928104575165,0.013071895424836602,1.020613815476254,False,0.44775391250796637,0.0991538747321361,False,False,,25.3,,0,[],[],0,False,False,,,12.1,False,,,0.0,,False,25.3,0,,False,[],,False,6.0,2.87,False
0x3c3ab2e5191b4f61b38d14c9721f43f4ab835727,ethereum,USDT,13205.167318,13205.167217999999,USDT,13205.167318,56,6,6,1,3,0.0,0.07142857142857142,0.9999999924272068,False,0.6636729207374521,0.12992300036983523,False,False,,25.2,,0,[],[],0,False,False,,,33.3,False,,,0.0,,False,25.2,2,27527.0,True,[],,False,9.33,9.33,False
0x47b3e4851f4530066bf4fffc56a402eccfa224ab,ethereum,USDT,11387.000028999999,11441.184484,USDT,11387.000028999999,109,3,19,59,22,0.28440366972477066,0.5688073394495413,1.0047584486574168,False,0.7356434845312513,0.14003021011475247,False,False,,25.1,,0,[],[],0,False,False,,,53.0,False,,,0.0,,False,25.1,0,,False,[],,False,36.33,5.74,False
0x5a5d922bee066cc594e307b0c19c1972bef40088,ethereum,USDT,50322.159617,0.0,USDT,50322.159617,120,0,0,29,23,0.22131147540983606,0.0,0.0,True,0.22546916890080426,0.06984113255206897,False,False,,25.0,,0,[],[],0,False,False,,,70.9,False,,,0.0,,False,25.0,0,,False,[],,False,120.0,120.0,True
0xd299b8f2ae45dc948dae4bbfd6ee335b07686f02,ethereum,USDT,12001.723183999999,12000.0,USDT,12001.723183999999,76,2,2,3,3,0.0,0.013157894736842105,0.9998564219509498,False,0.6829471557038629,0.13390309396351419,False,False,,24.9,,0,[],[],0,False,False,,,46.4,False,,,0.0,,False,24.9,0,,False,[],,False,38.0,38.0,False
0x55a36340db449287c3ad254d692c9dc651e56a2d,ethereum,USDT,16900.685944999997,16900.0,USDT,16900.685944999997,60,2,2,2,2,0.016666666666666666,0.36666666666666664,0.999959413185818,False,0.7485173518060644,0.14317834368011534,False,False,,24.9,,0,[],[],0,False,False,,,17.1,False,,,0.0,,False,24.9,0,,False,[],,False,30.0,30.0,False
0xabdb4263d59c61c71810a6a151ef906f36f900f6,ethereum,USDT,340816.243434,340816.238827,USDT,340816.243434,79,3,8,2,4,0.0,0.09523809523809523,0.9999999864824518,False,0.7731903458219596,0.14646610718997066,False,False,,24.9,,0,[],[],0,False,False,,,18.0,False,,,0.0,,False,24.9,0,,False,[],,False,26.33,9.88,False
0x21b65af41c1355ac1b3171d3dca5d24fc8a7f865,ethereum,USDT,13966.048701000003,12263.0,USDT,13966.048701000003,160,2,6,51,18,0.6296296296296297,0.012345679012345678,0.8780579434125801,False,0.6237349130792988,0.12614382978426514,False,False,,24.8,,0,[],[],0,False,False,,,63.3,False,,,0.0,,False,24.8,0,,False,[],,False,80.0,26.67,False
0x5b7d33811f59f719a8f8a113e17f793cd2b360bd,ethereum,USDT,93179.948299,99700.0,USDT,93179.948299,197,5,11,37,17,0.2029520295202952,0.14022140221402213,1.0699726906917588,False,0.8941824055613802,0.1641918585184065,False,False,,24.8,,0,[],[],0,False,False,,,60.4,False,,,0.0,,False,24.8,0,,False,[],,False,39.4,17.91,False
0xfa551dc7a3536063b812cd8bcc324d069017c680,ethereum,USDT,10530.091202000001,11689.074999,USDT,10530.091202000001,141,6,21,37,21,0.06338028169014084,0.0,1.1100639847050775,False,0.5755743344262768,0.11981764098367975,False,False,,24.8,,0,[],[],0,False,False,,,60.1,False,,,0.0,,False,24.8,0,,False,[],,False,23.5,6.71,False
0xb7f859ac1e05ddc11e3a2fb69d753e2b4619080c,ethereum,USDT,30763.216222000003,30763.216221999995,USDT,30763.216222000003,126,8,9,2,2,0.007936507936507936,0.07936507936507936,0.9999999999999998,False,0.7955764075067023,0.1505157214222363,False,False,,24.8,,0,[],[],0,False,False,,,59.6,False,,,0.0,,False,24.8,2,27453.0,True,[],,False,15.75,14.0,False
0x11a7526a267ff202c919a16c577aaf213241649c,ethereum,USDT,143199.55504000004,2000.0,USDT,143199.55504000004,202,3,6,79,24,0.057971014492753624,0.17391304347826086,0.013966523844584144,True,0.4747772189780321,0.10616031270562865,False,False,,24.7,,0,[],[],0,False,False,,,61.4,False,,,0.0,,False,24.7,0,,False,[],,False,67.33,33.67,False
0xdc665ed66ab8dfbc77d87e16ef559dde40509b97,ethereum,USDT,463813.225144,463813.196182,USDT,463813.225144,64,5,8,1,3,1.0,0.19696969696969696,0.9999999375567611,False,0.6025469044014328,0.12455440261501977,False,False,,24.6,,0,[],[],0,False,False,,,29.6,False,,,0.0,,False,24.6,0,,False,[],,False,12.8,8.0,False
0x3c178a783e264c6450dbcddef3bb96a45c2323d5,ethereum,USDT,78742.30324600001,0.0,USDT,78742.30324600001,111,0,0,57,22,0.2542372881355932,0.0,0.0,True,0.21943699731903482,0.07183464955180907,False,False,,24.5,,0,[],[],0,False,False,,,50.5,False,,,0.0,,False,24.5,0,,False,[],,False,111.0,111.0,True
0xf2777e5303f80ea39b16b4f9d8cd2d9b9170f8fd,ethereum,USDT,18718.343321,18718.0,USDT,18718.343321,158,3,15,14,17,0.26011560693641617,0.5606936416184971,0.9999816585798159,False,0.7757335971315128,0.1495743925046188,False,False,,24.4,,0,[],[],0,False,False,,,58.5,False,,,0.0,,False,24.4,0,,False,[],,False,52.67,10.53,False
0x9e5501ab92f7be2cb30ddcd22881bb81cc07f291,ethereum,USDT,19782.269014,19782.268674,USDT,19782.269014,94,9,10,3,3,0.021052631578947368,0.05263157894736842,0.9999999828128916,False,0.7276139375813451,0.14339494348841092,False,False,,24.3,,0,[],[],0,False,False,,,54.1,False,,,0.0,,False,24.3,2,27484.0,True,[],,False,10.44,9.4,False
0xea46a927046cac33a671ab1ff5bca3a11e2c51a9,ethereum,USDT,323079.492506,323079.48773,USDT,323079.492506,166,4,8,8,23,0.09210526315789473,0.21052631578947367,0.9999999852172604,False,0.7672922222445245,0.1495647537551827,False,False,,24.2,,0,[],[],0,False,False,,,54.9,False,,,0.0,,False,24.2,2,1772.0,True,[],,False,41.5,20.75,False
0x2704ba2d5d3544e6292d9aca536b6bbbfebd80e9,ethereum,USDT,298407.4176100001,300900.0,USDT,298407.4176100001,150,4,6,72,24,0.2336448598130841,0.022429906542056073,1.008352950506269,False,0.6587851739738133,0.13498815382814544,False,False,,24.1,,0,[],[],0,False,False,,,57.8,False,,,0.0,,False,24.1,0,,False,[],,False,37.5,25.0,False
0x25ebd965904e55c39b49b7a32f9151dbe607876d,ethereum,USDT,11459.496642000002,13824.176463,USDT,11459.496642000002,191,7,8,74,21,0.015625,0.0,1.2063511072845252,False,0.529239161921111,0.11690244765373592,False,False,,24.1,,0,[],[],0,False,False,,,64.4,False,,,0.0,,False,24.1,0,,False,[],,False,27.29,23.88,False
0xfe6f5844501c23b70cc1a2d875aaad645ee4b053,ethereum,USDT,21750.19302199999,38044.301033,USDT,21750.19302199999,135,2,2,52,8,0.028409090909090908,0.0,1.7491477429427305,False,0.5913232664248588,0.12638483404318646,False,False,,24.0,,0,[],[],0,False,False,,,54.6,False,,,0.0,,False,24.0,2,338.0,True,[],,False,67.5,67.5,False
0xe127b48e855861e1c6bfd93bfd1b9e7cf0bbf094,ethereum,USDT,44235.080686999994,0.0,USDT,44235.080686999994,71,0,0,21,9,0.4,0.025,0.0,True,0.1888739946380697,0.070900097951069,False,False,,23.9,,0,[],[],0,False,False,,,58.8,False,,,0.0,,False,23.9,0,,False,[],,False,71.0,71.0,True
0x302dd19007fd01efdf1894c38cf5030aa9b50d0b,ethereum,USDT,203756.841426,203756.841426,USDT,203756.841426,50,4,5,1,2,0.0,0.0,1.0,False,0.5252010723860591,0.11820872817746003,False,False,,23.8,,0,[],[],0,False,False,,,0.3,False,,,0.0,,False,23.8,0,,False,[],,False,12.5,10.0,False
0xe0b723e75a8d32d5a682926de4738fdbc6822c09,ethereum,USDT,27118.277409,27177.877948,USDT,27118.277409,200,2,12,2,6,0.385,0.0,1.0021977995910694,False,0.6248955607252178,0.1324103308829246,False,False,,23.7,,0,[],[],0,False,False,,,60.0,False,,,0.0,,False,23.7,0,,False,[],,False,100.0,16.67,False
0xec9904e391cbb2b2609b656478e41fdddb0f988f,ethereum,USDT,32213.971307000007,33984.709423,USDT,32213.971307000007,78,3,3,31,15,0.0,0.11627906976744186,1.0549680168000652,False,0.767290578945617,0.15328480364541347,False,False,,23.6,,0,[],[],0,False,False,,,43.9,False,,,0.0,,False,23.6,0,,False,[],,False,26.0,26.0,False
0x9e2de63c8306a89d71d637e2ee27827c06a51028,ethereum,USDT,14592.740274,14592.740274,USDT,14592.740274,59,2,2,1,1,0.0,0.05084745762711865,1.0,False,0.6597855227882038,0.13852567393818166,False,False,,23.5,,0,[],[],0,False,False,,,36.0,False,,,0.0,,False,23.5,0,,False,[],,False,29.5,29.5,False
0xbc4d3fc87ab4666663504414e09f0c57e989f80c,ethereum,USDT,31188.888641000005,31188.888640999998,USDT,31188.888641000005,87,1,18,9,11,0.15151515151515152,0.0,0.9999999999999998,False,0.6215817694369973,0.1345123590295345,False,False,,23.3,,0,[],[],0,False,False,,,72.8,True,,,0.0,,False,23.3,0,,False,[],,False,87.0,4.83,True
0x9fe5b1d3b41af721e444020cd8f06b3e14fe6ebe,ethereum,USDT,65021.446859,70015.0,USDT,65021.446859,55,2,3,1,1,0.0,0.05454545454545454,1.076798554665026,False,0.6275357314262442,0.13599948449449578,False,False,,23.2,,0,[],[],0,False,False,,,34.0,False,,,0.0,,False,23.2,0,,False,[],,False,27.5,18.33,False
0xf12f1d92aab16f4675763119071befb85391b9ef,ethereum,USDT,29954.410727,0.0,USDT,29954.410727,86,0,0,43,24,0.5,0.0,0.0,True,0.16997319034852548,0.07284387789376362,False,False,,23.1,,0,[],[],0,False,False,,,52.5,False,,,0.0,,False,23.1,0,,False,[],,False,86.0,86.0,True
0x239cd4e777ad7d47d3f65e1bc07ab282b2be7de5,ethereum,USDT,125722.01587400002,125722.015874,USDT,125722.01587400002,88,3,20,15,11,0.031914893617021274,0.10638297872340426,0.9999999999999999,False,0.7975871313672922,0.1600985935768109,False,False,,23.1,,0,[],[],0,False,False,,,24.4,False,,,0.0,,False,23.1,0,,False,[],,False,29.33,4.4,False
0x4e5f8a9fbc93f76c9b7535a98750a8c480450961,ethereum,USDT,26293.012522999998,26999.478935,USDT,26293.012522999998,159,6,6,2,3,0.6163522012578616,0.4088050314465409,1.026868979405917,False,0.7687548904458944,0.15662092575158865,False,False,,23.0,,0,[],[],0,False,False,,,55.0,False,,,0.0,,False,23.0,2,27422.0,True,[],,False,26.5,26.5,False
0x066bbbcef713297ef1f07a8646afc33ed008bd75,ethereum,USDT,128341.48792800003,128341.48551900001,USDT,128341.48792800003,105,8,24,19,21,0.15454545454545454,0.34545454545454546,0.999999981229764,False,0.6733243930287945,0.14311112023343553,False,False,,23.0,,0,[],[],0,False,False,,,25.6,False,,,0.0,,False,23.0,0,,False,[],,False,13.12,4.38,False
0x739cd2285e566caacd98b06590a123a08bac9f58,ethereum,USDT,10741.236932,10741.236771,USDT,10741.236932,72,7,7,1,1,1.0,0.06944444444444445,0.9999999850110373,False,0.5343163508896069,0.12388662451325916,False,False,,23.0,,0,[],[],0,False,False,,,45.8,False,,,0.0,,False,23.0,0,,False,[],,False,10.29,10.29,False
0x5dece94334c1f2961e68f69f3a263f2479b522a8,ethereum,USDT,123418.650584,123418.650484,USDT,123418.650584,56,3,4,1,2,0.0,0.05357142857142857,0.9999999991897497,False,0.6459785521167704,0.14012028191611298,False,False,,22.9,,0,[],[],0,False,False,,,4.9,False,,,0.0,,False,22.9,0,,False,[],,False,18.67,14.0,False
0x1fee6ec9bee894187f1b2ca15b5ca19db32a0fbf,ethereum,USDT,181268.59025699997,180236.85919699998,USDT,181268.59025699997,72,1,21,24,20,0.027777777777777776,0.0,0.9943082744862901,False,0.43022894712245907,0.1109531821074744,False,False,,22.7,,0,[],[],0,False,False,,,38.4,False,,,0.0,,False,22.7,0,,False,[],,False,72.0,3.43,True
0x82fadf747ed53d36e04fc4abd7a9ef269a67e471,ethereum,USDT,12560.277995,12560.277995,USDT,12560.277995,60,9,10,2,3,0.9833333333333333,0.03333333333333333,1.0,False,0.45040214477211793,0.11397339882977409,False,False,,22.7,,0,[],[],0,False,False,,,39.2,False,,,0.0,,False,22.7,0,,False,[],,False,6.67,6.0,False
0xfd7540420761aac496b29895e4f894abc699cd4a,ethereum,USDT,43057.550245000006,38608.339747,USDT,43057.550245000006,134,4,23,13,17,0.005847953216374269,0.03508771929824561,0.8966682852906462,False,0.7892532281037057,0.16148981357722092,False,False,,22.6,,0,[],[],0,False,False,,,52.4,False,,,0.0,,False,22.6,0,,False,[],,False,33.5,5.83,False
0xa674253a0ca76726998a2ad5856abffb38229b35,ethereum,USDT,71554.353294,71554.3532,USDT,71554.353294,66,2,2,2,7,0.0,0.0,0.9999999986863133,False,0.6108579085844477,0.1370154449459658,False,False,,22.6,,0,[],[],0,False,False,,,12.1,False,,,0.0,,False,22.6,0,,False,[],,False,33.0,33.0,False
0x7757be29e1e0e6b00f6037a4527bf2918faec28d,ethereum,USDT,53086.850331999995,53086.847932,USDT,53086.850331999995,146,5,6,3,5,0.03333333333333333,0.04666666666666667,0.9999999547910644,False,0.8304289453818055,0.16738135965184875,False,False,,22.6,,0,[],[],0,False,False,,,57.1,False,,,0.0,,False,22.6,3,27437.0,True,[],,False,29.2,24.33,False
0x5530b1f19395f42b9e917a5c02bc35a1f2168310,ethereum,USDT,18568.481742,18568.480441,USDT,18568.481742,82,5,5,2,4,0.0,0.04819277108433735,0.9999999299350363,False,0.7438337661478652,0.15523418621543061,False,False,,22.6,,0,[],[],0,False,False,,,49.5,False,,,0.0,,False,22.6,3,27501.0,True,[],,False,16.4,16.4,False
0x0a3815bf16e2c6e21ee2b15275c8a2309a49b541,ethereum,USDT,15950.036295999998,15950.036295999998,USDT,15950.036295999998,56,6,12,1,1,0.0,0.05357142857142857,1.0,False,0.6459785522788204,0.14215552760308653,False,False,,22.5,,0,[],[],0,False,False,,,34.4,False,,,0.0,,False,22.5,3,27526.0,True,[],,False,9.33,4.67,False
0x9e510740892a3fbdbbcfdbad69583c1f34fbb794,ethereum,USDT,27374.264460999995,21610.0,USDT,27374.264460999995,210,4,4,79,23,0.0995260663507109,0.0,0.789427603827956,False,0.5880463786744384,0.1348912804709953,False,False,,22.4,,0,[],[],0,False,False,,,60.0,False,,,0.0,,False,22.4,0,,False,[],,False,52.5,52.5,False
0xe40c9699449b25b197da8cbcb7d325e31df3be53,ethereum,USDT,213751.48128900013,50000.0,USDT,213751.48128900013,274,6,12,88,24,0.08604206500956023,0.10325047801147227,0.23391650761193133,True,0.5081774033990619,0.12388421030107111,False,False,,22.4,,0,[],[],0,False,False,,,62.5,False,,,0.0,,False,22.4,0,,False,[],,False,45.67,22.83,False
0xa502fd81cbea1fb3a90259667e2d630de2093353,ethereum,USDT,16854.444008,16854.443808,USDT,16854.444008,61,6,6,2,4,0.0,0.04838709677419355,0.9999999881336935,False,0.6695710432031462,0.14624703065327987,False,False,,22.4,,0,[],[],0,False,False,,,39.4,False,,,0.0,,False,22.4,0,,False,[],,False,10.17,10.17,False
0xc4db7a60042f04dc3e137b4942fa09c3f9582f0c,ethereum,USDT,14210.440115999998,23495.0,USDT,14210.440115999998,50,13,15,8,6,0.17647058823529413,0.014705882352941176,1.6533618809980568,False,0.38769223506044226,0.10750138780651836,False,False,,22.3,,0,[],[],0,False,False,,,23.4,False,,,0.0,,False,22.3,0,,False,[],,False,3.85,3.33,False
0x05b46f8002db616579c4f82cedfe2523206a131b,ethereum,USDT,32810.070100000004,32810.0701,USDT,32810.070100000004,58,1,25,33,16,0.015384615384615385,0.0,0.9999999999999998,False,0.5186327077747989,0.1261131047289476,False,False,,22.2,,0,[],[],0,False,False,,,35.1,False,,,0.0,,False,22.2,0,,False,[],,False,58.0,2.32,True
0x9090bd330e88984d1aae8759a7e7395bea0f598a,ethereum,USDT,16567.169820000006,15555.0,USDT,16567.169820000006,109,3,3,61,23,0.08759124087591241,0.051094890510948905,0.9389050857209112,False,0.6380491136589276,0.1426829641112728,False,False,,22.2,,0,[],[],0,False,False,,,57.3,False,,,0.0,,False,22.2,0,,False,[],,False,36.33,36.33,False
0x4341222204b8b46f995da6385f04b65cea26dcd2,ethereum,USDT,86084.34548199999,86084.345482,USDT,86084.34548199999,64,3,3,10,23,0.2361111111111111,0.1388888888888889,1.0000000000000002,False,0.5859249329758713,0.1354200547002845,False,False,,22.2,,0,[],[],0,False,False,,,41.2,False,,,0.0,,False,22.2,0,,False,[],,False,21.33,21.33,False
0x00d1331f4404bdfd0372fe6971de5422fd1a04d3,ethereum,USDT,22261.914332000004,22261.913031,USDT,22261.914332000004,70,5,5,2,4,0.0,0.1267605633802817,0.9999999415593832,False,0.7565683529231367,0.15912396836043408,False,False,,22.2,,0,[],[],0,False,False,,,44.4,False,,,0.0,,False,22.2,0,,False,[],,False,14.0,14.0,False
0x280ae8ac85305f7acc61a2251eed1b4bbfd55a00,ethereum,USDT,15635.753142999998,11236.205646,USDT,15635.753142999998,52,4,4,5,8,0.0,0.019230769230769232,0.7186226044397714,False,0.5367540115045764,0.128790799062805,False,False,,22.2,,0,[],[],0,False,False,,,32.4,False,,,0.0,,False,22.2,0,,False,[],,False,13.0,13.0,False
0x93a8333ec4db34211d068919ae1ab022be8188d6,ethereum,USDT,67171.55545099998,81643.68101,USDT,67171.55545099998,93,11,16,34,18,0.11702127659574468,0.09042553191489362,1.2154502074848794,False,0.7142826126585201,0.15379052465681992,False,False,,22.1,,0,[],[],0,False,False,,,48.9,False,,,0.0,,False,22.1,0,,False,[],,False,8.45,5.81,False
0x095665c4bea6591e035192c46e9ad72cfe8d8393,ethereum,USDT,25006.311935000005,25006.0,USDT,25006.311935000005,125,3,4,25,22,0.046511627906976744,0.08139534883720931,0.9999875257494661,False,0.6963782022008316,0.15185945203286078,False,False,,22.0,,0,[],[],0,False,False,,,54.3,False,,,0.0,,False,22.0,0,,False,[],,False,41.67,31.25,False
0x32da03df1c069183b6e96012518b8a7bec165c05,ethereum,USDT,109134.66882600001,128857.329327,USDT,109134.66882600001,193,10,24,85,24,0.16927899686520376,0.0,1.1807185627918568,False,0.5351699603638806,0.1297444187145037,False,False,,22.0,,0,[],[],0,False,False,,,58.9,False,,,0.0,,False,22.0,0,,False,[],,False,19.3,8.04,False
0xf673fb4db7af28b274bd586454be9ccfa49ef223,ethereum,USDT,44295.201529000005,44295.20052,USDT,44295.201529000005,121,8,10,3,4,0.00819672131147541,0.03278688524590164,0.9999999772210088,False,0.7439678238624323,0.15969608469594782,False,False,,21.8,,0,[],[],0,False,False,,,59.0,False,,,0.0,,False,21.8,0,,False,[],,False,15.12,12.1,False
0xe59f80afdd011540a1f74122e434465d1e8856ed,ethereum,USDT,176730.88838900003,215453.115992,USDT,176730.88838900003,108,11,18,18,19,0.1044776119402985,0.07462686567164178,1.2191027723335437,False,0.5748121533080902,0.13610652273715146,False,False,,21.8,,0,[],[],0,False,False,,,56.7,False,,,0.0,,False,21.8,0,,False,[],,False,9.82,6.0,False
0xfe40be1cc011179f3e1282514e840f65ee19f665,ethereum,USDT,254229.779345,256310.99253,USDT,254229.779345,74,5,11,4,8,0.08791208791208792,0.04395604395604396,1.008186346974623,False,0.7131080389160673,0.15623098876169683,False,False,,21.7,,0,[],[],0,False,False,,,41.9,False,,,0.0,,False,21.7,0,,False,[],,False,14.8,6.73,False
0x970bc03dc4ef8b4e675c9af71770d886bd4a143d,ethereum,USDT,15965.516737000004,15965.516737,USDT,15965.516737000004,59,1,19,7,9,0.01694915254237288,0.0,0.9999999999999998,False,0.5258713136729222,0.1306890967388069,False,False,,21.6,,0,[],[],0,False,False,,,41.0,False,,,0.0,,False,21.6,0,,False,[],,False,59.0,3.11,True
0xb12b1d81782b94ceed4734cb7a49e62e921a435a,ethereum,USDT,33311.000742000004,33310.997989999996,USDT,33311.000742000004,90,4,4,2,3,0.0,0.07777777777777778,0.9999999173846493,False,0.7895442194018628,0.16716561354904103,False,False,,21.6,,0,[],[],0,False,False,,,48.4,False,,,0.0,,False,21.6,0,,False,[],,False,22.5,22.5,False
0x1e33fa7c3ec49e187d5619627442c1e5342cd41e,ethereum,USDT,23360.916801,23360.916593,USDT,23360.916801,102,6,7,3,4,0.18627450980392157,0.029411764705882353,0.9999999910962399,False,0.7694369955382828,0.16496141038517043,False,False,,21.5,,0,[],[],0,False,False,,,55.9,False,,,0.0,,False,21.5,0,,False,[],,False,17.0,14.57,False
0x35bf0689841fd1f1fecbc8200eb5478dd4d9fe79,ethereum,USDT,19640.000022,19640.000001,USDT,19640.000022,59,2,10,5,6,0.0,0.0684931506849315,0.9999999989307535,False,0.6780160855770355,0.15288174558002326,False,False,,21.4,,0,[],[],0,False,False,,,29.3,False,,,0.0,,False,21.4,0,,False,[],,False,29.5,5.9,False
0x7b18ea773785003e53e0a0267bd079d17bbdd9a3,ethereum,USDT,104174.25008599999,409000.0,USDT,104174.25008599999,92,6,8,8,8,0.01818181818181818,0.7090909090909091,3.926114175646614,False,0.6630026809651475,0.15138860230046808,False,False,,21.3,,0,[],[],0,False,False,,,22.7,False,,,0.0,,False,21.3,0,,False,[],,False,15.33,11.5,False
0x984a3f9a33c6d2245e39c3ca4f47772f1d55fe05,ethereum,USDT,43377.39525,44679.527018,USDT,43377.39525,119,10,21,6,6,0.0,0.00641025641025641,1.030018671257122,False,0.6984198582418732,0.15633614245928434,False,False,,21.3,,0,[],[],0,False,False,,,52.7,False,,,0.0,,False,21.3,0,,False,[],,False,11.9,5.67,False
0x21e5952f2174ffbf666591fb209511c59ca5f4af,ethereum,USDT,23669.186051999997,23572.386051999998,USDT,23669.186051999997,67,1,16,13,9,0.2054794520547945,0.0,0.9959102945159443,False,0.5656699945600253,0.13947098786515472,False,False,,21.0,,0,[],[],0,False,False,,,61.6,False,,,0.0,,False,21.0,0,,False,[],,False,67.0,4.19,True
0xc6d8581385d7110073048921f151ec4a6c0daaef,ethereum,USDT,26281.702462999998,26573.0,USDT,26281.702462999998,60,2,11,13,13,0.07575757575757576,0.06060606060606061,1.0110836631458748,False,0.6757993531617098,0.15504715750306147,False,False,,21.0,,0,[],[],0,False,False,,,39.1,False,,,0.0,,False,21.0,0,,False,[],,False,30.0,5.45,False
0x39060c6deb6f17a34b1635e806cf5ebb5e908bc1,ethereum,USDT,18449.460882000003,14522.831127000001,USDT,18449.460882000003,138,4,4,18,23,0.1032258064516129,0.01935483870967742,0.7871683199788796,False,0.6062272296794221,0.14564400284354834,False,False,,20.9,,0,[],[],0,False,False,,,60.9,False,,,0.0,,False,20.9,0,,False,[],,False,34.5,34.5,False
0xccf5e0c3625fd2cd0d2ad951634a0793cce14902,ethereum,USDT,295578.15797299996,295578.0,USDT,295578.15797299996,55,3,6,5,20,0.06779661016949153,0.22033898305084745,0.9999994655457594,False,0.5599194641547284,0.1394509331451278,False,False,,20.9,,0,[],[],0,False,False,,,4.3,False,,,0.0,,False,20.9,2,1881.0,True,[],,False,18.33,9.17,False
0x9f9dcde881f8f2576b9e5d0bc627a5918ce8f8ad,ethereum,USDT,43295.02425799999,43295.024258000005,USDT,43295.02425799999,77,12,18,12,23,0.2073170731707317,0.06097560975609756,1.0000000000000004,False,0.5415549597855227,0.13678388709754558,False,False,,20.9,,0,[],[],0,False,False,,,17.0,False,,,0.0,,False,20.9,2,315.0,True,[],,False,6.42,4.28,False
0xddcdcbfd03cd92db391167d0c69112a78b2296ac,ethereum,USDT,25274.948181999996,25745.840973,USDT,25274.948181999996,58,11,21,23,19,0.05172413793103448,0.034482758620689655,1.0186308113318054,False,0.4343435428274727,0.12181157274779775,False,False,,20.9,,0,[],[],0,False,False,,,36.7,False,,,0.0,,False,20.9,0,,False,[],,False,5.27,2.76,False
0xd3d68e362b153e30de6e2b72476578db0936555c,ethereum,USDT,44299.061319000015,44299.06043,USDT,44299.061319000015,52,10,13,6,6,0.015151515151515152,0.0,0.9999999799318543,False,0.4896782801686764,0.12944472168991022,False,False,,20.9,,0,[],[],0,False,False,,,15.1,False,,,0.0,,False,20.9,0,,False,[],,False,5.2,4.0,False
0x39750010c46f4b2792348eab4edb54e336839d08,ethereum,USDT,24048.612106999997,23816.0,USDT,24048.612106999997,91,10,11,50,22,0.12,0.07,0.9903274207274403,False,0.5882799613572843,0.14358964015589482,False,False,,20.8,,0,[],[],0,False,False,,,53.3,False,,,0.0,,False,20.8,0,,False,[],,False,9.1,8.27,False
0x668e824f92fa05d35612c87b2beed8cbe0db0f9e,ethereum,USDT,91014.391733,91014.391733,USDT,91014.391733,178,6,13,22,21,0.2445414847161572,0.13100436681222707,1.0,False,0.7491957104557642,0.16669973575586516,False,False,,20.7,,0,[],[],0,False,False,,,59.7,False,,,0.0,,False,20.7,0,,False,[],,False,29.67,13.69,False
0xac602e5c020beff4185707fbc2b3640dff56af73,ethereum,USDT,162092.98139400012,110418.0,USDT,162092.98139400012,207,7,15,63,24,0.14150943396226415,0.15566037735849056,0.6812016106459692,False,0.6568837537645825,0.15389189870368292,False,False,,20.7,,0,[],[],0,False,False,,,61.7,False,,,0.0,,False,20.7,0,,False,[],,False,29.57,13.8,False
0x18204bcdff03c63fc80d03643c13a1bf1082378e,ethereum,USDT,32702.071739,32702.071413,USDT,32702.071739,54,3,3,2,3,0.9814814814814815,0.24074074074074073,0.9999999900312126,False,0.5576407486764839,0.14068593528853385,False,False,,20.6,,0,[],[],0,False,False,,,25.3,False,,,0.0,,False,20.6,0,,False,[],,False,18.0,18.0,False
0x18caa57a13209ceb2807b763b2570e5c667eb52a,ethereum,USDT,282304.052671,204100.0,USDT,282304.052671,58,4,11,34,18,0.024390243902439025,0.1951219512195122,0.7229793482201978,False,0.6630945291614658,0.15712318723045898,False,False,,20.3,,0,[],[],0,False,False,,,6.3,False,,,0.0,,False,20.3,0,,False,[],,False,14.5,5.27,False
0xbf1f7daa28f1039e68e124b098e1082e564ea054,ethereum,USDT,13593.980000000001,12026.57,USDT,13593.980000000001,97,7,15,31,24,0.18487394957983194,0.1092436974789916,0.8846982267150605,False,0.5999959456111087,0.14788667096523617,False,False,,20.3,,0,[],[],0,False,False,,,54.2,False,,,0.0,,False,20.3,0,,False,[],,False,13.86,6.47,False
0xd5c461b3f5ae0bfa2ca5ae2a4033720b91031a8d,ethereum,USDT,29780.324362000007,29780.324362,USDT,29780.324362000007,53,2,2,7,21,0.30973451327433627,0.13274336283185842,0.9999999999999998,False,0.5281501340482574,0.13867666612043872,False,False,,20.2,,0,[],[],0,False,False,,,29.6,False,,,0.0,,False,20.2,0,,False,[],,False,26.5,26.5,False
0xccd9d403687e7ddb28019b57ffe6de051f3d9b9c,ethereum,USDT,11233.631853,10717.6,USDT,11233.631853,66,2,2,15,13,0.7808219178082192,0.0136986301369863,0.9540636670533055,False,0.4937617950728595,0.13457809542328747,False,False,,20.1,,0,[],[],0,False,False,,,31.5,False,,,0.0,,False,20.1,0,,False,[],,False,33.0,33.0,False
0x7e8e348f33c332ee6527f0f43f3b569cb0279aa5,ethereum,USDT,235322.220841,235222.220841,USDT,235322.220841,72,3,18,3,20,0.06493506493506493,0.18181818181818182,0.9995750507553319,False,0.6300758680599137,0.15319532055540896,False,False,,20.1,,0,[],[],0,False,False,,,14.9,False,,,0.0,,False,20.1,0,,False,[],,False,24.0,4.0,False
0x1d7689724aaa0e833c1add5b84af2bcd9475c0b1,ethereum,USDT,14424.278495999999,14424.278495999999,USDT,14424.278495999999,57,6,6,1,2,0.9824561403508771,0.07017543859649122,1.0,False,0.5176943699731904,0.13766597326714825,False,False,,20.1,,0,[],[],0,False,False,,,36.5,False,,,0.0,,False,20.1,0,,False,[],,False,9.5,9.5,False
0xbde628972d1ef01a7b0b5a9194d61e8b209a7ceb,ethereum,USDT,20807.014351,21530.121351,USDT,20807.014351,99,2,2,22,19,0.19858156028368795,0.0,1.0347530399028753,False,0.5443898745931515,0.14225729263141373,False,False,,20.0,,0,[],[],0,False,False,,,53.6,False,,,0.0,,False,20.0,2,27486.0,True,[],,False,49.5,49.5,False
0xf7e98e419c387815a00c7ae1ccb348925023e2ab,ethereum,USDT,170613.34704999998,169276.859405,USDT,170613.34704999998,123,3,15,3,24,0.19708029197080293,0.058394160583941604,0.9921665703879057,False,0.672562000404659,0.16061273514391894,False,False,,19.9,,0,[],[],0,False,False,,,30.7,False,,,0.0,,False,19.9,0,,False,[],,False,41.0,8.2,False
0x88d79714f5a9e3749e0b8391940378b5d78dcb19,ethereum,USDT,146334.81598900005,146181.791969,USDT,146334.81598900005,53,3,9,12,9,0.24358974358974358,0.0641025641025641,0.998954288362849,False,0.6438927343481731,0.1562313264669909,False,False,,19.9,,0,[],[],0,False,False,,,20.8,False,,,0.0,,False,19.9,0,,False,[],,False,17.67,5.89,False
0xfd254c05bf6addffcba555560517b5b7b2283245,ethereum,USDT,17362.475787000003,17362.475787000003,USDT,17362.475787000003,63,6,7,1,1,0.0,0.0,1.0,False,0.5967828418230563,0.1498675159405326,False,False,,19.9,,0,[],[],0,False,False,,,32.2,False,,,0.0,,False,19.9,2,27518.0,True,[],,False,10.5,9.0,False
0x0387b9f4802591e4d8ee30a57ff83f6e6b0cc0c1,ethereum,USDT,18795.978524000006,17953.939375,USDT,18795.978524000006,59,12,14,34,22,0.35384615384615387,0.0,0.9552011007075354,False,0.3669115338144293,0.11783256486314103,False,False,,19.9,,0,[],[],0,False,False,,,33.9,False,,,0.0,,False,19.9,0,,False,[],,False,4.92,4.21,False
0x1daa8faff39b63890a2961d01acaa70003ae6ae0,ethereum,USDT,36598.56905700001,36598.568092,USDT,36598.56905700001,77,8,11,12,17,0.14285714285714285,0.012987012987012988,0.9999999736328488,False,0.636327072474559,0.15575549145907452,False,False,,19.8,,0,[],[],0,False,False,,,17.5,False,,,0.0,,False,19.8,0,,False,[],,False,9.62,7.0,False
0x90504b2a9cf4faae2c6476807b0f7d78dad74f47,ethereum,USDT,27375.168287000008,24960.532509,USDT,27375.168287000008,138,5,21,58,22,0.05555555555555555,0.037037037037037035,0.911794669070704,False,0.6488468694709774,0.15995762555752868,False,False,,19.4,,0,[],[],0,False,False,,,60.1,False,,,0.0,,False,19.4,0,,False,[],,False,27.6,6.57,False
0x8281249b0443674ccce27524e218fd326f31409c,ethereum,USDT,63935.602592999996,49700.0,USDT,63935.602592999996,104,8,25,58,21,0.1037037037037037,0.14074074074074075,0.7773446715811734,False,0.5986324731902293,0.15404389853218703,False,False,,19.2,,0,[],[],0,False,False,,,25.4,False,,,0.0,,False,19.2,0,,False,[],,False,13.0,4.16,False
0x5529c35a87314e9e470419953cd444378d52eef6,ethereum,USDT,14929.036112,14929.036112,USDT,14929.036112,59,7,9,2,3,0.9661016949152542,0.03389830508474576,1.0,False,0.44369973190348533,0.13272312721917812,False,False,,19.2,,0,[],[],0,False,False,,,37.8,False,,,0.0,,False,19.2,3,27522.0,True,[],,False,8.43,6.56,False
0xc20f8f4ba9f34a4a8e140c706784b7f6d6f7d010,ethereum,USDT,67773.91721800002,140969.215686,USDT,67773.91721800002,213,12,13,8,23,0.107981220657277,0.0,2.079992148492195,False,0.38136729222520105,0.12434671345087167,False,False,,19.1,,0,[],[],0,False,False,,,56.7,False,,,0.0,,False,19.1,0,,False,[],,False,17.75,16.38,False
0xb69c735841c5247ef6cb691d3cad4f14acb8c7a5,ethereum,USDT,16523.232351000002,12000.0,USDT,16523.232351000002,78,3,4,30,18,0.4125,0.2,0.726250151609939,False,0.597930995469441,0.15499160806778278,False,False,,19.0,,0,[],[],0,False,False,,,45.9,False,,,0.0,,False,19.0,0,,False,[],,False,26.0,19.5,False
0xfa841ae3eb46970f4ebd354905355ab9cce2f8f4,ethereum,USDT,28476.327163,28476.327162,USDT,28476.327163,188,5,15,3,20,0.17553191489361702,0.0,0.9999999999648831,False,0.6189008042825209,0.1583471399832188,False,False,,18.9,,0,[],[],0,False,False,,,63.8,False,,,0.0,,False,18.9,0,,False,[],,False,37.6,12.53,False
0x37afc7e9097f6fe56913bfe015377c4f4522515c,ethereum,USDT,112061.94211999998,112061.93,USDT,112061.94211999998,66,3,4,2,4,0.21428571428571427,0.0,0.9999998918455297,False,0.610857887216291,0.15769951296203383,False,False,,18.9,,0,[],[],0,False,False,,,33.6,False,,,0.0,,False,18.9,0,,False,[],,False,22.0,16.5,False
0xe978f4fff4d9856e66fddec5c007b3bbd273cf71,ethereum,USDT,27243.740967,27243.718040000003,USDT,27243.740967,88,9,11,5,9,0.9191919191919192,0.08080808080808081,0.9999991584489066,False,0.5836459442903175,0.15345056766526655,False,False,,18.9,,0,[],[],0,False,False,,,47.2,False,,,0.0,,False,18.9,0,,False,[],,False,9.78,8.0,False
0xd07e6ab4b75b3da5a96b5e81064a65fc04f98814,ethereum,USDT,198099.873485,173636.91580000002,USDT,198099.873485,51,2,10,58,22,0.08080808080808081,0.1414141414141414,0.8765119974352115,False,0.49326486597497793,0.14148750217800005,False,False,,18.8,,0,[],[],0,False,False,,,1.3,False,,,0.0,,False,18.8,0,,False,[],,False,25.5,5.1,False
0xe7264330744d882bd1f3d9c04cb981d401422214,ethereum,USDT,254942.96994600003,254813.787499,USDT,254942.96994600003,67,6,15,14,21,0.24719101123595505,0.056179775280898875,0.9994932888440603,False,0.5572713119243081,0.15027240366430872,False,False,,18.8,,0,[],[],0,False,False,,,12.9,False,,,0.0,,False,18.8,0,,False,[],,False,11.17,4.47,False
0x7dfc15922bef72db4a7d3c5490a560565d7de44e,ethereum,USDT,80565.06211799999,81398.06110899999,USDT,80565.06211799999,63,8,14,5,2,0.0,0.0,1.0103394569444997,False,0.5447149504341564,0.14948925594315732,False,False,,18.7,,0,[],[],0,False,False,,,10.2,False,,,0.0,,False,18.7,0,,False,[],,False,7.88,4.5,False
0xd6e2888f054c7cf9e77e338cad5bff59cd849a75,ethereum,USDT,64784.905993000015,65852.98654000001,USDT,64784.905993000015,90,8,17,28,22,0.30973451327433627,0.4778761061946903,1.0164865647426486,False,0.6473729283383336,0.1644519705088826,False,False,,18.6,,0,[],[],0,False,False,,,21.9,False,,,0.0,,False,18.6,0,,False,[],,False,11.25,5.29,False
0x1edfd40bd03fa0f718c87eb1a53e85518660822f,ethereum,USDT,55501.491147999994,81085.036448,USDT,55501.491147999994,190,10,22,30,23,0.11764705882352941,0.0,1.460952395527159,False,0.47751461472834833,0.1415484410481756,False,False,,18.4,,0,[],[],0,False,False,,,61.2,False,,,0.0,,False,18.4,0,,False,[],,False,19.0,8.64,False
0x4aeb55d21c7083b4b04a0eb44cb40d13376735d9,ethereum,USDT,16809.895523000007,11207.177532,USDT,16809.895523000007,89,4,6,50,17,0.033707865168539325,0.0,0.6667012008888377,False,0.6105520364244164,0.16098972642903314,False,False,,18.3,,0,[],[],0,False,False,,,43.4,False,,,0.0,,False,18.3,0,,False,[],,False,22.25,14.83,False
0xdc335f5b2ba7649d07c00e73e880bbf592132a5a,ethereum,USDT,15084.249029999994,14559.322296,USDT,15084.249029999994,52,3,4,47,24,0.3409090909090909,0.10227272727272728,0.9652003402386156,False,0.5036298803801629,0.1458488643877522,False,False,,18.3,,0,[],[],0,False,False,,,28.8,False,,,0.0,,False,18.3,0,,False,[],,False,17.33,13.0,False
0x5c92445246269078e042064c309f508829757fbf,ethereum,USDT,109910.89283999999,32300.0,USDT,109910.89283999999,64,1,2,4,19,0.011764705882352941,0.17647058823529413,0.2938744210459641,True,0.306764160348603,0.11907031664193196,False,False,,18.2,,0,[],[],0,False,False,,,41.6,False,,,0.0,,False,18.2,0,,False,[],,False,64.0,32.0,True
0xcd119c2011e1dbd6bb30beb790a5350049fff06d,ethereum,USDT,194202.09515900005,326719.36216799996,USDT,194202.09515900005,99,4,5,19,22,0.22580645161290322,0.1693548387096774,1.6823678544791363,False,0.5588347400961299,0.15396980080511763,False,False,,18.2,,0,[],[],0,False,False,,,33.3,False,,,0.0,,False,18.2,0,,False,[],,False,24.75,19.8,False
0xb430ae8ecb6854ce6b5c70c9e35d36495f2ab44b,ethereum,USDT,37799.541834999996,37799.541834999996,USDT,37799.541834999996,121,4,12,12,24,0.24427480916030533,0.09923664122137404,1.0,False,0.6978552278820376,0.17375415251154208,False,False,,18.1,,0,[],[],0,False,False,,,59.0,False,,,0.0,,False,18.1,0,,False,[],,False,30.25,10.08,False
0x2f0cac46377ff8c209fb9124705d41247316762f,ethereum,USDT,35554.24591700001,35554.237663,USDT,35554.24591700001,108,5,5,1,4,0.8739495798319328,0.05042016806722689,0.9999997678476988,False,0.6450401680467516,0.1673390618192956,False,False,,18.0,,0,[],[],0,False,False,,,56.0,False,,,0.0,,False,18.0,2,27474.0,True,[],,False,21.6,21.6,False
0xc43dbffd19944caa3c5a1b4a2c6e96453777753e,ethereum,USDT,20101.964167,20011.088029,USDT,20101.964167,109,4,9,41,23,0.32432432432432434,0.05405405405405406,0.9954792408719351,False,0.6531172958955667,0.16907738503098585,False,False,,17.9,,0,[],[],0,False,False,,,57.1,False,,,0.0,,False,17.9,0,,False,[],,False,27.25,12.11,False
0x745fd9772ef7b25be8f07b6aef3b7276067e15d8,ethereum,USDT,63576.84408100002,62076.843949,USDT,63576.84408100002,125,6,18,13,23,0.21052631578947367,0.046052631578947366,0.9764065021835789,False,0.6589542226887265,0.16977872193304105,False,False,,17.9,,0,[],[],0,False,False,,,41.0,False,,,0.0,,False,17.9,0,,False,[],,False,20.83,6.94,False
0xd430c1e8df5810d6b7f1152977252ce765175d55,ethereum,USDT,11425.219965999999,11366.019967,USDT,11425.219965999999,57,2,4,31,24,0.1553398058252427,0.0,0.9948184805915186,False,0.4123685218555691,0.1357909348889514,False,False,,17.8,,0,[],[],0,False,False,,,35.6,False,,,0.0,,False,17.8,0,,False,[],,False,28.5,14.25,False
0xe0f9ee725be0b5b5ba8d33fb87377f08d7bb97c4,ethereum,USDT,83259.56653499998,77300.0,USDT,83259.56653499998,179,7,12,16,22,0.05102040816326531,0.025510204081632654,0.9284218404800998,False,0.6138345021442773,0.16372800150529138,False,False,,17.8,,0,[],[],0,False,False,,,59.8,False,,,0.0,,False,17.8,0,,False,[],,False,25.57,14.92,False
0xf5ea415e7f8f6c4080d64b91a9c6ce367da2f461,ethereum,USDT,219735.81396999996,165000.0,USDT,219735.81396999996,81,4,8,27,22,0.06557377049180328,0.19672131147540983,0.750901717016085,False,0.6109042039930294,0.1637217129217099,False,False,,17.8,,0,[],[],0,False,False,,,30.3,False,,,0.0,,False,17.8,0,,False,[],,False,20.25,10.12,False
0x9ead0ca977bbdfe551e34349604919ea1bf73a89,ethereum,USDT,325946.99698699993,400000.0,USDT,325946.99698699993,53,3,9,63,22,0.375,0.09615384615384616,1.2271933894085043,False,0.46930663042929105,0.1441060657685178,False,False,,17.8,,0,[],[],0,False,False,,,3.0,False,,,0.0,,False,17.8,0,,False,[],,False,17.67,5.89,False
0x6d30e4ccaf9722856802c5575e0e67a03c440949,ethereum,USDT,23021.000142999997,26237.661501000002,USDT,23021.000142999997,56,10,18,17,15,0.375,0.03125,1.1397272637165634,False,0.3957810888116471,0.13350866159178043,False,False,,17.8,,0,[],[],0,False,False,,,26.8,False,,,0.0,,False,17.8,0,,False,[],,False,5.6,3.11,False
0x81b5348cbb03ee418461295f91c9f1ea29665b61,ethereum,USDT,84404.95184299999,60000.0,USDT,84404.95184299999,166,3,5,39,24,0.21839080459770116,0.0,0.7108587670496493,False,0.5542360965734688,0.15643788679111476,False,False,,17.7,,0,[],[],0,False,False,,,46.7,False,,,0.0,,False,17.7,0,,False,[],,False,55.33,33.2,False
0x12c2edbe9d3bb3c7bee8d2eaa6c251cd405bbee9,ethereum,USDT,38564.979916,38564.978848,USDT,38564.979916,109,4,17,8,24,0.1925925925925926,0.08148148148148149,0.9999999723064812,False,0.677613935480063,0.17401535496711956,False,False,,17.6,,0,[],[],0,False,False,,,51.2,False,,,0.0,,False,17.6,0,,False,[],,False,27.25,6.41,False
0x1a9f4b78ec0851d3b0bab9695aedbc4f9e6397c2,ethereum,USDT,24883.241855000004,20300.0,USDT,24883.241855000004,94,4,6,21,9,0.7124183006535948,0.40522875816993464,0.8158100989530408,False,0.6712049152329674,0.17293778975957996,False,False,,17.6,,0,[],[],0,False,False,,,49.7,False,,,0.0,,False,17.6,0,,False,[],,False,23.5,15.67,False
0x1a9f4b78ec0851d3b0bab9695aedbc4f9e6397c2,ethereum,USDT,24883.241855000004,20300.0,USDT,24883.241855000004,94,4,6,21,9,0.7124183006535948,0.40522875816993464,0.8158100989530408,False,0.6712049152329674,0.17293778975957996,False,False,,17.6,,0,[],[],0,False,False,,,51.5,False,,,0.0,,False,17.6,0,,False,[],,False,23.5,15.67,False
0x19c4da80d5e6041535fe610d9f92d69b603f14ea,ethereum,USDT,11789.482704999997,6998.359665,USDT,11789.482704999997,64,5,11,58,20,0.07079646017699115,0.04424778761061947,0.593610410237249,False,0.4478105538973158,0.14252641631373753,False,False,,17.5,,0,[],[],0,False,False,,,39.0,False,,,0.0,,False,17.5,2,27524.0,True,[],,False,12.8,5.82,False
0x0612821945ad460c07379f0db4819815302ca76f,ethereum,USDT,27623.867938999996,27683.867939,USDT,27623.867938999996,78,3,13,47,23,0.21428571428571427,0.20238095238095238,1.002172034710436,False,0.6530508477496019,0.17159791986221046,False,False,,17.4,,0,[],[],0,False,False,,,48.2,False,,,0.0,,False,17.4,0,,False,[],,False,26.0,6.0,False
0x88dbc09428802f46e77eba200c9ab40b1a159b23,ethereum,USDT,24040.95564600001,36445.361439,USDT,24040.95564600001,111,5,7,8,16,0.0859375,0.0078125,1.5159697466129582,False,0.6497551123396068,0.17144407456199645,False,False,,17.4,,0,[],[],0,False,False,,,52.7,False,,,0.0,,False,17.4,0,,False,[],,False,22.2,15.86,False
0xf66eeaf06c33e89b90e2def994c7b0c200e6c8ef,ethereum,USDT,13742.508208000003,20152.257947,USDT,13742.508208000003,63,12,13,45,23,0.20634920634920634,0.0,1.4664177486369374,False,0.30349929209566884,0.12307757120828305,False,False,,17.4,,0,[],[],0,False,False,,,35.0,False,,,0.0,,False,17.4,0,,False,[],,False,5.25,4.85,False
0xa1883f0e489837c1ca9508ba48b8302dae0d492f,ethereum,USDT,14285.545586,14285.545586,USDT,14285.545586,65,5,6,1,1,1.0,0.015384615384615385,1.0,False,0.5017426273458445,0.15133803255672001,False,False,,17.3,,0,[],[],0,False,False,,,42.4,False,,,0.0,,False,17.3,2,27517.0,True,[],,False,13.0,10.83,False
0xac9ff64110a544fb0a44f21613da7be042f13379,ethereum,USDT,11661.268715000004,38491.631513,USDT,11661.268715000004,95,10,25,36,23,0.1388888888888889,0.0,3.300809925037388,False,0.29329758713136733,0.12227296632612628,False,False,,17.3,,0,[],[],0,False,False,,,50.3,False,,,0.0,,False,17.3,0,,False,[],,False,9.5,3.8,False
0x545cb11290455a7a6cfd7c6b8ae97d90d76fe719,ethereum,USDT,110072.54313600001,100458.933355,USDT,110072.54313600001,84,3,18,42,20,0.02586206896551724,0.017241379310344827,0.9126611459397107,False,0.5467413444694436,0.15907957786799548,False,False,,17.0,,0,[],[],0,False,False,,,47.8,False,,,0.0,,False,17.0,0,,False,[],,False,28.0,4.67,False
0x5b88f22ee43ea866fe6cdb4a0c224eec6ff1b48d,ethereum,USDT,49621.222951,50511.180506,USDT,49621.222951,96,7,21,87,24,0.32196969696969696,0.03409090909090909,1.01793501856814,False,0.5596837737662648,0.16109771858318056,False,False,,17.0,,0,[],[],0,False,False,,,52.2,False,,,0.0,,False,17.0,0,,False,[],,False,13.71,4.57,False
0xea7d7c32c461c64005e0c80c25904f09a11c0b7c,ethereum,USDT,60490.534005999994,58797.485,USDT,60490.534005999994,54,8,17,8,7,0.6666666666666666,0.016666666666666666,0.9720113397274347,False,0.39051486848167993,0.13810521746797072,False,False,,16.9,,0,[],[],0,False,False,,,24.3,False,,,0.0,,False,16.9,0,,False,[],,False,6.75,3.18,False
0x143d7a791f45c6f340be16e6d12a6c8c406dedca,ethereum,USDT,15431.177924000001,15431.177924,USDT,15431.177924000001,53,4,5,5,22,0.18181818181818182,0.0,0.9999999999999999,False,0.39490616621983915,0.13911258024771228,False,False,,16.8,,0,[],[],0,False,False,,,18.9,False,,,0.0,,False,16.8,0,,False,[],,False,13.25,10.6,False
0x9b37c05c2a91c761db7f7d3cbcb1faed8742ef9b,ethereum,USDT,50552.05597300001,33670.0,USDT,50552.05597300001,146,4,5,30,24,0.12244897959183673,0.006802721088435374,0.666046105384581,False,0.5645765133021173,0.16376223764530184,False,False,,16.6,,0,[],[],0,False,False,,,60.1,False,,,0.0,,False,16.6,0,,False,[],,False,36.5,29.2,False
0x7c27c15cac1cf76afaa336f3e5892b3d1c47d647,ethereum,USDT,70491.19324300003,55877.7683,USDT,70491.19324300003,76,3,5,31,23,0.13680781758957655,0.035830618892508145,0.7926914800175953,False,0.5204685909096853,0.15817297198078917,False,False,,16.5,,0,[],[],0,False,False,,,44.0,False,,,0.0,,False,16.5,0,,False,[],,False,25.33,15.2,False
0x8838670e27287e47b69b4a9b8bd6f7e222c986ca,ethereum,USDT,20380.078952000007,20391.848952,USDT,20380.078952000007,89,7,7,37,24,0.22916666666666666,0.0,1.0005775247499147,False,0.47709629129666586,0.15277190425382997,False,False,,16.4,,0,[],[],0,False,False,,,48.5,False,,,0.0,,False,16.4,0,,False,[],,False,12.71,12.71,False
0xc74f588cf3066bc9516a87d4d1a2814e98d5d6a3,ethereum,USDT,121332.259945,121331.800351,USDT,121332.259945,88,5,15,12,23,0.3211009174311927,0.03669724770642202,0.9999962121038526,False,0.5950394568979823,0.1694522998594889,False,False,,16.3,,0,[],[],0,False,False,,,41.0,False,,,0.0,,False,16.3,2,27499.0,True,[],,False,17.6,5.87,False
0xaad84c0f9380b2d213bc91a0fa6f48e221b240fc,ethereum,USDT,37778.245641000016,37760.0,USDT,37778.245641000016,65,4,4,5,19,0.23232323232323232,0.06060606060606061,0.9995170331313582,False,0.5512438891999982,0.1644104795901673,False,False,,16.2,,0,[],[],0,False,False,,,34.0,False,,,0.0,,False,16.2,0,,False,[],,False,16.25,16.25,False
0x58501aed954cf5e27f73476f2ce421c6571432f1,ethereum,USDT,67431.821196,71737.89119600001,USDT,67431.821196,50,7,20,27,23,0.2878787878787879,0.015151515151515152,1.0638581299396292,False,0.3572015643605996,0.13697314565831736,False,False,,16.2,,0,[],[],0,False,False,,,0.3,False,,,0.0,,False,16.2,0,,False,[],,False,7.14,2.5,False
0x0bb8130190f1a05e45527bd6b9bdbe86fec14195,ethereum,USDT,27844.110739,27844.110623,USDT,27844.110739,72,3,7,2,3,0.8333333333333334,0.06944444444444445,0.9999999958339485,False,0.5843163530541892,0.16918207512254474,False,False,,16.1,,0,[],[],0,False,False,,,43.7,False,,,0.0,,False,16.1,0,,False,[],,False,24.0,10.29,False
0x8f1e9edb6d62639411c719bb965d9b3c97f94bcf,ethereum,USDT,116060.11698699999,165709.31139800002,USDT,116060.11698699999,51,5,14,10,17,0.01948051948051948,0.025974025974025976,1.427788595255003,False,0.5078739163377394,0.15859431534782792,False,False,,16.1,,0,[],[],0,False,False,,,13.6,False,,,0.0,,False,16.1,0,,False,[],,False,10.2,3.64,False
0x0bbfebbeef6044bf50d1bae287b0bad397926ed6,ethereum,USDT,37701.572871,37788.267712,USDT,37701.572871,60,5,12,24,21,0.25,0.2727272727272727,1.0022995019676404,False,0.5927036384804666,0.17098906759468846,False,False,,16.0,,0,[],[],0,False,False,,,34.8,False,,,0.0,,False,16.0,0,,False,[],,False,12.0,5.0,False
0x6f49ee86b06f9be33d4537cfe54a99634ffea63d,ethereum,USDT,51079.573731,50974.134227999995,USDT,51079.573731,66,7,13,35,24,0.2608695652173913,0.11594202898550725,0.9979357795044399,False,0.538327102281585,0.16326116470301144,False,False,,16.0,,0,[],[],0,False,False,,,42.5,False,,,0.0,,False,16.0,0,,False,[],,False,9.43,5.08,False
0xd4c24e52aa94657b372ee8ad2ec2d993581998a2,ethereum,USDT,21404.333178999994,20819.903179,USDT,21404.333178999994,71,5,22,51,20,0.06315789473684211,0.0,0.9726957156239101,False,0.47309142194515735,0.1560384120144741,False,False,,15.7,,0,[],[],0,False,False,,,38.4,False,,,0.0,,False,15.7,0,,False,[],,False,14.2,3.23,False
0x287ffc7c224bd33dc85d83313d9eb60fb17c26f8,ethereum,USDT,26108.97284700001,38000.0,USDT,26108.97284700001,152,7,15,59,18,0.36363636363636365,0.017045454545454544,1.4554383361874117,False,0.5098506705641263,0.161755167684501,False,False,,15.6,,0,[],[],0,False,False,,,62.6,False,,,0.0,,False,15.6,0,,False,[],,False,21.71,10.13,False
0xc1d94181cff8ba03b78599e988122140c46ced55,ethereum,USDT,15930.544738999997,83955.618006,USDT,15930.544738999997,138,5,6,67,23,0.15,0.0,5.270103400825082,False,0.39436997319034856,0.1482399007439319,False,False,,15.1,,0,[],[],0,False,False,,,61.1,False,,,0.0,,False,15.1,0,,False,[],,False,27.6,23.0,False
0x78255cfa63a3b49b742cbc9adb36af926d3cda90,ethereum,USDT,55314.246849,76677.947349,USDT,55314.246849,78,6,15,1,7,0.0,0.0,1.3862241956998862,False,0.5726211126026501,0.17319923297915096,False,False,,15.1,,0,[],[],0,False,False,,,17.4,False,,,0.0,,False,15.1,0,,False,[],,False,13.0,5.2,False
0x6509a362e11321c8e4e6522c288516a696a1e839,ethereum,USDT,51802.69591899998,60000.0,USDT,51802.69591899998,100,6,8,47,19,0.22,0.01,1.1582408779229856,False,0.5589684463993171,0.17235947473396135,False,False,,14.9,,0,[],[],0,False,False,,,24.8,False,,,0.0,,False,14.9,0,,False,[],,False,16.67,12.5,False
0xe1445568485b24589b9b3bccbb9c0175ef1331ee,ethereum,USDT,50717.92791699999,70000.0,USDT,50717.92791699999,96,3,4,43,21,0.28125,0.0,1.380182568076424,False,0.4688696526045543,0.1606936336094099,False,False,,14.8,,0,[],[],0,False,False,,,23.6,False,,,0.0,,False,14.8,0,,False,[],,False,32.0,24.0,False
0x8c07a0eb08010726214b2c9f723c673a1b8b48dd,ethereum,USDT,51393.886413,78413.0,USDT,51393.886413,88,4,16,3,17,0.12222222222222222,0.0,1.5257262190657284,False,0.5688493942565594,0.17477624496310612,False,False,,14.7,,0,[],[],0,False,False,,,20.8,False,,,0.0,,False,14.7,0,,False,[],,False,22.0,5.5,False
0x3ca05ce17d50d3c7a9c5c3a0d7ab1dd1bfbc6fd9,ethereum,USDT,71323.6552,82184.456583,USDT,71323.6552,51,4,9,48,24,0.28054298642533937,0.09502262443438914,1.1522748848547517,False,0.47034931257328555,0.16106428124382172,False,False,,14.7,,0,[],[],0,False,False,,,32.2,False,,,0.0,,False,14.7,0,,False,[],,False,12.75,5.67,False
0xfaaef1bbd0fb57cd1543428d4e532f75e648cdbb,ethereum,USDT,22732.341109,20439.514238,USDT,22732.341109,67,5,13,16,4,0.8653846153846154,0.019230769230769232,0.8991381107644807,False,0.49966676424404893,0.169861987664147,False,False,,13.9,,0,[],[],0,False,False,,,41.8,False,,,0.0,,False,13.9,0,,False,[],,False,13.4,5.15,False
0xc0d58060ad2787ed28f20dc4036c4e283fa9cd92,ethereum,USDT,247617.685325,25198.04,USDT,247617.685325,53,4,23,62,24,0.2392857142857143,0.2,0.10176187523491059,True,0.268073554671647,0.13780044447383388,False,False,,13.9,,0,[],[],0,False,False,,,3.0,False,,,0.0,,False,13.9,0,,False,[],,False,13.25,2.3,False
0xe94be4c8fc72d8a555c86821f8b1964252ae666d,ethereum,USDT,44174.847546000005,7460.102969,USDT,44174.847546000005,61,3,4,9,8,0.0,0.0,0.16887671114725794,True,0.32211314383803064,0.14739509216766072,False,False,,13.5,,0,[],[],0,False,False,,,9.0,False,,,0.0,,False,13.5,0,,False,[],,False,20.33,15.25,False
0x62ac7c440eefb3d0df2ec2ea6a1a42be4b78204c,ethereum,USDT,15701.082911999996,26000.0,USDT,15701.082911999996,82,4,5,49,18,0.39285714285714285,0.011904761904761904,1.6559367367029676,False,0.4202871834905057,0.16143773327956235,False,False,,13.4,,0,[],[],0,False,False,,,41.7,False,,,0.0,,False,13.4,0,,False,[],,False,20.5,16.4,False
0xf42829ecd6feca2b416ccc979fa10569d1dece4d,ethereum,USDT,25447.953100000006,12497.923157,USDT,25447.953100000006,92,6,7,45,19,0.4774193548387097,0.05161290322580645,0.4911170304302391,True,0.4216818511262623,0.16255818109158193,False,False,,13.3,,0,[],[],0,False,False,,,47.4,False,,,0.0,,False,13.3,0,,False,[],,False,15.33,13.14,False
0xa99fb507bb15988cdb6a26a7451f7f21de8cd5a2,ethereum,USDT,18029.409387,7800.0,USDT,18029.409387,74,3,10,19,21,0.14285714285714285,0.07142857142857142,0.43262648446066926,True,0.37942073925138314,0.15894572203683022,False,False,,12.8,,0,[],[],0,False,False,,,33.4,False,,,0.0,,False,12.8,0,,False,[],,False,24.67,7.4,False
0x174ea69fbecf1575659ecaad9bd82840cd4d74d1,ethereum,USDT,28793.050856,61275.279098,USDT,28793.050856,61,9,15,14,21,0.3333333333333333,0.696969696969697,2.1281273528272613,False,0.3623324396782842,0.15716390448226902,False,False,,12.7,,0,[],[],0,False,False,,,35.5,False,,,0.0,,False,12.7,0,,False,[],,False,6.78,4.07,False
0xf83cbc1cfc97361391859a02c5011c6a19423dcd,ethereum,USDT,40569.04671399998,35104.272925,USDT,40569.04671399998,54,6,15,70,22,0.05325443786982249,0.01775147928994083,0.8652969632852097,False,0.4229253443996693,0.1662682277951925,False,False,,12.6,,0,[],[],0,False,False,,,20.4,False,,,0.0,,False,12.6,0,,False,[],,False,9.0,3.6,False
0xadcd5ae004fde617b37a1380731050a1a25b3f36,ethereum,USDT,145155.75517399996,100100.0,USDT,145155.75517399996,51,3,11,39,24,0.15217391304347827,0.02717391304347826,0.6896040730869328,False,0.38242483606510774,0.16243272601821684,False,False,,12.3,,0,[],[],0,False,False,,,27.6,False,,,0.0,,False,12.3,0,,False,[],,False,17.0,4.64,False
0x7245d1a91dcfe639f6c3a5b644fc1652f3947652,ethereum,USDT,46678.16058899999,84924.028764,USDT,46678.16058899999,102,6,11,18,20,0.12612612612612611,0.0,1.8193525128754302,False,0.3914914277198201,0.17680603749103618,False,False,,9.9,,0,[],[],0,False,False,,,38.9,False,,,0.0,,False,9.9,0,,False,[],,False,17.0,9.27,False
0x0bfb6c5691a20fffa9bf23ba23ed0d65d6fbf2fa,ethereum,USDT,23776.528026999993,9005.0,USDT,23776.528026999993,59,5,8,42,21,0.06172839506172839,0.024691358024691357,0.3787348594283472,True,0.2614038083467955,0.1596186140102056,False,False,,9.8,,0,[],[],0,False,False,,,36.3,False,,,0.0,,False,9.8,0,,False,[],,False,11.8,7.38,False
0x695ed81607de56c77c494c47ff661b9c1bad8a58,ethereum,USDT,48460.50104399998,76637.875,USDT,48460.50104399998,59,8,15,33,19,0.11688311688311688,0.0,1.5814503224062049,False,0.2595812491916813,0.16142009005919394,False,False,,9.4,,0,[],[],0,False,False,,,7.3,False,,,0.0,,False,9.4,0,,False,[],,False,7.38,3.93,False
0x09c953d3667ca40a1ac5153f0a015fa1a74473b9,ethereum,USDT,37719.71372200001,53010.0,USDT,37719.71372200001,62,4,9,34,19,0.04878048780487805,0.0,1.405365915306031,False,0.3620903558127884,0.17604441415335859,False,False,,9.3,,0,[],[],0,False,False,,,17.6,False,,,0.0,,False,9.3,0,,False,[],,False,15.5,6.89,False
