wallet,chain,asset,raw_value_in,raw_value_out,value_unit,value_in_usd_est,distinct_senders,distinct_recipients,out_cnt,active_days,hours_of_day_active,night_share,round100_share,pass_through,is_accumulator,informal_score,anomaly_score,is_anomaly,is_sanctioned,hops_to_sanctioned,risk_score,attributability,risk_attribution_score,risk_tags,risk_categories,risk_source_count,is_known_risk,confirmed,label_name,label_tags,campaign_terror_score,is_top_campaign_lead,anchor_exchange,anchor_exchange_addr,anchor_usdt,anchor_links,has_exchange_anchor,actionability,components_bridged,total_bridged_size,is_bridge_wallet,country_codes,country_source,hits_interesting_country,funnel_ratio_recipients,funnel_ratio_out_cnt,is_single_recipient
bc1p6evunkqsrwh4wwau77y6fskv8nt963a6ydpdgj7e3s756rmvfqtqcjx36y,bitcoin,BTC,5.17996544,0.02097152,BTC,336697.7536,247,0,1,1,1,1.0,0.0,0.004048582995951417,True,0.3383847165991902,-0.1641931374490183,True,False,,60.2,,0,[],[],0,False,False,,,91.4,False,,,0.0,,False,60.2,0,,False,[],,False,247.0,247.0,True
bc1qwjzqnpxxerz3qsdz6rj34mdhnudzjngggth4r4,bitcoin,BTC,5.7102748,0.30173672,BTC,371167.86199999996,2702,0,14,6,24,0.09259259259259259,0.0,0.052841015637285965,True,0.41016820312745716,-0.16133719823909876,True,False,,59.8,,0,[],[],0,False,False,,,99.9,True,,,0.0,,False,59.8,0,,False,[],,False,2702.0,193.0,True
bc1ptyt7naqywljqewnrqpdfck96kql7tv0swflr5ljqw0nr8pnqx9tsp78096,bitcoin,BTC,20.71986176,0.08388608,BTC,1346791.0144,247,0,1,1,1,1.0,0.0,0.004048582995951417,True,0.3383847165991902,-0.161525132090789,True,False,,59.8,,0,[],[],0,False,False,,,91.4,False,,,0.0,,False,59.8,0,,False,[],,False,247.0,247.0,True
bc1q58lhegs5g9g5ysgua64kgvvm56hvtn3mp8dmmp,bitcoin,BTC,23.62786686,0.09565938,BTC,1535811.3459,247,0,1,1,1,1.0,0.0,0.004048582995951417,True,0.3383847165991902,-0.16082214215974555,True,False,,59.7,,0,[],[],0,False,False,,,91.4,False,,,0.0,,False,59.7,0,,False,[],,False,247.0,247.0,True
bc1p6zunnnvhasdee0e3gxtl3fnan5mkkdx5eydmeg2dkp676pktfn3q9ehj3w,bitcoin,BTC,49.4,0.2,BTC,3211000.0,247,0,1,1,1,1.0,0.0,0.004048582995951417,True,0.3383847165991902,-0.1599703264988127,True,False,,59.6,,0,[],[],0,False,False,,,91.4,False,,,0.0,,False,59.6,0,,False,[],,False,247.0,247.0,True
bc1pzprgz6d3h5a4zlthkn0273u3gsg4re634jlsnaqagrp0qzw57aes6c6khv,bitcoin,BTC,1.31265927,0.00531441,BTC,85322.85255,247,0,1,1,1,1.0,0.0,0.004048582995951417,True,0.3383847165991902,-0.15970504254973583,True,False,,59.5,,0,[],[],0,False,False,,,91.4,False,,,0.0,,False,59.5,0,,False,[],,False,247.0,247.0,True
bc1pl5t6sgsyfz46glunh246hycn8y9q4jwgyqhgfy3wk5dyun0mn3pq74ejv0,bitcoin,BTC,1.31265927,0.00531441,BTC,85322.85255,247,0,1,1,1,1.0,0.0,0.004048582995951417,True,0.3383847165991902,-0.15970504254973583,True,False,,59.5,,0,[],[],0,False,False,,,91.4,False,,,0.0,,False,59.5,0,,False,[],,False,247.0,247.0,True
bc1pjjf773ekm5l3crt99ccpmac7jwnzddydvlpzgect34yxzdlkm0pq2nhws7,bitcoin,BTC,0.87510618,0.00354294,BTC,56881.901699999995,247,0,1,1,1,1.0,0.0,0.004048582995951417,True,0.3383847165991902,-0.15952964604460962,True,False,,59.5,,0,[],[],0,False,False,,,91.4,False,,,0.0,,False,59.5,0,,False,[],,False,247.0,247.0,True
bc1qkyv0cp8w8ds32h9s39fz6d0s03yp9wmchqzgrh,bitcoin,BTC,16.7693184,1.8306322,BTC,1090005.696,4640,0,2,6,24,0.14510166358595195,0.0,0.10916556990175581,True,0.42188311398035117,-0.15901845796107472,True,False,,59.4,,0,[],[],0,False,False,,,100.0,True,,,0.0,,False,59.4,0,,False,[],,False,4640.0,2320.0,True
bc1qwctfjys6g2aj5tftk9gf2emqe4kmjwqrqecd8s,bitcoin,BTC,12.62534583,0.15734781,BTC,820647.47895,1777,0,7,6,22,0.12596284549161757,0.0,0.012462851482936368,True,0.4013425702965873,-0.13480097711264893,True,False,,56.2,,0,[],[],0,False,False,,,99.8,True,,,0.0,,False,56.2,0,,False,[],,False,1777.0,253.86,True
bc1q2wc7hmmdngd8cs3m3692xvtpcclvf6fkhm9ra4,bitcoin,BTC,14.2799808,0.6167298,BTC,928198.7520000001,3525,0,7,6,24,0.11113783978830888,0.0,0.04318841941300089,True,0.40846268388260015,-0.13209250263918237,True,False,,55.8,,0,[],[],0,False,False,,,100.0,True,,,0.0,,False,55.8,0,,False,[],,False,3525.0,503.57,True
bc1pqzqusv5dj3w4tv6xdlyyw24rdftl4hwsla37vwn7pt7g0xtfsw0qwu896s,bitcoin,BTC,1.0097379,0.00354294,BTC,65632.9635,285,0,1,1,1,1.0,0.0,0.0035087719298245615,True,0.38260175438596494,-0.12506390890138042,True,False,,54.8,,0,[],[],0,False,False,,,97.5,False,,,0.0,,False,54.8,0,,False,[],,False,285.0,285.0,True
bc1q4au9xh3n455udazmjffyzgzsecsuwplhhc2qfd,bitcoin,BTC,4.226075,0.3518076,BTC,274694.875,3525,0,2,6,24,0.15012787723785168,0.0,0.08324688984459576,True,0.4164743779689191,-0.1211170542744191,True,False,,54.3,,0,[],[],0,False,False,,,100.0,True,,,0.0,,False,54.3,0,,False,[],,False,3525.0,1762.5,True
bc1qtfcnuueaxzpwylug8vl9w6aexfv8j8342ks4xz,bitcoin,BTC,2.244151,0.1051734,BTC,145869.815,1422,0,2,6,23,0.14435695538057744,0.0,0.04686556296791081,True,0.4071731125935822,-0.12012722868614989,True,False,,54.2,,0,[],[],0,False,False,,,99.7,True,,,0.0,,False,54.2,0,,False,[],,False,1422.0,711.0,True
bc1qwznelkc6r32u0cc4t8nuqxhx6fhpww2nd6na9z,bitcoin,BTC,9.51698187,8.05977123,BTC,618603.82155,1374,0,25,5,22,0.2647058823529412,0.0,0.84688311274465,False,0.66702662254893,-0.11782144334522848,True,False,,53.9,,0,[],[],0,False,False,,,99.7,True,,,0.0,,False,53.9,0,,False,[],,False,1374.0,54.96,True
bc1qf4hvgn0rpj8kkg8upgjm74zjg6ful758cfes4y,bitcoin,BTC,31.71088957,1.4124942,BTC,2061207.8220499998,495,0,8,3,11,0.42777777777777776,0.0,0.04454287530729779,True,0.40370857506145963,-0.11585955592494657,True,False,,53.6,,0,[],[],0,False,False,,,99.3,False,,,0.0,,False,53.6,0,,False,[],,False,495.0,61.88,True
bc1q58m3vyvkmcpfvdxq9gsztuezjn4putvv4cv4a4,bitcoin,BTC,2.98472745,0.0,BTC,194007.28425,1956,0,0,5,9,0.11026808295397066,0.0,0.0,True,0.54915,-0.10973504873601703,True,False,,52.8,,0,[],[],0,False,False,,,99.9,True,,,0.0,,False,52.8,0,,False,[],,False,1956.0,1956.0,True
bc1ql8dtrxv83cwkm05n54uvkx82009g2kx2rgp7em,bitcoin,BTC,1.07090035,0.0,BTC,69608.52275,1461,0,0,1,1,0.0,0.0,0.0,True,0.548325,-0.10859101189900433,True,False,,52.6,,0,[],[],0,False,False,,,99.8,True,,,0.0,,False,52.6,0,,False,[],,False,1461.0,1461.0,True
bc1qu48zms6ya8nwg8v9cmt74a34uptg4y5mplmxyr,bitcoin,BTC,8.0959123,0.0,BTC,526234.2995,1458,0,0,1,1,0.0,0.0,0.0,True,0.54795,-0.10766073566311873,True,False,,52.5,,0,[],[],0,False,False,,,99.7,True,,,0.0,,False,52.5,0,,False,[],,False,1458.0,1458.0,True
bc1q73p8tu4gx453wteukuv505a85tvt935249aae4,bitcoin,BTC,7.76545718,0.0,BTC,504754.7167,1461,0,0,1,1,0.0,0.0,0.0,True,0.548325,-0.10632817311368015,True,False,,52.3,,0,[],[],0,False,False,,,99.8,True,,,0.0,,False,52.3,0,,False,[],,False,1461.0,1461.0,True
bc1qe2jypxn4v2q9nqs0vmyffly6vc5l6dywelc6uj,bitcoin,BTC,1.2716493,0.0,BTC,82657.20449999999,1460,0,0,1,1,0.0,0.0,0.0,True,0.5481,-0.1051670584617086,True,False,,52.1,,0,[],[],0,False,False,,,99.7,True,,,0.0,,False,52.1,0,,False,[],,False,1460.0,1460.0,True
bc1pmqv0ysaz3js9j8ane9cl633s5x7nez8xjwmej5qvpdzd7g2hus4sk7n7vl,bitcoin,BTC,1.30023424,0.00524288,BTC,84515.2256,248,0,1,1,1,1.0,0.0,0.004032258064516129,True,0.3638064516129032,-0.10030390169722514,True,False,,51.5,,0,[],[],0,False,False,,,94.9,False,,,0.0,,False,51.5,2,8306.0,True,[],,False,248.0,248.0,True
bc1qep5htm4384rcecfk5ll5h52p6cp2lpwfhkyhjw,bitcoin,BTC,3.9497484,0.045696,BTC,256733.64599999998,2412,0,1,6,24,0.13597513597513597,0.0,0.011569344518248302,True,0.4017638689036496,-0.0994261271193434,True,False,,51.4,,0,[],[],0,False,False,,,99.9,True,,,0.0,,False,51.4,0,,False,[],,False,2412.0,2412.0,True
bc1qtsyvr635yql0ampkqn00faj0lp6tyl3scrh4al,bitcoin,BTC,0.64466479,0.46843861,BTC,41903.21135,1087,0,3,6,24,0.20796943231441048,0.0,0.726639049109538,False,0.6425278098219076,-0.09999761928135698,True,False,,51.4,,0,[],[],0,False,False,,,99.6,True,,,0.0,,False,51.4,0,,False,[],,False,1087.0,362.33,True
bc1qsujs6wufwnu37wqndvexe4tysuec8y0ydq672n,bitcoin,BTC,17.40662987,3.11344348,BTC,1131430.9415499999,431,0,1,5,5,0.4403470715835141,0.0,0.17886538079183045,True,0.4290730761583661,-0.09989020187242026,True,False,,51.4,,0,[],[],0,False,False,,,99.1,False,,,0.0,,False,51.4,0,,False,[],,False,431.0,431.0,True
bc1q5v04zvxzetpjdwlwhvdql2f0s5d38hfd858tee,bitcoin,BTC,33.02689657,0.0,BTC,2146748.2770499997,1128,0,0,2,8,0.0731070496083551,0.0,0.0,True,0.54735,-0.09381389159614673,True,False,,50.6,,0,[],[],0,False,False,,,99.6,True,,,0.0,,False,50.6,0,,False,[],,False,1128.0,1128.0,True
bc1qg4s6r2pm38hw5jezws85wcsd6np747at830lr3,bitcoin,BTC,4.8675276,0.2672718,BTC,316389.294,2115,0,3,6,24,0.12987012987012986,0.0,0.054909149359522895,True,0.41028182987190454,-0.0919360212238376,True,False,,50.3,,0,[],[],0,False,False,,,99.9,True,,,0.0,,False,50.3,0,,False,[],,False,2115.0,705.0,True
12HmxC22W5BABNAiMn3YcyGvvTuorjXFe5,bitcoin,BTC,2.47485327,1.5530832,BTC,160865.46255,233,0,1,2,2,0.9972222222222222,0.0,0.6275455675802549,False,0.532334113516051,-0.0902279758347363,True,False,,50.1,,0,[],[],0,False,False,,,87.2,False,,,0.0,,False,50.1,0,,False,[],,False,233.0,233.0,True
bc1qkdp8sgp38jykr55yh02uh8f84nj23aq9ugvn3c,bitcoin,BTC,1.41255794,0.00340979,BTC,91816.2661,409,0,1,2,1,1.0,0.0,0.0024139116020968315,True,0.3934827823204194,-0.08954191097108644,True,False,,50.0,,0,[],[],0,False,False,,,99.0,False,,,0.0,,False,50.0,0,,False,[],,False,409.0,409.0,True
bc1pqpyz0qy8w8js68h0yghus9czf4mxf6cld3khqtkswyrm56ax4wnqj9qk4p,bitcoin,BTC,7.90784208,0.03188646,BTC,514009.7352,248,0,1,1,1,1.0,0.0,0.004032258064516129,True,0.3638064516129032,-0.08296545100844765,True,False,,49.1,,0,[],[],0,False,False,,,94.9,False,,,0.0,,False,49.1,0,,False,[],,False,248.0,248.0,True
bc1q8n9tyaawnxcll80d4ng49pannwydzus6k0pp3u,bitcoin,BTC,2.5550258,0.0,BTC,166076.677,1937,0,0,6,22,0.16339590443686006,0.0,0.0,True,0.399,-0.08236842086347906,True,False,,49.0,,0,[],[],0,False,False,,,99.9,True,,,0.0,,False,49.0,0,,False,[],,False,1937.0,1937.0,True
bc1p4nvvz6elrqgnhw38hf3g76efrcnktykjjy6zkq38ahgaxfs7py9syyeh2d,bitcoin,BTC,0.7471104,0.00262144,BTC,48562.176,285,0,1,1,1,1.0,0.0,0.0035087719298245615,True,0.38260175438596494,-0.07803372717261914,True,False,,48.4,,0,[],[],0,False,False,,,97.5,False,,,0.0,,False,48.4,0,,False,[],,False,285.0,285.0,True
bc1pzhdpv4te3xe2zd7f3hhrs4gz6zscrk655wy7npwzcj6kcs4gdz5st6u9y5,bitcoin,BTC,1.30023424,0.00524288,BTC,84515.2256,248,0,1,1,1,1.0,0.0,0.004032258064516129,True,0.3638064516129032,-0.07183243080771629,True,False,,47.6,,0,[],[],0,False,False,,,94.9,False,,,0.0,,False,47.6,0,,False,[],,False,248.0,248.0,True
bc1qpvsxc27np5tswzek6eevhflhnk8r2dm78wlwny,bitcoin,BTC,2.3019984,0.1193686,BTC,149629.896,1733,0,2,6,23,0.12801678908709338,0.0,0.05185433664940862,True,0.4090708673298818,-0.07040638230314467,True,False,,47.4,,0,[],[],0,False,False,,,99.8,True,,,0.0,,False,47.4,0,,False,[],,False,1733.0,866.5,True
bc1qet62mps0kqqhcel0hxgkcfahtpfzx4v78508c2,bitcoin,BTC,16.5971484,0.0151158,BTC,1078814.646,934,0,1,1,1,1.0,0.0,0.0009107468123861566,True,0.39708214936247727,-0.06890448670574534,True,False,,47.2,,0,[],[],0,False,False,,,99.6,True,,,0.0,,False,47.2,0,,False,[],,False,934.0,934.0,True
bc1qj3funmxrew4xh5rncl6nmc6dwvs86prphjv09z,bitcoin,BTC,10.8275552,0.3359646,BTC,703791.0880000001,1197,0,1,6,24,0.12866817155756208,0.0,0.031028666563620938,True,0.40370573331272414,-0.0566521557363483,True,False,,45.5,,0,[],[],0,False,False,,,99.6,True,,,0.0,,False,45.5,0,,False,[],,False,1197.0,1197.0,True
bc1pk7xgmydt52s7e0v5wyqyypkh53wk8ecxlm2478xsgsza0qwykuvs8vv7cl,bitcoin,BTC,7.90784208,0.03188646,BTC,514009.7352,248,0,1,1,1,1.0,0.0,0.004032258064516129,True,0.3638064516129032,-0.05539003447198354,True,False,,45.4,,0,[],[],0,False,False,,,94.9,False,,,0.0,,False,45.4,0,,False,[],,False,248.0,248.0,True
bc1p2nxspscwhsah6gds97xjhrcdp0uk5j5mdqm492xjl7v44pfd7g2se3y67n,bitcoin,BTC,2.63594736,0.01062882,BTC,171336.5784,248,0,1,1,1,1.0,0.0,0.004032258064516129,True,0.3638064516129032,-0.05504714794483956,True,False,,45.3,,0,[],[],0,False,False,,,94.9,False,,,0.0,,False,45.3,0,,False,[],,False,248.0,248.0,True
bc1q9uc0j5kl5ncwzwla6p4qjwc6ra6fpx7c5lmkhe,bitcoin,BTC,1.634573,0.0652654,BTC,106247.24500000001,1501,0,5,5,21,0.029538461538461538,0.0,0.039928103547531985,True,0.40653562070950633,-0.05289880912251166,True,False,,45.0,,0,[],[],0,False,False,,,99.8,True,,,0.0,,False,45.0,0,,False,[],,False,1501.0,300.2,True
bc1pnd7qy3rjgrm36tmymddgct758d0dk022ayavc3mj06lac5flr3jqkzuw5l,bitcoin,BTC,14.25,0.05,BTC,926250.0,285,0,1,1,1,1.0,0.0,0.0035087719298245615,True,0.38260175438596494,-0.0501173276083009,True,False,,44.7,,0,[],[],0,False,False,,,97.5,False,,,0.0,,False,44.7,2,8306.0,True,[],,False,285.0,285.0,True
bc1pzygehckyshk3ednv5mguh0l5yp7w3jlle6tg2mwt6pm8a822wg8q6qty3d,bitcoin,BTC,41.60749568,0.16777216,BTC,2704487.2192,248,0,1,1,1,1.0,0.0,0.004032258064516129,True,0.3638064516129032,-0.048683310746050035,True,False,,44.5,,0,[],[],0,False,False,,,94.9,False,,,0.0,,False,44.5,0,,False,[],,False,248.0,248.0,True
bc1q8unwhn9l7dpsnun9dhrwgp3vwjjcv2wg4vtqu0,bitcoin,BTC,1.31265927,0.00531441,BTC,85322.85255,247,0,1,1,1,1.0,0.0,0.004048582995951417,True,0.3383847165991902,-0.04836460960839206,True,False,,44.4,,0,[],[],0,False,False,,,91.4,False,,,0.0,,False,44.4,0,,False,[],,False,247.0,247.0,True
bc1qpqv6qa6jngqc6wz2dcmxh2f74qxycktedayd2g,bitcoin,BTC,10.504654,3.447607,BTC,682802.51,675,0,9,6,23,0.07365223993925589,0.0,0.32819805392923934,True,0.4620896107858478,-0.04498929390039896,True,False,,44.0,,0,[],[],0,False,False,,,99.5,True,,,0.0,,False,44.0,0,,False,[],,False,675.0,75.0,True
bc1pmwkga2kmx5arylssvd5kux4jcmu7fl07cpdd328xm4vagytyg8eq33nv7u,bitcoin,BTC,1.30023424,0.00524288,BTC,84515.2256,248,0,1,1,1,1.0,0.0,0.004032258064516129,True,0.3638064516129032,-0.044394617797429925,True,False,,43.9,,0,[],[],0,False,False,,,94.9,False,,,0.0,,False,43.9,0,,False,[],,False,248.0,248.0,True
bc1pu3prghzxfrug58a2gm3avha9k086xj3lh6u6qspwxzrjkdzch6dqtwx85e,bitcoin,BTC,0.65011712,0.00262144,BTC,42257.6128,248,0,1,1,1,1.0,0.0,0.004032258064516129,True,0.3638064516129032,-0.039551291022204116,True,False,,43.2,,0,[],[],0,False,False,,,94.9,False,,,0.0,,False,43.2,0,,False,[],,False,248.0,248.0,True
bc1p9h8kr3y064rgd050ez8c4rtsaamwcgr9a0hnhf7qlavtxyjx342sg2upvt,bitcoin,BTC,49.4,0.2,BTC,3211000.0,247,0,1,1,1,1.0,0.0,0.004048582995951417,True,0.3383847165991902,-0.03863883459787942,True,False,,43.1,,0,[],[],0,False,False,,,91.4,False,,,0.0,,False,43.1,0,,False,[],,False,247.0,247.0,True
bc1ppqjrdeewz7usxdd0yk754zwn0lsj0aygk7sq2hjepte0q2p829cs2ct9mc,bitcoin,BTC,1.31265927,0.00531441,BTC,85322.85255,247,0,1,1,1,1.0,0.0,0.004048582995951417,True,0.3383847165991902,-0.03379073281538536,True,False,,42.4,,0,[],[],0,False,False,,,91.4,False,,,0.0,,False,42.4,0,,False,[],,False,247.0,247.0,True
bc1pzkh72v2prt68n0qk25y8k7yyslplenxxd2gsrzsmupspe242wpvq3n85ek,bitcoin,BTC,2.62531854,0.01062882,BTC,170645.7051,247,0,1,1,1,1.0,0.0,0.004048582995951417,True,0.3383847165991902,-0.03343522630724316,True,False,,42.4,,0,[],[],0,False,False,,,91.4,False,,,0.0,,False,42.4,0,,False,[],,False,247.0,247.0,True
bc1qye40r5u4dx4cke2gmvk3yqr5syhuhsxswcahrw,bitcoin,BTC,0.64749568,0.00262144,BTC,42087.2192,247,0,1,1,1,1.0,0.0,0.004048582995951417,True,0.3383847165991902,-0.03312531747551428,True,False,,42.3,,0,[],[],0,False,False,,,91.4,False,,,0.0,,False,42.3,0,,False,[],,False,247.0,247.0,True
bc1qp2mhvah5w0nhrnzlxtg2p072ydgyz8qsdd3twf,bitcoin,BTC,1.31265927,0.00531441,BTC,85322.85255,247,0,1,1,1,1.0,0.0,0.004048582995951417,True,0.3383847165991902,-0.03010033812366064,True,False,,41.9,,0,[],[],0,False,False,,,91.4,False,,,0.0,,False,41.9,0,,False,[],,False,247.0,247.0,True
bc1px474shhtemjf68x3qnugcjuneklty4w569e87ca7hrqf5cddx4gsgggc96,bitcoin,BTC,0.87864912,0.00354294,BTC,57112.1928,248,0,1,1,1,1.0,0.0,0.004032258064516129,True,0.3638064516129032,-0.029100627689873315,True,False,,41.8,,0,[],[],0,False,False,,,94.9,False,,,0.0,,False,41.8,0,,False,[],,False,248.0,248.0,True
bc1p4cxye6mhz7sm2enx5ewr3kktfd9ghgw5ljcqjdg2at666serpqcqekf6je,bitcoin,BTC,3.0292137,0.01062882,BTC,196898.8905,285,0,1,1,1,1.0,0.0,0.0035087719298245615,True,0.38260175438596494,-0.028154879413179623,True,False,,41.7,,0,[],[],0,False,False,,,97.5,False,,,0.0,,False,41.7,2,8306.0,True,[],,False,285.0,285.0,True
bc1qst8ustd3zv8meahlzh3s0lqxhfnvhyk840cmee,bitcoin,BTC,0.87510618,0.00354294,BTC,56881.901699999995,247,0,1,1,1,1.0,0.0,0.004048582995951417,True,0.3383847165991902,-0.025373598066554703,True,False,,41.3,,0,[],[],0,False,False,,,91.4,False,,,0.0,,False,41.3,0,,False,[],,False,247.0,247.0,True
bc1pgs0wgghj6004gyrd04wfg9wja52r50u3jc8h6azktlxmhy4g7ysqrhcvgc,bitcoin,BTC,0.65011712,0.00262144,BTC,42257.6128,248,0,1,1,1,1.0,0.0,0.004032258064516129,True,0.3638064516129032,-0.02250845504153154,True,False,,40.9,,0,[],[],0,False,False,,,94.9,False,,,0.0,,False,40.9,0,,False,[],,False,248.0,248.0,True
bc1pupl7ch7sn76t7awhlcm83q0guq67pue6ws89rh4g892rzldqgy9s7s2wtu,bitcoin,BTC,0.65011712,0.00262144,BTC,42257.6128,248,0,1,1,1,1.0,0.0,0.004032258064516129,True,0.3638064516129032,-0.021682318192192906,True,False,,40.8,,0,[],[],0,False,False,,,94.9,False,,,0.0,,False,40.8,0,,False,[],,False,248.0,248.0,True
bc1pmq8zwx7kz78qq038wj9vqswmq38ddud2q4dmgl0xxh4f5vhh8ehsq7drg6,bitcoin,BTC,0.65011712,0.00262144,BTC,42257.6128,248,0,1,1,1,1.0,0.0,0.004032258064516129,True,0.3638064516129032,-0.021682318192192906,True,False,,40.8,,0,[],[],0,False,False,,,94.9,False,,,0.0,,False,40.8,0,,False,[],,False,248.0,248.0,True
bc1qjz2ktmdjmvk9qg544dchlh2uxqalqhrl8yqed3,bitcoin,BTC,41.60749568,0.16777216,BTC,2704487.2192,248,0,1,1,1,1.0,0.0,0.004032258064516129,True,0.3638064516129032,-0.020871841526434287,True,False,,40.7,,0,[],[],0,False,False,,,94.9,False,,,0.0,,False,40.7,0,,False,[],,False,248.0,248.0,True
bc1p3fm4jxcljah3g2qauw6yz2nnplzph2d3nywethkdetnzxdmgksvslqqrxe,bitcoin,BTC,41.60749568,0.16777216,BTC,2704487.2192,248,0,1,1,1,1.0,0.0,0.004032258064516129,True,0.3638064516129032,-0.020871841526434287,True,False,,40.7,,0,[],[],0,False,False,,,94.9,False,,,0.0,,False,40.7,0,,False,[],,False,248.0,248.0,True
bc1p7gfh3q5rhl0sprdht48ps0fcj0drt2f85hg8zs2j0lypt77rvryqntnlp9,bitcoin,BTC,1.4942208,0.00524288,BTC,97124.352,285,0,1,1,1,1.0,0.0,0.0035087719298245615,True,0.38260175438596494,-0.020593996634616474,True,False,,40.6,,0,[],[],0,False,False,,,97.5,False,,,0.0,,False,40.6,2,8306.0,True,[],,False,285.0,285.0,True
bc1q7f6zwmselheuf0snmjjlgp83erse6wpg6pyshu,bitcoin,BTC,1.31265927,0.00531441,BTC,85322.85255,247,0,1,1,1,1.0,0.0,0.004048582995951417,True,0.3383847165991902,-0.02008684967976726,True,False,,40.6,,0,[],[],0,False,False,,,91.4,False,,,0.0,,False,40.6,0,,False,[],,False,247.0,247.0,True
bc1p7a7ndvjnw7fg59tvz228685ajwf3nltgwe9tmhauaa6uq5arw7qq2ptm4m,bitcoin,BTC,41.60749568,0.16777216,BTC,2704487.2192,248,0,1,1,1,1.0,0.0,0.004032258064516129,True,0.3638064516129032,-0.01798411591785687,True,False,,40.3,,0,[],[],0,False,False,,,94.9,False,,,0.0,,False,40.3,0,,False,[],,False,248.0,248.0,True
bc1pmhrzugmhgkr8r4dex73r5slywcvqefaj52sfxs0h855y7ck9k4sqz3e2y3,bitcoin,BTC,41.60749568,0.16777216,BTC,2704487.2192,248,0,1,1,1,1.0,0.0,0.004032258064516129,True,0.3638064516129032,-0.01798411591785687,True,False,,40.3,,0,[],[],0,False,False,,,94.9,False,,,0.0,,False,40.3,0,,False,[],,False,248.0,248.0,True
bc1ph59j80q2qf0q60q8zfqwjpvn7g9k25flxxqg5js48l0ghr07lvvqhfnyry,bitcoin,BTC,5.17996544,0.02097152,BTC,336697.7536,247,0,1,1,1,1.0,0.0,0.004048582995951417,True,0.3383847165991902,-0.015772440506096164,True,False,,40.0,,0,[],[],0,False,False,,,91.4,False,,,0.0,,False,40.0,0,,False,[],,False,247.0,247.0,True
bc1puehne086feysp4tj8f50tf6s97s6m569t343h89h82j4pkdgvlys58s7s8,bitcoin,BTC,5.17996544,0.02097152,BTC,336697.7536,247,0,1,1,1,1.0,0.0,0.004048582995951417,True,0.3383847165991902,-0.015772440506096164,True,False,,40.0,,0,[],[],0,False,False,,,91.4,False,,,0.0,,False,40.0,0,,False,[],,False,247.0,247.0,True
bc1plg28h9ysvvajpjlj9nwy4jfm3az8yfs8xqsp6yl859jyt5ycaz8qxmnu9t,bitcoin,BTC,5.17996544,0.02097152,BTC,336697.7536,247,0,1,1,1,1.0,0.0,0.004048582995951417,True,0.3383847165991902,-0.016227491528365334,True,False,,40.0,,0,[],[],0,False,False,,,91.4,False,,,0.0,,False,40.0,0,,False,[],,False,247.0,247.0,True
bc1q3yq5uhsmnlwrpejywhcufd6mh8zhtvxleu9m64,bitcoin,BTC,3.13286197,0.34650637,BTC,203636.02805,640,0,2,6,23,0.5185758513931888,0.0,0.11060377805281986,True,0.418270755610564,-0.014251633104947814,True,False,,39.8,,0,[],[],0,False,False,,,99.5,False,,,0.0,,False,39.8,0,,False,[],,False,640.0,320.0,True
bc1pc2xhc9kt8jvjfnv98mgzhw9nd7jjpan0h0gvv8judey9lhqh3ulqym6aa7,bitcoin,BTC,20.80374784,0.08388608,BTC,1352243.6096,248,0,1,1,1,1.0,0.0,0.004032258064516129,True,0.3638064516129032,-0.01357862217588024,True,False,,39.7,,0,[],[],0,False,False,,,94.9,False,,,0.0,,False,39.7,0,,False,[],,False,248.0,248.0,True
bc1qxhdnhvjt4lhw82rjnx53nk9ur7gnlkazfjzfak,bitcoin,BTC,23.62786686,0.09565938,BTC,1535811.3459,247,0,1,1,1,1.0,0.0,0.004048582995951417,True,0.3383847165991902,-0.01379910736373835,True,False,,39.7,,0,[],[],0,False,False,,,91.4,False,,,0.0,,False,39.7,0,,False,[],,False,247.0,247.0,True
bc1qaa5sxldmlruh5hnpk4ztxnnjsl8v0qyzcma99z,bitcoin,BTC,23.62786686,0.09565938,BTC,1535811.3459,247,0,1,1,1,1.0,0.0,0.004048582995951417,True,0.3383847165991902,-0.01379910736373835,True,False,,39.7,,0,[],[],0,False,False,,,91.4,False,,,0.0,,False,39.7,0,,False,[],,False,247.0,247.0,True
1Eke9iSFaRr1DxuYDMwbe2dcLF5ZT4xGLG,bitcoin,BTC,3.28683061,0.0,BTC,213643.98965,622,0,0,6,23,0.37871674491392804,0.0,0.0,True,0.39554999999999996,-0.013013788277352445,True,False,,39.6,,0,[],[],0,False,False,,,99.4,False,,,0.0,,False,39.6,0,,False,[],,False,622.0,622.0,True
bc1pp2dyjur7nushdk9rwll9dfz0c2m262u68wndadgz6ucmeyeq2fxsc83q0u,bitcoin,BTC,0.87864912,0.00354294,BTC,57112.1928,248,0,1,1,1,1.0,0.0,0.004032258064516129,True,0.3638064516129032,-0.01256010252009876,True,False,,39.6,,0,[],[],0,False,False,,,94.9,False,,,0.0,,False,39.6,0,,False,[],,False,248.0,248.0,True
bc1p70t5ermqugt8udgp03dfwh0geupngpseflpznw8af4k5lesd9ems0ecqd4,bitcoin,BTC,0.87864912,0.00354294,BTC,57112.1928,248,0,1,1,1,1.0,0.0,0.004032258064516129,True,0.3638064516129032,-0.013201792502962717,True,False,,39.6,,0,[],[],0,False,False,,,94.9,False,,,0.0,,False,39.6,0,,False,[],,False,248.0,248.0,True
bc1pqpvxyps9x67kdkcg80zu6j6du6vfldpcyslnpsq44hqyp5zsvszsc68cd0,bitcoin,BTC,0.87864912,0.00354294,BTC,57112.1928,248,0,1,1,1,1.0,0.0,0.004032258064516129,True,0.3638064516129032,-0.013201792502962717,True,False,,39.6,,0,[],[],0,False,False,,,94.9,False,,,0.0,,False,39.6,0,,False,[],,False,248.0,248.0,True
bc1pmqmzn02a9804m8rhlw6cctlffsyycuakcj59evwrdkxjankwtdks2npg6x,bitcoin,BTC,2.62531854,0.01062882,BTC,170645.7051,247,0,1,1,1,1.0,0.0,0.004048582995951417,True,0.3383847165991902,-0.012704679012436437,True,False,,39.6,,0,[],[],0,False,False,,,91.4,False,,,0.0,,False,39.6,0,,False,[],,False,247.0,247.0,True
bc1p2k75fkff38zdkae539y8yqw3z55dgd0vjd7uzdjw73rug464e4xsqjmv57,bitcoin,BTC,1.0097379,0.00354294,BTC,65632.9635,285,0,1,1,1,1.0,0.0,0.0035087719298245615,True,0.38260175438596494,-0.011951836138016536,True,False,,39.5,,0,[],[],0,False,False,,,97.5,False,,,0.0,,False,39.5,0,,False,[],,False,285.0,285.0,True
bc1p9ln9jq68kkxtsmmlgz9ascmj9la0mrq32gt3ywvprlngxkjcak4szwl7vg,bitcoin,BTC,7.90784208,0.03188646,BTC,514009.7352,248,0,1,1,1,1.0,0.0,0.004032258064516129,True,0.3638064516129032,-0.011358966086587596,True,False,,39.4,,0,[],[],0,False,False,,,94.9,False,,,0.0,,False,39.4,0,,False,[],,False,248.0,248.0,True
bc1p9lxve9cll5y2lrqx0yzr3fndmsnd7fxcr499wfs58qu9hgcu9z3sllyt56,bitcoin,BTC,2.63594736,0.01062882,BTC,171336.5784,248,0,1,1,1,1.0,0.0,0.004032258064516129,True,0.3638064516129032,-0.011716354216301572,True,False,,39.4,,0,[],[],0,False,False,,,94.9,False,,,0.0,,False,39.4,2,8306.0,True,[],,False,248.0,248.0,True
bc1pxtc8z5k33s90juewfnvgh0luyk7gtv8ecd40g3r30e7jdjjz39hs4ae72s,bitcoin,BTC,2.62531854,0.01062882,BTC,170645.7051,247,0,1,1,1,1.0,0.0,0.004048582995951417,True,0.3383847165991902,-0.011260113274681571,True,False,,39.4,,0,[],[],0,False,False,,,91.4,False,,,0.0,,False,39.4,0,,False,[],,False,247.0,247.0,True
bc1p42mw723xcaa7d5rj6292nw4y4nea63tx3ztxsju6870v6wqt27vsvctk4m,bitcoin,BTC,0.87510618,0.00354294,BTC,56881.901699999995,247,0,1,1,1,1.0,0.0,0.004048582995951417,True,0.3383847165991902,-0.01101701706140601,True,False,,39.3,,0,[],[],0,False,False,,,91.4,False,,,0.0,,False,39.3,0,,False,[],,False,247.0,247.0,True
bc1p476q2d3l5ygf4mkwm4q3wg0l26sn8ztv8kngptgwhs98q4rxg3lsjgky2v,bitcoin,BTC,12.35,0.05,BTC,802750.0,247,0,1,1,1,1.0,0.0,0.004048582995951417,True,0.3383847165991902,-0.009504274743567853,True,False,,39.1,,0,[],[],0,False,False,,,91.4,False,,,0.0,,False,39.1,0,,False,[],,False,247.0,247.0,True
bc1qq263lw7d65u58hd7myg5yxxfeymmpsxzq2hd64,bitcoin,BTC,2.2074878,0.0,BTC,143486.707,1001,0,0,5,20,0.057283142389525366,0.0,0.0,True,0.39705,-0.008430429383293858,True,False,,39.0,,0,[],[],0,False,False,,,99.6,True,,,0.0,,False,39.0,0,,False,[],,False,1001.0,1001.0,True
bc1pqz7nm3rz7qnxteu2zc5pznlpjmamhf0903y8783q9frsgvdw32tsqauflz,bitcoin,BTC,5.17996544,0.02097152,BTC,336697.7536,247,0,1,1,1,1.0,0.0,0.004048582995951417,True,0.3383847165991902,-0.008182106254836619,True,False,,39.0,,0,[],[],0,False,False,,,91.4,False,,,0.0,,False,39.0,0,,False,[],,False,247.0,247.0,True
bc1qrmgzm369ym4mulwvgrp06xnjrnfj2hu7kgs0yk,bitcoin,BTC,4.9469096,0.0,BTC,321549.12399999995,835,0,0,6,21,0.12939958592132506,0.0,0.0,True,0.39659999999999995,-0.007889643073811126,True,False,,38.9,,0,[],[],0,False,False,,,99.5,False,,,0.0,,False,38.9,0,,False,[],,False,835.0,835.0,True
bc1pc3zqad4n27tnkfkyuw8f3xyd00vk3cqnhehldf29kncmyv6v49qqg67tyu,bitcoin,BTC,1.0097379,0.00354294,BTC,65632.9635,285,0,1,1,1,1.0,0.0,0.0035087719298245615,True,0.38260175438596494,-0.00813977694726975,True,False,,38.9,,0,[],[],0,False,False,,,97.5,False,,,0.0,,False,38.9,0,,False,[],,False,285.0,285.0,True
bc1qj08xcsk6xkw8snjvlljj23huxxp0rfrrha4k72,bitcoin,BTC,20.80374784,0.08388608,BTC,1352243.6096,248,0,1,1,1,1.0,0.0,0.004032258064516129,True,0.3638064516129032,-0.006305452187209459,True,False,,38.7,,0,[],[],0,False,False,,,94.9,False,,,0.0,,False,38.7,0,,False,[],,False,248.0,248.0,True
bc1pmkpyw5j7ajw6juuc4epkex74sdsqr04uf4qlxvza7eh2z6zjmejqunnmsu,bitcoin,BTC,1.4942208,0.00524288,BTC,97124.352,285,0,1,1,1,1.0,0.0,0.0035087719298245615,True,0.38260175438596494,-0.004647397161386846,True,False,,38.5,,0,[],[],0,False,False,,,97.5,False,,,0.0,,False,38.5,2,8306.0,True,[],,False,285.0,285.0,True
bc1p5m7682qz02jfsewmj3zdy04j6sczaqlmxtj3cvl97yy9znxl9gsqea9yvg,bitcoin,BTC,5.17996544,0.02097152,BTC,336697.7536,247,0,1,1,1,1.0,0.0,0.004048582995951417,True,0.3383847165991902,-0.00449482440813731,True,False,,38.5,,0,[],[],0,False,False,,,91.4,False,,,0.0,,False,38.5,0,,False,[],,False,247.0,247.0,True
bc1p7ta9hwf7k5atygm2wjrzsqxrswet0gnm25wyl7twaph9nj94ndysns84cx,bitcoin,BTC,5.17996544,0.02097152,BTC,336697.7536,247,0,1,1,1,1.0,0.0,0.004048582995951417,True,0.3383847165991902,-0.00449482440813731,True,False,,38.5,,0,[],[],0,False,False,,,91.4,False,,,0.0,,False,38.5,0,,False,[],,False,247.0,247.0,True
bc1p4zwlw8zzny3pjqw8q6qahyn0cdyprtdazcscdn3u8wwq9jyateaqczuhzw,bitcoin,BTC,5.17996544,0.02097152,BTC,336697.7536,247,0,1,1,1,1.0,0.0,0.004048582995951417,True,0.3383847165991902,-0.00449482440813731,True,False,,38.5,,0,[],[],0,False,False,,,91.4,False,,,0.0,,False,38.5,0,,False,[],,False,247.0,247.0,True
bc1qdzyr69hmt6wqh698edtcjpl0xe8meqgexxva8n,bitcoin,BTC,1.6321668,0.0,BTC,106090.842,929,0,0,5,23,0.124282982791587,0.0,0.0,True,0.39674999999999994,-0.003042749067083128,True,False,,38.3,,0,[],[],0,False,False,,,99.5,True,,,0.0,,False,38.3,0,,False,[],,False,929.0,929.0,True
bc1q9hcmvzjg85shwq87xw6pckqdmuzyuu893v5mup,bitcoin,BTC,9.85058996,1.79797583,BTC,640288.3474000001,502,0,6,6,24,0.3044280442804428,0.0,0.18252468504942215,True,0.43145493700988446,-0.0031651455183964172,True,False,,38.3,,0,[],[],0,False,False,,,99.3,False,,,0.0,,False,38.3,0,,False,[],,False,502.0,83.67,True
bc1p0wrma0n448vsxd9wa4zffu378ymjqwrux73ahc7aa9qdpg2uj2yqmunnnl,bitcoin,BTC,12.4,0.05,BTC,806000.0,248,0,1,1,1,1.0,0.0,0.004032258064516129,True,0.3638064516129032,-0.0023268395356397242,True,False,,38.2,,0,[],[],0,False,False,,,94.9,False,,,0.0,,False,38.2,0,,False,[],,False,248.0,248.0,True
bc1pxs2ncjuw0q5d78gtf4f8l4mcw3g5vaxhhe5wcu3y8nu65n6zhsgqet246k,bitcoin,BTC,12.4,0.05,BTC,806000.0,248,0,1,1,1,1.0,0.0,0.004032258064516129,True,0.3638064516129032,-0.0023268395356397242,True,False,,38.2,,0,[],[],0,False,False,,,94.9,False,,,0.0,,False,38.2,0,,False,[],,False,248.0,248.0,True
14q3MXjwc5CN6uNFXDm585XZSYCTgTdzGP,bitcoin,BTC,25.01841082,0.09975796,BTC,1626196.7033,453,0,1,1,2,1.0,0.0,0.00398738196113769,True,0.3946974763922276,-0.0022158509402468995,True,False,,38.1,,0,[],[],0,False,False,,,99.2,False,,,0.0,,False,38.1,0,,False,[],,False,453.0,453.0,True
bc1q8a4m6fjk4pawavpgzq5mwfnkes4p8ps6lme9g7,bitcoin,BTC,5.20093696,0.02097152,BTC,338060.9024,248,0,1,1,1,1.0,0.0,0.004032258064516129,True,0.3638064516129032,-0.0018410314177172982,True,False,,38.1,,0,[],[],0,False,False,,,94.9,False,,,0.0,,False,38.1,0,,False,[],,False,248.0,248.0,True
bc1pj2tkw4lmtwrr5q9rhdvdt867j4lt7k4hz305vxz7wg98cv3c9knqyqq9kw,bitcoin,BTC,5.20093696,0.02097152,BTC,338060.9024,248,0,1,1,1,1.0,0.0,0.004032258064516129,True,0.3638064516129032,-0.0019439225905127921,True,False,,38.1,,0,[],[],0,False,False,,,94.9,False,,,0.0,,False,38.1,2,8306.0,True,[],,False,248.0,248.0,True
bc1qmmkh3ppqty2gvgcr0g4crvq7srkszk9xkngxj5,bitcoin,BTC,49.4,0.2,BTC,3211000.0,247,0,1,1,1,1.0,0.0,0.004048582995951417,True,0.3383847165991902,-0.002161399881054682,True,False,,38.1,,0,[],[],0,False,False,,,91.4,False,,,0.0,,False,38.1,0,,False,[],,False,247.0,247.0,True
bc1pvqjujgmclh85d8rq3dug337cv0n0xmrprv5juxa9w44zqur09g5s8nmjq0,bitcoin,BTC,7.90784208,0.03188646,BTC,514009.7352,248,0,1,1,1,1.0,0.0,0.004032258064516129,True,0.3638064516129032,-0.0006747374221440783,True,False,,37.9,,0,[],[],0,False,False,,,94.9,False,,,0.0,,False,37.9,0,,False,[],,False,248.0,248.0,True
bc1pz8prxjk3082pxjrnwufx8a56lzq03mgan4mhu4ncwwzshqc8k6esg9yhfd,bitcoin,BTC,7.90784208,0.03188646,BTC,514009.7352,248,0,1,1,1,1.0,0.0,0.004032258064516129,True,0.3638064516129032,-0.0006747374221440783,True,False,,37.9,,0,[],[],0,False,False,,,94.9,False,,,0.0,,False,37.9,0,,False,[],,False,248.0,248.0,True
bc1pdgp3zu5dvmxta4af294tvcva4t5jz7hp3uz2gu27aceznq3eqp7qt4xwlv,bitcoin,BTC,2.62531854,0.01062882,BTC,170645.7051,247,0,1,1,1,1.0,0.0,0.004048582995951417,True,0.3383847165991902,-0.00044861972870269273,True,False,,37.9,,0,[],[],0,False,False,,,91.4,False,,,0.0,,False,37.9,0,,False,[],,False,247.0,247.0,True
bc1pzn7ewlxxpqs60g7r7842ryvzlrtvdydyjfayvzh5we94xlp4n02qq963ar,bitcoin,BTC,12.35,0.05,BTC,802750.0,247,0,1,1,1,1.0,0.0,0.004048582995951417,True,0.3383847165991902,2.361156466856862e-05,False,False,,37.8,,0,[],[],0,False,False,,,91.4,False,,,0.0,,False,37.8,0,,False,[],,False,247.0,247.0,True
bc1q92ndda6a6259rr08z7fsk4ae54rks0tmt53lww,bitcoin,BTC,0.64749568,0.00262144,BTC,42087.2192,247,0,1,1,1,1.0,0.0,0.004048582995951417,True,0.3383847165991902,0.001233876925711197,False,False,,37.7,,0,[],[],0,False,False,,,91.4,False,,,0.0,,False,37.7,0,,False,[],,False,247.0,247.0,True
bc1pvqvdedqzlv2ft8pvdv3etc8tg2542lpvr4jvfxfc05qkuhatdrnqe4xzs3,bitcoin,BTC,12.35,0.05,BTC,802750.0,247,0,1,1,1,1.0,0.0,0.004048582995951417,True,0.3383847165991902,0.001981597620905773,False,False,,37.6,,0,[],[],0,False,False,,,91.4,False,,,0.0,,False,37.6,0,,False,[],,False,247.0,247.0,True
bc1pz3yhyny3whhewrz7098u9kusmymwm44d6gzzc0ftzve3ezd2eywqzhsnlf,bitcoin,BTC,1.31265927,0.00531441,BTC,85322.85255,247,0,1,1,1,1.0,0.0,0.004048582995951417,True,0.3383847165991902,0.00249654247949449,False,False,,37.5,,0,[],[],0,False,False,,,91.4,False,,,0.0,,False,37.5,0,,False,[],,False,247.0,247.0,True
bc1q0kjxnrwukplkuyneqhmnglaujkhges26dg0snr,bitcoin,BTC,2.63594736,0.01062882,BTC,171336.5784,248,0,1,1,1,1.0,0.0,0.004032258064516129,True,0.3638064516129032,0.0033017936660902913,False,False,,37.4,,0,[],[],0,False,False,,,94.9,False,,,0.0,,False,37.4,0,,False,[],,False,248.0,248.0,True
bc1qjd3gml0v7qu9fmpwwggpnv6fm7y8lw6ja7v9pc,bitcoin,BTC,2.81015747,0.0,BTC,182660.23555,461,0,0,3,5,0.02617801047120419,0.0,0.0,True,0.54435,0.005471681599410583,False,False,,37.1,,0,[],[],0,False,False,,,99.2,False,,,0.0,,False,37.1,0,,False,[],,False,461.0,461.0,True
bc1q5gxcha27p9tzxx6xztmrj2ghm94cvzguyx87kr,bitcoin,BTC,0.74737404,0.0,BTC,48579.3126,433,0,0,1,1,1.0,0.0,0.0,True,0.39344999999999997,0.0056537656862653,False,False,,37.1,,0,[],[],0,False,False,,,99.1,False,,,0.0,,False,37.1,0,,False,[],,False,433.0,433.0,True
bc1pc8qsde6205p8c2y3zhz75ua2xrc7ha26hwp5uxrj9z5sdzj30n4q79aqz2,bitcoin,BTC,7.90784208,0.03188646,BTC,514009.7352,248,0,1,1,1,1.0,0.0,0.004032258064516129,True,0.3638064516129032,0.0053569824922993226,False,False,,37.1,,0,[],[],0,False,False,,,94.9,False,,,0.0,,False,37.1,0,,False,[],,False,248.0,248.0,True
bc1pzfdp3lvzmej35rew7clvzezdl4nprmq6pk9dp9kce68jq9hcf9ls27ggku,bitcoin,BTC,7.90784208,0.03188646,BTC,514009.7352,248,0,1,1,1,1.0,0.0,0.004032258064516129,True,0.3638064516129032,0.0057179166355917355,False,False,,37.1,,0,[],[],0,False,False,,,94.9,False,,,0.0,,False,37.1,0,,False,[],,False,248.0,248.0,True
bc1q9kfhkhz7zumwdmlt8q5qgs5zk4h5zsz8gajhpm,bitcoin,BTC,49.4,0.2,BTC,3211000.0,247,0,1,1,1,1.0,0.0,0.004048582995951417,True,0.3383847165991902,0.005222877177772478,False,False,,37.1,,0,[],[],0,False,False,,,91.4,False,,,0.0,,False,37.1,0,,False,[],,False,247.0,247.0,True
bc1pd5e2hkxjxac0qjxdwm9gce4xgqwsktcwlyfwa7ss4nj0lhjhhppsqa8hxv,bitcoin,BTC,0.87510618,0.00354294,BTC,56881.901699999995,247,0,1,1,1,1.0,0.0,0.004048582995951417,True,0.3383847165991902,0.006476685020717299,False,False,,37.0,,0,[],[],0,False,False,,,91.4,False,,,0.0,,False,37.0,2,8306.0,True,[],,False,247.0,247.0,True
bc1qtw4m4u7ts50cfv5597ljrnu9zkv8kj59x8a7ra,bitcoin,BTC,5.20093696,0.02097152,BTC,338060.9024,248,0,1,1,1,1.0,0.0,0.004032258064516129,True,0.3638064516129032,0.006621563570676781,False,False,,36.9,,0,[],[],0,False,False,,,94.9,False,,,0.0,,False,36.9,0,,False,[],,False,248.0,248.0,True
bc1qylxrnjpfm9g8wxsh280smpa49lhvep9ajdvxnu,bitcoin,BTC,1.9378968,0.00390705,BTC,125963.292,490,0,1,1,1,1.0,0.0,0.0020161290322580645,True,0.3950532258064516,0.0082187236216541,False,False,,36.7,,0,[],[],0,False,False,,,99.3,False,,,0.0,,False,36.7,0,,False,[],,False,490.0,490.0,True
bc1q766yc76lsu469fxszux4085me9djx5nj848tnc,bitcoin,BTC,0.65687545,0.0,BTC,42696.90425,426,0,0,1,1,1.0,0.0,0.0,True,0.39315,0.008743036115067548,False,False,,36.7,,0,[],[],0,False,False,,,99.1,False,,,0.0,,False,36.7,0,,False,[],,False,426.0,426.0,True
bc1q4q8y2mle0p2rdc3739zluhwhc9wckjhhzrevup,bitcoin,BTC,49.4,0.2,BTC,3211000.0,247,0,1,1,1,1.0,0.0,0.004048582995951417,True,0.3383847165991902,0.00830440454016479,False,False,,36.7,,0,[],[],0,False,False,,,91.4,False,,,0.0,,False,36.7,0,,False,[],,False,247.0,247.0,True
bc1pn7pk5u5nlg5gwjyq3ltunaqvcatleaxy7r5wc02hujhps5wvg59qxuf3fv,bitcoin,BTC,5.17996544,0.02097152,BTC,336697.7536,247,0,1,1,1,1.0,0.0,0.004048582995951417,True,0.3383847165991902,0.008867153012262818,False,False,,36.6,,0,[],[],0,False,False,,,91.4,False,,,0.0,,False,36.6,0,,False,[],,False,247.0,247.0,True
bc1q764hxscqe0dxny80cqhhqe0atj4ffzgastmqva,bitcoin,BTC,1.11982374,0.0,BTC,72788.5431,458,0,0,1,1,1.0,0.0,0.0,True,0.39405,0.010562419750045349,False,False,,36.4,,0,[],[],0,False,False,,,99.2,False,,,0.0,,False,36.4,0,,False,[],,False,458.0,458.0,True
bc1qdk43addw3zqjz5j3v5u3n7fkpwdjvfrf90y3aq,bitcoin,BTC,7.90784208,0.03188646,BTC,514009.7352,248,0,1,1,1,1.0,0.0,0.004032258064516129,True,0.3638064516129032,0.010375321896319623,False,False,,36.4,,0,[],[],0,False,False,,,94.9,False,,,0.0,,False,36.4,0,,False,[],,False,248.0,248.0,True
bc1pny69d6wgpeau08yrhacdaehp9klaenxjgxdad8llzwamf2xath6sanprcc,bitcoin,BTC,49.4,0.2,BTC,3211000.0,247,0,1,1,1,1.0,0.0,0.004048582995951417,True,0.3383847165991902,0.011105661165128122,False,False,,36.3,,0,[],[],0,False,False,,,91.4,False,,,0.0,,False,36.3,0,,False,[],,False,247.0,247.0,True
bc1p2jn2ae8pdc72jr8zagg5vrserhk3nz7jr7sdlmcjs8ha4j2q2w5q0w4gaj,bitcoin,BTC,0.87510618,0.00354294,BTC,56881.901699999995,247,0,1,1,1,1.0,0.0,0.004048582995951417,True,0.3383847165991902,0.012631811766632528,False,False,,36.1,,0,[],[],0,False,False,,,91.4,False,,,0.0,,False,36.1,0,,False,[],,False,247.0,247.0,True
bc1qja094vwxw3j5udrqm99gxpqnjgka8nneu0c6cx,bitcoin,BTC,0.5046714,0.0,BTC,32803.640999999996,613,0,0,5,19,0.1048158640226629,0.0,0.0,True,0.3954,0.01348131726864965,False,False,,36.0,,0,[],[],0,False,False,,,99.4,False,,,0.0,,False,36.0,0,,False,[],,False,613.0,613.0,True
bc1qd0fwk0gtwz9ag44hyse44hugjyaazxqtfgcszy,bitcoin,BTC,2.2256202,0.0,BTC,144665.313,462,0,0,1,1,1.0,0.0,0.0,True,0.39449999999999996,0.013837888105172502,False,False,,36.0,,0,[],[],0,False,False,,,99.2,False,,,0.0,,False,36.0,0,,False,[],,False,462.0,462.0,True
bc1psgcezxtrsk942dmhu3rajykhk9pzzda5ztu5aj5d6fr95h2gfrcqj6shew,bitcoin,BTC,23.62786686,0.09565938,BTC,1535811.3459,247,0,1,1,1,1.0,0.0,0.004048582995951417,True,0.3383847165991902,0.013500960227920689,False,False,,36.0,,0,[],[],0,False,False,,,91.4,False,,,0.0,,False,36.0,0,,False,[],,False,247.0,247.0,True
bc1pkr83gnhf7qc3k2e06wzypqs0ph4gg5fl70du3qnleqt98fl4d8asc2xxsa,bitcoin,BTC,2.62531854,0.01062882,BTC,170645.7051,247,0,1,1,1,1.0,0.0,0.004048582995951417,True,0.3383847165991902,0.013367432162273318,False,False,,36.0,,0,[],[],0,False,False,,,91.4,False,,,0.0,,False,36.0,0,,False,[],,False,247.0,247.0,True
bc1qnjruz64cgmhedr2vtvt3myd6es6c8szjez4z0m,bitcoin,BTC,1.56308114,0.0,BTC,101600.2741,452,0,0,1,1,1.0,0.0,0.0,True,0.39374999999999993,0.01402845346641568,False,False,,35.9,,0,[],[],0,False,False,,,99.1,False,,,0.0,,False,35.9,0,,False,[],,False,452.0,452.0,True
bc1pcw4400x7cf5hp9a9a94f0ru302umrzyfdus6vqusrzkq697cr5zqyxkv6k,bitcoin,BTC,0.87510618,0.00354294,BTC,56881.901699999995,247,0,1,1,1,1.0,0.0,0.004048582995951417,True,0.3383847165991902,0.015332579990672057,False,False,,35.8,,0,[],[],0,False,False,,,91.4,False,,,0.0,,False,35.8,0,,False,[],,False,247.0,247.0,True
bc1p62atwqr0m884jknqaz9ulyrl28a0anyr0jpqze0qgh2mcn8qgm7qgq9mja,bitcoin,BTC,0.64749568,0.00262144,BTC,42087.2192,247,0,1,1,1,1.0,0.0,0.004048582995951417,True,0.3383847165991902,0.014804610988961131,False,False,,35.8,,0,[],[],0,False,False,,,91.4,False,,,0.0,,False,35.8,0,,False,[],,False,247.0,247.0,True
bc1qjtwklygud6eucn53znvuar5drgh6dvp6zl7cxj,bitcoin,BTC,2.81795514,0.0,BTC,183167.0841,460,0,0,1,1,1.0,0.0,0.0,True,0.3942,0.015420065127371707,False,False,,35.7,,0,[],[],0,False,False,,,99.2,False,,,0.0,,False,35.7,0,,False,[],,False,460.0,460.0,True
bc1pp5w9plscdz53rnawrmctf26lgrkpl5nx62efurg6tr3ezjrz4fhq6mf62x,bitcoin,BTC,1.31265927,0.00531441,BTC,85322.85255,247,0,1,1,1,1.0,0.0,0.004048582995951417,True,0.3383847165991902,0.017019391540779027,False,False,,35.5,,0,[],[],0,False,False,,,91.4,False,,,0.0,,False,35.5,0,,False,[],,False,247.0,247.0,True
bc1qg4ltfdg8mc7f7uxkk5jufaklx8dur7qq44argy,bitcoin,BTC,0.6108024,0.0,BTC,39702.155999999995,648,0,0,5,21,0.12550607287449392,0.0,0.0,True,0.3963,0.019367415671954213,False,False,,35.2,,0,[],[],0,False,False,,,99.5,True,,,0.0,,False,35.2,0,,False,[],,False,648.0,648.0,True
bc1q3m50gxud82t4d6khx6p0e7tqtkga2h6v3d7nfh,bitcoin,BTC,0.5744658,0.0498356,BTC,37340.277,634,0,3,6,18,0.09336941813261164,0.0,0.08675120433627206,True,0.5633502408672544,0.019852012927635054,False,False,,35.1,,0,[],[],0,False,False,,,99.4,False,,,0.0,,False,35.1,0,,False,[],,False,634.0,211.33,True
bc1p8ydy5wf0jcd8jdr00n6j6feucxq38r2lkpy2rt7u4tesv9wcyzzqc9kvnu,bitcoin,BTC,0.87510618,0.00354294,BTC,56881.901699999995,247,0,1,1,1,1.0,0.0,0.004048582995951417,True,0.3383847165991902,0.02013334451648585,False,False,,35.1,,0,[],[],0,False,False,,,91.4,False,,,0.0,,False,35.1,0,,False,[],,False,247.0,247.0,True
bc1pzh5ldr28ylfs2p9cv77n0tce9zzwxrmg8aenmwtmgzmp3cgthuysqexcmq,bitcoin,BTC,2.62531854,0.01062882,BTC,170645.7051,247,0,1,1,1,1.0,0.0,0.004048582995951417,True,0.3383847165991902,0.020734943407957895,False,False,,35.0,,0,[],[],0,False,False,,,91.4,False,,,0.0,,False,35.0,0,,False,[],,False,247.0,247.0,True
bc1qd3jfkat0tyqj0e7l9k6cuy80tx7x7v8kd0qvms,bitcoin,BTC,1.31265927,0.00531441,BTC,85322.85255,247,0,1,1,1,1.0,0.0,0.004048582995951417,True,0.3383847165991902,0.023073350590850916,False,False,,34.7,,0,[],[],0,False,False,,,91.4,False,,,0.0,,False,34.7,0,,False,[],,False,247.0,247.0,True
bc1qf2tpcw7raeqj53sqj65fk00ve53ac5yz7m24mm,bitcoin,BTC,1.31265927,0.00531441,BTC,85322.85255,247,0,1,1,1,1.0,0.0,0.004048582995951417,True,0.3383847165991902,0.023073350590850916,False,False,,34.7,,0,[],[],0,False,False,,,91.4,False,,,0.0,,False,34.7,0,,False,[],,False,247.0,247.0,True
bc1qxnngay9ze3gm8yafmdsfqusrs4h3d7hvyvpn8j,bitcoin,BTC,23.62786686,0.09565938,BTC,1535811.3459,247,0,1,1,1,1.0,0.0,0.004048582995951417,True,0.3383847165991902,0.02401215451028549,False,False,,34.6,,0,[],[],0,False,False,,,91.4,False,,,0.0,,False,34.6,0,,False,[],,False,247.0,247.0,True
bc1q8563zrr583rfm7m80azeq3a33pnr7zk0pfrt47,bitcoin,BTC,0.6766422,0.0,BTC,43981.742999999995,628,0,0,5,16,0.07172995780590717,0.0,0.0,True,0.5458500000000001,0.02780796007711206,False,False,,34.1,,0,[],[],0,False,False,,,99.4,False,,,0.0,,False,34.1,0,,False,[],,False,628.0,628.0,True
bc1px9fd7mwfysp5v8r2swe9j87szrg0esedm9p4sg2728tzkzm9547qtqf0fu,bitcoin,BTC,1.31265927,0.00531441,BTC,85322.85255,247,0,1,1,1,1.0,0.0,0.004048582995951417,True,0.3383847165991902,0.027775310110425444,False,False,,34.1,,0,[],[],0,False,False,,,91.4,False,,,0.0,,False,34.1,0,,False,[],,False,247.0,247.0,True
bc1qwhd8m253yyn4hdxahrn05pjezzy4czq0jkykjl,bitcoin,BTC,1.31265927,0.00531441,BTC,85322.85255,247,0,1,1,1,1.0,0.0,0.004048582995951417,True,0.3383847165991902,0.027775310110425444,False,False,,34.1,,0,[],[],0,False,False,,,91.4,False,,,0.0,,False,34.1,0,,False,[],,False,247.0,247.0,True
bc1q8dzf958eg9lcgy7q3r9ted340pdxf0z4nzjskz,bitcoin,BTC,23.62786686,0.09565938,BTC,1535811.3459,247,0,1,1,1,1.0,0.0,0.004048582995951417,True,0.3383847165991902,0.028297666264362586,False,False,,34.0,,0,[],[],0,False,False,,,91.4,False,,,0.0,,False,34.0,0,,False,[],,False,247.0,247.0,True
bc1p77gquvrymv9d0pzseh770caqk2kmtglc3wk6uwf2lcfn2ctj06sqkccha9,bitcoin,BTC,5.17996544,0.02097152,BTC,336697.7536,247,0,1,1,1,1.0,0.0,0.004048582995951417,True,0.3383847165991902,0.02825188771488052,False,False,,34.0,,0,[],[],0,False,False,,,91.4,False,,,0.0,,False,34.0,0,,False,[],,False,247.0,247.0,True
bc1q6j0p839gf8eznkurd85fs6rgkpdt4wyel60wy7,bitcoin,BTC,0.815295,0.1363344,BTC,52994.175,627,0,1,5,16,0.035856573705179286,0.0,0.1672209445660773,True,0.5791441889132155,0.02936673190032668,False,False,,33.9,,0,[],[],0,False,False,,,99.4,False,,,0.0,,False,33.9,0,,False,[],,False,627.0,627.0,True
bc1qet7wu4xlhx2m7h4a4mlyv9c2kzja98gd0gum9j,bitcoin,BTC,23.62786686,0.09565938,BTC,1535811.3459,247,0,1,1,1,1.0,0.0,0.004048582995951417,True,0.3383847165991902,0.02931611442228277,False,False,,33.9,,0,[],[],0,False,False,,,91.4,False,,,0.0,,False,33.9,0,,False,[],,False,247.0,247.0,True
bc1q5r8t64rjmv2xsurut9cnvhgmyd922tsxlkl9j9,bitcoin,BTC,23.62786686,0.09565938,BTC,1535811.3459,247,0,1,1,1,1.0,0.0,0.004048582995951417,True,0.3383847165991902,0.02931611442228277,False,False,,33.9,,0,[],[],0,False,False,,,91.4,False,,,0.0,,False,33.9,0,,False,[],,False,247.0,247.0,True
bc1q98525s9sfna02sxqdxm7yu7wp352erzn92q0qs,bitcoin,BTC,23.62786686,0.09565938,BTC,1535811.3459,247,0,1,1,1,1.0,0.0,0.004048582995951417,True,0.3383847165991902,0.02931611442228277,False,False,,33.9,,0,[],[],0,False,False,,,91.4,False,,,0.0,,False,33.9,0,,False,[],,False,247.0,247.0,True
bc1pwdzfgcksht8ey7a9rllv2senkrkvu8f694qkq3xjd4f49zfxhu2s7dkl95,bitcoin,BTC,20.71986176,0.08388608,BTC,1346791.0144,247,0,1,1,1,1.0,0.0,0.004048582995951417,True,0.3383847165991902,0.029735457802133936,False,False,,33.8,,0,[],[],0,False,False,,,91.4,False,,,0.0,,False,33.8,0,,False,[],,False,247.0,247.0,True
bc1pfhn6dmuz7e0c59z9ulp7ytkga66pmm8h2uc2utwkswxwg097r5cqw3w6et,bitcoin,BTC,1.31265927,0.00531441,BTC,85322.85255,247,0,1,1,1,1.0,0.0,0.004048582995951417,True,0.3383847165991902,0.029632419545603583,False,False,,33.8,,0,[],[],0,False,False,,,91.4,False,,,0.0,,False,33.8,0,,False,[],,False,247.0,247.0,True
bc1quq54lpmk9rvl6yhyfys3lcpxv5vahq6u50588g,bitcoin,BTC,2.62531854,0.01062882,BTC,170645.7051,247,0,1,1,1,1.0,0.0,0.004048582995951417,True,0.3383847165991902,0.030450127771691204,False,False,,33.7,,0,[],[],0,False,False,,,91.4,False,,,0.0,,False,33.7,0,,False,[],,False,247.0,247.0,True
bc1q3u5u49wzm44dprs4tw72wl7f0hn9lymhkp8uvw,bitcoin,BTC,1.31265927,0.00531441,BTC,85322.85255,247,0,1,1,1,1.0,0.0,0.004048582995951417,True,0.3383847165991902,0.03049334728219477,False,False,,33.7,,0,[],[],0,False,False,,,91.4,False,,,0.0,,False,33.7,0,,False,[],,False,247.0,247.0,True
bc1pu9nzxc9htphnevf7x63lpzvmv0d906wa79n36kufkj4zqyycgzcs3gnkdr,bitcoin,BTC,23.62786686,0.09565938,BTC,1535811.3459,247,0,1,1,1,1.0,0.0,0.004048582995951417,True,0.3383847165991902,0.03088329611951557,False,False,,33.6,,0,[],[],0,False,False,,,91.4,False,,,0.0,,False,33.6,0,,False,[],,False,247.0,247.0,True
bc1pq6qe34n2s47evcnw7hufrrq0vdndu5e0qq98aw8hy33gwuhjm0cspvlw52,bitcoin,BTC,2.62531854,0.01062882,BTC,170645.7051,247,0,1,1,1,1.0,0.0,0.004048582995951417,True,0.3383847165991902,0.03471352182078313,False,False,,33.1,,0,[],[],0,False,False,,,91.4,False,,,0.0,,False,33.1,0,,False,[],,False,247.0,247.0,True
bc1p804ha22362kskqphz399r7pfyage45y5h78xaljr7ra4mwu4yuysr2pquv,bitcoin,BTC,12.35,0.05,BTC,802750.0,247,0,1,1,1,1.0,0.0,0.004048582995951417,True,0.3383847165991902,0.036239335501258796,False,False,,32.9,,0,[],[],0,False,False,,,91.4,False,,,0.0,,False,32.9,0,,False,[],,False,247.0,247.0,True
bc1pw2ks4zz6p2n2luwnw569wswg93hrp4lfrl4ecsc5n20myfqeywfsfrrpdx,bitcoin,BTC,12.35,0.05,BTC,802750.0,247,0,1,1,1,1.0,0.0,0.004048582995951417,True,0.3383847165991902,0.036239335501258796,False,False,,32.9,,0,[],[],0,False,False,,,91.4,False,,,0.0,,False,32.9,0,,False,[],,False,247.0,247.0,True
bc1p0nlnqwwl8vf96pvg3vnsz08qzn6neq6vrr4lweymln5wary4s8tqhauvkf,bitcoin,BTC,7.87595562,0.03188646,BTC,511937.1153,247,0,1,1,1,1.0,0.0,0.004048582995951417,True,0.3383847165991902,0.03794647378610705,False,False,,32.7,,0,[],[],0,False,False,,,91.4,False,,,0.0,,False,32.7,0,,False,[],,False,247.0,247.0,True
bc1pnr5lc6r7jxp9aquvqcyffzasnhxgpnlq6eerpf84jm87k5q0l43s3yjajx,bitcoin,BTC,12.35,0.05,BTC,802750.0,247,0,1,1,1,1.0,0.0,0.004048582995951417,True,0.3383847165991902,0.03841425863789938,False,False,,32.6,,0,[],[],0,False,False,,,91.4,False,,,0.0,,False,32.6,0,,False,[],,False,247.0,247.0,True
bc1pga2ecr3a0d4dasntg9kwkld7wqqnwa6a6f2uk6cl8vv0er33k3jq427k5y,bitcoin,BTC,12.35,0.05,BTC,802750.0,247,0,1,1,1,1.0,0.0,0.004048582995951417,True,0.3383847165991902,0.03841425863789938,False,False,,32.6,,0,[],[],0,False,False,,,91.4,False,,,0.0,,False,32.6,0,,False,[],,False,247.0,247.0,True
bc1pzys3f6y67pn7dhrzxh9eulc8jkmxttx4j6sj9gd4m393r6p8k4jqr0sdet,bitcoin,BTC,7.87595562,0.03188646,BTC,511937.1153,247,0,1,1,1,1.0,0.0,0.004048582995951417,True,0.3383847165991902,0.03866663330365916,False,False,,32.6,,0,[],[],0,False,False,,,91.4,False,,,0.0,,False,32.6,0,,False,[],,False,247.0,247.0,True
bc1puskzz87020r0jvtxj6cclyncx9ym0x25jv5py367lym6ze40726qlptvrj,bitcoin,BTC,12.35,0.05,BTC,802750.0,247,0,1,1,1,1.0,0.0,0.004048582995951417,True,0.3383847165991902,0.039101047594236604,False,False,,32.5,,0,[],[],0,False,False,,,91.4,False,,,0.0,,False,32.5,2,8306.0,True,[],,False,247.0,247.0,True
bc1qnjk0n3yxrqnlzvkf0w52e34p6t74f0l2p68kws,bitcoin,BTC,32.8142,0.0,BTC,2132923.0,301,0,0,6,19,0.3197278911564626,0.0,0.0,True,0.39195,0.0405677476101346,False,False,,32.3,,0,[],[],0,False,False,,,98.9,False,,,0.0,,False,32.3,0,,False,[],,False,301.0,301.0,True
bc1q3n3c45rdnfwzl8xcy6a2q2c2lghpept55nqzqv,bitcoin,BTC,2.62531854,0.01062882,BTC,170645.7051,247,0,1,1,1,1.0,0.0,0.004048582995951417,True,0.3383847165991902,0.04176696110843836,False,False,,32.2,,0,[],[],0,False,False,,,91.4,False,,,0.0,,False,32.2,0,,False,[],,False,247.0,247.0,True
bc1qhwwug5p8pq9qn6p0m8x35dqwkq9lefdzxjvk4f,bitcoin,BTC,0.6271448,0.0,BTC,40764.412,555,0,0,5,16,0.08141592920353982,0.0,0.0,True,0.54525,0.04232443792106366,False,False,,32.1,,0,[],[],0,False,False,,,99.3,False,,,0.0,,False,32.1,0,,False,[],,False,555.0,555.0,True
bc1q6v3dj3fkcyfqhnlc6kaevfgtr0pal4f7kvhe2u,bitcoin,BTC,3.93797781,0.01594323,BTC,255968.55765,247,0,1,1,1,1.0,0.0,0.004048582995951417,True,0.3383847165991902,0.042365910042045596,False,False,,32.1,,0,[],[],0,False,False,,,91.4,False,,,0.0,,False,32.1,0,,False,[],,False,247.0,247.0,True
bc1pmwklrn55cznk59q6dlyqr7w9hdvh099lyxrjfhexv86kydv4kjdsad0nh3,bitcoin,BTC,12.35,0.05,BTC,802750.0,247,0,1,1,1,1.0,0.0,0.004048582995951417,True,0.3383847165991902,0.04304619509200802,False,False,,32.0,,0,[],[],0,False,False,,,91.4,False,,,0.0,,False,32.0,0,,False,[],,False,247.0,247.0,True
bc1ps9t67j5y36xg77mvg4ad8z6e2k4setaljfqdh3x0ttw75feud7qs09wdfw,bitcoin,BTC,12.35,0.05,BTC,802750.0,247,0,1,1,1,1.0,0.0,0.004048582995951417,True,0.3383847165991902,0.04401669148916887,False,False,,31.9,,0,[],[],0,False,False,,,91.4,False,,,0.0,,False,31.9,0,,False,[],,False,247.0,247.0,True
bc1pprv08cgmz0ydn6wyasnr04cnxnehtg78nt6qgh6hh5nmldhqja6se62skq,bitcoin,BTC,12.35,0.05,BTC,802750.0,247,0,1,1,1,1.0,0.0,0.004048582995951417,True,0.3383847165991902,0.04401669148916887,False,False,,31.9,,0,[],[],0,False,False,,,91.4,False,,,0.0,,False,31.9,0,,False,[],,False,247.0,247.0,True
bc1q40zwzwsnqcvmj788mrjfsxnyy77s5jl8z6zmpg,bitcoin,BTC,2.0481935,0.0,BTC,133132.5775,394,0,0,1,1,1.0,0.0,0.0,True,0.39285000000000003,0.0445992467358961,False,False,,31.8,,0,[],[],0,False,False,,,99.0,False,,,0.0,,False,31.8,0,,False,[],,False,394.0,394.0,True
bc1p5u6r008hsl0ce5ej7kdqgvvz24c3pfw4jr694fa6ua4fw6wjx0mqggsx8p,bitcoin,BTC,12.35,0.05,BTC,802750.0,247,0,1,1,1,1.0,0.0,0.004048582995951417,True,0.3383847165991902,0.04520909202647194,False,False,,31.7,,0,[],[],0,False,False,,,91.4,False,,,0.0,,False,31.7,0,,False,[],,False,247.0,247.0,True
bc1p5htkjk9m994us00hlupurlcr492rn3x06lsvyz9rm4j6v05rznyq9wmg7e,bitcoin,BTC,5.17996544,0.02097152,BTC,336697.7536,247,0,1,1,1,1.0,0.0,0.004048582995951417,True,0.3383847165991902,0.0453953327668396,False,False,,31.7,,0,[],[],0,False,False,,,91.4,False,,,0.0,,False,31.7,0,,False,[],,False,247.0,247.0,True
bc1pl3ag7vjwthde5hxrtggucg66g3v3aw9hyu6zg9xgp26ynvcwka3sdnuhze,bitcoin,BTC,12.35,0.05,BTC,802750.0,247,0,1,1,1,1.0,0.0,0.004048582995951417,True,0.3383847165991902,0.04605697938138764,False,False,,31.6,,0,[],[],0,False,False,,,91.4,False,,,0.0,,False,31.6,0,,False,[],,False,247.0,247.0,True
bc1pazaa5qwm7v4qr0rskpflh3gcmdp976tz68zgurfxlme3j9uj74rsqqxdpr,bitcoin,BTC,5.17996544,0.02097152,BTC,336697.7536,247,0,1,1,1,1.0,0.0,0.004048582995951417,True,0.3383847165991902,0.04583161313240569,False,False,,31.6,,0,[],[],0,False,False,,,91.4,False,,,0.0,,False,31.6,0,,False,[],,False,247.0,247.0,True
bc1pjw47mgadu8pcuu5qdwrzm4v4cpe0wdjhw6q7668s93kla7m7qqtsdtjavz,bitcoin,BTC,5.17996544,0.02097152,BTC,336697.7536,247,0,1,1,1,1.0,0.0,0.004048582995951417,True,0.3383847165991902,0.0472520789061438,False,False,,31.4,,0,[],[],0,False,False,,,91.4,False,,,0.0,,False,31.4,0,,False,[],,False,247.0,247.0,True
bc1plasfyrx87gve9v8lscsfu9tuqv5kz8zs5gxj8u0amnfll5k27mhq0y7ez0,bitcoin,BTC,5.17996544,0.02097152,BTC,336697.7536,247,0,1,1,1,1.0,0.0,0.004048582995951417,True,0.3383847165991902,0.0472520789061438,False,False,,31.4,,0,[],[],0,False,False,,,91.4,False,,,0.0,,False,31.4,0,,False,[],,False,247.0,247.0,True
bc1paw8v70t0qnahfsyxc5ty80dq6rqq04yygc00sc7m4pswa9ue4rmqetvnac,bitcoin,BTC,7.87595562,0.03188646,BTC,511937.1153,247,0,1,1,1,1.0,0.0,0.004048582995951417,True,0.3383847165991902,0.04898867507994331,False,False,,31.2,,0,[],[],0,False,False,,,91.4,False,,,0.0,,False,31.2,0,,False,[],,False,247.0,247.0,True
bc1qvjcvqu9w9fn3xjczdr03lw9x3x2vw5ygnkuvq7,bitcoin,BTC,1.1332348,0.0,BTC,73660.262,545,0,0,5,16,0.09323583180987204,0.0,0.0,True,0.5451,0.05187325942688459,False,False,,30.8,,0,[],[],0,False,False,,,99.3,False,,,0.0,,False,30.8,0,,False,[],,False,545.0,545.0,True
bc1qxt2hjdmzl2jescnrlvtsu0lp9fd6rlfkswag9q,bitcoin,BTC,3.15192681,5.00065078,BTC,204875.24265,344,0,1,6,24,0.34106728538283065,0.0,1.5865377216674648,False,0.574942455666507,0.05424808610862264,False,False,,30.5,,0,[],[],0,False,False,,,98.9,False,,,0.0,,False,30.5,0,,False,[],,False,344.0,344.0,True
bc1qz748y93mckp5game5qsusm3urj4wj5s3ltedth,bitcoin,BTC,0.7724811,0.0,BTC,50211.2715,354,0,0,1,1,1.0,0.0,0.0,True,0.39254999999999995,0.05861952484906541,False,False,,29.9,,0,[],[],0,False,False,,,99.0,False,,,0.0,,False,29.9,0,,False,[],,False,354.0,354.0,True
bc1q47dnczpzkvl5nl5uhz2843wv44gdeslgqxmwan,bitcoin,BTC,0.5167376,0.0,BTC,33587.944,447,0,0,5,14,0.10196078431372549,0.0,0.0,True,0.5436,0.06159694596662135,False,False,,29.5,,0,[],[],0,False,False,,,99.1,False,,,0.0,,False,29.5,0,,False,[],,False,447.0,447.0,True
bc1pf4wgnxulfjatqy50keptfkufp6pfz6s8kq4exmgkmwmuuvut3dts3ugk88,bitcoin,BTC,20.30043136,0.0,BTC,1319528.0384,242,0,0,1,1,1.0,0.0,0.0,True,0.315075,0.07102797802631233,False,False,,28.2,,0,[],[],0,False,False,,,88.3,False,,,0.0,,False,28.2,0,,False,[],,False,242.0,242.0,True
bc1pss59ganlhwr0vvqrkhat6cmthtkv532t7mmg3nwqy9a8qyhyn97qxl8yve,bitcoin,BTC,20.30043136,0.0,BTC,1319528.0384,242,0,0,1,1,1.0,0.0,0.0,True,0.315075,0.07102797802631233,False,False,,28.2,,0,[],[],0,False,False,,,88.3,False,,,0.0,,False,28.2,0,,False,[],,False,242.0,242.0,True
bc1qekpjlvrr8qpxm46zgj0nr3dspqzwuscem3l5z3,bitcoin,BTC,5.56032078,0.0,BTC,361420.85069999995,323,0,0,6,23,0.1811926605504587,0.0,0.0,True,0.3921,0.07253444307889612,False,False,,28.0,,0,[],[],0,False,False,,,98.9,False,,,0.0,,False,28.0,0,,False,[],,False,323.0,323.0,True
bc1qpkk30lg0f3d3mnyydz7rtzhdywz8y3q8dcarer,bitcoin,BTC,47.28887436,0.0,BTC,3073776.8334,121,0,0,1,1,1.0,0.0,0.0,True,0.1002,0.07367971746746149,False,False,,27.8,,0,[],[],0,False,False,,,58.8,False,,,0.0,,False,27.8,0,,False,[],,False,121.0,121.0,True
3Jn4RR99eYXHkaBszTqRjf37EeQzDM1zp2,bitcoin,BTC,3.16617994,1.31580656,BTC,205801.6961,356,0,1,5,24,0.5083333333333333,0.0,0.4155817372780146,True,0.475816347455603,0.07659018297060849,False,False,,27.4,,0,[],[],0,False,False,,,99.0,False,,,0.0,,False,27.4,0,,False,[],,False,356.0,356.0,True
bc1pka36ncz29zgl48nsvme4w8av2rdjux0ksh28fcgz40rrtluwvz0qyzv0pu,bitcoin,BTC,34.179856,0.0,BTC,2221690.64,136,0,0,1,1,1.0,0.0,0.0,True,0.10035,0.08485106388134456,False,False,,26.3,,0,[],[],0,False,False,,,58.8,False,,,0.0,,False,26.3,0,,False,[],,False,136.0,136.0,True
bc1qhzthm6l5kc8l8ugq5l2cdh4lxarcq8pr65ucge,bitcoin,BTC,2.24726876,0.06607368,BTC,146072.4694,345,0,1,6,19,0.5172413793103449,0.0,0.029401770351669018,True,0.3982803540703338,0.09147348473276962,False,False,,25.4,,0,[],[],0,False,False,,,98.9,False,,,0.0,,False,25.4,0,,False,[],,False,345.0,345.0,True
bc1qnsqwvqkgzeruxlqxham0gh83nejzyk9ule5wpe,bitcoin,BTC,27.77784255,0.0,BTC,1805559.76575,234,0,0,5,21,0.4774193548387097,0.0,0.0,True,0.30705,0.10412754271768232,False,False,,23.7,,0,[],[],0,False,False,,,87.2,False,,,0.0,,False,23.7,0,,False,[],,False,234.0,234.0,True
bc1py65j79nlthpwz23qthfcwca8n69va56qetvmce4v7q6qu4v7pchqcgzfme,bitcoin,BTC,7.71652332,0.0,BTC,501574.0158,242,0,0,1,1,1.0,0.0,0.0,True,0.315075,0.10471763075108853,False,False,,23.6,,0,[],[],0,False,False,,,88.3,False,,,0.0,,False,23.6,0,,False,[],,False,242.0,242.0,True
bc1pufarc42jpgp9ddfvsthyzesvky2zwppca78fd0ku6gzxtsm9x58ss7lffp,bitcoin,BTC,41.60749568,0.16777216,BTC,2704487.2192,248,0,1,1,1,1.0,0.0,0.004032258064516129,True,0.3638064516129032,0.10735299034388235,False,False,,23.3,,0,[],[],0,False,False,,,94.9,False,,,0.0,,False,23.3,0,,False,[],,False,248.0,248.0,True
bc1prc23judxjdyyqlcp5cwktuelslkgy2p9a2f83s5964ds4r85v6yqvsfmah,bitcoin,BTC,41.60749568,0.16777216,BTC,2704487.2192,248,0,1,1,1,1.0,0.0,0.004032258064516129,True,0.3638064516129032,0.10735299034388235,False,False,,23.3,,0,[],[],0,False,False,,,94.9,False,,,0.0,,False,23.3,0,,False,[],,False,248.0,248.0,True
bc1p4ksmwntp4zqqt3ehj4kufk2mewlte06ewexmqsrfphdlc2hjy76s4k6kdc,bitcoin,BTC,41.60749568,0.16777216,BTC,2704487.2192,248,0,1,1,1,1.0,0.0,0.004032258064516129,True,0.3638064516129032,0.10735299034388235,False,False,,23.3,,0,[],[],0,False,False,,,94.9,False,,,0.0,,False,23.3,0,,False,[],,False,248.0,248.0,True
bc1p8dyt54j4lfpfkp37ew2lezpwrd5f4jpw3u860fj7j3y0v23nuyks3keyjk,bitcoin,BTC,41.60749568,0.16777216,BTC,2704487.2192,248,0,1,1,1,1.0,0.0,0.004032258064516129,True,0.3638064516129032,0.10735299034388235,False,False,,23.3,,0,[],[],0,False,False,,,94.9,False,,,0.0,,False,23.3,0,,False,[],,False,248.0,248.0,True
bc1p982rq8ruhdzned4nkecz44mt4l8td8y3yh849lvkhjuca9g5le7qd6y2le,bitcoin,BTC,41.60749568,0.16777216,BTC,2704487.2192,248,0,1,1,1,1.0,0.0,0.004032258064516129,True,0.3638064516129032,0.10735299034388235,False,False,,23.3,,0,[],[],0,False,False,,,94.9,False,,,0.0,,False,23.3,0,,False,[],,False,248.0,248.0,True
bc1prhzmhnpxw2un9dj25fuvumm40weyyy0k2gwl5l8wfh3qs6akeqqs8h2c2g,bitcoin,BTC,41.60749568,0.16777216,BTC,2704487.2192,248,0,1,1,1,1.0,0.0,0.004032258064516129,True,0.3638064516129032,0.10735299034388235,False,False,,23.3,,0,[],[],0,False,False,,,94.9,False,,,0.0,,False,23.3,0,,False,[],,False,248.0,248.0,True
bc1pezw34qekwykrd99qjdemurcak5sh46dc5wgeenvrchpu56mze5ysy2mjtm,bitcoin,BTC,41.60749568,0.16777216,BTC,2704487.2192,248,0,1,1,1,1.0,0.0,0.004032258064516129,True,0.3638064516129032,0.10735299034388235,False,False,,23.3,,0,[],[],0,False,False,,,94.9,False,,,0.0,,False,23.3,0,,False,[],,False,248.0,248.0,True
bc1pyx88ft9h9dhzmrp76qsghdxagc7hs3m8thh4lqdfzuesmtz4c0vqeywdxq,bitcoin,BTC,41.60749568,0.16777216,BTC,2704487.2192,248,0,1,1,1,1.0,0.0,0.004032258064516129,True,0.3638064516129032,0.10735299034388235,False,False,,23.3,,0,[],[],0,False,False,,,94.9,False,,,0.0,,False,23.3,0,,False,[],,False,248.0,248.0,True
bc1quxqe6slh2q635nzutxhtx0a6u9yztjfxaaaznq,bitcoin,BTC,41.60749568,0.16777216,BTC,2704487.2192,248,0,1,1,1,1.0,0.0,0.004032258064516129,True,0.3638064516129032,0.10735299034388235,False,False,,23.3,,0,[],[],0,False,False,,,94.9,False,,,0.0,,False,23.3,0,,False,[],,False,248.0,248.0,True
bc1pjkgy8gxwxl59dy8cwq0kphtfgwn4a7up4llsxjqyf7tjev35pw9su6qehf,bitcoin,BTC,41.60749568,0.16777216,BTC,2704487.2192,248,0,1,1,1,1.0,0.0,0.004032258064516129,True,0.3638064516129032,0.10735299034388235,False,False,,23.3,,0,[],[],0,False,False,,,94.9,False,,,0.0,,False,23.3,0,,False,[],,False,248.0,248.0,True
bc1ptavt6tfcr968avw0rxrhu9te3tta0ngq53u5lzs5kld6uveycryqa55lka,bitcoin,BTC,41.60749568,0.16777216,BTC,2704487.2192,248,0,1,1,1,1.0,0.0,0.004032258064516129,True,0.3638064516129032,0.10735299034388235,False,False,,23.3,,0,[],[],0,False,False,,,94.9,False,,,0.0,,False,23.3,0,,False,[],,False,248.0,248.0,True
bc1pfdzw08wrk7ju4mtdxx8652gpxnyuuys08melfta0d5q6pun72y7smsz0n8,bitcoin,BTC,41.60749568,0.16777216,BTC,2704487.2192,248,0,1,1,1,1.0,0.0,0.004032258064516129,True,0.3638064516129032,0.10735299034388235,False,False,,23.3,,0,[],[],0,False,False,,,94.9,False,,,0.0,,False,23.3,0,,False,[],,False,248.0,248.0,True
bc1pkhhcm4eru957dmpn8q9rajfjac6zxjgtm956et9tz4ul5e99gugs295hz3,bitcoin,BTC,41.60749568,0.16777216,BTC,2704487.2192,248,0,1,1,1,1.0,0.0,0.004032258064516129,True,0.3638064516129032,0.10735299034388235,False,False,,23.3,,0,[],[],0,False,False,,,94.9,False,,,0.0,,False,23.3,0,,False,[],,False,248.0,248.0,True
bc1q5xyjj9szfq8hytmfa6w88d328q8ffa3n4x8gqf,bitcoin,BTC,1.26877696,0.0,BTC,82470.5024,242,0,0,1,1,1.0,0.0,0.0,True,0.315075,0.11085949561565023,False,False,,22.8,,0,[],[],0,False,False,,,88.3,False,,,0.0,,False,22.8,0,,False,[],,False,242.0,242.0,True
bc1pvawastn3uplec2trcyngxcrc0dpq4ejss3xqhuaykxmrt6f02kmsada99r,bitcoin,BTC,0.85739148,0.0,BTC,55730.4462,242,0,0,1,1,1.0,0.0,0.0,True,0.315075,0.1113523746476267,False,False,,22.7,,0,[],[],0,False,False,,,88.3,False,,,0.0,,False,22.7,0,,False,[],,False,242.0,242.0,True
bc1p6as2wxad8084f0gtwgd6hujvctp740ze4dtv5sj3506dnsphftusfcj2uk,bitcoin,BTC,0.85739148,0.0,BTC,55730.4462,242,0,0,1,1,1.0,0.0,0.0,True,0.315075,0.1113523746476267,False,False,,22.7,,0,[],[],0,False,False,,,88.3,False,,,0.0,,False,22.7,0,,False,[],,False,242.0,242.0,True
bc1p4zlny3c3u5ej95zsaenjrj73t4q3czuwc2yk8gyj79h09z0phwks4k5r0a,bitcoin,BTC,0.85739148,0.0,BTC,55730.4462,242,0,0,1,1,1.0,0.0,0.0,True,0.315075,0.1113523746476267,False,False,,22.7,,0,[],[],0,False,False,,,88.3,False,,,0.0,,False,22.7,0,,False,[],,False,242.0,242.0,True
bc1pyra8qjq738k6y9vmwepcgjhguc8dvljlql22qexh7swf9a8xtdlsapr7py,bitcoin,BTC,0.85739148,0.0,BTC,55730.4462,242,0,0,1,1,1.0,0.0,0.0,True,0.315075,0.1113523746476267,False,False,,22.7,,0,[],[],0,False,False,,,88.3,False,,,0.0,,False,22.7,0,,False,[],,False,242.0,242.0,True
bc1p8xsqe8px30n002hqzu59c703kv5p0ekq0wz29f2fuv3u4a0mf6eqj2fg7e,bitcoin,BTC,0.85739148,0.0,BTC,55730.4462,242,0,0,1,1,1.0,0.0,0.0,True,0.315075,0.1113523746476267,False,False,,22.7,,0,[],[],0,False,False,,,88.3,False,,,0.0,,False,22.7,0,,False,[],,False,242.0,242.0,True
bc1puv2mp2mxs2mf74yfsmjnuyds08lkf8ku3zknkval76p2ymnctpnq5gghgd,bitcoin,BTC,0.85739148,0.0,BTC,55730.4462,242,0,0,1,1,1.0,0.0,0.0,True,0.315075,0.1113523746476267,False,False,,22.7,,0,[],[],0,False,False,,,88.3,False,,,0.0,,False,22.7,0,,False,[],,False,242.0,242.0,True
bc1pckwktaswtyu4pxwrfwy96dwv4jpr6hnmgmefje72vhsr4zkke0dqt9q3ph,bitcoin,BTC,0.85739148,0.0,BTC,55730.4462,242,0,0,1,1,1.0,0.0,0.0,True,0.315075,0.1113523746476267,False,False,,22.7,,0,[],[],0,False,False,,,88.3,False,,,0.0,,False,22.7,0,,False,[],,False,242.0,242.0,True
bc1q0yejy80txqv8ltxvlzgs0jkk87cvztmhewkpyj,bitcoin,BTC,44.69075879,0.0,BTC,2904899.32135,149,0,0,1,1,1.0,0.0,0.0,True,0.12764999999999999,0.11123685637110703,False,False,,22.7,,0,[],[],0,False,False,,,62.6,False,,,0.0,,False,22.7,0,,False,[],,False,149.0,149.0,True
bc1qhppds3epdudndpl784n2qn2k2rhkcjd05q0d8h,bitcoin,BTC,31.281881,0.0,BTC,2033322.265,233,0,0,1,1,1.0,0.0,0.0,True,0.306825,0.12070966355555413,False,False,,21.4,,0,[],[],0,False,False,,,87.2,False,,,0.0,,False,21.4,0,,False,[],,False,233.0,233.0,True
1MZ2dcXvzRyPrAhbkfJ43tZCGbw1TUXhaS,bitcoin,BTC,36.1006672,0.0,BTC,2346543.368,170,0,0,1,1,1.0,0.0,0.0,True,0.1602,0.1290373072045768,False,False,,20.3,,0,[],[],0,False,False,,,67.1,False,,,0.0,,False,20.3,0,,False,[],,False,170.0,170.0,True
bc1p4rx62v7penu9g93mfkcyee79mrcxwn3jxc28rfkn4z82zqw8dn8qcmuv8d,bitcoin,BTC,23.82364672,0.0,BTC,1548537.0368,142,0,0,1,1,1.0,0.0,0.0,True,0.112125,0.13035514588221503,False,False,,20.1,,0,[],[],0,False,False,,,60.5,False,,,0.0,,False,20.1,0,,False,[],,False,142.0,142.0,True
bc1qu2hgj5lfcuvvh4hkh79xa5sym7l7gkk57q8mrx,bitcoin,BTC,20.80374784,0.08388608,BTC,1352243.6096,248,0,1,1,1,1.0,0.0,0.004032258064516129,True,0.3638064516129032,0.13564528962438388,False,False,,19.4,,0,[],[],0,False,False,,,94.9,False,,,0.0,,False,19.4,0,,False,[],,False,248.0,248.0,True
bc1p30x04w9glhfcxwh7l756u2cmg9k78j75hf3utydvaf6efslwck0qnjpe0d,bitcoin,BTC,20.80374784,0.08388608,BTC,1352243.6096,248,0,1,1,1,1.0,0.0,0.004032258064516129,True,0.3638064516129032,0.13564528962438388,False,False,,19.4,,0,[],[],0,False,False,,,94.9,False,,,0.0,,False,19.4,0,,False,[],,False,248.0,248.0,True
bc1qshsu0jh42tjcjsuvhpaarc5pumvt29wp2vm4vy,bitcoin,BTC,20.80374784,0.08388608,BTC,1352243.6096,248,0,1,1,1,1.0,0.0,0.004032258064516129,True,0.3638064516129032,0.13564528962438388,False,False,,19.4,,0,[],[],0,False,False,,,94.9,False,,,0.0,,False,19.4,0,,False,[],,False,248.0,248.0,True
bc1p7ehtcvmdrcwrawl8e3mhq2ajyzykrura4r4ycf9l3ys8tmhr47kqeqmtae,bitcoin,BTC,20.80374784,0.08388608,BTC,1352243.6096,248,0,1,1,1,1.0,0.0,0.004032258064516129,True,0.3638064516129032,0.13564528962438388,False,False,,19.4,,0,[],[],0,False,False,,,94.9,False,,,0.0,,False,19.4,0,,False,[],,False,248.0,248.0,True
bc1p02cty5fjyfvcdmzauc8vajuzl0s6cl00deunz5wlhqjq7z2d458s7q3c38,bitcoin,BTC,20.80374784,0.0,BTC,1352243.6096,248,0,0,1,1,1.0,0.0,0.0,True,0.363,0.13564528962438388,False,False,,19.4,,0,[],[],0,False,False,,,94.9,False,,,0.0,,False,19.4,0,,False,[],,False,248.0,248.0,True
bc1pvuw4mmjr7mdjupe4tpunesjyj4yhhu4nmt4ws473vqvh96azr7jss3vvga,bitcoin,BTC,20.80374784,0.0,BTC,1352243.6096,248,0,0,1,1,1.0,0.0,0.0,True,0.363,0.13564528962438388,False,False,,19.4,,0,[],[],0,False,False,,,94.9,False,,,0.0,,False,19.4,0,,False,[],,False,248.0,248.0,True
bc1ppeqhjznp33edlrvkv5gkfzj9r7nd60ar2qtj4laz0gyhn5a4py3qk9k6r6,bitcoin,BTC,33.05111552,0.0,BTC,2148322.5088000004,197,0,0,1,1,1.0,0.0,0.0,True,0.232875,0.13908019874787153,False,False,,18.9,,0,[],[],0,False,False,,,77.0,False,,,0.0,,False,18.9,0,,False,[],,False,197.0,197.0,True
bc1p7rhq046m376k76yrpyt3qygl8asve3t6vvredrsext0hy2mwe4jsj3qajw,bitcoin,BTC,33.05111552,0.0,BTC,2148322.5088000004,197,0,0,1,1,1.0,0.0,0.0,True,0.232875,0.13908019874787153,False,False,,18.9,,0,[],[],0,False,False,,,77.0,False,,,0.0,,False,18.9,0,,False,[],,False,197.0,197.0,True
bc1pfng9ct2l730x6d3fpr99zhmvahjrcs9379c5g3ccx2caw7rc9ejqx45yfz,bitcoin,BTC,23.15255808,0.0,BTC,1504916.2751999998,138,0,0,1,1,1.0,0.0,0.0,True,0.10575,0.1402707160713938,False,False,,18.8,,0,[],[],0,False,False,,,59.6,False,,,0.0,,False,18.8,0,,False,[],,False,138.0,138.0,True
bc1p5ujgftv4ha4twzg5mhr4wk0lgplp2t0kgh9d3cdljy5896syt9nsy279m9,bitcoin,BTC,23.65587456,0.0,BTC,1537631.8464000002,141,0,0,1,1,1.0,0.0,0.0,True,0.109875,0.1422749105712927,False,False,,18.5,,0,[],[],0,False,False,,,60.2,False,,,0.0,,False,18.5,0,,False,[],,False,141.0,141.0,True
bc1pfzuf702m0jew5j43mpvnlew6uxdfzejampsc34hcpk42zsj7kp3seyjq7v,bitcoin,BTC,0.65011712,0.00262144,BTC,42257.6128,248,0,1,1,1,1.0,0.0,0.004032258064516129,True,0.3638064516129032,0.14599329328217614,False,False,,18.0,,0,[],[],0,False,False,,,94.9,False,,,0.0,,False,18.0,0,,False,[],,False,248.0,248.0,True
bc1p237nmmcrrk4725cz294vx03qgn3ys5gcushz2znvx5ygw72rg4xqxgavaf,bitcoin,BTC,0.65011712,0.00262144,BTC,42257.6128,248,0,1,1,1,1.0,0.0,0.004032258064516129,True,0.3638064516129032,0.14599329328217614,False,False,,18.0,,0,[],[],0,False,False,,,94.9,False,,,0.0,,False,18.0,0,,False,[],,False,248.0,248.0,True
bc1plgswf076vdyt5wmw8wvn8krjs4ws9c5jekyqyaz7z5kpl7jsevkqlfn7j0,bitcoin,BTC,0.65011712,0.00262144,BTC,42257.6128,248,0,1,1,1,1.0,0.0,0.004032258064516129,True,0.3638064516129032,0.14599329328217614,False,False,,18.0,,0,[],[],0,False,False,,,94.9,False,,,0.0,,False,18.0,0,,False,[],,False,248.0,248.0,True
bc1p7wtrfkfuyy4aw7t5kg5d2q2wt4zu9zc8m283edzercf77gcje9aq07spzv,bitcoin,BTC,0.65011712,0.00262144,BTC,42257.6128,248,0,1,1,1,1.0,0.0,0.004032258064516129,True,0.3638064516129032,0.14599329328217614,False,False,,18.0,,0,[],[],0,False,False,,,94.9,False,,,0.0,,False,18.0,0,,False,[],,False,248.0,248.0,True
bc1pqwk36jtcf22hv4qtr56arfuxqu8e3wemxvmsak4hux40ym607y5sxe024a,bitcoin,BTC,0.65011712,0.0,BTC,42257.6128,248,0,0,1,1,1.0,0.0,0.0,True,0.363,0.14599329328217614,False,False,,18.0,,0,[],[],0,False,False,,,94.9,False,,,0.0,,False,18.0,0,,False,[],,False,248.0,248.0,True
bc1qlj94wthlsrervpxr8z529wuwvf5leutayk4fns,bitcoin,BTC,39.31600518,0.0,BTC,2555540.3367,137,0,0,1,1,1.0,0.0,0.0,True,0.102825,0.14576801088350466,False,False,,18.0,,0,[],[],0,False,False,,,59.2,False,,,0.0,,False,18.0,0,,False,[],,False,137.0,137.0,True
bc1q5d4eex3ra584v989m9kcwu9pkeeqq3t6jmgvhe,bitcoin,BTC,39.31600518,0.0,BTC,2555540.3367,137,0,0,1,1,1.0,0.0,0.0,True,0.102825,0.14576801088350466,False,False,,18.0,,0,[],[],0,False,False,,,59.2,False,,,0.0,,False,18.0,0,,False,[],,False,137.0,137.0,True
bc1qq7szccx5usmdcspja5974klqjnu0hmv30474wt,bitcoin,BTC,39.31600518,0.0,BTC,2555540.3367,137,0,0,1,1,1.0,0.0,0.0,True,0.102825,0.14576801088350466,False,False,,18.0,,0,[],[],0,False,False,,,59.2,False,,,0.0,,False,18.0,0,,False,[],,False,137.0,137.0,True
bc1qhfws9upchfxv5kl8uxmmn0ln30detsx4m2nqga,bitcoin,BTC,39.31600518,0.0,BTC,2555540.3367,137,0,0,1,1,1.0,0.0,0.0,True,0.102825,0.14576801088350466,False,False,,18.0,,0,[],[],0,False,False,,,59.2,False,,,0.0,,False,18.0,0,,False,[],,False,137.0,137.0,True
bc1q0da9w889fqtdk8caf59yfatg4ex3mrf4dq0lvq,bitcoin,BTC,39.31600518,0.0,BTC,2555540.3367,137,0,0,1,1,1.0,0.0,0.0,True,0.102825,0.14576801088350466,False,False,,18.0,,0,[],[],0,False,False,,,59.2,False,,,0.0,,False,18.0,0,,False,[],,False,137.0,137.0,True
bc1qvr3v9epjuqqarteqf676fzs48ywwa7tpstnzp7,bitcoin,BTC,39.31600518,0.0,BTC,2555540.3367,137,0,0,1,1,1.0,0.0,0.0,True,0.102825,0.14576801088350466,False,False,,18.0,,0,[],[],0,False,False,,,59.2,False,,,0.0,,False,18.0,0,,False,[],,False,137.0,137.0,True
bc1qpt9zghk9ght6fmnwcsfyudl4afrt7p7aykyfut,bitcoin,BTC,39.31600518,0.0,BTC,2555540.3367,137,0,0,1,1,1.0,0.0,0.0,True,0.102825,0.14576801088350466,False,False,,18.0,,0,[],[],0,False,False,,,59.2,False,,,0.0,,False,18.0,0,,False,[],,False,137.0,137.0,True
bc1qpzz77m5jg2kvfm9nrw9ss02257qmnyrja9twq7,bitcoin,BTC,39.31600518,0.0,BTC,2555540.3367,137,0,0,1,1,1.0,0.0,0.0,True,0.102825,0.14576801088350466,False,False,,18.0,,0,[],[],0,False,False,,,59.2,False,,,0.0,,False,18.0,0,,False,[],,False,137.0,137.0,True
bc1qdxdvtytv25rysncmqemuh8wyeuy96pmn0vr4dk,bitcoin,BTC,39.31600518,0.0,BTC,2555540.3367,137,0,0,1,1,1.0,0.0,0.0,True,0.102825,0.14576801088350466,False,False,,18.0,,0,[],[],0,False,False,,,59.2,False,,,0.0,,False,18.0,0,,False,[],,False,137.0,137.0,True
bc1qgz8r5nrjmvg2jlu4824wzxygg494lnwjzmj2a2,bitcoin,BTC,18.93111626,0.0,BTC,1230522.5569,207,0,0,6,24,0.20634920634920634,0.0,0.0,True,0.26625,0.14855558618337344,False,False,,17.7,,0,[],[],0,False,False,,,81.6,False,,,0.0,,False,17.7,0,,False,[],,False,207.0,207.0,True
bc1qkr3a0zy9n0lvpnyeknwnq43w6j8z9df069gnxe,bitcoin,BTC,1.25321293,0.0,BTC,81458.84044999999,151,0,0,5,2,0.9869281045751634,0.0,0.0,True,0.132,0.14877660423417977,False,False,,17.6,,0,[],[],0,False,False,,,63.2,False,,,0.0,,False,17.6,0,,False,[],,False,151.0,151.0,True
bc1pmzenky34h4rw2rgd8zymxahup48ecup2dspwqvmpfv9w6y4p8lcsuxenmu,bitcoin,BTC,38.75536896,0.0,BTC,2519098.9824,231,0,0,1,1,1.0,0.0,0.0,True,0.3042,0.15220561921258852,False,False,,17.2,,0,[],[],0,False,False,,,86.8,False,,,0.0,,False,17.2,0,,False,[],,False,231.0,231.0,True
bc1pz8qhxqkhwk4twevqpph3tspxz6y2tt59lu4c3880ktmg5tl9nhaqr7cvlu,bitcoin,BTC,38.75536896,0.0,BTC,2519098.9824,231,0,0,1,1,1.0,0.0,0.0,True,0.3042,0.15220561921258852,False,False,,17.2,,0,[],[],0,False,False,,,86.8,False,,,0.0,,False,17.2,0,,False,[],,False,231.0,231.0,True
bc1pww035znnk35u3gcw2p8usjpsy32shzwqczq38p547k0hm9st5t7sn587hn,bitcoin,BTC,38.75536896,0.0,BTC,2519098.9824,231,0,0,1,1,1.0,0.0,0.0,True,0.3042,0.15220561921258852,False,False,,17.2,,0,[],[],0,False,False,,,86.8,False,,,0.0,,False,17.2,0,,False,[],,False,231.0,231.0,True
bc1pfysk7ec6shgvdm43kv2es0whjtd6mlu3haz878lgyk2j4n23n42s30rznl,bitcoin,BTC,38.75536896,0.0,BTC,2519098.9824,231,0,0,1,1,1.0,0.0,0.0,True,0.3042,0.15220561921258852,False,False,,17.2,,0,[],[],0,False,False,,,86.8,False,,,0.0,,False,17.2,0,,False,[],,False,231.0,231.0,True
bc1pn2q9cjynu4lu9yqrf7lgag6guq8eulesfwsqeyx5knp4a8ah4pcsaulsfe,bitcoin,BTC,12.4,0.05,BTC,806000.0,248,0,1,1,1,1.0,0.0,0.004032258064516129,True,0.3638064516129032,0.15246116516919034,False,False,,17.1,,0,[],[],0,False,False,,,94.9,False,,,0.0,,False,17.1,0,,False,[],,False,248.0,248.0,True
bc1p7n57l8x8q8ak56twqfqyvalnjdv72qsh46kuanuw03lqjmu82w2q28t2da,bitcoin,BTC,12.4,0.05,BTC,806000.0,248,0,1,1,1,1.0,0.0,0.004032258064516129,True,0.3638064516129032,0.15246116516919034,False,False,,17.1,,0,[],[],0,False,False,,,94.9,False,,,0.0,,False,17.1,0,,False,[],,False,248.0,248.0,True
bc1puasrlaczkmgjjrkyk2l438npkatjjkxdn7g7wt5rmk0dgt5ppvxsusmszy,bitcoin,BTC,12.4,0.05,BTC,806000.0,248,0,1,1,1,1.0,0.0,0.004032258064516129,True,0.3638064516129032,0.15246116516919034,False,False,,17.1,,0,[],[],0,False,False,,,94.9,False,,,0.0,,False,17.1,0,,False,[],,False,248.0,248.0,True
bc1qtfdqrgylaamtadqxpzryhf9gfcprc80r737m8y,bitcoin,BTC,12.4,0.05,BTC,806000.0,248,0,1,1,1,1.0,0.0,0.004032258064516129,True,0.3638064516129032,0.15246116516919034,False,False,,17.1,,0,[],[],0,False,False,,,94.9,False,,,0.0,,False,17.1,0,,False,[],,False,248.0,248.0,True
bc1p7m9c7gan5aqeu7l47q6sxr5s65rn3y50wkp4hna8lqghyajfsdzsfzwg6x,bitcoin,BTC,12.4,0.05,BTC,806000.0,248,0,1,1,1,1.0,0.0,0.004032258064516129,True,0.3638064516129032,0.15246116516919034,False,False,,17.1,,0,[],[],0,False,False,,,94.9,False,,,0.0,,False,17.1,0,,False,[],,False,248.0,248.0,True
bc1pl7m0c62y0a5886xkcdf2azq60mta77ut5mepdpu43yswqeg7whyq6cc0hh,bitcoin,BTC,12.4,0.0,BTC,806000.0,248,0,0,1,1,1.0,0.0,0.0,True,0.363,0.15246116516919034,False,False,,17.1,,0,[],[],0,False,False,,,94.9,False,,,0.0,,False,17.1,0,,False,[],,False,248.0,248.0,True
bc1pyv6ec92k8ts4u9ussfypw058zug3jfl0ps0j8rpc7qrqczqj455sc9se7k,bitcoin,BTC,12.4,0.0,BTC,806000.0,248,0,0,1,1,1.0,0.0,0.0,True,0.363,0.15246116516919034,False,False,,17.1,,0,[],[],0,False,False,,,94.9,False,,,0.0,,False,17.1,0,,False,[],,False,248.0,248.0,True
bc1pw88krstz7pamcku77vhavmqgnnudue6cr24ael52n56teykcz24sjwayqq,bitcoin,BTC,12.4,0.0,BTC,806000.0,248,0,0,1,1,1.0,0.0,0.0,True,0.363,0.15246116516919034,False,False,,17.1,,0,[],[],0,False,False,,,94.9,False,,,0.0,,False,17.1,0,,False,[],,False,248.0,248.0,True
bc1pv4rpqd86rzahlz4hamwtfeqmglsmtxpszr6tp0g6s058g3mjhtzqwf4d26,bitcoin,BTC,0.87864912,0.00354294,BTC,57112.1928,248,0,1,1,1,1.0,0.0,0.004032258064516129,True,0.3638064516129032,0.1536737691379892,False,False,,17.0,,0,[],[],0,False,False,,,94.9,False,,,0.0,,False,17.0,0,,False,[],,False,248.0,248.0,True
bc1pe60dj9thca7hvpyfjk0jsq70j6x2arrhxtv0uzw5pfjnv83sumdq5erx6p,bitcoin,BTC,0.87864912,0.00354294,BTC,57112.1928,248,0,1,1,1,1.0,0.0,0.004032258064516129,True,0.3638064516129032,0.1536737691379892,False,False,,17.0,,0,[],[],0,False,False,,,94.9,False,,,0.0,,False,17.0,0,,False,[],,False,248.0,248.0,True
bc1pqs9l8etp5yf9ezmlfrmvjdgc4ura7ujq6yt7a8a3xece3adkmjjs688vhv,bitcoin,BTC,0.87864912,0.00354294,BTC,57112.1928,248,0,1,1,1,1.0,0.0,0.004032258064516129,True,0.3638064516129032,0.1536737691379892,False,False,,17.0,,0,[],[],0,False,False,,,94.9,False,,,0.0,,False,17.0,0,,False,[],,False,248.0,248.0,True
bc1pthjdhuqry7nl4a4gptzuuyz8ascd02ztyndeemtmvtf3zrh8rndq5vmyl2,bitcoin,BTC,0.87864912,0.00354294,BTC,57112.1928,248,0,1,1,1,1.0,0.0,0.004032258064516129,True,0.3638064516129032,0.1536737691379892,False,False,,17.0,,0,[],[],0,False,False,,,94.9,False,,,0.0,,False,17.0,0,,False,[],,False,248.0,248.0,True
bc1pdjynwpfw7lz9m5kqlaa8janlejn6lwa7p6ag7x5fvzrgfpsjkdqqnzy33z,bitcoin,BTC,0.87864912,0.00354294,BTC,57112.1928,248,0,1,1,1,1.0,0.0,0.004032258064516129,True,0.3638064516129032,0.1536737691379892,False,False,,17.0,,0,[],[],0,False,False,,,94.9,False,,,0.0,,False,17.0,0,,False,[],,False,248.0,248.0,True
bc1pgyvm25tgrpzqkh7tpncck0pvdtr6r7h60c7vydl3hyqdvg60xwhqxp04pk,bitcoin,BTC,0.87864912,0.00354294,BTC,57112.1928,248,0,1,1,1,1.0,0.0,0.004032258064516129,True,0.3638064516129032,0.1536737691379892,False,False,,17.0,,0,[],[],0,False,False,,,94.9,False,,,0.0,,False,17.0,0,,False,[],,False,248.0,248.0,True
bc1p2yk93hgx9kmahmdtsn0jrz6ykcqvy8z8sd7va7xpajmmazp5e5dqaukqxh,bitcoin,BTC,0.87864912,0.00354294,BTC,57112.1928,248,0,1,1,1,1.0,0.0,0.004032258064516129,True,0.3638064516129032,0.1536737691379892,False,False,,17.0,,0,[],[],0,False,False,,,94.9,False,,,0.0,,False,17.0,0,,False,[],,False,248.0,248.0,True
bc1pgwhv9ghzlff8emvd86k2crghr4qu8kdzt7h6m2qkhl5rau6chnwqswt808,bitcoin,BTC,0.87864912,0.00354294,BTC,57112.1928,248,0,1,1,1,1.0,0.0,0.004032258064516129,True,0.3638064516129032,0.1536737691379892,False,False,,17.0,,0,[],[],0,False,False,,,94.9,False,,,0.0,,False,17.0,0,,False,[],,False,248.0,248.0,True
bc1pah5r03zqsrfh47n393883u2jn66jc9ea4s508etsuamkv7la8vvshd0jlw,bitcoin,BTC,0.87864912,0.00354294,BTC,57112.1928,248,0,1,1,1,1.0,0.0,0.004032258064516129,True,0.3638064516129032,0.1536737691379892,False,False,,17.0,,0,[],[],0,False,False,,,94.9,False,,,0.0,,False,17.0,0,,False,[],,False,248.0,248.0,True
bc1pr5kqujqpg0vejqapalfumsdnv7tf05k4tqw8e90g96l4qqctlhmq6h6gq4,bitcoin,BTC,0.87864912,0.00354294,BTC,57112.1928,248,0,1,1,1,1.0,0.0,0.004032258064516129,True,0.3638064516129032,0.1536737691379892,False,False,,17.0,,0,[],[],0,False,False,,,94.9,False,,,0.0,,False,17.0,0,,False,[],,False,248.0,248.0,True
bc1p5aaf5w5rw3apw486hnd9whkqn52fxa24fjqqdclsukm3uz7r6nesamfq79,bitcoin,BTC,0.87864912,0.00354294,BTC,57112.1928,248,0,1,1,1,1.0,0.0,0.004032258064516129,True,0.3638064516129032,0.1536737691379892,False,False,,17.0,,0,[],[],0,False,False,,,94.9,False,,,0.0,,False,17.0,0,,False,[],,False,248.0,248.0,True
bc1p82mtn4xn65y0j7wy4qvcj45g7guxsrq0yzlk2e602f59rvtqtxtsuu00yu,bitcoin,BTC,48.6,0.0,BTC,3159000.0,243,0,0,1,1,1.0,0.0,0.0,True,0.3198,0.155293818020024,False,False,,16.7,,0,[],[],0,False,False,,,89.0,False,,,0.0,,False,16.7,0,,False,[],,False,243.0,243.0,True
bc1qvf6d32kw2z8nrnlcxl6jqpa42uhgk8mt6txyx8,bitcoin,BTC,1.26432136,0.00509807,BTC,82180.88840000001,248,0,1,1,1,1.0,0.0,0.004032258064516129,True,0.3638064516129032,0.15699159646895333,False,False,,16.5,,0,[],[],0,False,False,,,94.9,False,,,0.0,,False,16.5,0,,False,[],,False,248.0,248.0,True
bc1psvesp0akpwyyf8xf9vm06n5cmp73jpf6wee2qqwcwhqhvavefvqqc0u5q7,bitcoin,BTC,1.30023424,0.00524288,BTC,84515.2256,248,0,1,1,1,1.0,0.0,0.004032258064516129,True,0.3638064516129032,0.15792102019190274,False,False,,16.4,,0,[],[],0,False,False,,,94.9,False,,,0.0,,False,16.4,0,,False,[],,False,248.0,248.0,True
bc1psr5p88vqdep79yjc0l8f3skv8ldthlcf85ds7vsrpuahnftdkvusd5ln6m,bitcoin,BTC,1.30023424,0.00524288,BTC,84515.2256,248,0,1,1,1,1.0,0.0,0.004032258064516129,True,0.3638064516129032,0.15792102019190274,False,False,,16.4,,0,[],[],0,False,False,,,94.9,False,,,0.0,,False,16.4,0,,False,[],,False,248.0,248.0,True
bc1pvde65wavgdce20pn6gf85dqy6na4ng5cmz7dydcnaml4yd7hq6yqzy2mqk,bitcoin,BTC,1.30023424,0.00524288,BTC,84515.2256,248,0,1,1,1,1.0,0.0,0.004032258064516129,True,0.3638064516129032,0.15792102019190274,False,False,,16.4,,0,[],[],0,False,False,,,94.9,False,,,0.0,,False,16.4,0,,False,[],,False,248.0,248.0,True
bc1psh7gkadey43d27l8rlk927a9gk8kz3tfusskrsmn53vnu269ru6sqtzyhv,bitcoin,BTC,1.30023424,0.00524288,BTC,84515.2256,248,0,1,1,1,1.0,0.0,0.004032258064516129,True,0.3638064516129032,0.15792102019190274,False,False,,16.4,,0,[],[],0,False,False,,,94.9,False,,,0.0,,False,16.4,0,,False,[],,False,248.0,248.0,True
bc1q4k2lcmj2pnnwmz4swh9caz8eph5028c3wfm7p5,bitcoin,BTC,1.30023424,0.00524288,BTC,84515.2256,248,0,1,1,1,1.0,0.0,0.004032258064516129,True,0.3638064516129032,0.15792102019190274,False,False,,16.4,,0,[],[],0,False,False,,,94.9,False,,,0.0,,False,16.4,0,,False,[],,False,248.0,248.0,True
bc1pdncnmgenf0snrdh98txrhal93hnavr0ztc6xwuk49rjgcg7zk99sexksys,bitcoin,BTC,1.30023424,0.00524288,BTC,84515.2256,248,0,1,1,1,1.0,0.0,0.004032258064516129,True,0.3638064516129032,0.15792102019190274,False,False,,16.4,,0,[],[],0,False,False,,,94.9,False,,,0.0,,False,16.4,0,,False,[],,False,248.0,248.0,True
bc1pdwvnxgu9keuwcuynrh50yxlrerx6kxmdgh2kkejz6lrs73f0qsdq0wh0u0,bitcoin,BTC,1.30023424,0.00524288,BTC,84515.2256,248,0,1,1,1,1.0,0.0,0.004032258064516129,True,0.3638064516129032,0.15792102019190274,False,False,,16.4,,0,[],[],0,False,False,,,94.9,False,,,0.0,,False,16.4,0,,False,[],,False,248.0,248.0,True
bc1qlw9055sct3vr2rf9eua9sgcuul3p5kxwdeet6t,bitcoin,BTC,1.30023424,0.00524288,BTC,84515.2256,248,0,1,1,1,1.0,0.0,0.004032258064516129,True,0.3638064516129032,0.15792102019190274,False,False,,16.4,,0,[],[],0,False,False,,,94.9,False,,,0.0,,False,16.4,0,,False,[],,False,248.0,248.0,True
bc1psccafl0n2fmd9nwfkaszpf8n3l8gtlwchje8c2j6aks3hzth4maqwl9peq,bitcoin,BTC,1.30023424,0.0,BTC,84515.2256,248,0,0,1,1,1.0,0.0,0.0,True,0.363,0.15792102019190274,False,False,,16.4,,0,[],[],0,False,False,,,94.9,False,,,0.0,,False,16.4,0,,False,[],,False,248.0,248.0,True
bc1qu43elhctmcaemy9k5mzr4nnauptpk72zyruf0j,bitcoin,BTC,17.21942089,0.0,BTC,1119262.3578499998,217,0,0,1,1,1.0,0.0,0.0,True,0.291,0.15893848543582012,False,False,,16.3,,0,[],[],0,False,False,,,85.0,False,,,0.0,,False,16.3,0,,False,[],,False,217.0,217.0,True
bc1qpcg4jhany5c9w6vku8e3h83dg37upk0qdz7xg0,bitcoin,BTC,0.71056786,0.0,BTC,46186.9109,161,0,0,5,19,0.2727272727272727,0.0,0.0,True,0.1503,0.15846972991460218,False,False,,16.3,,0,[],[],0,False,False,,,65.7,False,,,0.0,,False,16.3,0,,False,[],,False,161.0,161.0,True
bc1qt0vjrq9lkzztw48c03wxrm3ngad2wtea2ye0df,bitcoin,BTC,5.08248764,0.0,BTC,330361.6966,139,0,0,2,1,1.0,0.0,0.0,True,0.10635,0.15835701450714929,False,False,,16.3,,0,[],[],0,False,False,,,59.7,False,,,0.0,,False,16.3,0,,False,[],,False,139.0,139.0,True
bc1p64ja3640fyvqlnsr2naznndckrqfjrhfr7rllp6vmd8dk8dp9pesh9mrvq,bitcoin,BTC,7.90784208,0.03188646,BTC,514009.7352,248,0,1,1,1,1.0,0.0,0.004032258064516129,True,0.3638064516129032,0.1589720181338185,False,False,,16.2,,0,[],[],0,False,False,,,94.9,False,,,0.0,,False,16.2,0,,False,[],,False,248.0,248.0,True
bc1pc5g9hddzhmf69qej8vjs5ha0cuhs9e864rr7kmrqp9qnzd8vze6q7vckdm,bitcoin,BTC,7.90784208,0.03188646,BTC,514009.7352,248,0,1,1,1,1.0,0.0,0.004032258064516129,True,0.3638064516129032,0.1589720181338185,False,False,,16.2,,0,[],[],0,False,False,,,94.9,False,,,0.0,,False,16.2,0,,False,[],,False,248.0,248.0,True
bc1pxn4ey4y3gk9f32ewnzpwfrfevytw3k3jcpx0n6k6fw8v8sr6d3tqdfrehx,bitcoin,BTC,7.90784208,0.03188646,BTC,514009.7352,248,0,1,1,1,1.0,0.0,0.004032258064516129,True,0.3638064516129032,0.1589720181338185,False,False,,16.2,,0,[],[],0,False,False,,,94.9,False,,,0.0,,False,16.2,0,,False,[],,False,248.0,248.0,True
bc1pre0679xvzhe5yhaqe3yjxf0jljc8m006vxa2ehc0t4q3ewnuj8asaxe6um,bitcoin,BTC,7.90784208,0.03188646,BTC,514009.7352,248,0,1,1,1,1.0,0.0,0.004032258064516129,True,0.3638064516129032,0.1589720181338185,False,False,,16.2,,0,[],[],0,False,False,,,94.9,False,,,0.0,,False,16.2,0,,False,[],,False,248.0,248.0,True
bc1p2t59qju3pr4lvytlwcnl7zytrulk8h6m6zdgtca99vl5aq90d8us8207wk,bitcoin,BTC,7.90784208,0.03188646,BTC,514009.7352,248,0,1,1,1,1.0,0.0,0.004032258064516129,True,0.3638064516129032,0.1589720181338185,False,False,,16.2,,0,[],[],0,False,False,,,94.9,False,,,0.0,,False,16.2,0,,False,[],,False,248.0,248.0,True
bc1p264nedjmvmavkl4xersedxn2kphx7apmcycvyx7vrkfwevcgjqnsmsf6pp,bitcoin,BTC,7.90784208,0.03188646,BTC,514009.7352,248,0,1,1,1,1.0,0.0,0.004032258064516129,True,0.3638064516129032,0.1589720181338185,False,False,,16.2,,0,[],[],0,False,False,,,94.9,False,,,0.0,,False,16.2,0,,False,[],,False,248.0,248.0,True
bc1p9yv6wj8490t5dwx4dsawk3kyu76eymexnk9gjlhzk7z8exqv9fmqlypgql,bitcoin,BTC,7.90784208,0.03188646,BTC,514009.7352,248,0,1,1,1,1.0,0.0,0.004032258064516129,True,0.3638064516129032,0.1589720181338185,False,False,,16.2,,0,[],[],0,False,False,,,94.9,False,,,0.0,,False,16.2,0,,False,[],,False,248.0,248.0,True
bc1ptqcvq76lvp3yg3qkeszzy6q7djn9w05mc6mh452kzt6kgx0d8p7s77sxdq,bitcoin,BTC,7.90784208,0.03188646,BTC,514009.7352,248,0,1,1,1,1.0,0.0,0.004032258064516129,True,0.3638064516129032,0.1589720181338185,False,False,,16.2,,0,[],[],0,False,False,,,94.9,False,,,0.0,,False,16.2,0,,False,[],,False,248.0,248.0,True
bc1pyye2ka0cmqrptnuezf3pn7h437hf82p3hchxgxkrt26njsmhjj3qggqkuq,bitcoin,BTC,7.90784208,0.03188646,BTC,514009.7352,248,0,1,1,1,1.0,0.0,0.004032258064516129,True,0.3638064516129032,0.1589720181338185,False,False,,16.2,,0,[],[],0,False,False,,,94.9,False,,,0.0,,False,16.2,0,,False,[],,False,248.0,248.0,True
bc1pjmvw4md2y098zz7q4jyxv3f60hwcmu969gkemv3sfrkum9f7lruqhm60za,bitcoin,BTC,7.90784208,0.03188646,BTC,514009.7352,248,0,1,1,1,1.0,0.0,0.004032258064516129,True,0.3638064516129032,0.1589720181338185,False,False,,16.2,,0,[],[],0,False,False,,,94.9,False,,,0.0,,False,16.2,0,,False,[],,False,248.0,248.0,True
bc1pe6ypx8j06kxphfzjep378f5t29jraka34w50j4qeae76vfnxeywqx7xyj2,bitcoin,BTC,7.90784208,0.0,BTC,514009.7352,248,0,0,1,1,1.0,0.0,0.0,True,0.363,0.1589720181338185,False,False,,16.2,,0,[],[],0,False,False,,,94.9,False,,,0.0,,False,16.2,0,,False,[],,False,248.0,248.0,True
bc1pw0rcvgedr9tth9yw3e04kym5705whzg4q6c8nwzj965tdgrw8uasq8yw9h,bitcoin,BTC,5.20093696,0.02097152,BTC,338060.9024,248,0,1,1,1,1.0,0.0,0.004032258064516129,True,0.3638064516129032,0.1605168252355108,False,False,,16.0,,0,[],[],0,False,False,,,94.9,False,,,0.0,,False,16.0,0,,False,[],,False,248.0,248.0,True
bc1pq5jsukzc54hmt44qz3ju37s5lxz99rateygkls0ryf7fu395jh9qftffwf,bitcoin,BTC,5.20093696,0.02097152,BTC,338060.9024,248,0,1,1,1,1.0,0.0,0.004032258064516129,True,0.3638064516129032,0.1605168252355108,False,False,,16.0,,0,[],[],0,False,False,,,94.9,False,,,0.0,,False,16.0,0,,False,[],,False,248.0,248.0,True
bc1p5murftyesz9twfuvr9pn4tf4pzkrpes8qcmlealqcwu2w300ec3qqedetd,bitcoin,BTC,5.20093696,0.02097152,BTC,338060.9024,248,0,1,1,1,1.0,0.0,0.004032258064516129,True,0.3638064516129032,0.1605168252355108,False,False,,16.0,,0,[],[],0,False,False,,,94.9,False,,,0.0,,False,16.0,0,,False,[],,False,248.0,248.0,True
bc1pyxgkhrjtsnpm625rsgg7vux0kawhs0xzg3whmwz43y6pk0az99cshnm5dg,bitcoin,BTC,5.20093696,0.02097152,BTC,338060.9024,248,0,1,1,1,1.0,0.0,0.004032258064516129,True,0.3638064516129032,0.1605168252355108,False,False,,16.0,,0,[],[],0,False,False,,,94.9,False,,,0.0,,False,16.0,0,,False,[],,False,248.0,248.0,True
bc1p5lm33lgy26ax0kqjnjput37lt25ew36h42ua277uy4z42wqyfasq8qg70x,bitcoin,BTC,5.20093696,0.02097152,BTC,338060.9024,248,0,1,1,1,1.0,0.0,0.004032258064516129,True,0.3638064516129032,0.1605168252355108,False,False,,16.0,,0,[],[],0,False,False,,,94.9,False,,,0.0,,False,16.0,0,,False,[],,False,248.0,248.0,True
bc1pqv2rnzq6u4s0rphy4mg3es5v0jxclhaluep76jle428u237zzxns8z5gsd,bitcoin,BTC,5.20093696,0.02097152,BTC,338060.9024,248,0,1,1,1,1.0,0.0,0.004032258064516129,True,0.3638064516129032,0.1605168252355108,False,False,,16.0,,0,[],[],0,False,False,,,94.9,False,,,0.0,,False,16.0,0,,False,[],,False,248.0,248.0,True
bc1p2pcs0dmytnjws742y52a3ul2jas0jz3tp3vt428gr6u8e7060ensfsaduz,bitcoin,BTC,5.20093696,0.02097152,BTC,338060.9024,248,0,1,1,1,1.0,0.0,0.004032258064516129,True,0.3638064516129032,0.1605168252355108,False,False,,16.0,,0,[],[],0,False,False,,,94.9,False,,,0.0,,False,16.0,0,,False,[],,False,248.0,248.0,True
bc1p8v50jswjahgjlse3wktlulssy62hpsdlu6k8mvq9u4wkxj64tzdsdt4rpp,bitcoin,BTC,42.0,0.0,BTC,2730000.0,210,0,0,1,1,1.0,0.0,0.0,True,0.27097499999999997,0.16304389095492083,False,False,,15.7,,0,[],[],0,False,False,,,82.3,False,,,0.0,,False,15.7,0,,False,[],,False,210.0,210.0,True
bc1q6rcdu9cd2pk0xkhu4qzevpjlyr6u05gsc5wwnt,bitcoin,BTC,23.73192892,0.0,BTC,1542575.3798,140,0,0,1,1,1.0,0.0,0.0,True,0.10725,0.16366136481907445,False,False,,15.6,,0,[],[],0,False,False,,,59.8,False,,,0.0,,False,15.6,0,,False,[],,False,140.0,140.0,True
bc1pwhkaxge2r62d5jxdmd06nhkp4p8shpp0tkl9tjfqg43wqppc5agsrd4zc4,bitcoin,BTC,23.82364672,0.0,BTC,1548537.0368,140,0,0,1,1,1.0,0.0,0.0,True,0.10725,0.16366136481907445,False,False,,15.6,,0,[],[],0,False,False,,,59.8,False,,,0.0,,False,15.6,0,,False,[],,False,140.0,140.0,True
bc1p4e6s393krcaf9t4wg39uxu34py3mzrzmakc7dv7wg95vwwnu29fs73g8r3,bitcoin,BTC,2.63594736,0.01062882,BTC,171336.5784,248,0,1,1,1,1.0,0.0,0.004032258064516129,True,0.3638064516129032,0.16465113533065118,False,False,,15.5,,0,[],[],0,False,False,,,94.9,False,,,0.0,,False,15.5,0,,False,[],,False,248.0,248.0,True
bc1pdsry7s9jn4m9htdvka4z2cqy97kvu9esl4rz0nx5mkdss0wvzt7qhn5w53,bitcoin,BTC,2.63594736,0.01062882,BTC,171336.5784,248,0,1,1,1,1.0,0.0,0.004032258064516129,True,0.3638064516129032,0.16465113533065118,False,False,,15.5,,0,[],[],0,False,False,,,94.9,False,,,0.0,,False,15.5,0,,False,[],,False,248.0,248.0,True
bc1paxrhrvs25prnsnjqg0pm9kzr2mkmje0rufys4evc7nrsrep0sukqkdn09q,bitcoin,BTC,2.63594736,0.01062882,BTC,171336.5784,248,0,1,1,1,1.0,0.0,0.004032258064516129,True,0.3638064516129032,0.16465113533065118,False,False,,15.5,,0,[],[],0,False,False,,,94.9,False,,,0.0,,False,15.5,0,,False,[],,False,248.0,248.0,True
bc1pmr49lq56kaj9wnl9vlw9x5ucvldx9zxyh6uqtymhgztmunysq6yqt9cud8,bitcoin,BTC,2.63594736,0.01062882,BTC,171336.5784,248,0,1,1,1,1.0,0.0,0.004032258064516129,True,0.3638064516129032,0.16465113533065118,False,False,,15.5,,0,[],[],0,False,False,,,94.9,False,,,0.0,,False,15.5,0,,False,[],,False,248.0,248.0,True
bc1pymnsy6p0utdezm2af2g7hvknxpnat0ftps9rl5f930grke3gch2qjln6ja,bitcoin,BTC,2.63594736,0.01062882,BTC,171336.5784,248,0,1,1,1,1.0,0.0,0.004032258064516129,True,0.3638064516129032,0.16465113533065118,False,False,,15.5,,0,[],[],0,False,False,,,94.9,False,,,0.0,,False,15.5,0,,False,[],,False,248.0,248.0,True
bc1p4fa8e04qg8trfjwdhjp5dhqlgfwd3jsf7eq382tv64ctylgzyxts22ymed,bitcoin,BTC,2.63594736,0.01062882,BTC,171336.5784,248,0,1,1,1,1.0,0.0,0.004032258064516129,True,0.3638064516129032,0.16465113533065118,False,False,,15.5,,0,[],[],0,False,False,,,94.9,False,,,0.0,,False,15.5,0,,False,[],,False,248.0,248.0,True
bc1p7gx2z3w7gz9ufq0zzsml04rspp74d8radv0vvccqhymq9nyqdvls9qdd24,bitcoin,BTC,2.63594736,0.01062882,BTC,171336.5784,248,0,1,1,1,1.0,0.0,0.004032258064516129,True,0.3638064516129032,0.16465113533065118,False,False,,15.5,,0,[],[],0,False,False,,,94.9,False,,,0.0,,False,15.5,0,,False,[],,False,248.0,248.0,True
bc1pvqjr27nrs9g7d0j4pq0hmeca005kr0mfynh05szzletycccjqtkqfptf5w,bitcoin,BTC,2.63594736,0.01062882,BTC,171336.5784,248,0,1,1,1,1.0,0.0,0.004032258064516129,True,0.3638064516129032,0.16465113533065118,False,False,,15.5,,0,[],[],0,False,False,,,94.9,False,,,0.0,,False,15.5,0,,False,[],,False,248.0,248.0,True
bc1p27r2p6sgsywycp56wdls2s2gs53sfr2jejtx926zx0z8anpcpdgqmwyj6r,bitcoin,BTC,2.63594736,0.01062882,BTC,171336.5784,248,0,1,1,1,1.0,0.0,0.004032258064516129,True,0.3638064516129032,0.16465113533065118,False,False,,15.5,,0,[],[],0,False,False,,,94.9,False,,,0.0,,False,15.5,0,,False,[],,False,248.0,248.0,True
bc1p5nu9apczhyz8thlpvf8vtfd5kg2az9wl79sw0g3ue9w2jwc57eeqq0ju4g,bitcoin,BTC,2.63594736,0.01062882,BTC,171336.5784,248,0,1,1,1,1.0,0.0,0.004032258064516129,True,0.3638064516129032,0.16465113533065118,False,False,,15.5,,0,[],[],0,False,False,,,94.9,False,,,0.0,,False,15.5,0,,False,[],,False,248.0,248.0,True
bc1px84mlgfgj36cxdfvqpmq5cwpepvdku0u0rqw4l8lpcw6m9vc97rq6yhcyz,bitcoin,BTC,2.63594736,0.01062882,BTC,171336.5784,248,0,1,1,1,1.0,0.0,0.004032258064516129,True,0.3638064516129032,0.16465113533065118,False,False,,15.5,,0,[],[],0,False,False,,,94.9,False,,,0.0,,False,15.5,0,,False,[],,False,248.0,248.0,True
bc1pcnxdmtnqpp6nr52f75zgh2y96npmk7tadpwujevsldtfaycq0sus5xdaa7,bitcoin,BTC,2.63594736,0.0,BTC,171336.5784,248,0,0,1,1,1.0,0.0,0.0,True,0.363,0.16465113533065118,False,False,,15.5,,0,[],[],0,False,False,,,94.9,False,,,0.0,,False,15.5,0,,False,[],,False,248.0,248.0,True
bc1pjj36axduv2cj2pfsk0xhuu0fx3ws29hjz4pxhj8pnxh7ed5ep3ds2gfwwy,bitcoin,BTC,2.63594736,0.0,BTC,171336.5784,248,0,0,1,1,1.0,0.0,0.0,True,0.363,0.16465113533065118,False,False,,15.5,,0,[],[],0,False,False,,,94.9,False,,,0.0,,False,15.5,0,,False,[],,False,248.0,248.0,True
bc1p6xdg2e9cfluhpk3xe7vjl9e4yqf2gpgas5f3zymtuwp2e3j6a4rqw2rn2r,bitcoin,BTC,2.63594736,0.0,BTC,171336.5784,248,0,0,1,1,1.0,0.0,0.0,True,0.363,0.16465113533065118,False,False,,15.5,,0,[],[],0,False,False,,,94.9,False,,,0.0,,False,15.5,0,,False,[],,False,248.0,248.0,True
bc1prcj3fpe84www8zlfxyq33ar87s4yaayrg5v2fs6ytdgk06ceuqjsvxn5rw,bitcoin,BTC,24.3269632,0.0,BTC,1581252.608,145,0,0,1,1,1.0,0.0,0.0,True,0.113175,0.16423584886042658,False,False,,15.5,,0,[],[],0,False,False,,,60.6,False,,,0.0,,False,15.5,0,,False,[],,False,145.0,145.0,True
bc1pn0cnum4uaxwee320ctyuvtfwwm8ns95mmhu5nr8kdle7ltllnr2sd7mcsu,bitcoin,BTC,28.5,0.1,BTC,1852500.0,285,0,1,1,1,1.0,0.0,0.0035087719298245615,True,0.38260175438596494,0.1652699366615485,False,False,,15.4,,0,[],[],0,False,False,,,97.5,False,,,0.0,,False,15.4,0,,False,[],,False,285.0,285.0,True
bc1qx9vlcsxe0wy03dxy5ze8x8ufw26a0ldhwfjxsj,bitcoin,BTC,28.5,0.1,BTC,1852500.0,285,0,1,1,1,1.0,0.0,0.0035087719298245615,True,0.38260175438596494,0.1652699366615485,False,False,,15.4,,0,[],[],0,False,False,,,97.5,False,,,0.0,,False,15.4,0,,False,[],,False,285.0,285.0,True
bc1pskcdznypevlq2pm0k7rq9f4uaz9wyf2st44zf96a2m0ytyrrnj2qjk0at4,bitcoin,BTC,28.5,0.1,BTC,1852500.0,285,0,1,1,1,1.0,0.0,0.0035087719298245615,True,0.38260175438596494,0.1652699366615485,False,False,,15.4,,0,[],[],0,False,False,,,97.5,False,,,0.0,,False,15.4,0,,False,[],,False,285.0,285.0,True
bc1qnv37m7nlg8ne7s4rzw4wmetrghm5t4pfntugm4,bitcoin,BTC,28.5,0.1,BTC,1852500.0,285,0,1,1,1,1.0,0.0,0.0035087719298245615,True,0.38260175438596494,0.1652699366615485,False,False,,15.4,,0,[],[],0,False,False,,,97.5,False,,,0.0,,False,15.4,0,,False,[],,False,285.0,285.0,True
bc1qwjeu4wsaj4lrt3qp2pa6stsf2hyc63hq7afnad,bitcoin,BTC,28.5,0.1,BTC,1852500.0,285,0,1,1,1,1.0,0.0,0.0035087719298245615,True,0.38260175438596494,0.1652699366615485,False,False,,15.4,,0,[],[],0,False,False,,,97.5,False,,,0.0,,False,15.4,0,,False,[],,False,285.0,285.0,True
bc1quzuatas8k0m9wjtyfdrq4magara38y4cxcflww,bitcoin,BTC,28.5,0.0,BTC,1852500.0,285,0,0,1,1,1.0,0.0,0.0,True,0.3819,0.1652699366615485,False,False,,15.4,,0,[],[],0,False,False,,,97.5,False,,,0.0,,False,15.4,0,,False,[],,False,285.0,285.0,True
bc1qtr8qrv6sw3pe0444m3ngza73zvkmaj02zgm8t0,bitcoin,BTC,0.93213688,0.0,BTC,60588.8972,193,0,0,6,24,0.145,0.0,0.0,True,0.224175,0.16549359375587397,False,False,,15.4,,0,[],[],0,False,False,,,75.9,False,,,0.0,,False,15.4,0,,False,[],,False,193.0,193.0,True
bc1p959ahnujudg58ds98yarqe98jd99k9q5fj7tq2q27qdjeg663daqtnacz5,bitcoin,BTC,0.51642368,0.0,BTC,33567.53920000001,197,0,0,1,1,1.0,0.0,0.0,True,0.232875,0.16995351341902049,False,False,,14.8,,0,[],[],0,False,False,,,77.1,False,,,0.0,,False,14.8,0,,False,[],,False,197.0,197.0,True
bc1phw8ws8v7k8yktsta5x7mrhs8q8hxxt2x54rhyj5wfmw2usg3keqs5fv6x9,bitcoin,BTC,0.51642368,0.0,BTC,33567.53920000001,197,0,0,1,1,1.0,0.0,0.0,True,0.232875,0.16995351341902049,False,False,,14.8,,0,[],[],0,False,False,,,77.1,False,,,0.0,,False,14.8,0,,False,[],,False,197.0,197.0,True
1Df5PcAZ6Vxx84vqNC2BBJogUWdyxmDQsz,bitcoin,BTC,0.63812896,0.0,BTC,41478.382399999995,164,0,0,6,16,0.4576271186440678,0.0,0.0,True,0.15585,0.16960395210601265,False,False,,14.8,,0,[],[],0,False,False,,,66.5,False,,,0.0,,False,14.8,0,,False,[],,False,164.0,164.0,True
1A8pS1eQ25cPus1Q6uFq86QVkNNhgcpiWx,bitcoin,BTC,3.85210698,0.0,BTC,250386.95369999998,158,0,0,5,24,0.3397129186602871,0.0,0.0,True,0.1383,0.16993862563881412,False,False,,14.8,,0,[],[],0,False,False,,,64.1,False,,,0.0,,False,14.8,0,,False,[],,False,158.0,158.0,True
bc1qcu4rk2d4lqjvsfcae7rsjrqx9ucgqf5h9enag7,bitcoin,BTC,1.2961026,0.0,BTC,84246.669,193,0,0,1,1,1.0,0.0,0.0,True,0.224175,0.1710147018998427,False,False,,14.6,,0,[],[],0,False,False,,,75.9,False,,,0.0,,False,14.6,0,,False,[],,False,193.0,193.0,True
bc1pf4sx6huxgnjqhumd5ltw5375p0pe0hzq6n5xk8h554zntjl7c9xqav8z9d,bitcoin,BTC,49.66055936,0.0,BTC,3227936.3584000003,148,0,0,1,1,1.0,0.0,0.0,True,0.121575,0.1715488304297254,False,False,,14.5,,0,[],[],0,False,False,,,61.7,False,,,0.0,,False,14.5,0,,False,[],,False,148.0,148.0,True
bc1phldy9jym6plquaa7cnlm434ak84c03ejlrg3fmv74naxxwe4khfstyevqc,bitcoin,BTC,49.66055936,0.0,BTC,3227936.3584000003,148,0,0,1,1,1.0,0.0,0.0,True,0.121575,0.1715488304297254,False,False,,14.5,,0,[],[],0,False,False,,,61.7,False,,,0.0,,False,14.5,0,,False,[],,False,148.0,148.0,True
bc1pl2epcmnqr6uas7qcy7q0094hpkrqwrwql96vwhfhr7vg0637y0wqkscpu7,bitcoin,BTC,30.6,0.0,BTC,1989000.0,153,0,0,1,1,1.0,0.0,0.0,True,0.13305,0.1724617986701909,False,False,,14.4,,0,[],[],0,False,False,,,63.3,False,,,0.0,,False,14.4,0,,False,[],,False,153.0,153.0,True
bc1phee8csz7e8kclctl2z9vkscwxz24rkrl48vhecrnt44ndh60t5sqcsu83e,bitcoin,BTC,22.98478592,0.0,BTC,1494011.0848,137,0,0,1,1,1.0,0.0,0.0,True,0.102825,0.17281625438838671,False,False,,14.4,,0,[],[],0,False,False,,,59.2,False,,,0.0,,False,14.4,0,,False,[],,False,137.0,137.0,True
bc1qp38sdtkf3fagkxx8egdxl24qcaew2egjul89mp,bitcoin,BTC,22.98478592,0.0,BTC,1494011.0848,137,0,0,1,1,1.0,0.0,0.0,True,0.102825,0.17281625438838671,False,False,,14.4,,0,[],[],0,False,False,,,59.2,False,,,0.0,,False,14.4,0,,False,[],,False,137.0,137.0,True
bc1q389jv8z4zy293ducpm9x5qr9rtpv8k4ejcwcrg,bitcoin,BTC,48.98947072,0.0,BTC,3184315.5968,146,0,0,1,1,1.0,0.0,0.0,True,0.116775,0.17365033138086,False,False,,14.3,,0,[],[],0,False,False,,,61.1,False,,,0.0,,False,14.3,0,,False,[],,False,146.0,146.0,True
bc1q3kzdtjw7hfdkee7mh29yd4gufcrx7tuk7rrzk0,bitcoin,BTC,18.84489786,0.0,BTC,1224918.3609,197,0,0,1,1,1.0,0.0,0.0,True,0.232875,0.17453727712849393,False,False,,14.1,,0,[],[],0,False,False,,,77.0,False,,,0.0,,False,14.1,0,,False,[],,False,197.0,197.0,True
bc1pctt6hcdnt36z9zszxmm79guxmnwkkqehq7wk8q9xl9jh573cmdnqavlsxw,bitcoin,BTC,13.20099444,0.0,BTC,858064.6386000001,138,0,0,1,1,1.0,0.0,0.0,True,0.10575,0.1752604470430601,False,False,,14.0,,0,[],[],0,False,False,,,59.6,False,,,0.0,,False,14.0,0,,False,[],,False,138.0,138.0,True
bc1qp8fn5p5tgqenuuahfcl3llknkktw0v8v4sy7zm,bitcoin,BTC,30.70230528,0.0,BTC,1995649.8432,183,0,0,1,1,1.0,0.0,0.0,True,0.195,0.1785060940892209,False,False,,13.6,,0,[],[],0,False,False,,,71.8,False,,,0.0,,False,13.6,0,,False,[],,False,183.0,183.0,True
bc1p0zmjqwxan77nq2kstzvthldpu9q3mh5u8th66346yc5qr06tahhsrk4ca2,bitcoin,BTC,30.70230528,0.0,BTC,1995649.8432,183,0,0,1,1,1.0,0.0,0.0,True,0.195,0.17952229906236444,False,False,,13.5,,0,[],[],0,False,False,,,71.8,False,,,0.0,,False,13.5,0,,False,[],,False,183.0,183.0,True
bc1p0c9pgwvy9caz98c47w4zlmtw4mf9egcvzrkurp4t9u0cnsxp376sjck44j,bitcoin,BTC,49.99610368,0.0,BTC,3249746.7391999997,149,0,0,1,1,1.0,0.0,0.0,True,0.12764999999999999,0.17938012186922764,False,False,,13.5,,0,[],[],0,False,False,,,62.6,False,,,0.0,,False,13.5,0,,False,[],,False,149.0,149.0,True
3EVKZQXeBipQD2AU2ifed6g42AwAWxX6Lq,bitcoin,BTC,7.8192702,0.02482308,BTC,508252.563,237,0,1,1,1,1.0,0.0,0.0031746031746031746,True,0.3083599206349207,0.1802934355047231,False,False,,13.4,,0,[],[],0,False,False,,,87.3,False,,,0.0,,False,13.4,0,,False,[],,False,237.0,237.0,True
bc1qu48amjuf7sgt9wwxz5leaducnf4frnxupr9dny,bitcoin,BTC,0.91324473,0.0,BTC,59360.90745,197,0,0,5,23,0.4117647058823529,0.0,0.0,True,0.232875,0.18057998807773046,False,False,,13.3,,0,[],[],0,False,False,,,77.1,False,,,0.0,,False,13.3,0,,False,[],,False,197.0,197.0,True
bc1pmrjfdehgz0re3aamdxpgaarcmcalzrq48xsk48fe0lgamld2eehs7gpznp,bitcoin,BTC,0.50309748,0.0,BTC,32701.336199999998,140,0,0,1,1,1.0,0.0,0.0,True,0.10725,0.18045158647975712,False,False,,13.3,,0,[],[],0,False,False,,,59.8,False,,,0.0,,False,13.3,0,,False,[],,False,140.0,140.0,True
bc1pnc0caej0unmalk3a6vg5ddhrhv4mh0rex989n2w3kddchzyc2t8qeknran,bitcoin,BTC,0.71827456,0.0,BTC,46687.8464,137,0,0,1,1,1.0,0.0,0.0,True,0.102825,0.18143259693292035,False,False,,13.2,,0,[],[],0,False,False,,,59.2,False,,,0.0,,False,13.2,0,,False,[],,False,137.0,137.0,True
bc1p22agzhmfgzts2szcf9vmkzxm9dej0mtfwz78ywe5eg4lpk3rt25qlazk47,bitcoin,BTC,0.71827456,0.0,BTC,46687.8464,137,0,0,1,1,1.0,0.0,0.0,True,0.102825,0.18143259693292035,False,False,,13.2,,0,[],[],0,False,False,,,59.2,False,,,0.0,,False,13.2,0,,False,[],,False,137.0,137.0,True
bc1pk99h7pjk735yh8ym05aaa925wvzyns609muwxxqw0z44je2klkaqzgkqv3,bitcoin,BTC,0.71827456,0.0,BTC,46687.8464,137,0,0,1,1,1.0,0.0,0.0,True,0.102825,0.18143259693292035,False,False,,13.2,,0,[],[],0,False,False,,,59.2,False,,,0.0,,False,13.2,0,,False,[],,False,137.0,137.0,True
bc1pdyhnn7v4m64x4mrxj6s30rwffdr5rwsr8a95vpwt9hca7zgqu33q0lgudg,bitcoin,BTC,0.71827456,0.0,BTC,46687.8464,137,0,0,1,1,1.0,0.0,0.0,True,0.102825,0.18143259693292035,False,False,,13.2,,0,[],[],0,False,False,,,59.2,False,,,0.0,,False,13.2,0,,False,[],,False,137.0,137.0,True
bc1pu5k6tysa9ae7l0wl3d3y9h9cgdxllelnl8cvv2x459hwhv7r0qlqgk05rn,bitcoin,BTC,0.71827456,0.0,BTC,46687.8464,137,0,0,1,1,1.0,0.0,0.0,True,0.102825,0.18143259693292035,False,False,,13.2,,0,[],[],0,False,False,,,59.2,False,,,0.0,,False,13.2,0,,False,[],,False,137.0,137.0,True
bc1pwp3fz9m8yvlu803u9j8ww2g0ud7hejvqt75q442a08vlvupfrw2qs8wqs0,bitcoin,BTC,0.72351744,0.0,BTC,47028.633599999994,138,0,0,1,1,1.0,0.0,0.0,True,0.10575,0.18191957277765886,False,False,,13.1,,0,[],[],0,False,False,,,59.6,False,,,0.0,,False,13.1,0,,False,[],,False,138.0,138.0,True
bc1px46npd82s9lheyp7d5nx83e8qrv7jlat8x0xwx20v4s0j0jx5pwqydna9a,bitcoin,BTC,0.72351744,0.0,BTC,47028.633599999994,138,0,0,1,1,1.0,0.0,0.0,True,0.10575,0.18191957277765886,False,False,,13.1,,0,[],[],0,False,False,,,59.6,False,,,0.0,,False,13.1,0,,False,[],,False,138.0,138.0,True
bc1ppdn5t0u7p5pd480ea672mdgmymsnw9wjdppc8cftknzd7v4nwylqk5e2c7,bitcoin,BTC,0.72351744,0.0,BTC,47028.633599999994,138,0,0,1,1,1.0,0.0,0.0,True,0.10575,0.18191957277765886,False,False,,13.1,,0,[],[],0,False,False,,,59.6,False,,,0.0,,False,13.1,0,,False,[],,False,138.0,138.0,True
bc1plrsujwj4halpjyvqhhdpg5ka4tguw5xvs6z5w7pvf92a2cuqkaeqc02dgy,bitcoin,BTC,23.9075328,0.08388608,BTC,1553989.632,285,0,1,1,1,1.0,0.0,0.0035087719298245615,True,0.38260175438596494,0.18260492425541863,False,False,,13.0,,0,[],[],0,False,False,,,97.5,False,,,0.0,,False,13.0,0,,False,[],,False,285.0,285.0,True
bc1pfhqef9gs7yuqmjqjhyuz2vg5wrpywffvzg3q9uf96gl79twvg9psrzxd27,bitcoin,BTC,23.9075328,0.08388608,BTC,1553989.632,285,0,1,1,1,1.0,0.0,0.0035087719298245615,True,0.38260175438596494,0.18260492425541863,False,False,,13.0,,0,[],[],0,False,False,,,97.5,False,,,0.0,,False,13.0,0,,False,[],,False,285.0,285.0,True
bc1pnkxz2qd262ghw2n0yjq2z07nkdt45ffzvj63msfyewysw074npdqy6hpcn,bitcoin,BTC,23.9075328,0.08388608,BTC,1553989.632,285,0,1,1,1,1.0,0.0,0.0035087719298245615,True,0.38260175438596494,0.18260492425541863,False,False,,13.0,,0,[],[],0,False,False,,,97.5,False,,,0.0,,False,13.0,0,,False,[],,False,285.0,285.0,True
bc1pux0m8kr85m5uupvq6xau60d69dk7je2qau295lhgcagj0k65wscselgzyk,bitcoin,BTC,23.9075328,0.08388608,BTC,1553989.632,285,0,1,1,1,1.0,0.0,0.0035087719298245615,True,0.38260175438596494,0.18260492425541863,False,False,,13.0,,0,[],[],0,False,False,,,97.5,False,,,0.0,,False,13.0,0,,False,[],,False,285.0,285.0,True
bc1pn6jyfqsxcru22j39rredyu0fsxa4syx52yc72svrlpvagx492zssglmkae,bitcoin,BTC,23.9075328,0.08388608,BTC,1553989.632,285,0,1,1,1,1.0,0.0,0.0035087719298245615,True,0.38260175438596494,0.18260492425541863,False,False,,13.0,,0,[],[],0,False,False,,,97.5,False,,,0.0,,False,13.0,0,,False,[],,False,285.0,285.0,True
bc1pa8ku2hcnllqja5kxklgawtc8kgkzgn7vg30293pkqknm2qujlsnsh0zsaf,bitcoin,BTC,23.9075328,0.08388608,BTC,1553989.632,285,0,1,1,1,1.0,0.0,0.0035087719298245615,True,0.38260175438596494,0.18260492425541863,False,False,,13.0,,0,[],[],0,False,False,,,97.5,False,,,0.0,,False,13.0,0,,False,[],,False,285.0,285.0,True
bc1p2ljrqfhxdd4ns040t4q4ep0ezzwxmmyn8y9ehxuxrlreggju7uzs4a2w2t,bitcoin,BTC,23.9075328,0.08388608,BTC,1553989.632,285,0,1,1,1,1.0,0.0,0.0035087719298245615,True,0.38260175438596494,0.18260492425541863,False,False,,13.0,,0,[],[],0,False,False,,,97.5,False,,,0.0,,False,13.0,0,,False,[],,False,285.0,285.0,True
bc1pe69us3nen7lz6rreqg6w5zxplaanha83ezaqr0djnu85rrpacwwsflu6rq,bitcoin,BTC,23.9075328,0.08388608,BTC,1553989.632,285,0,1,1,1,1.0,0.0,0.0035087719298245615,True,0.38260175438596494,0.18260492425541863,False,False,,13.0,,0,[],[],0,False,False,,,97.5,False,,,0.0,,False,13.0,0,,False,[],,False,285.0,285.0,True
bc1pv8dzy3skvn5gem0v3kry3chgfdwzl839kdl89wpdj24twra3d44sr70qrj,bitcoin,BTC,23.9075328,0.08388608,BTC,1553989.632,285,0,1,1,1,1.0,0.0,0.0035087719298245615,True,0.38260175438596494,0.18260492425541863,False,False,,13.0,,0,[],[],0,False,False,,,97.5,False,,,0.0,,False,13.0,0,,False,[],,False,285.0,285.0,True
bc1p2gamdzt6y2wgfpy0rdqessthtle4xgfagpe7zdk2gg9vrew9c7zsrade2j,bitcoin,BTC,23.9075328,0.08388608,BTC,1553989.632,285,0,1,1,1,1.0,0.0,0.0035087719298245615,True,0.38260175438596494,0.18260492425541863,False,False,,13.0,,0,[],[],0,False,False,,,97.5,False,,,0.0,,False,13.0,0,,False,[],,False,285.0,285.0,True
bc1pymsl2tnmxjrw4cs070wn0q534gae84q454h07kevcdclgvyagwxqfvdjnf,bitcoin,BTC,23.9075328,0.0,BTC,1553989.632,285,0,0,1,1,1.0,0.0,0.0,True,0.3819,0.18260492425541863,False,False,,13.0,,0,[],[],0,False,False,,,97.5,False,,,0.0,,False,13.0,0,,False,[],,False,285.0,285.0,True
bc1p709r06y4vuupkrae857ledq68w3gm3ja49f4wk274vhhrp8lq2kszqglle,bitcoin,BTC,0.50309748,0.0,BTC,32701.336199999998,142,0,0,1,1,1.0,0.0,0.0,True,0.112125,0.18378802881026585,False,False,,12.9,,0,[],[],0,False,False,,,60.5,False,,,0.0,,False,12.9,0,,False,[],,False,142.0,142.0,True
bc1pa98ggev2ftx75l8860s9ru7xcsc5e939aq8ffp52vfk2xqn74wtsghdcef,bitcoin,BTC,40.43309056,0.0,BTC,2628150.8863999997,241,0,0,1,1,1.0,0.0,0.0,True,0.309975,0.18458710923808785,False,False,,12.8,,0,[],[],0,False,False,,,87.6,False,,,0.0,,False,12.8,0,,False,[],,False,241.0,241.0,True
bc1q504c37xulzs4y2au5nxkmk0y5y8jgpc3q537ux,bitcoin,BTC,23.1,0.0,BTC,1501500.0,231,0,0,1,1,1.0,0.0,0.0,True,0.3042,0.18444975662795432,False,False,,12.8,,0,[],[],0,False,False,,,86.8,False,,,0.0,,False,12.8,0,,False,[],,False,231.0,231.0,True
bc1qat3jm8jzc0f9pwnx340cs6fhhka75jsjwg0s7v,bitcoin,BTC,23.1,0.0,BTC,1501500.0,231,0,0,1,1,1.0,0.0,0.0,True,0.3042,0.18444975662795432,False,False,,12.8,,0,[],[],0,False,False,,,86.8,False,,,0.0,,False,12.8,0,,False,[],,False,231.0,231.0,True
bc1qr3ct3h7yd97040agkctvkp337589hjujrde70f,bitcoin,BTC,0.50971725,0.00161815,BTC,33131.621250000004,237,0,1,1,1,1.0,0.0,0.0031746031746031746,True,0.3083599206349207,0.1849454432371222,False,False,,12.7,,0,[],[],0,False,False,,,87.3,False,,,0.0,,False,12.7,0,,False,[],,False,237.0,237.0,True
bc1pqqzy3wds5ae52sd08w468kzvcqkddzfldk0al3v0zw5506are7nq98a283,bitcoin,BTC,40.60086272,0.0,BTC,2639056.0768,242,0,0,1,1,1.0,0.0,0.0,True,0.315075,0.18559167460598613,False,False,,12.6,,0,[],[],0,False,False,,,88.3,False,,,0.0,,False,12.6,0,,False,[],,False,242.0,242.0,True
bc1paywnlet2j52n3sk3ekdzst5lpsk76696x029shc4vz5ler9cr7jqfm75j2,bitcoin,BTC,0.69795918,0.0,BTC,45367.3467,197,0,0,1,1,1.0,0.0,0.0,True,0.232875,0.18610889114366275,False,False,,12.6,,0,[],[],0,False,False,,,77.1,False,,,0.0,,False,12.6,0,,False,[],,False,197.0,197.0,True
bc1pgxj8yuf8e7f3vv3nqwcthwflqxlvyg6lzhw0rz9kcvfy8phjclmsyvs6aa,bitcoin,BTC,0.69795918,0.0,BTC,45367.3467,197,0,0,1,1,1.0,0.0,0.0,True,0.232875,0.18610889114366275,False,False,,12.6,,0,[],[],0,False,False,,,77.1,False,,,0.0,,False,12.6,0,,False,[],,False,197.0,197.0,True
bc1pk2za32expt8cf0zytvlatf3hn3klh4ww82rdumhk3ts9dntkvmpsyncxpn,bitcoin,BTC,0.69795918,0.0,BTC,45367.3467,197,0,0,1,1,1.0,0.0,0.0,True,0.232875,0.18610889114366275,False,False,,12.6,,0,[],[],0,False,False,,,77.1,False,,,0.0,,False,12.6,0,,False,[],,False,197.0,197.0,True
bc1pnlv9hsgh4m5xf842uphcd563pl32g0gnd5mnu0nqjdmnw7javxyq68dw0a,bitcoin,BTC,0.69795918,0.0,BTC,45367.3467,197,0,0,1,1,1.0,0.0,0.0,True,0.232875,0.18610889114366275,False,False,,12.6,,0,[],[],0,False,False,,,77.1,False,,,0.0,,False,12.6,0,,False,[],,False,197.0,197.0,True
bc1pxrfxv7p4kkhy35tn7nmu8fjdc895zh5hum50l20xal6tm6t9a7ys5q0dcu,bitcoin,BTC,0.69795918,0.0,BTC,45367.3467,197,0,0,1,1,1.0,0.0,0.0,True,0.232875,0.18610889114366275,False,False,,12.6,,0,[],[],0,False,False,,,77.1,False,,,0.0,,False,12.6,0,,False,[],,False,197.0,197.0,True
bc1q54mf8px2q2zgzg40y5ekscw6p9rvpt8wxujw5y,bitcoin,BTC,42.75974286,0.0,BTC,2779383.2859,149,0,0,1,1,1.0,0.0,0.0,True,0.12764999999999999,0.18651069804985532,False,False,,12.5,,0,[],[],0,False,False,,,62.6,False,,,0.0,,False,12.5,0,,False,[],,False,149.0,149.0,True
bc1p3e50spjxmg5mc8mqu9k9ajrmp5rh56lkme4h7t0vx5ysuln4ekgsw8qaje,bitcoin,BTC,42.75974286,0.0,BTC,2779383.2859,149,0,0,1,1,1.0,0.0,0.0,True,0.12764999999999999,0.18651069804985532,False,False,,12.5,,0,[],[],0,False,False,,,62.6,False,,,0.0,,False,12.5,0,,False,[],,False,149.0,149.0,True
bc1qxel3wdyjz3xazaqf9a3dnvyg90n6v2asyu9v4r,bitcoin,BTC,9.85,0.0,BTC,640250.0,197,0,0,1,1,1.0,0.0,0.0,True,0.232875,0.18850742818870309,False,False,,12.2,,0,[],[],0,False,False,,,77.0,False,,,0.0,,False,12.2,0,,False,[],,False,197.0,197.0,True
bc1paz72af82x8cl349cdefm772s5cg5dcr2rkwu6xc280rnzql8r64q8060j3,bitcoin,BTC,9.85,0.0,BTC,640250.0,197,0,0,1,1,1.0,0.0,0.0,True,0.232875,0.18850742818870309,False,False,,12.2,,0,[],[],0,False,False,,,77.0,False,,,0.0,,False,12.2,0,,False,[],,False,197.0,197.0,True
bc1qlzs8w7yjjn35nkdqdfgv8ugjn59wggslx3sq5a,bitcoin,BTC,9.85,0.0,BTC,640250.0,197,0,0,1,1,1.0,0.0,0.0,True,0.232875,0.18850742818870309,False,False,,12.2,,0,[],[],0,False,False,,,77.0,False,,,0.0,,False,12.2,0,,False,[],,False,197.0,197.0,True
bc1quv7lc0s7jnaxpmk7lrye8ngdasznw650mt8avm,bitcoin,BTC,9.85,0.0,BTC,640250.0,197,0,0,1,1,1.0,0.0,0.0,True,0.232875,0.18850742818870309,False,False,,12.2,,0,[],[],0,False,False,,,77.0,False,,,0.0,,False,12.2,0,,False,[],,False,197.0,197.0,True
bc1q7swvlwq53p5p03u8aq2km2jerazmfj852kkky5,bitcoin,BTC,9.85,0.0,BTC,640250.0,197,0,0,1,1,1.0,0.0,0.0,True,0.232875,0.18850742818870309,False,False,,12.2,,0,[],[],0,False,False,,,77.0,False,,,0.0,,False,12.2,0,,False,[],,False,197.0,197.0,True
bc1q3yeygxhu9kmtg84k9kl9upz73z66alr2z339nv,bitcoin,BTC,9.85,0.0,BTC,640250.0,197,0,0,1,1,1.0,0.0,0.0,True,0.232875,0.18850742818870309,False,False,,12.2,,0,[],[],0,False,False,,,77.0,False,,,0.0,,False,12.2,0,,False,[],,False,197.0,197.0,True
bc1pj26g2w8aplh8z83wknu25j40pk353fwms0jkpsetlfntptgmq7ksg832q7,bitcoin,BTC,6.9,0.0,BTC,448500.0,138,0,0,1,1,1.0,0.0,0.0,True,0.10575,0.18868505503458938,False,False,,12.2,,0,[],[],0,False,False,,,59.6,False,,,0.0,,False,12.2,0,,False,[],,False,138.0,138.0,True
bc1pkct2dktyc0652cwh5mk03v53uvlvsr638agvtu7u0gfppuz002vqnjvjan,bitcoin,BTC,6.9,0.0,BTC,448500.0,138,0,0,1,1,1.0,0.0,0.0,True,0.10575,0.18868505503458938,False,False,,12.2,,0,[],[],0,False,False,,,59.6,False,,,0.0,,False,12.2,0,,False,[],,False,138.0,138.0,True
bc1p2u23hvt320f5jwqdrqeurfp3q30pgampnkht269ky4q3ya5ll72sxgeu9e,bitcoin,BTC,13.10533506,0.0,BTC,851846.7789,137,0,0,1,1,1.0,0.0,0.0,True,0.102825,0.18841694732052533,False,False,,12.2,,0,[],[],0,False,False,,,59.2,False,,,0.0,,False,12.2,0,,False,[],,False,137.0,137.0,True
bc1qnkwmefau748ncn076tlx7rnjf9e7my46836c4h,bitcoin,BTC,1.04693877,0.0,BTC,68051.02004999999,197,0,0,1,1,1.0,0.0,0.0,True,0.232875,0.1917117643755017,False,False,,11.8,,0,[],[],0,False,False,,,77.1,False,,,0.0,,False,11.8,0,,False,[],,False,197.0,197.0,True
bc1q9h5t0vv2pj3q4cfcrvcqg8jljf4stw7kqv6k5c,bitcoin,BTC,1.04693877,0.0,BTC,68051.02004999999,197,0,0,1,1,1.0,0.0,0.0,True,0.232875,0.1917117643755017,False,False,,11.8,,0,[],[],0,False,False,,,77.1,False,,,0.0,,False,11.8,0,,False,[],,False,197.0,197.0,True
bc1pj7asmkyxyhq44xhda0phwsmh0wnr92d7u5alzce7vuj0su5ajyhqm3uh3d,bitcoin,BTC,1.04693877,0.0,BTC,68051.02004999999,197,0,0,1,1,1.0,0.0,0.0,True,0.232875,0.1917117643755017,False,False,,11.8,,0,[],[],0,False,False,,,77.1,False,,,0.0,,False,11.8,0,,False,[],,False,197.0,197.0,True
bc1p432mfr068xr0lagm634wlhs2gve3rhcu4ghk0adg7u5hxtv05z0qhh97nn,bitcoin,BTC,45.9165024,0.0,BTC,2984572.656,160,0,0,1,1,1.0,0.0,0.0,True,0.145425,0.19231141192588647,False,False,,11.7,,0,[],[],0,False,False,,,65.0,False,,,0.0,,False,11.7,0,,False,[],,False,160.0,160.0,True
bc1pu26np9h3cfxph2q4fr2rnp8jaxx2krhjel63nr8vcenwzsmras4s259lat,bitcoin,BTC,45.9165024,0.0,BTC,2984572.656,160,0,0,1,1,1.0,0.0,0.0,True,0.145425,0.19231141192588647,False,False,,11.7,,0,[],[],0,False,False,,,65.0,False,,,0.0,,False,11.7,0,,False,[],,False,160.0,160.0,True
bc1p4agxqcpt5krahqfzxzz2w56slp6z06slchcz6388r6ef9w9adtsst0rtu0,bitcoin,BTC,1.45614834,0.0,BTC,94649.6421,137,0,0,1,1,1.0,0.0,0.0,True,0.102825,0.19266431899139508,False,False,,11.7,,0,[],[],0,False,False,,,59.2,False,,,0.0,,False,11.7,0,,False,[],,False,137.0,137.0,True
bc1prz90u8kkgg9y2a7kcshawtfz294yacmwg3c4cq4tfj750fvtvzeqk6h7a9,bitcoin,BTC,1.45614834,0.0,BTC,94649.6421,137,0,0,1,1,1.0,0.0,0.0,True,0.102825,0.19266431899139508,False,False,,11.7,,0,[],[],0,False,False,,,59.2,False,,,0.0,,False,11.7,0,,False,[],,False,137.0,137.0,True
bc1prt66l7lhd04gschxjqsgeh2lzy5fevx2whlgpsqm3lhkqltf85psu0ql99,bitcoin,BTC,2.09387754,0.0,BTC,136102.04009999998,197,0,0,1,1,1.0,0.0,0.0,True,0.232875,0.19377114169093873,False,False,,11.5,,0,[],[],0,False,False,,,77.1,False,,,0.0,,False,11.5,0,,False,[],,False,197.0,197.0,True
bc1p7r4em0qlnewqqk7s5dl6g97v8tjclwml820heq0l0we4egrruq8s43fnme,bitcoin,BTC,4.13138944,0.0,BTC,268540.31360000005,197,0,0,1,1,1.0,0.0,0.0,True,0.232875,0.1941798054117027,False,False,,11.5,,0,[],[],0,False,False,,,77.1,False,,,0.0,,False,11.5,0,,False,[],,False,197.0,197.0,True
bc1pjprvg82ycng3sr3ynms0dgrhmtusjgw86dqfsncela2xwudlkltsfdmwkm,bitcoin,BTC,4.13138944,0.0,BTC,268540.31360000005,197,0,0,1,1,1.0,0.0,0.0,True,0.232875,0.1941798054117027,False,False,,11.5,,0,[],[],0,False,False,,,77.1,False,,,0.0,,False,11.5,0,,False,[],,False,197.0,197.0,True
bc1p6phrgvauex8gfhkwzdaxweww5a4kzfjtw4jxtm072trjay7h5lgqcvfxcp,bitcoin,BTC,4.13138944,0.0,BTC,268540.31360000005,197,0,0,1,1,1.0,0.0,0.0,True,0.232875,0.1941798054117027,False,False,,11.5,,0,[],[],0,False,False,,,77.1,False,,,0.0,,False,11.5,0,,False,[],,False,197.0,197.0,True
bc1p8hpl2ahvdhxs8404vt2akxppynawe5k7l3qgyjkzd0d84tp6y7ushuzmdr,bitcoin,BTC,40.8,0.0,BTC,2652000.0,204,0,0,1,1,1.0,0.0,0.0,True,0.25117500000000004,0.19443895094933694,False,False,,11.4,,0,[],[],0,False,False,,,79.5,False,,,0.0,,False,11.4,0,,False,[],,False,204.0,204.0,True
bc1qmynqsp0r5hjmxw6sn9vved2jcwanqjecv8gzez,bitcoin,BTC,45.9165024,0.0,BTC,2984572.656,160,0,0,1,1,1.0,0.0,0.0,True,0.145425,0.19494458762255257,False,False,,11.4,,0,[],[],0,False,False,,,65.0,False,,,0.0,,False,11.4,0,,False,[],,False,160.0,160.0,True
bc1pjrlz50ycwvenjp3zc5jlfuqwmnqpedscwzs23v5n052wj88n574qhc00rt,bitcoin,BTC,45.9165024,0.0,BTC,2984572.656,160,0,0,1,1,1.0,0.0,0.0,True,0.145425,0.19494458762255257,False,False,,11.4,,0,[],[],0,False,False,,,65.0,False,,,0.0,,False,11.4,0,,False,[],,False,160.0,160.0,True
bc1pt5cc26c0uvmesc24jpgvywv2ju7xrzynzgmllhngwuc4uayqrs9qnv2cj8,bitcoin,BTC,26.0046848,0.0,BTC,1690304.5119999999,155,0,0,1,1,1.0,0.0,0.0,True,0.135,0.1944125511500282,False,False,,11.4,,0,[],[],0,False,False,,,63.6,False,,,0.0,,False,11.4,0,,False,[],,False,155.0,155.0,True
bc1p87rcqjul02ghn027ewyfe5n5xh36hmcdk3hp9t483snp7vpw5kyq9fr4fv,bitcoin,BTC,26.0046848,0.0,BTC,1690304.5119999999,155,0,0,1,1,1.0,0.0,0.0,True,0.135,0.1944125511500282,False,False,,11.4,,0,[],[],0,False,False,,,63.6,False,,,0.0,,False,11.4,0,,False,[],,False,155.0,155.0,True
bc1qq480yq5py3qgaskq6j9v5r2q8pc55m47ppe2wu,bitcoin,BTC,5.15473875,0.01636425,BTC,335058.01875,237,0,1,1,1,1.0,0.0,0.0031746031746031746,True,0.3083599206349207,0.1953559593593021,False,False,,11.3,,0,[],[],0,False,False,,,87.3,False,,,0.0,,False,11.3,0,,False,[],,False,237.0,237.0,True
bc1qmsy84r5r570vhj5usnctcytnjdzky84m7zljee,bitcoin,BTC,0.57106665,0.00181291,BTC,37119.33225,237,0,1,1,1,1.0,0.0,0.0031746031746031746,True,0.3083599206349207,0.19503062742343452,False,False,,11.3,,0,[],[],0,False,False,,,87.3,False,,,0.0,,False,11.3,0,,False,[],,False,237.0,237.0,True
bc1psqetkxztszp8dhj4aufjrjr89kljwau5h5wapdxjl6uttelxpwuqvvf3yz,bitcoin,BTC,6.85,0.0,BTC,445250.0,137,0,0,1,1,1.0,0.0,0.0,True,0.102825,0.19523056154011958,False,False,,11.3,,0,[],[],0,False,False,,,59.2,False,,,0.0,,False,11.3,0,,False,[],,False,137.0,137.0,True
bc1q780afytdcaz7ks8v97544z6t7vnujvce5r79ya,bitcoin,BTC,6.85,0.0,BTC,445250.0,137,0,0,1,1,1.0,0.0,0.0,True,0.102825,0.19523056154011958,False,False,,11.3,,0,[],[],0,False,False,,,59.2,False,,,0.0,,False,11.3,0,,False,[],,False,137.0,137.0,True
bc1q60r947lhwgf57nwz9d4508rgypf9xee4juyacy,bitcoin,BTC,6.55171401,0.0,BTC,425861.41065000003,137,0,0,1,1,1.0,0.0,0.0,True,0.102825,0.1951351826916573,False,False,,11.3,,0,[],[],0,False,False,,,59.2,False,,,0.0,,False,11.3,0,,False,[],,False,137.0,137.0,True
bc1qcejj2tfq3lgur0te67s7glvwnf5pp5sdad4h98,bitcoin,BTC,43.8,0.0,BTC,2847000.0,219,0,0,1,1,1.0,0.0,0.0,True,0.296775,0.19630722936599382,False,False,,11.2,,0,[],[],0,False,False,,,85.8,False,,,0.0,,False,11.2,0,,False,[],,False,219.0,219.0,True
bc1p48jrgk72f6sdvawps87xn2ypa7ntn3v0vt3stmuhsg9hecgk8shqewng64,bitcoin,BTC,0.57,0.002,BTC,37050.0,285,0,1,1,1,1.0,0.0,0.0035087719298245615,True,0.38260175438596494,0.19707994544456925,False,False,,11.1,,0,[],[],0,False,False,,,97.5,False,,,0.0,,False,11.1,0,,False,[],,False,285.0,285.0,True
bc1p4la50hfltjywry08k4yj567faql549svpln7fxk2zpz75cnjsyasxufmc9,bitcoin,BTC,0.57,0.002,BTC,37050.0,285,0,1,1,1,1.0,0.0,0.0035087719298245615,True,0.38260175438596494,0.19707994544456925,False,False,,11.1,,0,[],[],0,False,False,,,97.5,False,,,0.0,,False,11.1,0,,False,[],,False,285.0,285.0,True
bc1p9c3pxrkwdp3dtqc67xqu6r45300garvhhwzrwss5jv22udfm88ps4g3n9p,bitcoin,BTC,0.57,0.002,BTC,37050.0,285,0,1,1,1,1.0,0.0,0.0035087719298245615,True,0.38260175438596494,0.19707994544456925,False,False,,11.1,,0,[],[],0,False,False,,,97.5,False,,,0.0,,False,11.1,0,,False,[],,False,285.0,285.0,True
bc1pwhej2g5yfhuhegp902u6lklgggn8pyze7dvypgwu83dq59l06u4qrsg7md,bitcoin,BTC,0.57,0.002,BTC,37050.0,285,0,1,1,1,1.0,0.0,0.0035087719298245615,True,0.38260175438596494,0.19707994544456925,False,False,,11.1,,0,[],[],0,False,False,,,97.5,False,,,0.0,,False,11.1,0,,False,[],,False,285.0,285.0,True
bc1p0q3v4hatnufeejjk95e3wdyvqu9ya5qpjce7watvkwgt0qtsl58qu7qrh7,bitcoin,BTC,0.57,0.002,BTC,37050.0,285,0,1,1,1,1.0,0.0,0.0035087719298245615,True,0.38260175438596494,0.19707994544456925,False,False,,11.1,,0,[],[],0,False,False,,,97.5,False,,,0.0,,False,11.1,0,,False,[],,False,285.0,285.0,True
bc1pmqrj7dfx5negk6de0cptm5ekzwn8262t69rf337xn5clc5qaguns5c5e9r,bitcoin,BTC,0.57,0.002,BTC,37050.0,285,0,1,1,1,1.0,0.0,0.0035087719298245615,True,0.38260175438596494,0.19707994544456925,False,False,,11.1,,0,[],[],0,False,False,,,97.5,False,,,0.0,,False,11.1,0,,False,[],,False,285.0,285.0,True
bc1pdn67lxdwlggseezq96k70g4je5ll3cr0sh2h6359wtmgxt58fhtscsg0qm,bitcoin,BTC,0.57,0.002,BTC,37050.0,285,0,1,1,1,1.0,0.0,0.0035087719298245615,True,0.38260175438596494,0.19707994544456925,False,False,,11.1,,0,[],[],0,False,False,,,97.5,False,,,0.0,,False,11.1,0,,False,[],,False,285.0,285.0,True
bc1ptmprex25ea746dpcvsnmlsl95yvwkcryn228en4xr7rjqry57xssp0uf63,bitcoin,BTC,0.57,0.002,BTC,37050.0,285,0,1,1,1,1.0,0.0,0.0035087719298245615,True,0.38260175438596494,0.19707994544456925,False,False,,11.1,,0,[],[],0,False,False,,,97.5,False,,,0.0,,False,11.1,0,,False,[],,False,285.0,285.0,True
bc1p5dvxnqln5yxn9md065a660edajqdcytsg4xnl5hekkv0klf4h9gsnkevgr,bitcoin,BTC,0.57,0.002,BTC,37050.0,285,0,1,1,1,1.0,0.0,0.0035087719298245615,True,0.38260175438596494,0.19707994544456925,False,False,,11.1,,0,[],[],0,False,False,,,97.5,False,,,0.0,,False,11.1,0,,False,[],,False,285.0,285.0,True
bc1p90lwjztyk82pmjnhzu83377ggp8en3cxsmwjtk29fpcm8vg75h0qkeycyh,bitcoin,BTC,0.57,0.0,BTC,37050.0,285,0,0,1,1,1.0,0.0,0.0,True,0.3819,0.19707994544456925,False,False,,11.1,,0,[],[],0,False,False,,,97.5,False,,,0.0,,False,11.1,0,,False,[],,False,285.0,285.0,True
bc1p8wqxvls98jppsauta9yjgufzrcmrsrcnwr9f068lxuqc7453m96s5sek5d,bitcoin,BTC,29.2,0.0,BTC,1898000.0,146,0,0,1,1,1.0,0.0,0.0,True,0.116775,0.1971537189394328,False,False,,11.1,,0,[],[],0,False,False,,,61.1,False,,,0.0,,False,11.1,0,,False,[],,False,146.0,146.0,True
bc1pau6y9dmgcnz0yt4rdy2z2uy3ynvn8dzky75m75a94ftazs5e84usx3atcw,bitcoin,BTC,29.2,0.0,BTC,1898000.0,146,0,0,1,1,1.0,0.0,0.0,True,0.116775,0.1971537189394328,False,False,,11.1,,0,[],[],0,False,False,,,61.1,False,,,0.0,,False,11.1,0,,False,[],,False,146.0,146.0,True
bc1p3exj9dynf0ajjfft7jzdrauwewttdkmkpuypjyext0a9d6hhxh8q5du95s,bitcoin,BTC,29.2,0.0,BTC,1898000.0,146,0,0,1,1,1.0,0.0,0.0,True,0.116775,0.1971537189394328,False,False,,11.1,,0,[],[],0,False,False,,,61.1,False,,,0.0,,False,11.1,0,,False,[],,False,146.0,146.0,True
bc1qxrvzcldf5v6xuqgr27gse32f0hpvuqlrp75lgk,bitcoin,BTC,29.2,0.0,BTC,1898000.0,146,0,0,1,1,1.0,0.0,0.0,True,0.116775,0.1971537189394328,False,False,,11.1,,0,[],[],0,False,False,,,61.1,False,,,0.0,,False,11.1,0,,False,[],,False,146.0,146.0,True
bc1p09kt8dyfve0kg0fqp3ddtglgaj24t7xw2cfm5x5mjcnseuda4e6qv6kyjf,bitcoin,BTC,29.2,0.0,BTC,1898000.0,146,0,0,1,1,1.0,0.0,0.0,True,0.116775,0.1971537189394328,False,False,,11.1,,0,[],[],0,False,False,,,61.1,False,,,0.0,,False,11.1,0,,False,[],,False,146.0,146.0,True
bc1pnv3qeqzepz0f93hle6khep2lftgqrln4c8pdcj05cvvax70h0avq7h2crr,bitcoin,BTC,13.48797258,0.0,BTC,876718.2176999999,141,0,0,1,1,1.0,0.0,0.0,True,0.109875,0.19709846678714638,False,False,,11.1,,0,[],[],0,False,False,,,60.2,False,,,0.0,,False,11.1,0,,False,[],,False,141.0,141.0,True
bc1qat72juahu3umlkup5htmvyh3ydkve3zfhxrqq7,bitcoin,BTC,49.4,0.2,BTC,3211000.0,247,0,1,1,1,1.0,0.0,0.004048582995951417,True,0.3383847165991902,0.1986811140768272,False,False,,10.9,,0,[],[],0,False,False,,,91.4,False,,,0.0,,False,10.9,0,,False,[],,False,247.0,247.0,True
bc1qt6u9t99jw24xyl5egcqer7gdtxc735tru6dtys,bitcoin,BTC,49.4,0.2,BTC,3211000.0,247,0,1,1,1,1.0,0.0,0.004048582995951417,True,0.3383847165991902,0.1986811140768272,False,False,,10.9,,0,[],[],0,False,False,,,91.4,False,,,0.0,,False,10.9,0,,False,[],,False,247.0,247.0,True
bc1p4ryw3hakukan0jyy22axjcg0yc9vumhcwjwrz7f70zp8lradmeqqg66948,bitcoin,BTC,49.4,0.2,BTC,3211000.0,247,0,1,1,1,1.0,0.0,0.004048582995951417,True,0.3383847165991902,0.1986811140768272,False,False,,10.9,,0,[],[],0,False,False,,,91.4,False,,,0.0,,False,10.9,0,,False,[],,False,247.0,247.0,True
bc1p983s959ypdu3c3cl3cdsyxk3kj86krfnq6p3alu9z3cgjxtzlpcqhy227u,bitcoin,BTC,49.4,0.2,BTC,3211000.0,247,0,1,1,1,1.0,0.0,0.004048582995951417,True,0.3383847165991902,0.1986811140768272,False,False,,10.9,,0,[],[],0,False,False,,,91.4,False,,,0.0,,False,10.9,0,,False,[],,False,247.0,247.0,True
bc1q2gjpc0xevpxer29csnj92v638xju670mydg2j9,bitcoin,BTC,49.4,0.2,BTC,3211000.0,247,0,1,1,1,1.0,0.0,0.004048582995951417,True,0.3383847165991902,0.1986811140768272,False,False,,10.9,,0,[],[],0,False,False,,,91.4,False,,,0.0,,False,10.9,0,,False,[],,False,247.0,247.0,True
bc1peemztas6plafdmj97tf0dt3jqjrawz7n94d06n67f4u8a8w4hztqmhs4f0,bitcoin,BTC,49.4,0.0,BTC,3211000.0,247,0,0,1,1,1.0,0.0,0.0,True,0.33757499999999996,0.1986811140768272,False,False,,10.9,,0,[],[],0,False,False,,,91.4,False,,,0.0,,False,10.9,0,,False,[],,False,247.0,247.0,True
bc1p93vq9v7ed7zc7a7xdxpfdlemntyz94s28vud64eqv0x4y9jyvt5qz66sck,bitcoin,BTC,0.60555264,0.0,BTC,39360.9216,231,0,0,1,1,1.0,0.0,0.0,True,0.3042,0.1986461460714442,False,False,,10.9,,0,[],[],0,False,False,,,86.8,False,,,0.0,,False,10.9,0,,False,[],,False,231.0,231.0,True
bc1p229ztq4zuvsx7jxapjqtqdugm03wk5578w4gffl9udsa3rltjppsnl6ec9,bitcoin,BTC,0.60555264,0.0,BTC,39360.9216,231,0,0,1,1,1.0,0.0,0.0,True,0.3042,0.1986461460714442,False,False,,10.9,,0,[],[],0,False,False,,,86.8,False,,,0.0,,False,10.9,0,,False,[],,False,231.0,231.0,True
bc1pw2mrledvzusalzprqhynqzfcx2nmrtq0590xs6dakcsu9e59wr4s5qm8uy,bitcoin,BTC,0.60555264,0.0,BTC,39360.9216,231,0,0,1,1,1.0,0.0,0.0,True,0.3042,0.1986461460714442,False,False,,10.9,,0,[],[],0,False,False,,,86.8,False,,,0.0,,False,10.9,0,,False,[],,False,231.0,231.0,True
bc1pk60ls5fk567zvdf5nezxd9yznt2rjlks8e9s6pc8k3ln04jmjlfquzfwzt,bitcoin,BTC,0.60555264,0.0,BTC,39360.9216,231,0,0,1,1,1.0,0.0,0.0,True,0.3042,0.1986461460714442,False,False,,10.9,,0,[],[],0,False,False,,,86.8,False,,,0.0,,False,10.9,0,,False,[],,False,231.0,231.0,True
bc1pa4uwndu0q8cpultxceckg229ghr0fra40myjgzu6jhmwx4maq6psmt7dwc,bitcoin,BTC,0.60555264,0.0,BTC,39360.9216,231,0,0,1,1,1.0,0.0,0.0,True,0.3042,0.1986461460714442,False,False,,10.9,,0,[],[],0,False,False,,,86.8,False,,,0.0,,False,10.9,0,,False,[],,False,231.0,231.0,True
bc1pzw2af2wsvy8ung7s3mll7q2s6vewn3acsttvnvgw34gw2qg0n8rsh5gj2r,bitcoin,BTC,0.60555264,0.0,BTC,39360.9216,231,0,0,1,1,1.0,0.0,0.0,True,0.3042,0.1986461460714442,False,False,,10.9,,0,[],[],0,False,False,,,86.8,False,,,0.0,,False,10.9,0,,False,[],,False,231.0,231.0,True
bc1pqmlqlfe0m8nwvlyxsr40shlhm5fs978mm9t3ytkth4g6eqsryx7qnv0ve5,bitcoin,BTC,0.60555264,0.0,BTC,39360.9216,231,0,0,1,1,1.0,0.0,0.0,True,0.3042,0.1986461460714442,False,False,,10.9,,0,[],[],0,False,False,,,86.8,False,,,0.0,,False,10.9,0,,False,[],,False,231.0,231.0,True
bc1p0c9zgma0uqsjtd64622tx6z6yqk56y3ry5k4pweew52gutvhlkhsvx0j98,bitcoin,BTC,0.60555264,0.0,BTC,39360.9216,231,0,0,1,1,1.0,0.0,0.0,True,0.3042,0.1986461460714442,False,False,,10.9,,0,[],[],0,False,False,,,86.8,False,,,0.0,,False,10.9,0,,False,[],,False,231.0,231.0,True
bc1p766v3jlykaktxhjjuqtfu4jy6z4w28uc3f95u6d84u7wn8e873us27ejdx,bitcoin,BTC,26.50800128,0.0,BTC,1723020.0832,158,0,0,1,1,1.0,0.0,0.0,True,0.1383,0.19843597480575964,False,False,,10.9,,0,[],[],0,False,False,,,64.1,False,,,0.0,,False,10.9,0,,False,[],,False,158.0,158.0,True
bc1pwcz6w7j4zths9nkuun92ja76uex8354n5rvjraq8m6jc6f8tds0qxasvtk,bitcoin,BTC,26.50800128,0.0,BTC,1723020.0832,158,0,0,1,1,1.0,0.0,0.0,True,0.1383,0.19843597480575964,False,False,,10.9,,0,[],[],0,False,False,,,64.1,False,,,0.0,,False,10.9,0,,False,[],,False,158.0,158.0,True
bc1prmv7vf6r35azu028yew996zkq59eus2luqjg5kwkm5d4vmc2um8sh88uhf,bitcoin,BTC,0.75464622,0.0,BTC,49052.0043,140,0,0,1,1,1.0,0.0,0.0,True,0.10725,0.199416942084852,False,False,,10.8,,0,[],[],0,False,False,,,59.8,False,,,0.0,,False,10.8,0,,False,[],,False,140.0,140.0,True
bc1pewvnx0nh70vtqtrwummrqn5m84tfntdfx2n35jg6suuar7q86xgshfqeda,bitcoin,BTC,2.87309824,0.0,BTC,186751.3856,137,0,0,1,1,1.0,0.0,0.0,True,0.102825,0.19972311315221286,False,False,,10.7,,0,[],[],0,False,False,,,59.2,False,,,0.0,,False,10.7,0,,False,[],,False,137.0,137.0,True
bc1pfntslgm4hrclqjq20pq4gy23ha4natnhjst9e5pfaxj382md08zquv8yqj,bitcoin,BTC,2.87309824,0.0,BTC,186751.3856,137,0,0,1,1,1.0,0.0,0.0,True,0.102825,0.19972311315221286,False,False,,10.7,,0,[],[],0,False,False,,,59.2,False,,,0.0,,False,10.7,0,,False,[],,False,137.0,137.0,True
bc1p44matmd8lwpkhtm9gna7qapm4pnv4z0gqqpfuvna2mmql529kaqqayrum5,bitcoin,BTC,2.87309824,0.0,BTC,186751.3856,137,0,0,1,1,1.0,0.0,0.0,True,0.102825,0.19972311315221286,False,False,,10.7,,0,[],[],0,False,False,,,59.2,False,,,0.0,,False,10.7,0,,False,[],,False,137.0,137.0,True
bc1p8pmttufjz2lraqku6m3xyhglm8huqj8nwjnnes5cls5ucndu0eksyg2e9e,bitcoin,BTC,2.87309824,0.0,BTC,186751.3856,137,0,0,1,1,1.0,0.0,0.0,True,0.102825,0.19972311315221286,False,False,,10.7,,0,[],[],0,False,False,,,59.2,False,,,0.0,,False,10.7,0,,False,[],,False,137.0,137.0,True
bc1qlglajhxx8n3zzy6yeq6dxcl57z2993qgvmvgdz,bitcoin,BTC,14.5,0.0,BTC,942500.0,145,0,0,1,1,1.0,0.0,0.0,True,0.113175,0.20027079345592969,False,False,,10.6,,0,[],[],0,False,False,,,60.6,False,,,0.0,,False,10.6,0,,False,[],,False,145.0,145.0,True
bc1qlcuuqq4erjwxpdh6525clsu2vw7f7t45zxv8ke,bitcoin,BTC,4.36844502,0.0,BTC,283948.9263,137,0,0,1,1,1.0,0.0,0.0,True,0.102825,0.20048371382163704,False,False,,10.6,,0,[],[],0,False,False,,,59.2,False,,,0.0,,False,10.6,0,,False,[],,False,137.0,137.0,True
bc1pg95v4vpsdc3vzvv225v56sgyr92ecuq2wzsl3c2d35nmp8gj6w6qc94s7e,bitcoin,BTC,4.36844502,0.0,BTC,283948.9263,137,0,0,1,1,1.0,0.0,0.0,True,0.102825,0.20048371382163704,False,False,,10.6,,0,[],[],0,False,False,,,59.2,False,,,0.0,,False,10.6,0,,False,[],,False,137.0,137.0,True
bc1pky9jxkx0cc4kd4pdsds8kpzec8f8dj2rf3gv72dt72kyp4d840jsz00wm6,bitcoin,BTC,4.36844502,0.0,BTC,283948.9263,137,0,0,1,1,1.0,0.0,0.0,True,0.102825,0.20048371382163704,False,False,,10.6,,0,[],[],0,False,False,,,59.2,False,,,0.0,,False,10.6,0,,False,[],,False,137.0,137.0,True
bc1q2g7rgeg3u64zsw0sat53cxglzhp02dq4je3sak,bitcoin,BTC,4.36844502,0.0,BTC,283948.9263,137,0,0,1,1,1.0,0.0,0.0,True,0.102825,0.20048371382163704,False,False,,10.6,,0,[],[],0,False,False,,,59.2,False,,,0.0,,False,10.6,0,,False,[],,False,137.0,137.0,True
bc1qpc5f50peyz4jrpryjdxjpvr9v3mvymk0kgej3f,bitcoin,BTC,4.36844502,0.0,BTC,283948.9263,137,0,0,1,1,1.0,0.0,0.0,True,0.102825,0.20048371382163704,False,False,,10.6,,0,[],[],0,False,False,,,59.2,False,,,0.0,,False,10.6,0,,False,[],,False,137.0,137.0,True
bc1qm8a7etpef70nqz3j755g2m225slg5023kc5l8n,bitcoin,BTC,4.36844502,0.0,BTC,283948.9263,137,0,0,1,1,1.0,0.0,0.0,True,0.102825,0.20048371382163704,False,False,,10.6,,0,[],[],0,False,False,,,59.2,False,,,0.0,,False,10.6,0,,False,[],,False,137.0,137.0,True
bc1qe583a2qyes4fpzz6p068xpqahr95nuuhkmenkf,bitcoin,BTC,3.96846135,0.01259829,BTC,257949.98775,237,0,1,1,1,1.0,0.0,0.0031746031746031746,True,0.3083599206349207,0.20147465254073066,False,False,,10.5,,0,[],[],0,False,False,,,87.3,False,,,0.0,,False,10.5,0,,False,[],,False,237.0,237.0,True
bc1p9h052cyppfedsaxl336z8egvrpdzrtxfr32u4atg7js2h4pppq0q2u7skg,bitcoin,BTC,0.74448896,0.0,BTC,48391.7824,142,0,0,1,1,1.0,0.0,0.0,True,0.112125,0.2012055990224068,False,False,,10.5,,0,[],[],0,False,False,,,60.5,False,,,0.0,,False,10.5,0,,False,[],,False,142.0,142.0,True
bc1prulgwctsc2x6frr2qvnzvfufpdp0dtmus3kn34h8lhrx4necesssm47x4d,bitcoin,BTC,49.4,0.2,BTC,3211000.0,247,0,1,1,1,1.0,0.0,0.004048582995951417,True,0.3383847165991902,0.2023938515369496,False,False,,10.3,,0,[],[],0,False,False,,,91.4,False,,,0.0,,False,10.3,0,,False,[],,False,247.0,247.0,True
bc1ptsx6h6elqtrhxgzn97gunn9rqz367xp4ynsqhzaz53g089jg8zwsrnjhkc,bitcoin,BTC,49.4,0.2,BTC,3211000.0,247,0,1,1,1,1.0,0.0,0.004048582995951417,True,0.3383847165991902,0.2023938515369496,False,False,,10.3,,0,[],[],0,False,False,,,91.4,False,,,0.0,,False,10.3,0,,False,[],,False,247.0,247.0,True
bc1pcy8c94he9x525pdr2jrkwsfuj0um48sfcknz4w78kreglzggsy5sh7cv45,bitcoin,BTC,49.4,0.2,BTC,3211000.0,247,0,1,1,1,1.0,0.0,0.004048582995951417,True,0.3383847165991902,0.2023938515369496,False,False,,10.3,,0,[],[],0,False,False,,,91.4,False,,,0.0,,False,10.3,0,,False,[],,False,247.0,247.0,True
bc1p5fsjj6spftq9x9pjs7xd09gfp3zu93a3322qfn8mm5xwrdz2da6segm7j7,bitcoin,BTC,49.4,0.2,BTC,3211000.0,247,0,1,1,1,1.0,0.0,0.004048582995951417,True,0.3383847165991902,0.2023938515369496,False,False,,10.3,,0,[],[],0,False,False,,,91.4,False,,,0.0,,False,10.3,0,,False,[],,False,247.0,247.0,True
bc1q3z384w6gwpatjqvxkhpy4c8mje0ts6v56przhs,bitcoin,BTC,49.4,0.2,BTC,3211000.0,247,0,1,1,1,1.0,0.0,0.004048582995951417,True,0.3383847165991902,0.2023938515369496,False,False,,10.3,,0,[],[],0,False,False,,,91.4,False,,,0.0,,False,10.3,0,,False,[],,False,247.0,247.0,True
bc1q945jn94h2xwyqxsjt5erqzumv3z7mj8xw9c35t,bitcoin,BTC,49.4,0.2,BTC,3211000.0,247,0,1,1,1,1.0,0.0,0.004048582995951417,True,0.3383847165991902,0.2023938515369496,False,False,,10.3,,0,[],[],0,False,False,,,91.4,False,,,0.0,,False,10.3,0,,False,[],,False,247.0,247.0,True
bc1qs7v70kystv946pe58u8hpy4xrz5rfz60h8k9f7,bitcoin,BTC,11.55,0.0,BTC,750750.0,231,0,0,1,1,1.0,0.0,0.0,True,0.3042,0.20264468643384143,False,False,,10.3,,0,[],[],0,False,False,,,86.8,False,,,0.0,,False,10.3,0,,False,[],,False,231.0,231.0,True
bc1qnnmdndjkmpnzcf5sje0cl89mry2cv4zxxktepg,bitcoin,BTC,11.55,0.0,BTC,750750.0,231,0,0,1,1,1.0,0.0,0.0,True,0.3042,0.20264468643384143,False,False,,10.3,,0,[],[],0,False,False,,,86.8,False,,,0.0,,False,10.3,0,,False,[],,False,231.0,231.0,True
bc1p3xjzwg09ccn4zxlt5n3mysd4tr6900lyf9jv46excu0m6fjxh55q64t83e,bitcoin,BTC,14.25,0.05,BTC,926250.0,285,0,1,1,1,1.0,0.0,0.0035087719298245615,True,0.38260175438596494,0.20332419485711478,False,False,,10.2,,0,[],[],0,False,False,,,97.5,False,,,0.0,,False,10.2,0,,False,[],,False,285.0,285.0,True
bc1q06d2mlyng4wmcfeuygpflc6ndt76zdmps8pguc,bitcoin,BTC,14.25,0.05,BTC,926250.0,285,0,1,1,1,1.0,0.0,0.0035087719298245615,True,0.38260175438596494,0.20332419485711478,False,False,,10.2,,0,[],[],0,False,False,,,97.5,False,,,0.0,,False,10.2,0,,False,[],,False,285.0,285.0,True
bc1plcj6mg2aczrww2ea356jghwjampzzzvs8r5r9plt8wdhs2yspv6q4j5qtu,bitcoin,BTC,14.25,0.05,BTC,926250.0,285,0,1,1,1,1.0,0.0,0.0035087719298245615,True,0.38260175438596494,0.20332419485711478,False,False,,10.2,,0,[],[],0,False,False,,,97.5,False,,,0.0,,False,10.2,0,,False,[],,False,285.0,285.0,True
bc1pteh4z5t2exlx5s66tvkgypq5gevwtvsstd4k0mdrx7wt9s27ffwq0kfnuq,bitcoin,BTC,14.25,0.05,BTC,926250.0,285,0,1,1,1,1.0,0.0,0.0035087719298245615,True,0.38260175438596494,0.20332419485711478,False,False,,10.2,,0,[],[],0,False,False,,,97.5,False,,,0.0,,False,10.2,0,,False,[],,False,285.0,285.0,True
bc1ppfhrw86ezvfd5qwsgqqncqedxehdt8ccarl66p5ag7c9ce2sl84qpn66nv,bitcoin,BTC,14.25,0.0,BTC,926250.0,285,0,0,1,1,1.0,0.0,0.0,True,0.3819,0.20332419485711478,False,False,,10.2,,0,[],[],0,False,False,,,97.5,False,,,0.0,,False,10.2,0,,False,[],,False,285.0,285.0,True
bc1pmqpv9wa3yz74epgp04k662waysnm2zu229e6rkhfnjvmq7rs4qnslz3pcf,bitcoin,BTC,14.25,0.0,BTC,926250.0,285,0,0,1,1,1.0,0.0,0.0,True,0.3819,0.20332419485711478,False,False,,10.2,,0,[],[],0,False,False,,,97.5,False,,,0.0,,False,10.2,0,,False,[],,False,285.0,285.0,True
bc1ps7frgtaj80x4q03qsfwxwray8rgn3ys52lr59v3nwpmfekwetjas7sum4u,bitcoin,BTC,0.73924608,0.0,BTC,48050.995200000005,141,0,0,1,1,1.0,0.0,0.0,True,0.109875,0.20343243406675177,False,False,,10.2,,0,[],[],0,False,False,,,60.2,False,,,0.0,,False,10.2,0,,False,[],,False,141.0,141.0,True
bc1p6a9gd8t4d8hevq4uu852uw5g8v5pd8lzqyhuxeckf7gtq8xaje0q4f9kgf,bitcoin,BTC,0.73924608,0.0,BTC,48050.995200000005,141,0,0,1,1,1.0,0.0,0.0,True,0.109875,0.20343243406675177,False,False,,10.2,,0,[],[],0,False,False,,,60.2,False,,,0.0,,False,10.2,0,,False,[],,False,141.0,141.0,True
bc1pk27n5tn0lhurzkenvzu9yaz8tl5n3qrp3jl8kwyq598v808vnslse2paly,bitcoin,BTC,49.36024008,0.0,BTC,3208415.6051999996,172,0,0,1,1,1.0,0.0,0.0,True,0.164775,0.20389625416643276,False,False,,10.1,,0,[],[],0,False,False,,,67.7,False,,,0.0,,False,10.1,0,,False,[],,False,172.0,172.0,True
bc1qrwe9zkzlsfr9l52rqd02kp24e3t7zlfmje32uv,bitcoin,BTC,49.36024008,0.0,BTC,3208415.6051999996,172,0,0,1,1,1.0,0.0,0.0,True,0.164775,0.20389625416643276,False,False,,10.1,,0,[],[],0,False,False,,,67.7,False,,,0.0,,False,10.1,0,,False,[],,False,172.0,172.0,True
bc1pxlx4cgwl704p0my7mz70x4eg0a4ct2jcetk8yuhy5tr2rg4mj9rswq9wnh,bitcoin,BTC,49.36024008,0.0,BTC,3208415.6051999996,172,0,0,1,1,1.0,0.0,0.0,True,0.164775,0.20389625416643276,False,False,,10.1,,0,[],[],0,False,False,,,67.7,False,,,0.0,,False,10.1,0,,False,[],,False,172.0,172.0,True
bc1p8qhjzvm5cvy7gns9qn8l03yusl6ke276cgzks5dy958phmqze6eq4yxgzd,bitcoin,BTC,0.81841914,0.0,BTC,53197.2441,231,0,0,1,1,1.0,0.0,0.0,True,0.3042,0.2053524264744067,False,False,,9.9,,0,[],[],0,False,False,,,86.8,False,,,0.0,,False,9.9,0,,False,[],,False,231.0,231.0,True
bc1qphjuyl0cvpqcjlfwcrne42gwpc8kqzpn3926ke,bitcoin,BTC,0.81841914,0.0,BTC,53197.2441,231,0,0,1,1,1.0,0.0,0.0,True,0.3042,0.2053524264744067,False,False,,9.9,,0,[],[],0,False,False,,,86.8,False,,,0.0,,False,9.9,0,,False,[],,False,231.0,231.0,True
bc1px79e68hjeencjj8f8kvaxgfkcpzzthm47lzzgzl2ugvqhg3d9hwsrhpdp5,bitcoin,BTC,43.4,0.0,BTC,2821000.0,217,0,0,1,1,1.0,0.0,0.0,True,0.291,0.20588146212035702,False,False,,9.9,,0,[],[],0,False,False,,,85.0,False,,,0.0,,False,9.9,0,,False,[],,False,217.0,217.0,True
bc1qeg22tt5efsxrqmvzlkg3zjnckta8emefv5thl9,bitcoin,BTC,38.4,0.0,BTC,2496000.0,192,0,0,1,1,1.0,0.0,0.0,True,0.21697499999999997,0.20577219336702335,False,False,,9.9,,0,[],[],0,False,False,,,74.9,False,,,0.0,,False,9.9,0,,False,[],,False,192.0,192.0,True
bc1pytxfcjgmz5m3pf6rpkhrtvsn5r4vft82atseyylt8jtuwcqy6vyq0nz8ut,bitcoin,BTC,1.50929244,0.0,BTC,98104.0086,140,0,0,1,1,1.0,0.0,0.0,True,0.10725,0.20637267835082823,False,False,,9.8,,0,[],[],0,False,False,,,59.8,False,,,0.0,,False,9.8,0,,False,[],,False,140.0,140.0,True
bc1paxkuazuwr3fujnuuxfxu4t4yleq33al8smwggvel5upmsn2az6xszxwx7r,bitcoin,BTC,1.50929244,0.0,BTC,98104.0086,140,0,0,1,1,1.0,0.0,0.0,True,0.10725,0.20637267835082823,False,False,,9.8,,0,[],[],0,False,False,,,59.8,False,,,0.0,,False,9.8,0,,False,[],,False,140.0,140.0,True
bc1paf3wkwt3y6d6npjwdad4r46edxetjmpnat2sr0p4makt4qdqevkqnks6dz,bitcoin,BTC,1.50929244,0.0,BTC,98104.0086,140,0,0,1,1,1.0,0.0,0.0,True,0.10725,0.20637267835082823,False,False,,9.8,,0,[],[],0,False,False,,,59.8,False,,,0.0,,False,9.8,0,,False,[],,False,140.0,140.0,True
bc1pjakyegnes57qvvjvtcp4gv0qp9alnywu8quax6wa9kgecn4qk3gq4flp88,bitcoin,BTC,1.50929244,0.0,BTC,98104.0086,140,0,0,1,1,1.0,0.0,0.0,True,0.10725,0.20637267835082823,False,False,,9.8,,0,[],[],0,False,False,,,59.8,False,,,0.0,,False,9.8,0,,False,[],,False,140.0,140.0,True
bc1pty2cr4dl20dsah58awv8hgu9z239wgyeya8wdhp9guh86599az4q9ru7xm,bitcoin,BTC,1.22762871,0.0,BTC,79795.86615,231,0,0,1,1,1.0,0.0,0.0,True,0.3042,0.20720054095033025,False,False,,9.7,,0,[],[],0,False,False,,,86.8,False,,,0.0,,False,9.7,0,,False,[],,False,231.0,231.0,True
bc1q46ut7tx3lvja3yj3wgnxw2ag4483fvge996hjv,bitcoin,BTC,1.22762871,0.0,BTC,79795.86615,231,0,0,1,1,1.0,0.0,0.0,True,0.3042,0.20720054095033025,False,False,,9.7,,0,[],[],0,False,False,,,86.8,False,,,0.0,,False,9.7,0,,False,[],,False,231.0,231.0,True
bc1p0w03den3x92y8366fp5s2a9mzlh6qcz7v9z6gu0gnkcl3qe5e3sqqkumfk,bitcoin,BTC,1.22762871,0.0,BTC,79795.86615,231,0,0,1,1,1.0,0.0,0.0,True,0.3042,0.20720054095033025,False,False,,9.7,,0,[],[],0,False,False,,,86.8,False,,,0.0,,False,9.7,0,,False,[],,False,231.0,231.0,True
bc1p64d5w042lntek3cen0dnyyf0vdc6cxk6szguxpc0ywnvrzaw7v3s0x7cjk,bitcoin,BTC,1.22762871,0.0,BTC,79795.86615,231,0,0,1,1,1.0,0.0,0.0,True,0.3042,0.20720054095033025,False,False,,9.7,,0,[],[],0,False,False,,,86.8,False,,,0.0,,False,9.7,0,,False,[],,False,231.0,231.0,True
bc1q8vuzwz5myxmq3yahcd99sdc9jew3hk9p3jzu7g,bitcoin,BTC,1.22762871,0.0,BTC,79795.86615,231,0,0,1,1,1.0,0.0,0.0,True,0.3042,0.20720054095033025,False,False,,9.7,,0,[],[],0,False,False,,,86.8,False,,,0.0,,False,9.7,0,,False,[],,False,231.0,231.0,True
bc1q3x2ysk064qms6l6cva3yxp085d3j8uya4f5dnx,bitcoin,BTC,0.74497324,0.0,BTC,48423.2606,149,0,0,3,1,1.0,0.0,0.0,True,0.12764999999999999,0.20687792227681384,False,False,,9.7,,0,[],[],0,False,False,,,62.6,False,,,0.0,,False,9.7,0,,False,[],,False,149.0,149.0,True
bc1prm4yau2la83g6qnffq9vded76le4v22a7jf9j2hmtwwczuqqhx3sa9kxdy,bitcoin,BTC,0.52435512,0.0,BTC,34083.0828,148,0,0,1,1,1.0,0.0,0.0,True,0.121575,0.2078214847430112,False,False,,9.6,,0,[],[],0,False,False,,,61.8,False,,,0.0,,False,9.6,0,,False,[],,False,148.0,148.0,True
bc1p5vw8cw80vjekrvsqrhzqg0cw0x65wsvhrh5jkgjcna3pe354w96qcgxyh2,bitcoin,BTC,0.52435512,0.0,BTC,34083.0828,148,0,0,1,1,1.0,0.0,0.0,True,0.121575,0.2078214847430112,False,False,,9.6,,0,[],[],0,False,False,,,61.8,False,,,0.0,,False,9.6,0,,False,[],,False,148.0,148.0,True
bc1pwaxx2kl66manrdf3sfnt9avgwhd9jc6xwv2ulfm6a3275ascml4qrs0sl7,bitcoin,BTC,0.52435512,0.0,BTC,34083.0828,148,0,0,1,1,1.0,0.0,0.0,True,0.121575,0.2078214847430112,False,False,,9.6,,0,[],[],0,False,False,,,61.8,False,,,0.0,,False,9.6,0,,False,[],,False,148.0,148.0,True
bc1pdvke78cu3cw7psdwf0v9h7rzcjem6xa74yxzm8rr9tqrex9l7hcs5tu0kd,bitcoin,BTC,0.52435512,0.0,BTC,34083.0828,148,0,0,1,1,1.0,0.0,0.0,True,0.121575,0.2078214847430112,False,False,,9.6,,0,[],[],0,False,False,,,61.8,False,,,0.0,,False,9.6,0,,False,[],,False,148.0,148.0,True
bc1pywfls7uvw0f77dqc0y7mga0aux6qg5hday07cupnx56cq3j2rmfqky7gs4,bitcoin,BTC,0.52435512,0.0,BTC,34083.0828,148,0,0,1,1,1.0,0.0,0.0,True,0.121575,0.2078214847430112,False,False,,9.6,,0,[],[],0,False,False,,,61.8,False,,,0.0,,False,9.6,0,,False,[],,False,148.0,148.0,True
bc1p0k2xh6pkvye2qnawx5c4mfpxwgph92hetm9pnchqf8n8jqxqhewsv5lsh4,bitcoin,BTC,1.50929244,0.0,BTC,98104.0086,142,0,0,1,1,1.0,0.0,0.0,True,0.112125,0.2077876144272075,False,False,,9.6,,0,[],[],0,False,False,,,60.5,False,,,0.0,,False,9.6,0,,False,[],,False,142.0,142.0,True
bc1p06r37gcnrr7hjwlh6dha7hccqpjtdhn4flr84gjj4f7hpzncpfvqrpde4k,bitcoin,BTC,1.50929244,0.0,BTC,98104.0086,142,0,0,1,1,1.0,0.0,0.0,True,0.112125,0.2077876144272075,False,False,,9.6,,0,[],[],0,False,False,,,60.5,False,,,0.0,,False,9.6,0,,False,[],,False,142.0,142.0,True
38EZs5odsdMu3g9F83VmzcCQqY8oAng4Pt,bitcoin,BTC,2.97876915,0.00945641,BTC,193619.99475,237,0,1,1,1,1.0,0.0,0.0031746031746031746,True,0.3083599206349207,0.2084876931641807,False,False,,9.5,,0,[],[],0,False,False,,,87.3,False,,,0.0,,False,9.5,0,,False,[],,False,237.0,237.0,True
bc1pyxht3m9p3lgjlqth7r48pp3erc6cqgzpvzaps00396g798pckyas6mlf43,bitcoin,BTC,7.36577226,0.0,BTC,478775.1969,231,0,0,1,1,1.0,0.0,0.0,True,0.3042,0.20892456664324166,False,False,,9.5,,0,[],[],0,False,False,,,86.8,False,,,0.0,,False,9.5,0,,False,[],,False,231.0,231.0,True
bc1q48wvzdyvcq8mtfx3fcnun202sl75tzy9qrrm4t,bitcoin,BTC,7.36577226,0.0,BTC,478775.1969,231,0,0,1,1,1.0,0.0,0.0,True,0.3042,0.20892456664324166,False,False,,9.5,,0,[],[],0,False,False,,,86.8,False,,,0.0,,False,9.5,0,,False,[],,False,231.0,231.0,True
bc1p4v0lm6zm72auxr4zm275ks8g7plhhhkh50whzndfejx9mpvlgh2qrvjdn0,bitcoin,BTC,30.70230528,0.0,BTC,1995649.8432,183,0,0,1,1,1.0,0.0,0.0,True,0.195,0.2085460282267595,False,False,,9.5,,0,[],[],0,False,False,,,71.8,False,,,0.0,,False,9.5,0,,False,[],,False,183.0,183.0,True
bc1q3maz7xgj70rxn864j2v3eamld92vdvucyjvvpv,bitcoin,BTC,0.9931383,0.00315282,BTC,64553.9895,237,0,1,1,1,1.0,0.0,0.0031746031746031746,True,0.3083599206349207,0.2092157913215733,False,False,,9.4,,0,[],[],0,False,False,,,87.3,False,,,0.0,,False,9.4,0,,False,[],,False,237.0,237.0,True
bc1pg3kvz5xacxut33yp8k9knu94g5csfh3ax7f4hawygagce5k7p0kshgjxhq,bitcoin,BTC,2.97795584,0.0,BTC,193567.1296,142,0,0,1,1,1.0,0.0,0.0,True,0.112125,0.2090092284265072,False,False,,9.4,,0,[],[],0,False,False,,,60.5,False,,,0.0,,False,9.4,0,,False,[],,False,142.0,142.0,True
bc1qf8zevxudaj2yyw8uq0qk24d5cmyazy0xvqrxfj,bitcoin,BTC,1.49866362,0.0,BTC,97413.13530000001,141,0,0,1,1,1.0,0.0,0.0,True,0.109875,0.20958404710339906,False,False,,9.4,,0,[],[],0,False,False,,,60.2,False,,,0.0,,False,9.4,0,,False,[],,False,141.0,141.0,True
bc1qzevtvj03ehf9s4dgte9lud2mcaw7pjsxydlfc8,bitcoin,BTC,41.0,0.0,BTC,2665000.0,205,0,0,1,1,1.0,0.0,0.0,True,0.253875,0.20998449924297213,False,False,,9.3,,0,[],[],0,False,False,,,79.9,False,,,0.0,,False,9.3,0,,False,[],,False,205.0,205.0,True
bc1pe3tyze2lmpdd6xtdpc2x052xun8sldv0rfjqvjykmajnwmxhvkls2vdgh5,bitcoin,BTC,41.0,0.0,BTC,2665000.0,205,0,0,1,1,1.0,0.0,0.0,True,0.253875,0.20998449924297213,False,False,,9.3,,0,[],[],0,False,False,,,79.9,False,,,0.0,,False,9.3,0,,False,[],,False,205.0,205.0,True
bc1q3dtmtr8jcdq39nx0jknre9yljtsps8fgllsa6m,bitcoin,BTC,7.1,0.0,BTC,461500.0,140,0,0,1,1,1.0,0.0,0.0,True,0.10725,0.20987383030321566,False,False,,9.3,,0,[],[],0,False,False,,,59.8,False,,,0.0,,False,9.3,0,,False,[],,False,140.0,140.0,True
bc1qcc0mq5lk2yww74dpu0qahx7m82wesv5my8ytcd,bitcoin,BTC,7.1,0.0,BTC,461500.0,140,0,0,1,1,1.0,0.0,0.0,True,0.10725,0.20987383030321566,False,False,,9.3,,0,[],[],0,False,False,,,59.8,False,,,0.0,,False,9.3,0,,False,[],,False,140.0,140.0,True
3JjSJND7SYMMsX8Dyo1GivxPjAYShUWrhT,bitcoin,BTC,2.482893,0.0078822,BTC,161388.04499999998,237,0,1,1,1,1.0,0.0,0.0031746031746031746,True,0.3083599206349207,0.2107348323063108,False,False,,9.2,,0,[],[],0,False,False,,,87.3,False,,,0.0,,False,9.2,0,,False,[],,False,237.0,237.0,True
bc1phltd943mjxmudf4zyldu8jny6c56f5t7uhn0cmmfah6qhjztnnds4efc40,bitcoin,BTC,1.49866362,0.0,BTC,97413.13530000001,141,0,0,1,1,1.0,0.0,0.0,True,0.109875,0.21077989142226355,False,False,,9.2,,0,[],[],0,False,False,,,60.2,False,,,0.0,,False,9.2,0,,False,[],,False,141.0,141.0,True
bc1p8hskxxc5yjqkpqc3sz08re43qp6sd4xdgkhm5h7r4r04q4q9yvrq8msw48,bitcoin,BTC,4.49599086,0.0,BTC,292239.4059,141,0,0,1,1,1.0,0.0,0.0,True,0.109875,0.21068742042823496,False,False,,9.2,,0,[],[],0,False,False,,,60.2,False,,,0.0,,False,9.2,0,,False,[],,False,141.0,141.0,True
bc1pansk7hvhlkf4zup736djc8e9uh8smjnggkdj624f62dd488yr4gsukpset,bitcoin,BTC,4.49599086,0.0,BTC,292239.4059,141,0,0,1,1,1.0,0.0,0.0,True,0.109875,0.21068742042823496,False,False,,9.2,,0,[],[],0,False,False,,,60.2,False,,,0.0,,False,9.2,0,,False,[],,False,141.0,141.0,True
bc1pql9hz37d7lvs9w96xkg6vyrd89vrv50k3895aqsh4uttr27cs7lspdx4zu,bitcoin,BTC,4.49599086,0.0,BTC,292239.4059,141,0,0,1,1,1.0,0.0,0.0,True,0.109875,0.21068742042823496,False,False,,9.2,,0,[],[],0,False,False,,,60.2,False,,,0.0,,False,9.2,0,,False,[],,False,141.0,141.0,True
bc1p7x6wad0q44rhctwwp7j4m6pxpxpp8gtgv5pad0tg8dds5ncln2dsc8d80d,bitcoin,BTC,1.49866362,0.0,BTC,97413.13530000001,141,0,0,1,1,1.0,0.0,0.0,True,0.109875,0.21077989142226355,False,False,,9.2,,0,[],[],0,False,False,,,60.2,False,,,0.0,,False,9.2,0,,False,[],,False,141.0,141.0,True
bc1phs823p243t7gw5ltjd040epdpwhw6pnp47ss5xmjpmdq43x2ajjqeulzgf,bitcoin,BTC,1.49866362,0.0,BTC,97413.13530000001,141,0,0,1,1,1.0,0.0,0.0,True,0.109875,0.21077989142226355,False,False,,9.2,,0,[],[],0,False,False,,,60.2,False,,,0.0,,False,9.2,0,,False,[],,False,141.0,141.0,True
bc1pds8v82fzgc92vj4p7z0edsz4jw3n9tantepzdyjmqm786mfhnp8qp73pjn,bitcoin,BTC,1.49866362,0.0,BTC,97413.13530000001,141,0,0,1,1,1.0,0.0,0.0,True,0.109875,0.21077989142226355,False,False,,9.2,,0,[],[],0,False,False,,,60.2,False,,,0.0,,False,9.2,0,,False,[],,False,141.0,141.0,True
bc1p46fhtxuk5pexqj9gdqvsn7lhugpqx50evjl5mf262j3rmryahaksnp8cf6,bitcoin,BTC,0.7471104,0.00262144,BTC,48562.176,285,0,1,1,1,1.0,0.0,0.0035087719298245615,True,0.38260175438596494,0.21175669753759352,False,False,,9.1,,0,[],[],0,False,False,,,97.5,False,,,0.0,,False,9.1,0,,False,[],,False,285.0,285.0,True
bc1ppsm23z8nqxeurtapk4n5mgqc4clyl3ghjsyh5ydheknagyyd5heq3x6t5s,bitcoin,BTC,0.7471104,0.00262144,BTC,48562.176,285,0,1,1,1,1.0,0.0,0.0035087719298245615,True,0.38260175438596494,0.21175669753759352,False,False,,9.1,,0,[],[],0,False,False,,,97.5,False,,,0.0,,False,9.1,0,,False,[],,False,285.0,285.0,True
bc1pzq8zrekr7frq78ek3tqvdmsqv8tc7zwy26cjr8xxcjvk8mjay4vsdefhpp,bitcoin,BTC,0.7471104,0.00262144,BTC,48562.176,285,0,1,1,1,1.0,0.0,0.0035087719298245615,True,0.38260175438596494,0.21175669753759352,False,False,,9.1,,0,[],[],0,False,False,,,97.5,False,,,0.0,,False,9.1,0,,False,[],,False,285.0,285.0,True
bc1pddelh5jjtsjhemvefuxpnmshwlcwnz0m0arpkk7fpchdfrhuzqzsnghrkd,bitcoin,BTC,0.7471104,0.00262144,BTC,48562.176,285,0,1,1,1,1.0,0.0,0.0035087719298245615,True,0.38260175438596494,0.21175669753759352,False,False,,9.1,,0,[],[],0,False,False,,,97.5,False,,,0.0,,False,9.1,0,,False,[],,False,285.0,285.0,True
bc1plwq8y37qrp7p5c38cl8rpmqvme8740v96u6uh0h5keryfsstrt6q6kwkt2,bitcoin,BTC,0.7471104,0.00262144,BTC,48562.176,285,0,1,1,1,1.0,0.0,0.0035087719298245615,True,0.38260175438596494,0.21175669753759352,False,False,,9.1,,0,[],[],0,False,False,,,97.5,False,,,0.0,,False,9.1,0,,False,[],,False,285.0,285.0,True
bc1pr385qckfv43vfffd4jdl2emkg9vdasjfvemh5g90l2zpmmf67cxsajxw6q,bitcoin,BTC,0.7471104,0.00262144,BTC,48562.176,285,0,1,1,1,1.0,0.0,0.0035087719298245615,True,0.38260175438596494,0.21175669753759352,False,False,,9.1,,0,[],[],0,False,False,,,97.5,False,,,0.0,,False,9.1,0,,False,[],,False,285.0,285.0,True
bc1psaj6paqnagsh47rj9t9x952mx3tgm8pm2qfd6vtc2g9jh582fxcqv48rs9,bitcoin,BTC,0.7471104,0.00262144,BTC,48562.176,285,0,1,1,1,1.0,0.0,0.0035087719298245615,True,0.38260175438596494,0.21175669753759352,False,False,,9.1,,0,[],[],0,False,False,,,97.5,False,,,0.0,,False,9.1,0,,False,[],,False,285.0,285.0,True
bc1put8zft37j2466046lrz4a356fy74e2s0tyqlx5shw6nx53ffsc4smyqsvw,bitcoin,BTC,0.7471104,0.00262144,BTC,48562.176,285,0,1,1,1,1.0,0.0,0.0035087719298245615,True,0.38260175438596494,0.21175669753759352,False,False,,9.1,,0,[],[],0,False,False,,,97.5,False,,,0.0,,False,9.1,0,,False,[],,False,285.0,285.0,True
bc1pj3r4vnjpm237nxx23a2x8cl6y325hvnwm0phqpcm2mxdgjpstalqp5r9mp,bitcoin,BTC,0.7471104,0.00262144,BTC,48562.176,285,0,1,1,1,1.0,0.0,0.0035087719298245615,True,0.38260175438596494,0.21175669753759352,False,False,,9.1,,0,[],[],0,False,False,,,97.5,False,,,0.0,,False,9.1,0,,False,[],,False,285.0,285.0,True
bc1plh7afzw9tvcd6xz5f5f00k05e6smjy0xqave609xf6m6seqk6u8qcxvyrj,bitcoin,BTC,0.7471104,0.00262144,BTC,48562.176,285,0,1,1,1,1.0,0.0,0.0035087719298245615,True,0.38260175438596494,0.21175669753759352,False,False,,9.1,,0,[],[],0,False,False,,,97.5,False,,,0.0,,False,9.1,0,,False,[],,False,285.0,285.0,True
bc1pty7v8g902zsm8xras3mgregh32x3aucu2hws48ynxmd6h7v26c8sd86dtp,bitcoin,BTC,0.7471104,0.00262144,BTC,48562.176,285,0,1,1,1,1.0,0.0,0.0035087719298245615,True,0.38260175438596494,0.21175669753759352,False,False,,9.1,,0,[],[],0,False,False,,,97.5,False,,,0.0,,False,9.1,0,,False,[],,False,285.0,285.0,True
bc1p6s9fk73xd7l0yc976weqgpjdue47avvfaf83pv6qzkjyw4qslhgqvacr2w,bitcoin,BTC,0.7471104,0.00262144,BTC,48562.176,285,0,1,1,1,1.0,0.0,0.0035087719298245615,True,0.38260175438596494,0.21175669753759352,False,False,,9.1,,0,[],[],0,False,False,,,97.5,False,,,0.0,,False,9.1,0,,False,[],,False,285.0,285.0,True
bc1p5feu2nl6gc853fd4u4k87rwwlc0fnva5vtce7px75n3mcar76sfqxfa887,bitcoin,BTC,0.7471104,0.00262144,BTC,48562.176,285,0,1,1,1,1.0,0.0,0.0035087719298245615,True,0.38260175438596494,0.21175669753759352,False,False,,9.1,,0,[],[],0,False,False,,,97.5,False,,,0.0,,False,9.1,0,,False,[],,False,285.0,285.0,True
bc1pq657nnjdss3scevdldp6fsdf092nr0mpvkxnt4nza4q3wwr39s0qr37yvc,bitcoin,BTC,0.7471104,0.00262144,BTC,48562.176,285,0,1,1,1,1.0,0.0,0.0035087719298245615,True,0.38260175438596494,0.21175669753759352,False,False,,9.1,,0,[],[],0,False,False,,,97.5,False,,,0.0,,False,9.1,0,,False,[],,False,285.0,285.0,True
bc1pmmdnj8wcgy9eaxptlmy5q26w6rd2wfvkfefxdey8e4y0jhscgp3q6m076f,bitcoin,BTC,0.7471104,0.00262144,BTC,48562.176,285,0,1,1,1,1.0,0.0,0.0035087719298245615,True,0.38260175438596494,0.21175669753759352,False,False,,9.1,,0,[],[],0,False,False,,,97.5,False,,,0.0,,False,9.1,0,,False,[],,False,285.0,285.0,True
bc1p86hsmft7ygmaxfujuv7c9eak9k0hh50yng87dht0j3dszyqmascqnwmj0m,bitcoin,BTC,0.7471104,0.00262144,BTC,48562.176,285,0,1,1,1,1.0,0.0,0.0035087719298245615,True,0.38260175438596494,0.21175669753759352,False,False,,9.1,,0,[],[],0,False,False,,,97.5,False,,,0.0,,False,9.1,0,,False,[],,False,285.0,285.0,True
bc1phlw38j96uym4x6drt3wcufq9ekj65xra235leps7qee2tzp0wmksn088em,bitcoin,BTC,0.7471104,0.00262144,BTC,48562.176,285,0,1,1,1,1.0,0.0,0.0035087719298245615,True,0.38260175438596494,0.21175669753759352,False,False,,9.1,,0,[],[],0,False,False,,,97.5,False,,,0.0,,False,9.1,0,,False,[],,False,285.0,285.0,True
bc1pyj4ny5q3u0r5gfxer080nmhkhsqsxx8wqndwa06tucxcqp0ffqqsas3hjv,bitcoin,BTC,0.7471104,0.0,BTC,48562.176,285,0,0,1,1,1.0,0.0,0.0,True,0.3819,0.21175669753759352,False,False,,9.1,,0,[],[],0,False,False,,,97.5,False,,,0.0,,False,9.1,0,,False,[],,False,285.0,285.0,True
bc1pw5d7ud6zm3agr3hshm6mqg6vam9e5cfrx2pg2yq6za77lssttt3qkz2pv8,bitcoin,BTC,4.84442112,0.0,BTC,314887.3728,231,0,0,1,1,1.0,0.0,0.0,True,0.3042,0.2118005214616081,False,False,,9.1,,0,[],[],0,False,False,,,86.8,False,,,0.0,,False,9.1,0,,False,[],,False,231.0,231.0,True
bc1p7tedyx0q9u9rxx5nvq449uy243v5dl9vdzaq587ulzyaps7ahkks3kxs9q,bitcoin,BTC,4.84442112,0.0,BTC,314887.3728,231,0,0,1,1,1.0,0.0,0.0,True,0.3042,0.2118005214616081,False,False,,9.1,,0,[],[],0,False,False,,,86.8,False,,,0.0,,False,9.1,0,,False,[],,False,231.0,231.0,True
bc1p68ggundpdja32qdkusjulqu7zj2lq7zeg4z97wprk8u2ung6fypswlrena,bitcoin,BTC,4.84442112,0.0,BTC,314887.3728,231,0,0,1,1,1.0,0.0,0.0,True,0.3042,0.2118005214616081,False,False,,9.1,,0,[],[],0,False,False,,,86.8,False,,,0.0,,False,9.1,0,,False,[],,False,231.0,231.0,True
bc1p9fxwc864cafwy8r83pw6tqaa7hhfxvyef0tcfv8wyvuhqa49s4qsevhe66,bitcoin,BTC,4.84442112,0.0,BTC,314887.3728,231,0,0,1,1,1.0,0.0,0.0,True,0.3042,0.2118005214616081,False,False,,9.1,,0,[],[],0,False,False,,,86.8,False,,,0.0,,False,9.1,0,,False,[],,False,231.0,231.0,True
bc1p8kerc6yjpstkm7rfuhzdg097teqde4zzzkh04d74vzfmcaa50p0skfmtwx,bitcoin,BTC,4.84442112,0.0,BTC,314887.3728,231,0,0,1,1,1.0,0.0,0.0,True,0.3042,0.2118005214616081,False,False,,9.1,,0,[],[],0,False,False,,,86.8,False,,,0.0,,False,9.1,0,,False,[],,False,231.0,231.0,True
bc1ptyc4xpp6ktqm4a98yeys3fdma3tdyp47myzjlzf0nqm8mehesl7sl6whr6,bitcoin,BTC,4.84442112,0.0,BTC,314887.3728,231,0,0,1,1,1.0,0.0,0.0,True,0.3042,0.2118005214616081,False,False,,9.1,,0,[],[],0,False,False,,,86.8,False,,,0.0,,False,9.1,0,,False,[],,False,231.0,231.0,True
bc1pzthgacl6e2x966hfk73sf9f25u5pyme4yaf5jal9rxj6u9vxlt3qcvfzrk,bitcoin,BTC,7.05,0.0,BTC,458250.0,141,0,0,1,1,1.0,0.0,0.0,True,0.109875,0.21179128320072776,False,False,,9.1,,0,[],[],0,False,False,,,60.2,False,,,0.0,,False,9.1,0,,False,[],,False,141.0,141.0,True
bc1prnhtemwns5r0dqfglghj4fr9wvzprupzpqxqmu79q3fr3edta42qanycmq,bitcoin,BTC,9.0876411,0.03188646,BTC,590696.6715,285,0,1,1,1,1.0,0.0,0.0035087719298245615,True,0.38260175438596494,0.21223987485379092,False,False,,9.0,,0,[],[],0,False,False,,,97.5,False,,,0.0,,False,9.0,0,,False,[],,False,285.0,285.0,True
bc1qzgcsm55ar9e83q5zrrxvssxhe5673y62rvfrg7,bitcoin,BTC,9.0876411,0.03188646,BTC,590696.6715,285,0,1,1,1,1.0,0.0,0.0035087719298245615,True,0.38260175438596494,0.21223987485379092,False,False,,9.0,,0,[],[],0,False,False,,,97.5,False,,,0.0,,False,9.0,0,,False,[],,False,285.0,285.0,True
bc1paw8rpng5gruerps86q7a639egklvyhxhqg5ptnwuhxp65djc440qmtt4rx,bitcoin,BTC,9.0876411,0.03188646,BTC,590696.6715,285,0,1,1,1,1.0,0.0,0.0035087719298245615,True,0.38260175438596494,0.21223987485379092,False,False,,9.0,,0,[],[],0,False,False,,,97.5,False,,,0.0,,False,9.0,0,,False,[],,False,285.0,285.0,True
bc1pfg34mqjkgmtdgge6plzt23x9scyz938azwp89ntm94lpwgt98v3qfugh43,bitcoin,BTC,9.0876411,0.03188646,BTC,590696.6715,285,0,1,1,1,1.0,0.0,0.0035087719298245615,True,0.38260175438596494,0.21223987485379092,False,False,,9.0,,0,[],[],0,False,False,,,97.5,False,,,0.0,,False,9.0,0,,False,[],,False,285.0,285.0,True
bc1pmkvdwa4tcwaeplsfg7ya65s0u3ahfcjrxa0x4ymwtasgxw4sspys7gxuys,bitcoin,BTC,9.0876411,0.03188646,BTC,590696.6715,285,0,1,1,1,1.0,0.0,0.0035087719298245615,True,0.38260175438596494,0.21223987485379092,False,False,,9.0,,0,[],[],0,False,False,,,97.5,False,,,0.0,,False,9.0,0,,False,[],,False,285.0,285.0,True
bc1pt5ehcu23hy8n0fjdhsw8d0y3mcrrvg0n44m97gd3ag0vfhvkllxq8efllv,bitcoin,BTC,9.0876411,0.03188646,BTC,590696.6715,285,0,1,1,1,1.0,0.0,0.0035087719298245615,True,0.38260175438596494,0.21223987485379092,False,False,,9.0,,0,[],[],0,False,False,,,97.5,False,,,0.0,,False,9.0,0,,False,[],,False,285.0,285.0,True
bc1pww8e997l7n0jgkmk37w9nhlev07s7v99n269cqd8xdc8khrqc23s7j8ydu,bitcoin,BTC,9.0876411,0.03188646,BTC,590696.6715,285,0,1,1,1,1.0,0.0,0.0035087719298245615,True,0.38260175438596494,0.21223987485379092,False,False,,9.0,,0,[],[],0,False,False,,,97.5,False,,,0.0,,False,9.0,0,,False,[],,False,285.0,285.0,True
bc1p092ljcpty0lfpxppmcexv5afwtg268sm84mh6lanf2wcu7ujauwsqnntsf,bitcoin,BTC,9.0876411,0.03188646,BTC,590696.6715,285,0,1,1,1,1.0,0.0,0.0035087719298245615,True,0.38260175438596494,0.21223987485379092,False,False,,9.0,,0,[],[],0,False,False,,,97.5,False,,,0.0,,False,9.0,0,,False,[],,False,285.0,285.0,True
bc1pv5gzy35rmugjcy9z2zrteccwr9gseyffvzx622k6mejntn045vwqfm403k,bitcoin,BTC,9.0876411,0.03188646,BTC,590696.6715,285,0,1,1,1,1.0,0.0,0.0035087719298245615,True,0.38260175438596494,0.21223987485379092,False,False,,9.0,,0,[],[],0,False,False,,,97.5,False,,,0.0,,False,9.0,0,,False,[],,False,285.0,285.0,True
bc1pzk4upquyzfuwrhwxx025hys7yt2u382egfgapsdnepemswth5a6q5vad26,bitcoin,BTC,9.0876411,0.03188646,BTC,590696.6715,285,0,1,1,1,1.0,0.0,0.0035087719298245615,True,0.38260175438596494,0.21223987485379092,False,False,,9.0,,0,[],[],0,False,False,,,97.5,False,,,0.0,,False,9.0,0,,False,[],,False,285.0,285.0,True
bc1pjz629f5sevrtnucdzpf00s05frgfkezj0lgyvj5t58qhmxlpzzpsrh27x5,bitcoin,BTC,9.0876411,0.03188646,BTC,590696.6715,285,0,1,1,1,1.0,0.0,0.0035087719298245615,True,0.38260175438596494,0.21223987485379092,False,False,,9.0,,0,[],[],0,False,False,,,97.5,False,,,0.0,,False,9.0,0,,False,[],,False,285.0,285.0,True
bc1ptxduwqgak8cp9g49fwydplxt50xfhxxxd5zal83dpmmngstpx8wsz40kxr,bitcoin,BTC,9.0876411,0.0,BTC,590696.6715,285,0,0,1,1,1.0,0.0,0.0,True,0.3819,0.21223987485379092,False,False,,9.0,,0,[],[],0,False,False,,,97.5,False,,,0.0,,False,9.0,0,,False,[],,False,285.0,285.0,True
bc1p2mkcgr5mg349m2vrqpkwatu0lywcp30qk9aauz7gm94ca040fdnse5mkvm,bitcoin,BTC,9.0876411,0.0,BTC,590696.6715,285,0,0,1,1,1.0,0.0,0.0,True,0.3819,0.21223987485379092,False,False,,9.0,,0,[],[],0,False,False,,,97.5,False,,,0.0,,False,9.0,0,,False,[],,False,285.0,285.0,True
bc1prfwnvv4lwlplqxdvpvfqmd7l3sk8unlr4lj70kjat36kml6qgmgsremfjx,bitcoin,BTC,9.0876411,0.0,BTC,590696.6715,285,0,0,1,1,1.0,0.0,0.0,True,0.3819,0.21223987485379092,False,False,,9.0,,0,[],[],0,False,False,,,97.5,False,,,0.0,,False,9.0,0,,False,[],,False,285.0,285.0,True
bc1pz3ex9rufcvnjch9mzurzl74pxjjn9skzr2fwvc2030ap4pmyv6dqkeykp8,bitcoin,BTC,9.0876411,0.0,BTC,590696.6715,285,0,0,1,1,1.0,0.0,0.0,True,0.3819,0.21223987485379092,False,False,,9.0,,0,[],[],0,False,False,,,97.5,False,,,0.0,,False,9.0,0,,False,[],,False,285.0,285.0,True
bc1p6f4ps6gg4u5dtn583v2v6ar5nezm5jpz4j5u55p48r7rw0plrfjslmu2c4,bitcoin,BTC,9.0876411,0.0,BTC,590696.6715,285,0,0,1,1,1.0,0.0,0.0,True,0.3819,0.21223987485379092,False,False,,9.0,,0,[],[],0,False,False,,,97.5,False,,,0.0,,False,9.0,0,,False,[],,False,285.0,285.0,True
bc1pz09t92d5enzkmawnr7e9e3sv5jrqsusrfd4leyu6pfv3e0aukyqqj2hdrp,bitcoin,BTC,2.45525742,0.0,BTC,159591.7323,231,0,0,1,1,1.0,0.0,0.0,True,0.3042,0.21306470282289675,False,False,,8.9,,0,[],[],0,False,False,,,86.8,False,,,0.0,,False,8.9,0,,False,[],,False,231.0,231.0,True
bc1pz4lnnkc8d6smyrwveqf05m90cnfwtcwx3lkycqfvzdsggqc0he5qznnle3,bitcoin,BTC,2.45525742,0.0,BTC,159591.7323,231,0,0,1,1,1.0,0.0,0.0,True,0.3042,0.21306470282289675,False,False,,8.9,,0,[],[],0,False,False,,,86.8,False,,,0.0,,False,8.9,0,,False,[],,False,231.0,231.0,True
bc1p5j0kyfd0cerdgk6g8lwt0jsdmklg7ulr6q9d6tq808d7v5ytrxasnk0uze,bitcoin,BTC,0.77058945,0.0,BTC,50088.31425,145,0,0,1,1,1.0,0.0,0.0,True,0.113175,0.21382589491781623,False,False,,8.8,,0,[],[],0,False,False,,,60.6,False,,,0.0,,False,8.8,0,,False,[],,False,145.0,145.0,True
bc1p8rf88kqnnrlwaupsm7ke7gkfqd88kugy3n7rnq0t4m96j4nxgvns62kl3q,bitcoin,BTC,4.49599086,0.0,BTC,292239.4059,141,0,0,1,1,1.0,0.0,0.0,True,0.109875,0.2140452115266429,False,False,,8.8,,0,[],[],0,False,False,,,60.2,False,,,0.0,,False,8.8,0,,False,[],,False,141.0,141.0,True
bc1pndsnmgrkwefffxkr9ph0rg09ajdptghf222vckuy0pdlvecegr8s2xdjak,bitcoin,BTC,4.49599086,0.0,BTC,292239.4059,141,0,0,1,1,1.0,0.0,0.0,True,0.109875,0.2140452115266429,False,False,,8.8,,0,[],[],0,False,False,,,60.2,False,,,0.0,,False,8.8,0,,False,[],,False,141.0,141.0,True
bc1pu0wu2gqpmmeaa4ntv2esnq64r95j4jyry0f33ag7y37gw25l53ns6t8605,bitcoin,BTC,4.49599086,0.0,BTC,292239.4059,141,0,0,1,1,1.0,0.0,0.0,True,0.109875,0.2140452115266429,False,False,,8.8,,0,[],[],0,False,False,,,60.2,False,,,0.0,,False,8.8,0,,False,[],,False,141.0,141.0,True
bc1pjnp89gsck4c8q7y6ea67caqsavjesquhqma9q8fqukr45shrla2s585rpn,bitcoin,BTC,4.49599086,0.0,BTC,292239.4059,141,0,0,1,1,1.0,0.0,0.0,True,0.109875,0.2140452115266429,False,False,,8.8,,0,[],[],0,False,False,,,60.2,False,,,0.0,,False,8.8,0,,False,[],,False,141.0,141.0,True
bc1p7vmtqwupntk8hmh0m8zrnytmn539zszp0fqcxk3v2at4d44ld6xsmn0h2p,bitcoin,BTC,4.49599086,0.0,BTC,292239.4059,141,0,0,1,1,1.0,0.0,0.0,True,0.109875,0.2140452115266429,False,False,,8.8,,0,[],[],0,False,False,,,60.2,False,,,0.0,,False,8.8,0,,False,[],,False,141.0,141.0,True
bc1pjye2wk2976a7785dysxy3a7w9mhxd0elmx3ln4jh6sqrmyw9pygshe7jld,bitcoin,BTC,2.97795584,0.0,BTC,193567.1296,140,0,0,1,1,1.0,0.0,0.0,True,0.10725,0.2134792229330733,False,False,,8.8,,0,[],[],0,False,False,,,59.8,False,,,0.0,,False,8.8,0,,False,[],,False,140.0,140.0,True
bc1pm8eqv4ku7h3fqwtwfjxpj93rtzcf3rmkmcnuxfx6a70ry7q8dptsvf5ta2,bitcoin,BTC,32.38002688,0.0,BTC,2104701.7472,193,0,0,1,1,1.0,0.0,0.0,True,0.224175,0.2142355200835372,False,False,,8.7,,0,[],[],0,False,False,,,75.8,False,,,0.0,,False,8.7,0,,False,[],,False,193.0,193.0,True
bc1pxd7kv63jr39w9uue5haq8wyuy7w09qucht8duah43gk9yhap5lvq66q7l3,bitcoin,BTC,32.38002688,0.0,BTC,2104701.7472,193,0,0,1,1,1.0,0.0,0.0,True,0.224175,0.2142355200835372,False,False,,8.7,,0,[],[],0,False,False,,,75.8,False,,,0.0,,False,8.7,0,,False,[],,False,193.0,193.0,True
bc1psjyqsc690jgpflp909w6qx7ymdp6t0rtlrdunpehn3dqzzdp9hssra8naq,bitcoin,BTC,36.4,0.0,BTC,2366000.0,182,0,0,1,1,1.0,0.0,0.0,True,0.189225,0.2141886643109273,False,False,,8.7,,0,[],[],0,False,False,,,71.0,False,,,0.0,,False,8.7,0,,False,[],,False,182.0,182.0,True
bc1p9n7ve56rqh9k4fj3ghnu3lgs6pneprmwvtupa8dme06kzpsm54xsps6j4k,bitcoin,BTC,36.4,0.0,BTC,2366000.0,182,0,0,1,1,1.0,0.0,0.0,True,0.189225,0.2141886643109273,False,False,,8.7,,0,[],[],0,False,False,,,71.0,False,,,0.0,,False,8.7,0,,False,[],,False,182.0,182.0,True
bc1q5zgchguh6wlsmykm2l3vmqm9t3cukte7e9jwts,bitcoin,BTC,36.4,0.0,BTC,2366000.0,182,0,0,1,1,1.0,0.0,0.0,True,0.189225,0.2141886643109273,False,False,,8.7,,0,[],[],0,False,False,,,71.0,False,,,0.0,,False,8.7,0,,False,[],,False,182.0,182.0,True
bc1pq80uxhtrmq62je278xhd5ehq2qrw0x2fxumjqh7a6f7tk5e5k8qskx6hm3,bitcoin,BTC,24.99805184,0.0,BTC,1624873.3695999999,149,0,0,1,1,1.0,0.0,0.0,True,0.12764999999999999,0.21442250916952715,False,False,,8.7,,0,[],[],0,False,False,,,62.6,False,,,0.0,,False,8.7,0,,False,[],,False,149.0,149.0,True
bc1pg6w4ugutp72a77pyr6y3qdemtretj8wrfy3gks0czpjx0nnnfemqwjz8f0,bitcoin,BTC,24.99805184,0.0,BTC,1624873.3695999999,149,0,0,1,1,1.0,0.0,0.0,True,0.12764999999999999,0.21442250916952715,False,False,,8.7,,0,[],[],0,False,False,,,62.6,False,,,0.0,,False,8.7,0,,False,[],,False,149.0,149.0,True
bc1p3m4n8ukl0umusc8hkawm9p44wwytupmlvjll9m98huswfd85dxts03wr43,bitcoin,BTC,24.99805184,0.0,BTC,1624873.3695999999,149,0,0,1,1,1.0,0.0,0.0,True,0.12764999999999999,0.21442250916952715,False,False,,8.7,,0,[],[],0,False,False,,,62.6,False,,,0.0,,False,8.7,0,,False,[],,False,149.0,149.0,True
bc1ptqfvzcmppu6frv8fdrtgjf99yynzx0r3r2wq9wejcl3penffwxsqnegjdt,bitcoin,BTC,24.99805184,0.0,BTC,1624873.3695999999,149,0,0,1,1,1.0,0.0,0.0,True,0.12764999999999999,0.21442250916952715,False,False,,8.7,,0,[],[],0,False,False,,,62.6,False,,,0.0,,False,8.7,0,,False,[],,False,149.0,149.0,True
bc1p6gd3lgkfh660y7x5rq75jz20j8q3pyd5c7fgtt5cgzcgvy50vh2sg3lazn,bitcoin,BTC,27.34686208,0.0,BTC,1777546.0352,163,0,0,1,1,1.0,0.0,0.0,True,0.15375,0.21554705756937492,False,False,,8.6,,0,[],[],0,False,False,,,66.2,False,,,0.0,,False,8.6,0,,False,[],,False,163.0,163.0,True
bc1p5jr0ge66c5cyanlw9cmef3gqtgka98xrkpk79t9m9wq89lqpytus9lefez,bitcoin,BTC,27.34686208,0.0,BTC,1777546.0352,163,0,0,1,1,1.0,0.0,0.0,True,0.15375,0.21554705756937492,False,False,,8.6,,0,[],[],0,False,False,,,66.2,False,,,0.0,,False,8.6,0,,False,[],,False,163.0,163.0,True
bc1pu20w6ejq6hvajt0ptlvye6cznsngvycf67h0r3ma8kq9y0skvw8sxusnk7,bitcoin,BTC,27.34686208,0.0,BTC,1777546.0352,163,0,0,1,1,1.0,0.0,0.0,True,0.15375,0.21554705756937492,False,False,,8.6,,0,[],[],0,False,False,,,66.2,False,,,0.0,,False,8.6,0,,False,[],,False,163.0,163.0,True
bc1p7glfxdjwdg8mug8krg5q7emezq5p8pxqxd6utna3pdmsyzy5uplsxrmz89,bitcoin,BTC,1.4942208,0.00524288,BTC,97124.352,285,0,1,1,1,1.0,0.0,0.0035087719298245615,True,0.38260175438596494,0.21656353001758044,False,False,,8.4,,0,[],[],0,False,False,,,97.5,False,,,0.0,,False,8.4,0,,False,[],,False,285.0,285.0,True
bc1parr77d0hvy229pe8mkpp6spwhvcvvvf7zpygxe9v8mrj2mndynusnczaa8,bitcoin,BTC,1.4942208,0.00524288,BTC,97124.352,285,0,1,1,1,1.0,0.0,0.0035087719298245615,True,0.38260175438596494,0.21656353001758044,False,False,,8.4,,0,[],[],0,False,False,,,97.5,False,,,0.0,,False,8.4,0,,False,[],,False,285.0,285.0,True
bc1p4mdy4nz249vlnsmuprcce79k87amm4yjj737s423ut9mejgz0r5s6s5x7y,bitcoin,BTC,1.4942208,0.00524288,BTC,97124.352,285,0,1,1,1,1.0,0.0,0.0035087719298245615,True,0.38260175438596494,0.21656353001758044,False,False,,8.4,,0,[],[],0,False,False,,,97.5,False,,,0.0,,False,8.4,0,,False,[],,False,285.0,285.0,True
bc1pp8ldufy8fjazhqyjvv8adde09e53r753yqzdd9wm67yl5pfljd0qa2h5ct,bitcoin,BTC,1.4942208,0.00524288,BTC,97124.352,285,0,1,1,1,1.0,0.0,0.0035087719298245615,True,0.38260175438596494,0.21656353001758044,False,False,,8.4,,0,[],[],0,False,False,,,97.5,False,,,0.0,,False,8.4,0,,False,[],,False,285.0,285.0,True
bc1p7t4eewg8kc6e0uggqq4exn3vpvmjqyxq66wfd3x6zekspderu5kqwfy98n,bitcoin,BTC,1.4942208,0.00524288,BTC,97124.352,285,0,1,1,1,1.0,0.0,0.0035087719298245615,True,0.38260175438596494,0.21656353001758044,False,False,,8.4,,0,[],[],0,False,False,,,97.5,False,,,0.0,,False,8.4,0,,False,[],,False,285.0,285.0,True
bc1ppuxmygwhn7gqs7fayne6eumj2ksx8huh7rp8hy5ndlrtwkss623sjcvrtc,bitcoin,BTC,1.4942208,0.00524288,BTC,97124.352,285,0,1,1,1,1.0,0.0,0.0035087719298245615,True,0.38260175438596494,0.21656353001758044,False,False,,8.4,,0,[],[],0,False,False,,,97.5,False,,,0.0,,False,8.4,0,,False,[],,False,285.0,285.0,True
bc1pvvx4clv3nlt9dk4etq2vw6lym2t3wsgjwtuhlrnfs7fppukkheuqzlrdd6,bitcoin,BTC,1.4942208,0.00524288,BTC,97124.352,285,0,1,1,1,1.0,0.0,0.0035087719298245615,True,0.38260175438596494,0.21656353001758044,False,False,,8.4,,0,[],[],0,False,False,,,97.5,False,,,0.0,,False,8.4,0,,False,[],,False,285.0,285.0,True
bc1puxw39n6hpmdrjvmxhcf5y95v0fk0mrt9v03f56j3muppu27kl6dqmxq6yu,bitcoin,BTC,1.4942208,0.00524288,BTC,97124.352,285,0,1,1,1,1.0,0.0,0.0035087719298245615,True,0.38260175438596494,0.21656353001758044,False,False,,8.4,,0,[],[],0,False,False,,,97.5,False,,,0.0,,False,8.4,0,,False,[],,False,285.0,285.0,True
bc1p0k8c3nxrk0qf2h23cqpjm97k6s46ttp4737gftwf3qdar8fzpjmqus4qhz,bitcoin,BTC,1.4942208,0.00524288,BTC,97124.352,285,0,1,1,1,1.0,0.0,0.0035087719298245615,True,0.38260175438596494,0.21656353001758044,False,False,,8.4,,0,[],[],0,False,False,,,97.5,False,,,0.0,,False,8.4,0,,False,[],,False,285.0,285.0,True
bc1pdt6v7w2w6zckdja4tjurwjw47ezfju8zjdzuteapdv34c9rz3zfq3pwesq,bitcoin,BTC,1.4942208,0.00524288,BTC,97124.352,285,0,1,1,1,1.0,0.0,0.0035087719298245615,True,0.38260175438596494,0.21656353001758044,False,False,,8.4,,0,[],[],0,False,False,,,97.5,False,,,0.0,,False,8.4,0,,False,[],,False,285.0,285.0,True
bc1psphqkq2p3qdqdqupkvnuq2hsv5hps253y454f963mas7lsj3phzqcczchh,bitcoin,BTC,1.4942208,0.0,BTC,97124.352,285,0,0,1,1,1.0,0.0,0.0,True,0.3819,0.21656353001758044,False,False,,8.4,,0,[],[],0,False,False,,,97.5,False,,,0.0,,False,8.4,0,,False,[],,False,285.0,285.0,True
bc1p8ct4qfy3szqsm7w7a0kf79gymd6nwgtsqwm2v9swqkmm48nshauskr20jv,bitcoin,BTC,1.4942208,0.0,BTC,97124.352,285,0,0,1,1,1.0,0.0,0.0,True,0.3819,0.21656353001758044,False,False,,8.4,,0,[],[],0,False,False,,,97.5,False,,,0.0,,False,8.4,0,,False,[],,False,285.0,285.0,True
bc1peat26ge6qvj9v0tf9heh34f0tts4gwa6fzep3jy07sqy780hz4zquchsx6,bitcoin,BTC,2.95698432,0.0,BTC,192203.98080000002,141,0,0,1,1,1.0,0.0,0.0,True,0.109875,0.21638462088192756,False,False,,8.4,,0,[],[],0,False,False,,,60.2,False,,,0.0,,False,8.4,0,,False,[],,False,141.0,141.0,True
bc1pcs4t0hx49lcuw859024683y8zffxgphgh2zkuej5wqq3k620qcwqc6t86q,bitcoin,BTC,2.95698432,0.0,BTC,192203.98080000002,141,0,0,1,1,1.0,0.0,0.0,True,0.109875,0.21638462088192756,False,False,,8.4,,0,[],[],0,False,False,,,60.2,False,,,0.0,,False,8.4,0,,False,[],,False,141.0,141.0,True
bc1pfqsw48sakpzymn88aq45ftw3pp0n2ph34htqc3gs43x66sstfywqgezn8r,bitcoin,BTC,2.95698432,0.0,BTC,192203.98080000002,141,0,0,1,1,1.0,0.0,0.0,True,0.109875,0.21638462088192756,False,False,,8.4,,0,[],[],0,False,False,,,60.2,False,,,0.0,,False,8.4,0,,False,[],,False,141.0,141.0,True
bc1p3lzdj8ptqhc6yt39ynypskhhtv362um8zfqrt8k76099g66kqj4sda69ex,bitcoin,BTC,2.95698432,0.0,BTC,192203.98080000002,141,0,0,1,1,1.0,0.0,0.0,True,0.109875,0.21638462088192756,False,False,,8.4,,0,[],[],0,False,False,,,60.2,False,,,0.0,,False,8.4,0,,False,[],,False,141.0,141.0,True
bc1paftecvd6865w2k72lm9y9r22jj4dn9gaatwcmp6rednqvxeldffsvre43m,bitcoin,BTC,2.95698432,0.0,BTC,192203.98080000002,141,0,0,1,1,1.0,0.0,0.0,True,0.109875,0.21638462088192756,False,False,,8.4,,0,[],[],0,False,False,,,60.2,False,,,0.0,,False,8.4,0,,False,[],,False,141.0,141.0,True
bc1pmfwql6urz23hdt8dj4s4zjy7flasrcrf8qdt457j7sal7q7wmzjqzkvem8,bitcoin,BTC,2.95698432,0.0,BTC,192203.98080000002,141,0,0,1,1,1.0,0.0,0.0,True,0.109875,0.21638462088192756,False,False,,8.4,,0,[],[],0,False,False,,,60.2,False,,,0.0,,False,8.4,0,,False,[],,False,141.0,141.0,True
bc1ppxw0pgykkn54tqq4aam6a04klznaq4r7g0p4yttrlxfj0uj8q8wskz2t8c,bitcoin,BTC,1.0097379,0.00354294,BTC,65632.9635,285,0,1,1,1,1.0,0.0,0.0035087719298245615,True,0.38260175438596494,0.21766172134764428,False,False,,8.3,,0,[],[],0,False,False,,,97.5,False,,,0.0,,False,8.3,0,,False,[],,False,285.0,285.0,True
bc1pvtf4cuglr7fvsjaygsz7vnm8vp8xuqdgfpq5htr222za3eadh23qwrydaf,bitcoin,BTC,1.0097379,0.00354294,BTC,65632.9635,285,0,1,1,1,1.0,0.0,0.0035087719298245615,True,0.38260175438596494,0.21766172134764428,False,False,,8.3,,0,[],[],0,False,False,,,97.5,False,,,0.0,,False,8.3,0,,False,[],,False,285.0,285.0,True
bc1pud45dgr9ctvdfxsvk6y05wk80mgdrqp36v53hd29jstce0xlk89qvvhgjz,bitcoin,BTC,1.0097379,0.00354294,BTC,65632.9635,285,0,1,1,1,1.0,0.0,0.0035087719298245615,True,0.38260175438596494,0.21766172134764428,False,False,,8.3,,0,[],[],0,False,False,,,97.5,False,,,0.0,,False,8.3,0,,False,[],,False,285.0,285.0,True
bc1prh8pk20eetnxyfnjt7w82tg729hmx3jz87n9ztfg9l6fwvdcrlrs4xtrj4,bitcoin,BTC,1.0097379,0.00354294,BTC,65632.9635,285,0,1,1,1,1.0,0.0,0.0035087719298245615,True,0.38260175438596494,0.21766172134764428,False,False,,8.3,,0,[],[],0,False,False,,,97.5,False,,,0.0,,False,8.3,0,,False,[],,False,285.0,285.0,True
bc1pfs8593uq9g7yn2swelmvpzlarlgmlc992jwrhwc3sxr2kr7gq06qkr4gqk,bitcoin,BTC,1.0097379,0.00354294,BTC,65632.9635,285,0,1,1,1,1.0,0.0,0.0035087719298245615,True,0.38260175438596494,0.21766172134764428,False,False,,8.3,,0,[],[],0,False,False,,,97.5,False,,,0.0,,False,8.3,0,,False,[],,False,285.0,285.0,True
bc1qucpyfh08gt2s6yf4yv2t0nllravxvpk6g5drec,bitcoin,BTC,1.0097379,0.00354294,BTC,65632.9635,285,0,1,1,1,1.0,0.0,0.0035087719298245615,True,0.38260175438596494,0.21766172134764428,False,False,,8.3,,0,[],[],0,False,False,,,97.5,False,,,0.0,,False,8.3,0,,False,[],,False,285.0,285.0,True
bc1puuu9886p6xprsarrl8dwp7v4ujfz5vqx734ujzvrvelgtqvg6rnsnshsnd,bitcoin,BTC,1.0097379,0.00354294,BTC,65632.9635,285,0,1,1,1,1.0,0.0,0.0035087719298245615,True,0.38260175438596494,0.21766172134764428,False,False,,8.3,,0,[],[],0,False,False,,,97.5,False,,,0.0,,False,8.3,0,,False,[],,False,285.0,285.0,True
bc1plhcw5nv2zgguzvgxa2zp00snc02w760hhnmlwvsy83mduryguvssfeyw7m,bitcoin,BTC,1.0097379,0.0,BTC,65632.9635,285,0,0,1,1,1.0,0.0,0.0,True,0.3819,0.21766172134764428,False,False,,8.3,,0,[],[],0,False,False,,,97.5,False,,,0.0,,False,8.3,0,,False,[],,False,285.0,285.0,True
bc1pg87dhvrrqyhsef63tfqaxhka2drd8z670jxgt35ltwx96n6u42pq4fghjx,bitcoin,BTC,1.0097379,0.0,BTC,65632.9635,285,0,0,1,1,1.0,0.0,0.0,True,0.3819,0.21766172134764428,False,False,,8.3,,0,[],[],0,False,False,,,97.5,False,,,0.0,,False,8.3,0,,False,[],,False,285.0,285.0,True
bc1p9y8j3ums8du4l4jyt3s8w85t5n9yd69hexw0zhukp9h004daeajsqqpke6,bitcoin,BTC,1.0097379,0.0,BTC,65632.9635,285,0,0,1,1,1.0,0.0,0.0,True,0.3819,0.21766172134764428,False,False,,8.3,,0,[],[],0,False,False,,,97.5,False,,,0.0,,False,8.3,0,,False,[],,False,285.0,285.0,True
bc1pec3q8v7jw377dn9f3apa70gwh7p56w0356wcc48g39rm22awaeesvjh3km,bitcoin,BTC,1.0097379,0.0,BTC,65632.9635,285,0,0,1,1,1.0,0.0,0.0,True,0.3819,0.21766172134764428,False,False,,8.3,,0,[],[],0,False,False,,,97.5,False,,,0.0,,False,8.3,0,,False,[],,False,285.0,285.0,True
bc1pr4mm7el05adarq0pv043f9zda53rdekfydy003e3qxr89gt6mtgsuthxgt,bitcoin,BTC,34.4,0.0,BTC,2236000.0,172,0,0,1,1,1.0,0.0,0.0,True,0.164775,0.21854301407461224,False,False,,8.2,,0,[],[],0,False,False,,,67.7,False,,,0.0,,False,8.2,0,,False,[],,False,172.0,172.0,True
bc1p0yfuu86muzfcz94sce3jdtvcea734885sjleyftuprws4wq6t0pqspyvft,bitcoin,BTC,0.54206982,0.0,BTC,35234.5383,153,0,0,1,1,1.0,0.0,0.0,True,0.13305,0.21826775225121148,False,False,,8.2,,0,[],[],0,False,False,,,63.4,False,,,0.0,,False,8.2,0,,False,[],,False,153.0,153.0,True
bc1q898m3855ggf8pjc8xdsfasudjqts0alt2jfm20,bitcoin,BTC,0.54206982,0.0,BTC,35234.5383,153,0,0,1,1,1.0,0.0,0.0,True,0.13305,0.21826775225121148,False,False,,8.2,,0,[],[],0,False,False,,,63.4,False,,,0.0,,False,8.2,0,,False,[],,False,153.0,153.0,True
bc1p3kanvtmfyap7cscp23984928g65jfzewnn64llrugdqlxjuxkkds0x37kw,bitcoin,BTC,0.54206982,0.0,BTC,35234.5383,153,0,0,1,1,1.0,0.0,0.0,True,0.13305,0.21826775225121148,False,False,,8.2,,0,[],[],0,False,False,,,63.4,False,,,0.0,,False,8.2,0,,False,[],,False,153.0,153.0,True
bc1q50f5htp9qc2xx43qv34lqet9fjsvjxepvxw6mr,bitcoin,BTC,5.9768832,0.02097152,BTC,388497.408,285,0,1,1,1,1.0,0.0,0.0035087719298245615,True,0.38260175438596494,0.219617222927467,False,False,,8.0,,0,[],[],0,False,False,,,97.5,False,,,0.0,,False,8.0,0,,False,[],,False,285.0,285.0,True
bc1qg7k45nyh4dhwmzcca4vhnduztfv9ktheqljm0m,bitcoin,BTC,5.9768832,0.02097152,BTC,388497.408,285,0,1,1,1,1.0,0.0,0.0035087719298245615,True,0.38260175438596494,0.219617222927467,False,False,,8.0,,0,[],[],0,False,False,,,97.5,False,,,0.0,,False,8.0,0,,False,[],,False,285.0,285.0,True
bc1pntrglwh0n8ym5an08mkwxvrc4mynywdwlu6yxvq27c5xanvcqjxqc5lxy8,bitcoin,BTC,5.9768832,0.02097152,BTC,388497.408,285,0,1,1,1,1.0,0.0,0.0035087719298245615,True,0.38260175438596494,0.219617222927467,False,False,,8.0,,0,[],[],0,False,False,,,97.5,False,,,0.0,,False,8.0,0,,False,[],,False,285.0,285.0,True
bc1p4psakwcpqmvjcmzcwq77rx593mjwz9t4xwe8hhhau66209uuz6rqhqhpt8,bitcoin,BTC,5.9768832,0.02097152,BTC,388497.408,285,0,1,1,1,1.0,0.0,0.0035087719298245615,True,0.38260175438596494,0.219617222927467,False,False,,8.0,,0,[],[],0,False,False,,,97.5,False,,,0.0,,False,8.0,0,,False,[],,False,285.0,285.0,True
bc1pwlm4zamawpnnh77nxk2lcnmsxma6uv867gzthwwymn2ycqxh8rqswsltr2,bitcoin,BTC,5.9768832,0.02097152,BTC,388497.408,285,0,1,1,1,1.0,0.0,0.0035087719298245615,True,0.38260175438596494,0.219617222927467,False,False,,8.0,,0,[],[],0,False,False,,,97.5,False,,,0.0,,False,8.0,0,,False,[],,False,285.0,285.0,True
bc1pa9sqmhmalyhd5jwzc8d9ns8llrdtjwl72ypxnm85zty6rw9dy66qlfymng,bitcoin,BTC,5.9768832,0.02097152,BTC,388497.408,285,0,1,1,1,1.0,0.0,0.0035087719298245615,True,0.38260175438596494,0.219617222927467,False,False,,8.0,,0,[],[],0,False,False,,,97.5,False,,,0.0,,False,8.0,0,,False,[],,False,285.0,285.0,True
bc1qex78cc6khckqd8veuwfqvxn9xl3hacdt4ydwkt,bitcoin,BTC,5.9768832,0.02097152,BTC,388497.408,285,0,1,1,1,1.0,0.0,0.0035087719298245615,True,0.38260175438596494,0.219617222927467,False,False,,8.0,,0,[],[],0,False,False,,,97.5,False,,,0.0,,False,8.0,0,,False,[],,False,285.0,285.0,True
bc1qgme0tgf25x0g6shd9fw20eaft6rlfrklkr62ur,bitcoin,BTC,5.9768832,0.02097152,BTC,388497.408,285,0,1,1,1,1.0,0.0,0.0035087719298245615,True,0.38260175438596494,0.219617222927467,False,False,,8.0,,0,[],[],0,False,False,,,97.5,False,,,0.0,,False,8.0,0,,False,[],,False,285.0,285.0,True
bc1pyc8rhpr7fqplnh5asxnempzq2lnzd7879wjlpccu2pmx6hpgq78s5qwkju,bitcoin,BTC,5.9768832,0.02097152,BTC,388497.408,285,0,1,1,1,1.0,0.0,0.0035087719298245615,True,0.38260175438596494,0.219617222927467,False,False,,8.0,,0,[],[],0,False,False,,,97.5,False,,,0.0,,False,8.0,0,,False,[],,False,285.0,285.0,True
bc1pep7gpd5kk38a69jr3jvcge5gy3fu82dtfmvu7224cpf790uq44xsfuskpj,bitcoin,BTC,5.9768832,0.02097152,BTC,388497.408,285,0,1,1,1,1.0,0.0,0.0035087719298245615,True,0.38260175438596494,0.219617222927467,False,False,,8.0,,0,[],[],0,False,False,,,97.5,False,,,0.0,,False,8.0,0,,False,[],,False,285.0,285.0,True
bc1px74kxf5vtwqzfxyr7qc2elavndwhd6cqfyf8d0q02xfqcskmklusx8ey42,bitcoin,BTC,5.9768832,0.02097152,BTC,388497.408,285,0,1,1,1,1.0,0.0,0.0035087719298245615,True,0.38260175438596494,0.219617222927467,False,False,,8.0,,0,[],[],0,False,False,,,97.5,False,,,0.0,,False,8.0,0,,False,[],,False,285.0,285.0,True
bc1pdtnqa7trapcsf7lq9gfh334jtnqrj94ncmwc2889cehpxm3tc38qtj582n,bitcoin,BTC,5.9768832,0.02097152,BTC,388497.408,285,0,1,1,1,1.0,0.0,0.0035087719298245615,True,0.38260175438596494,0.219617222927467,False,False,,8.0,,0,[],[],0,False,False,,,97.5,False,,,0.0,,False,8.0,0,,False,[],,False,285.0,285.0,True
bc1plqq0uly2ktr2wvp3yrnme3pugnfdnmm9ymyywyjnud6a26yj0t7q3cxamt,bitcoin,BTC,5.9768832,0.02097152,BTC,388497.408,285,0,1,1,1,1.0,0.0,0.0035087719298245615,True,0.38260175438596494,0.219617222927467,False,False,,8.0,,0,[],[],0,False,False,,,97.5,False,,,0.0,,False,8.0,0,,False,[],,False,285.0,285.0,True
bc1ptfges9n3gtqqm28zly47tqhkaxsgrtsqujnh4u95x0x4w6e8prmsgkjg99,bitcoin,BTC,5.9768832,0.02097152,BTC,388497.408,285,0,1,1,1,1.0,0.0,0.0035087719298245615,True,0.38260175438596494,0.219617222927467,False,False,,8.0,,0,[],[],0,False,False,,,97.5,False,,,0.0,,False,8.0,0,,False,[],,False,285.0,285.0,True
bc1p9s3wgjl7yul8vntje8m32lsaxqs3whfnqq8and69sp4xmqwuc6qqf5k30y,bitcoin,BTC,5.9768832,0.0,BTC,388497.408,285,0,0,1,1,1.0,0.0,0.0,True,0.3819,0.219617222927467,False,False,,8.0,,0,[],[],0,False,False,,,97.5,False,,,0.0,,False,8.0,0,,False,[],,False,285.0,285.0,True
bc1pns58vvzsgllw7e69tl2k6p7k2wz4mtrjd0ssdzqvg7clg7w5xdqsvqgwux,bitcoin,BTC,5.9768832,0.0,BTC,388497.408,285,0,0,1,1,1.0,0.0,0.0,True,0.3819,0.219617222927467,False,False,,8.0,,0,[],[],0,False,False,,,97.5,False,,,0.0,,False,8.0,0,,False,[],,False,285.0,285.0,True
bc1pavrv5tknedqn2n0wfzflfh9hppcukxmkkt6zeh9f2gp0w8qph84q3enmcp,bitcoin,BTC,5.9768832,0.0,BTC,388497.408,285,0,0,1,1,1.0,0.0,0.0,True,0.3819,0.219617222927467,False,False,,8.0,,0,[],[],0,False,False,,,97.5,False,,,0.0,,False,8.0,0,,False,[],,False,285.0,285.0,True
bc1p2jedlx3skvwgrh4udhap9rjtxteexcx6rl98fxd46khmmw7fnhxqm4v3sw,bitcoin,BTC,5.9768832,0.0,BTC,388497.408,285,0,0,1,1,1.0,0.0,0.0,True,0.3819,0.219617222927467,False,False,,8.0,,0,[],[],0,False,False,,,97.5,False,,,0.0,,False,8.0,0,,False,[],,False,285.0,285.0,True
bc1pk835ztuy7hv8mpggksequhwts47ym4t8360vd9d4nhll7dg9qepqmd9lkm,bitcoin,BTC,29.02458368,0.0,BTC,1886597.9392,173,0,0,1,1,1.0,0.0,0.0,True,0.1689,0.2202171727372268,False,False,,7.9,,0,[],[],0,False,False,,,68.3,False,,,0.0,,False,7.9,0,,False,[],,False,173.0,173.0,True
bc1pyq9tz9q2kymnfm924064l3xmwtyv722z66xtsq2w0m3ysz4qtmnqrslf02,bitcoin,BTC,29.02458368,0.0,BTC,1886597.9392,173,0,0,1,1,1.0,0.0,0.0,True,0.1689,0.2202171727372268,False,False,,7.9,,0,[],[],0,False,False,,,68.3,False,,,0.0,,False,7.9,0,,False,[],,False,173.0,173.0,True
bc1p7d05dkmh08lc4hqyseyd9c7jvv077lh3vj9gumaaj95glaq34hhseed5mn,bitcoin,BTC,29.02458368,0.0,BTC,1886597.9392,173,0,0,1,1,1.0,0.0,0.0,True,0.1689,0.2202171727372268,False,False,,7.9,,0,[],[],0,False,False,,,68.3,False,,,0.0,,False,7.9,0,,False,[],,False,173.0,173.0,True
bc1pfgkgquxd4mkmg4tag42adyvul9p757mche2r0um75u8d5sxtsueq5hcefs,bitcoin,BTC,29.02458368,0.0,BTC,1886597.9392,173,0,0,1,1,1.0,0.0,0.0,True,0.1689,0.2202171727372268,False,False,,7.9,,0,[],[],0,False,False,,,68.3,False,,,0.0,,False,7.9,0,,False,[],,False,173.0,173.0,True
bc1pfu5x9hswqg5hf9d8r899hzwrwfnjdujp07gsnf7qh8q3uckny28s6pam6m,bitcoin,BTC,35.2321536,0.0,BTC,2290089.9839999997,210,0,0,1,1,1.0,0.0,0.0,True,0.27097499999999997,0.22119452762403702,False,False,,7.8,,0,[],[],0,False,False,,,82.3,False,,,0.0,,False,7.8,0,,False,[],,False,210.0,210.0,True
bc1p390s6rnm9re2mjjm0yqxl9ph2vnrh7z36hadtkxt5hzjt3urjyhqar7mhr,bitcoin,BTC,35.2321536,0.0,BTC,2290089.9839999997,210,0,0,1,1,1.0,0.0,0.0,True,0.27097499999999997,0.22119452762403702,False,False,,7.8,,0,[],[],0,False,False,,,82.3,False,,,0.0,,False,7.8,0,,False,[],,False,210.0,210.0,True
bc1phfk2ft4ctppdmugnnm2mfz937epss3mgkj65s2rz9pyh9ep7hqkqehj8la,bitcoin,BTC,35.2321536,0.0,BTC,2290089.9839999997,210,0,0,1,1,1.0,0.0,0.0,True,0.27097499999999997,0.22119452762403702,False,False,,7.8,,0,[],[],0,False,False,,,82.3,False,,,0.0,,False,7.8,0,,False,[],,False,210.0,210.0,True
bc1plsxzj8naj2vgz3s8wx9vw59ayud66adqwfeh5yp7hahfgnehfucqq2l4vl,bitcoin,BTC,15.49681956,0.0,BTC,1007293.2714000001,162,0,0,1,1,1.0,0.0,0.0,True,0.15105000000000002,0.22101541995491214,False,False,,7.8,,0,[],[],0,False,False,,,65.8,False,,,0.0,,False,7.8,0,,False,[],,False,162.0,162.0,True
bc1pjvcr4zl4vvharfzk78e4qgjh679q02fe67e5df2vu5ztchyke3cqxcqg5e,bitcoin,BTC,15.49681956,0.0,BTC,1007293.2714000001,162,0,0,1,1,1.0,0.0,0.0,True,0.15105000000000002,0.22101541995491214,False,False,,7.8,,0,[],[],0,False,False,,,65.8,False,,,0.0,,False,7.8,0,,False,[],,False,162.0,162.0,True
bc1pcmpvq67httv29fpade05g4qw53hg3jeyeae7qxknlyz7p9q2dalsd3wtwy,bitcoin,BTC,26.8435456,0.0,BTC,1744830.464,160,0,0,1,1,1.0,0.0,0.0,True,0.145425,0.22149659037602326,False,False,,7.8,,0,[],[],0,False,False,,,65.0,False,,,0.0,,False,7.8,0,,False,[],,False,160.0,160.0,True
bc1pgzfleva4usu0tfsqk6323pzqtmdyyt33wlmn5wtyctm8laf5fy5q7l4n0k,bitcoin,BTC,26.8435456,0.0,BTC,1744830.464,160,0,0,1,1,1.0,0.0,0.0,True,0.145425,0.22149659037602326,False,False,,7.8,,0,[],[],0,False,False,,,65.0,False,,,0.0,,False,7.8,0,,False,[],,False,160.0,160.0,True
bc1p8swnm8fmna4dg0zqht6qxkqzp4r9a8mgaex7x85ghtptxw2wtvmqd8vkr3,bitcoin,BTC,0.77590386,0.0,BTC,50433.7509,146,0,0,1,1,1.0,0.0,0.0,True,0.116775,0.22091845609162492,False,False,,7.8,,0,[],[],0,False,False,,,61.1,False,,,0.0,,False,7.8,0,,False,[],,False,146.0,146.0,True
bc1pkqlx34ym456wgcymwm4drlfmap8kys0pjfefhf2ypg6ly4maffps3naxz8,bitcoin,BTC,0.77590386,0.0,BTC,50433.7509,146,0,0,1,1,1.0,0.0,0.0,True,0.116775,0.22091845609162492,False,False,,7.8,,0,[],[],0,False,False,,,61.1,False,,,0.0,,False,7.8,0,,False,[],,False,146.0,146.0,True
bc1pq6nrzshxztztefwqez4ywwzxy3zpsrh3hzxptuw2vgnl9q0v24wq8qhf0j,bitcoin,BTC,0.77590386,0.0,BTC,50433.7509,146,0,0,1,1,1.0,0.0,0.0,True,0.116775,0.22091845609162492,False,False,,7.8,,0,[],[],0,False,False,,,61.1,False,,,0.0,,False,7.8,0,,False,[],,False,146.0,146.0,True
bc1p2jst5zkend9s6u4pr4rd7rlp66xwusk899ttv7fsdhlzy5t3hm4q8j42ut,bitcoin,BTC,0.77590386,0.0,BTC,50433.7509,146,0,0,1,1,1.0,0.0,0.0,True,0.116775,0.22091845609162492,False,False,,7.8,,0,[],[],0,False,False,,,61.1,False,,,0.0,,False,7.8,0,,False,[],,False,146.0,146.0,True
bc1ppwmrwnqtcykn0wcmevhntd44xtkrf5jkger8ur8juwjsjuycy65sy9qm50,bitcoin,BTC,0.77590386,0.0,BTC,50433.7509,146,0,0,1,1,1.0,0.0,0.0,True,0.116775,0.22091845609162492,False,False,,7.8,,0,[],[],0,False,False,,,61.1,False,,,0.0,,False,7.8,0,,False,[],,False,146.0,146.0,True
bc1pvc2y3k4pjtx7mczey7xcewmx8x9svgw698xjwv00dg4agm65lpjq0vqd6p,bitcoin,BTC,0.77590386,0.0,BTC,50433.7509,146,0,0,1,1,1.0,0.0,0.0,True,0.116775,0.22091845609162492,False,False,,7.8,,0,[],[],0,False,False,,,61.1,False,,,0.0,,False,7.8,0,,False,[],,False,146.0,146.0,True
bc1p6ygxfkgpu2273nraaydkhvlz7veayswjefe56wmrpev60e8r40cs4s52d3,bitcoin,BTC,0.77590386,0.0,BTC,50433.7509,146,0,0,1,1,1.0,0.0,0.0,True,0.116775,0.22091845609162492,False,False,,7.8,,0,[],[],0,False,False,,,61.1,False,,,0.0,,False,7.8,0,,False,[],,False,146.0,146.0,True
bc1qk4xatvqj79vgurae404ckdf6a702zqamnp6c6p,bitcoin,BTC,0.77590386,0.0,BTC,50433.7509,146,0,0,1,1,1.0,0.0,0.0,True,0.116775,0.22091845609162492,False,False,,7.8,,0,[],[],0,False,False,,,61.1,False,,,0.0,,False,7.8,0,,False,[],,False,146.0,146.0,True
bc1pqnut3335u0naygfc2a4k0mskkyfxxm32sck02fzzagtm5sjala9qum064g,bitcoin,BTC,30.03121664,0.0,BTC,1952029.0816,179,0,0,1,1,1.0,0.0,0.0,True,0.183075,0.22219796150914778,False,False,,7.7,,0,[],[],0,False,False,,,70.2,False,,,0.0,,False,7.7,0,,False,[],,False,179.0,179.0,True
bc1p3wyhul9neapd25pp7g4rertzh7me7cujfqd7jqpujans4p93c2fsjffag6,bitcoin,BTC,30.03121664,0.0,BTC,1952029.0816,179,0,0,1,1,1.0,0.0,0.0,True,0.183075,0.22219796150914778,False,False,,7.7,,0,[],[],0,False,False,,,70.2,False,,,0.0,,False,7.7,0,,False,[],,False,179.0,179.0,True
bc1pf4ed3sta7dqs0gzf0ccd302uw4rkun0h56r9q7ps9r9d6rfk0d4qdjdvnm,bitcoin,BTC,3.0292137,0.01062882,BTC,196898.8905,285,0,1,1,1,1.0,0.0,0.0035087719298245615,True,0.38260175438596494,0.22241188011912238,False,False,,7.6,,0,[],[],0,False,False,,,97.5,False,,,0.0,,False,7.6,0,,False,[],,False,285.0,285.0,True
bc1pc7xm2sw0u56x8x0lt8hv9425z423v3232ru6pdhl9acu7laj6g3su04m3w,bitcoin,BTC,3.0292137,0.01062882,BTC,196898.8905,285,0,1,1,1,1.0,0.0,0.0035087719298245615,True,0.38260175438596494,0.22241188011912238,False,False,,7.6,,0,[],[],0,False,False,,,97.5,False,,,0.0,,False,7.6,0,,False,[],,False,285.0,285.0,True
bc1pylt9x5elaa069p9tmyaxgc3avavc5jl383d570pd7f8psy9rrpmsntywk4,bitcoin,BTC,3.0292137,0.01062882,BTC,196898.8905,285,0,1,1,1,1.0,0.0,0.0035087719298245615,True,0.38260175438596494,0.22241188011912238,False,False,,7.6,,0,[],[],0,False,False,,,97.5,False,,,0.0,,False,7.6,0,,False,[],,False,285.0,285.0,True
bc1qh23057k5sw8unr4l82njhffy8m5vm0xkksel32,bitcoin,BTC,3.0292137,0.01062882,BTC,196898.8905,285,0,1,1,1,1.0,0.0,0.0035087719298245615,True,0.38260175438596494,0.22241188011912238,False,False,,7.6,,0,[],[],0,False,False,,,97.5,False,,,0.0,,False,7.6,0,,False,[],,False,285.0,285.0,True
bc1pjuurjlkr6weqynxgzvn0kcuchj6n6j3k67a99rpt602cm4p4092q4dsass,bitcoin,BTC,3.0292137,0.01062882,BTC,196898.8905,285,0,1,1,1,1.0,0.0,0.0035087719298245615,True,0.38260175438596494,0.22241188011912238,False,False,,7.6,,0,[],[],0,False,False,,,97.5,False,,,0.0,,False,7.6,0,,False,[],,False,285.0,285.0,True
bc1p9vt5263a87en4tlmkwp35my6x65kzckahrxucl2y9xjh7a9g4kps6zemfn,bitcoin,BTC,3.0292137,0.0,BTC,196898.8905,285,0,0,1,1,1.0,0.0,0.0,True,0.3819,0.22241188011912238,False,False,,7.6,,0,[],[],0,False,False,,,97.5,False,,,0.0,,False,7.6,0,,False,[],,False,285.0,285.0,True
bc1psfkrzzm7fx77q5ccwg989gnfkrtk9vp7tlzru5kds64x0qd64alsd3lhnz,bitcoin,BTC,3.0292137,0.0,BTC,196898.8905,285,0,0,1,1,1.0,0.0,0.0,True,0.3819,0.22241188011912238,False,False,,7.6,,0,[],[],0,False,False,,,97.5,False,,,0.0,,False,7.6,0,,False,[],,False,285.0,285.0,True
bc1p2ny2mcx9mreqrd42yz9gh7t03phw5xq4t3pcma5uyy4fkf8cx2cqykuypv,bitcoin,BTC,3.0292137,0.0,BTC,196898.8905,285,0,0,1,1,1.0,0.0,0.0,True,0.3819,0.22241188011912238,False,False,,7.6,,0,[],[],0,False,False,,,97.5,False,,,0.0,,False,7.6,0,,False,[],,False,285.0,285.0,True
bc1qxtfrcq5wxttvvn6gn7ar2pgz74xj09xs526sh6,bitcoin,BTC,24.2,0.0,BTC,1573000.0,242,0,0,1,1,1.0,0.0,0.0,True,0.315075,0.22283632204730486,False,False,,7.6,,0,[],[],0,False,False,,,88.3,False,,,0.0,,False,7.6,0,,False,[],,False,242.0,242.0,True
bc1pdh4c5q0p9hgktrdkjtspeuclma7nc4tn2vgd7yx3evxu73xzaf4s023eea,bitcoin,BTC,0.5491557,0.0,BTC,35695.120500000005,155,0,0,1,1,1.0,0.0,0.0,True,0.135,0.22253738999260336,False,False,,7.6,,0,[],[],0,False,False,,,63.6,False,,,0.0,,False,7.6,0,,False,[],,False,155.0,155.0,True
bc1pqnhkkel0zztnrxp73xn3azhqs5g7y98rthaw4s04htw5mklluc9swcw9j7,bitcoin,BTC,4.6235367,0.0,BTC,300529.8855,145,0,0,1,1,1.0,0.0,0.0,True,0.113175,0.2225196050661598,False,False,,7.6,,0,[],[],0,False,False,,,60.6,False,,,0.0,,False,7.6,0,,False,[],,False,145.0,145.0,True
bc1phwq40jf0d55nqe3d22xnmmmhkdx65ual40dez20quw2u2443qz7svxvtjy,bitcoin,BTC,4.54382055,0.01594323,BTC,295348.33575,285,0,1,1,1,1.0,0.0,0.0035087719298245615,True,0.38260175438596494,0.22310938771163785,False,False,,7.5,,0,[],[],0,False,False,,,97.5,False,,,0.0,,False,7.5,0,,False,[],,False,285.0,285.0,True
bc1qrdpn6e5tupg54arahqaa467usdm9sz03sq9rsy,bitcoin,BTC,4.54382055,0.01594323,BTC,295348.33575,285,0,1,1,1,1.0,0.0,0.0035087719298245615,True,0.38260175438596494,0.22310938771163785,False,False,,7.5,,0,[],[],0,False,False,,,97.5,False,,,0.0,,False,7.5,0,,False,[],,False,285.0,285.0,True
bc1qjgvt3vcgg8tvvuuq48k5rfgcvmwjr7rnujad9z,bitcoin,BTC,4.54382055,0.01594323,BTC,295348.33575,285,0,1,1,1,1.0,0.0,0.0035087719298245615,True,0.38260175438596494,0.22310938771163785,False,False,,7.5,,0,[],[],0,False,False,,,97.5,False,,,0.0,,False,7.5,0,,False,[],,False,285.0,285.0,True
bc1qgnf9xt87gkvz67r6smf85x73skljrtragpujxj,bitcoin,BTC,4.54382055,0.01594323,BTC,295348.33575,285,0,1,1,1,1.0,0.0,0.0035087719298245615,True,0.38260175438596494,0.22310938771163785,False,False,,7.5,,0,[],[],0,False,False,,,97.5,False,,,0.0,,False,7.5,0,,False,[],,False,285.0,285.0,True
bc1qfd6w55zd9rdqqmk8anzvq6fxs3lv36nyavsrpq,bitcoin,BTC,4.54382055,0.01594323,BTC,295348.33575,285,0,1,1,1,1.0,0.0,0.0035087719298245615,True,0.38260175438596494,0.22310938771163785,False,False,,7.5,,0,[],[],0,False,False,,,97.5,False,,,0.0,,False,7.5,0,,False,[],,False,285.0,285.0,True
bc1q4hevjtm9c2usdte73tn37dsxhwmhkmejh2g0zm,bitcoin,BTC,4.82355945,0.01692477,BTC,313531.36425000004,285,0,1,1,1,1.0,0.0,0.0035087719298245615,True,0.38260175438596494,0.22331754389723502,False,False,,7.5,,0,[],[],0,False,False,,,97.5,False,,,0.0,,False,7.5,0,,False,[],,False,285.0,285.0,True
bc1qj8cgkpp0n53k7g9q0385rvpr3r68pwg68hk770,bitcoin,BTC,4.54382055,0.01594323,BTC,295348.33575,285,0,1,1,1,1.0,0.0,0.0035087719298245615,True,0.38260175438596494,0.22310938771163785,False,False,,7.5,,0,[],[],0,False,False,,,97.5,False,,,0.0,,False,7.5,0,,False,[],,False,285.0,285.0,True
bc1qlzdudruqjkcdqfu9m0m3ljwkn2gycrz3rc2fuy,bitcoin,BTC,4.54382055,0.0,BTC,295348.33575,285,0,0,1,1,1.0,0.0,0.0,True,0.3819,0.22310938771163785,False,False,,7.5,,0,[],[],0,False,False,,,97.5,False,,,0.0,,False,7.5,0,,False,[],,False,285.0,285.0,True
bc1qsznmhdd4ez8zpq6v2g78u7ug7pj4mf2c7w0a34,bitcoin,BTC,4.54382055,0.0,BTC,295348.33575,285,0,0,1,1,1.0,0.0,0.0,True,0.3819,0.22310938771163785,False,False,,7.5,,0,[],[],0,False,False,,,97.5,False,,,0.0,,False,7.5,0,,False,[],,False,285.0,285.0,True
bc1pjkkc378eqm7mfferlakxynankg984q3yuqylfyfwdrshxg5ks5fq06lqa0,bitcoin,BTC,20.38431744,0.0,BTC,1324980.6336,243,0,0,1,1,1.0,0.0,0.0,True,0.3198,0.223430500814862,False,False,,7.5,,0,[],[],0,False,False,,,89.0,False,,,0.0,,False,7.5,0,,False,[],,False,243.0,243.0,True
bc1p4845y9l2sj76aafhpgfznanzemxqn2t8jvcsgh3h6s35g6n2dcqsnjhsuq,bitcoin,BTC,24.1,0.0,BTC,1566500.0,241,0,0,1,1,1.0,0.0,0.0,True,0.309975,0.22334897901254608,False,False,,7.5,,0,[],[],0,False,False,,,87.6,False,,,0.0,,False,7.5,0,,False,[],,False,241.0,241.0,True
bc1pek32al90f0fuutjcfagz4mgzm9jqmuafd65p334ta8etxzs2auusn853du,bitcoin,BTC,29.86344448,0.0,BTC,1941123.8912,178,0,0,1,1,1.0,0.0,0.0,True,0.17865,0.22307803561895712,False,False,,7.5,,0,[],[],0,False,False,,,69.6,False,,,0.0,,False,7.5,0,,False,[],,False,178.0,178.0,True
bc1px2hyag0j380d79ak7t9jc990av48w7c0mmy9cvssktyafsksflmsuhxyjj,bitcoin,BTC,29.86344448,0.0,BTC,1941123.8912,178,0,0,1,1,1.0,0.0,0.0,True,0.17865,0.22307803561895712,False,False,,7.5,,0,[],[],0,False,False,,,69.6,False,,,0.0,,False,7.5,0,,False,[],,False,178.0,178.0,True
bc1ql90c9xu6tnan8c7mwp5xyycvgxaefflzn9a46h,bitcoin,BTC,29.27279954,0.0,BTC,1902731.9701,178,0,0,1,1,1.0,0.0,0.0,True,0.17865,0.22365154431951978,False,False,,7.5,,0,[],[],0,False,False,,,69.6,False,,,0.0,,False,7.5,0,,False,[],,False,178.0,178.0,True
bc1pn72dmygct059rvqcm52eymr40v9sp0yd3rvt5rgl67s3azn0fhxsrqd49w,bitcoin,BTC,29.86344448,0.0,BTC,1941123.8912,178,0,0,1,1,1.0,0.0,0.0,True,0.17865,0.22307803561895712,False,False,,7.5,,0,[],[],0,False,False,,,69.6,False,,,0.0,,False,7.5,0,,False,[],,False,178.0,178.0,True
bc1p5zc20gp8vsswfg40ymje3j63e4a3uwpc8gws99jagvhspztn8r5qsx72dh,bitcoin,BTC,29.86344448,0.0,BTC,1941123.8912,178,0,0,1,1,1.0,0.0,0.0,True,0.17865,0.22307803561895712,False,False,,7.5,,0,[],[],0,False,False,,,69.6,False,,,0.0,,False,7.5,0,,False,[],,False,178.0,178.0,True
bc1ph8vufutt56393wtjqsleuuw5zpcwwkptv860g2nmwfgjxg3pxkvq6w6qwn,bitcoin,BTC,29.86344448,0.0,BTC,1941123.8912,178,0,0,1,1,1.0,0.0,0.0,True,0.17865,0.22307803561895712,False,False,,7.5,,0,[],[],0,False,False,,,69.6,False,,,0.0,,False,7.5,0,,False,[],,False,178.0,178.0,True
bc1q68nsmu292en5xsjxx200e684gdm4v9678mv787,bitcoin,BTC,29.19235584,0.0,BTC,1897503.1296,174,0,0,1,1,1.0,0.0,0.0,True,0.1722,0.22305731788968503,False,False,,7.5,,0,[],[],0,False,False,,,68.7,False,,,0.0,,False,7.5,0,,False,[],,False,174.0,174.0,True
bc1pffmpw8c7ajtwhs9jww0tpzmyms6g38q6c7uvp4g30s6eayyczd9swwuz3r,bitcoin,BTC,29.19235584,0.0,BTC,1897503.1296,174,0,0,1,1,1.0,0.0,0.0,True,0.1722,0.22305731788968503,False,False,,7.5,,0,[],[],0,False,False,,,68.7,False,,,0.0,,False,7.5,0,,False,[],,False,174.0,174.0,True
bc1p9z9wz6c2zsy7wv4t2e0awafdjrrgadm5tyk86wh7lng3y39w543sdl7mhn,bitcoin,BTC,5.80333572,0.0,BTC,377216.8218,182,0,0,1,1,1.0,0.0,0.0,True,0.189225,0.22393891489387663,False,False,,7.4,,0,[],[],0,False,False,,,71.1,False,,,0.0,,False,7.4,0,,False,[],,False,182.0,182.0,True
bc1qm6smspaehg7j47uu30qmjrtzm4v5720z0ngkt0,bitcoin,BTC,18.46226034,0.0,BTC,1200046.9221,193,0,0,1,1,1.0,0.0,0.0,True,0.224175,0.2247382276379722,False,False,,7.3,,0,[],[],0,False,False,,,75.9,False,,,0.0,,False,7.3,0,,False,[],,False,193.0,193.0,True
bc1plaqja9km84ws8fy0ygksh2u5ujljfp9k9hfw2xs3a6k0k7k0d4hql4cazl,bitcoin,BTC,38.2,0.0,BTC,2483000.0,191,0,0,1,1,1.0,0.0,0.0,True,0.21,0.22517810680120642,False,False,,7.3,,0,[],[],0,False,False,,,73.9,False,,,0.0,,False,7.3,0,,False,[],,False,191.0,191.0,True
bc1pt8nt5rupk3nc6sz4ydmr9gr92vjxwcttpk0pqrcz0j0pcmlkskasjny6vj,bitcoin,BTC,38.2,0.0,BTC,2483000.0,191,0,0,1,1,1.0,0.0,0.0,True,0.21,0.22517810680120642,False,False,,7.3,,0,[],[],0,False,False,,,73.9,False,,,0.0,,False,7.3,0,,False,[],,False,191.0,191.0,True
bc1prurnye5lv73p28vepr4g7d3x34j3sl3rzk2873vreegk07za0ayq9xfgnn,bitcoin,BTC,38.2,0.0,BTC,2483000.0,191,0,0,1,1,1.0,0.0,0.0,True,0.21,0.22517810680120642,False,False,,7.3,,0,[],[],0,False,False,,,73.9,False,,,0.0,,False,7.3,0,,False,[],,False,191.0,191.0,True
bc1pw55p3q906325gegt9me2t2867cezy7f8pjg9jna6vztgvzl2hfxsmc6cgc,bitcoin,BTC,38.2,0.0,BTC,2483000.0,191,0,0,1,1,1.0,0.0,0.0,True,0.21,0.22517810680120642,False,False,,7.3,,0,[],[],0,False,False,,,73.9,False,,,0.0,,False,7.3,0,,False,[],,False,191.0,191.0,True
bc1pnddxza9sr085vwkm50xwdwgnzhqau03xt454de99vhmjgz28f5vqf060yd,bitcoin,BTC,38.2,0.0,BTC,2483000.0,191,0,0,1,1,1.0,0.0,0.0,True,0.21,0.22517810680120642,False,False,,7.3,,0,[],[],0,False,False,,,73.9,False,,,0.0,,False,7.3,0,,False,[],,False,191.0,191.0,True
bc1pdg5qvu35s7cxh2mpks23xfwlemjwfyyfvrekaky8e9ufjaukjkyqm7jusm,bitcoin,BTC,3.0408704,0.0,BTC,197656.576,145,0,0,1,1,1.0,0.0,0.0,True,0.113175,0.22488997824005796,False,False,,7.3,,0,[],[],0,False,False,,,60.6,False,,,0.0,,False,7.3,0,,False,[],,False,145.0,145.0,True
bc1pz58w54eqw0957gq9vcm5z26r8x6nd7kts86gfm2zrev03gjrftjqn02jzf,bitcoin,BTC,3.0408704,0.0,BTC,197656.576,145,0,0,1,1,1.0,0.0,0.0,True,0.113175,0.22488997824005796,False,False,,7.3,,0,[],[],0,False,False,,,60.6,False,,,0.0,,False,7.3,0,,False,[],,False,145.0,145.0,True
bc1p62uapw5zfsvrfsy94xet7fluqnqutv0xzjk49kq7qkrhy5u7mr0s7vlcx6,bitcoin,BTC,3.0408704,0.0,BTC,197656.576,145,0,0,1,1,1.0,0.0,0.0,True,0.113175,0.22488997824005796,False,False,,7.3,,0,[],[],0,False,False,,,60.6,False,,,0.0,,False,7.3,0,,False,[],,False,145.0,145.0,True
bc1pqhxytg7ntekw094qaxey74r9c0qujsy4q4tmct3akqjm770g4smqlfnekg,bitcoin,BTC,3.0408704,0.0,BTC,197656.576,145,0,0,1,1,1.0,0.0,0.0,True,0.113175,0.22488997824005796,False,False,,7.3,,0,[],[],0,False,False,,,60.6,False,,,0.0,,False,7.3,0,,False,[],,False,145.0,145.0,True
bc1pctkskdr2cwn4mz2swsmn7sl0gvje8q3wp4re3zh3zrg6p0lw43fqttrn0u,bitcoin,BTC,34.72883712,0.0,BTC,2257374.4128,207,0,0,1,1,1.0,0.0,0.0,True,0.26625,0.22591673293237774,False,False,,7.2,,0,[],[],0,False,False,,,81.6,False,,,0.0,,False,7.2,0,,False,[],,False,207.0,207.0,True
bc1p0rsxpqk7jps6f8uukeafyq2h67sdtsshmwmua0xuwdf5uggh2lmsp92j60,bitcoin,BTC,34.72883712,0.0,BTC,2257374.4128,207,0,0,1,1,1.0,0.0,0.0,True,0.26625,0.22591673293237774,False,False,,7.2,,0,[],[],0,False,False,,,81.6,False,,,0.0,,False,7.2,0,,False,[],,False,207.0,207.0,True
bc1pv82fhf86usmyk3uvn776gq4me25e0rf7sdjclk2ny5l0pynmq5mqaxmpz0,bitcoin,BTC,34.72883712,0.0,BTC,2257374.4128,207,0,0,1,1,1.0,0.0,0.0,True,0.26625,0.22591673293237774,False,False,,7.2,,0,[],[],0,False,False,,,81.6,False,,,0.0,,False,7.2,0,,False,[],,False,207.0,207.0,True
bc1plzufewfj49nmhgaaz7tsfa0fllegzu840rqy65wwgy9jacghw9cs560e0t,bitcoin,BTC,17.50566654,0.0,BTC,1137868.3251,183,0,0,1,1,1.0,0.0,0.0,True,0.195,0.22529307110296815,False,False,,7.2,,0,[],[],0,False,False,,,71.8,False,,,0.0,,False,7.2,0,,False,[],,False,183.0,183.0,True
bc1pqdqxwvvzw3j0tcladc0x3fqu02g47g0sn7wqvdkmxcet7g7s4f0q7afnxl,bitcoin,BTC,0.78118912,0.0,BTC,50777.292799999996,149,0,0,1,1,1.0,0.0,0.0,True,0.12764999999999999,0.22560971177452843,False,False,,7.2,,0,[],[],0,False,False,,,62.6,False,,,0.0,,False,7.2,0,,False,[],,False,149.0,149.0,True
bc1pqp8a6xxar7na4lf70h6f9a843e8lc0jeamf22327wevdmhrnl9cs7dkteg,bitcoin,BTC,0.78118912,0.0,BTC,50777.292799999996,149,0,0,1,1,1.0,0.0,0.0,True,0.12764999999999999,0.22560971177452843,False,False,,7.2,,0,[],[],0,False,False,,,62.6,False,,,0.0,,False,7.2,0,,False,[],,False,149.0,149.0,True
bc1pdganvmkp4ugc2xlzuwqmh6jlucklzx5r2gumt2znynem2du9n9aqew2kuw,bitcoin,BTC,0.78118912,0.0,BTC,50777.292799999996,149,0,0,1,1,1.0,0.0,0.0,True,0.12764999999999999,0.22560971177452843,False,False,,7.2,,0,[],[],0,False,False,,,62.6,False,,,0.0,,False,7.2,0,,False,[],,False,149.0,149.0,True
bc1pdgnggj94e4a36xj0ppjd474fq97entxd78krj95nm7h633ljf7uqp85d26,bitcoin,BTC,0.55978452,0.0,BTC,36385.993800000004,158,0,0,1,1,1.0,0.0,0.0,True,0.1383,0.2272227106822784,False,False,,7.0,,0,[],[],0,False,False,,,64.1,False,,,0.0,,False,7.0,0,,False,[],,False,158.0,158.0,True
bc1pxl8xpthxgdarm5vx9ljn0ws6n3p4c487h4f46pyyvchj4f7rswsst4apgp,bitcoin,BTC,0.55978452,0.0,BTC,36385.993800000004,158,0,0,1,1,1.0,0.0,0.0,True,0.1383,0.22743174647246922,False,False,,6.9,,0,[],[],0,False,False,,,64.1,False,,,0.0,,False,6.9,0,,False,[],,False,158.0,158.0,True
bc1p6xnzpezh6lkasarg3tc5w2c7glvjwskc964gxdths95075mpmfyqdkm0ah,bitcoin,BTC,0.55978452,0.0,BTC,36385.993800000004,158,0,0,1,1,1.0,0.0,0.0,True,0.1383,0.22743174647246922,False,False,,6.9,,0,[],[],0,False,False,,,64.1,False,,,0.0,,False,6.9,0,,False,[],,False,158.0,158.0,True
bc1pcj42j9gkw05nj367ttv0al3p6ucddmqx70rfr4ksw5qfa0jc8s8sray59q,bitcoin,BTC,13.58954496,0.0,BTC,883320.4223999999,162,0,0,1,1,1.0,0.0,0.0,True,0.15105000000000002,0.2284203105407513,False,False,,6.8,,0,[],[],0,False,False,,,65.8,False,,,0.0,,False,6.8,0,,False,[],,False,162.0,162.0,True
bc1pnw4973k8ladn2dphmc09us7y5hqd356f30ltvyz2l3f890hyu46qfcrffa,bitcoin,BTC,12.24736768,0.0,BTC,796078.8992,146,0,0,1,1,1.0,0.0,0.0,True,0.116775,0.2286556102478428,False,False,,6.8,,0,[],[],0,False,False,,,61.1,False,,,0.0,,False,6.8,0,,False,[],,False,146.0,146.0,True
bc1p60nga2366f3ah2nha6w2xdagafesygy8esf2apeehhx38v2j63mqxw4lel,bitcoin,BTC,31.0378496,0.0,BTC,2017460.2240000002,185,0,0,1,1,1.0,0.0,0.0,True,0.20077499999999998,0.22888435690345782,False,False,,6.7,,0,[],[],0,False,False,,,72.6,False,,,0.0,,False,6.7,0,,False,[],,False,185.0,185.0,True
bc1pyqpjspqktw2uwmp8h8h4yy6plj85fsqu23xx7cwvz33dv9c28euq56v4y0,bitcoin,BTC,31.0378496,0.0,BTC,2017460.2240000002,185,0,0,1,1,1.0,0.0,0.0,True,0.20077499999999998,0.22888435690345782,False,False,,6.7,,0,[],[],0,False,False,,,72.6,False,,,0.0,,False,6.7,0,,False,[],,False,185.0,185.0,True
bc1p37apn7mcdu6f9x80ghqmhmje5fwxsz2d4wtjvn2w6fm9s8h6cz9s7uv3g0,bitcoin,BTC,31.0378496,0.0,BTC,2017460.2240000002,185,0,0,1,1,1.0,0.0,0.0,True,0.20077499999999998,0.22888435690345782,False,False,,6.7,,0,[],[],0,False,False,,,72.6,False,,,0.0,,False,6.7,0,,False,[],,False,185.0,185.0,True
bc1pvhsnrjm5k3dufr0l5vrxt8s0fjaz556qpgczksyv29at3uyhv8hqsnu28h,bitcoin,BTC,31.0378496,0.0,BTC,2017460.2240000002,185,0,0,1,1,1.0,0.0,0.0,True,0.20077499999999998,0.22888435690345782,False,False,,6.7,,0,[],[],0,False,False,,,72.6,False,,,0.0,,False,6.7,0,,False,[],,False,185.0,185.0,True
bc1pnan5eezdsxx20nmwl5zaudkyv639hluk4x0p2u5w92m9ns8x9yus3cth4s,bitcoin,BTC,1.55180772,0.0,BTC,100867.5018,146,0,0,1,1,1.0,0.0,0.0,True,0.116775,0.2299379055214762,False,False,,6.6,,0,[],[],0,False,False,,,61.1,False,,,0.0,,False,6.6,0,,False,[],,False,146.0,146.0,True
bc1pavhxd9n2y8vcclpcwpvuypr90dds9ngwn6sg2q38jssqn0fzpr8slnq6a4,bitcoin,BTC,1.55180772,0.0,BTC,100867.5018,146,0,0,1,1,1.0,0.0,0.0,True,0.116775,0.2299379055214762,False,False,,6.6,,0,[],[],0,False,False,,,61.1,False,,,0.0,,False,6.6,0,,False,[],,False,146.0,146.0,True
bc1patwfcsqeafcnl4tzzr8u9cwyd54s3ag9fas9j05dnnwwp6mpth7s2hx03v,bitcoin,BTC,1.55180772,0.0,BTC,100867.5018,146,0,0,1,1,1.0,0.0,0.0,True,0.116775,0.2299379055214762,False,False,,6.6,,0,[],[],0,False,False,,,61.1,False,,,0.0,,False,6.6,0,,False,[],,False,146.0,146.0,True
bc1pppx37asgc3ua076xr5t8cj69jwndddklldl9hec4sw4y265tqzzs4kaxtk,bitcoin,BTC,1.55180772,0.0,BTC,100867.5018,146,0,0,1,1,1.0,0.0,0.0,True,0.116775,0.2299379055214762,False,False,,6.6,,0,[],[],0,False,False,,,61.1,False,,,0.0,,False,6.6,0,,False,[],,False,146.0,146.0,True
bc1pq85dwek34k2lc4mkcm9n48a3v0m2fx0jkke6g6533wrl6ssz8jqs4yhzdw,bitcoin,BTC,14.8,0.0,BTC,962000.0,148,0,0,1,1,1.0,0.0,0.0,True,0.121575,0.23072367936180277,False,False,,6.5,,0,[],[],0,False,False,,,61.8,False,,,0.0,,False,6.5,0,,False,[],,False,148.0,148.0,True
bc1phg7rls5d4vfhl9zk76xkxa85cz5xdl6v3j6zwc0d8wthdqraw8lqhngqmc,bitcoin,BTC,14.8,0.0,BTC,962000.0,148,0,0,1,1,1.0,0.0,0.0,True,0.121575,0.23072367936180277,False,False,,6.5,,0,[],[],0,False,False,,,61.8,False,,,0.0,,False,6.5,0,,False,[],,False,148.0,148.0,True
bc1ppjgan5eut288dmnqzt9rr9wjpppkt3hjg3s974dcrjsn4z4ke8uq2e69d3,bitcoin,BTC,14.8,0.0,BTC,962000.0,148,0,0,1,1,1.0,0.0,0.0,True,0.121575,0.23072367936180277,False,False,,6.5,,0,[],[],0,False,False,,,61.8,False,,,0.0,,False,6.5,0,,False,[],,False,148.0,148.0,True
bc1pv4aurd6p7dpvscdkp4xl868e72pqtpr6df78sm6pvhdvwdu7um9qwlepdd,bitcoin,BTC,14.8,0.0,BTC,962000.0,148,0,0,1,1,1.0,0.0,0.0,True,0.121575,0.23072367936180277,False,False,,6.5,,0,[],[],0,False,False,,,61.8,False,,,0.0,,False,6.5,0,,False,[],,False,148.0,148.0,True
bc1qe58mm72qmz93ypp0kfkhyw04wwlhlnxmztt80z,bitcoin,BTC,14.8,0.0,BTC,962000.0,148,0,0,1,1,1.0,0.0,0.0,True,0.121575,0.23072367936180277,False,False,,6.5,,0,[],[],0,False,False,,,61.8,False,,,0.0,,False,6.5,0,,False,[],,False,148.0,148.0,True
bc1qvu0wk0en89xqgymp7w0502fzx6duqm2xghsmfk,bitcoin,BTC,14.8,0.0,BTC,962000.0,148,0,0,1,1,1.0,0.0,0.0,True,0.121575,0.23072367936180277,False,False,,6.5,,0,[],[],0,False,False,,,61.8,False,,,0.0,,False,6.5,0,,False,[],,False,148.0,148.0,True
bc1p8su8ut67el35xjpe96vs6whu2paxd4jm9u7clmfeq3rfhf9njn8qx07y4u,bitcoin,BTC,14.8,0.0,BTC,962000.0,148,0,0,1,1,1.0,0.0,0.0,True,0.121575,0.23072367936180277,False,False,,6.5,,0,[],[],0,False,False,,,61.8,False,,,0.0,,False,6.5,0,,False,[],,False,148.0,148.0,True
bc1qmqlctttaeq2w7hkr27nd0r9afhvcv0fjnmnvys,bitcoin,BTC,14.8,0.0,BTC,962000.0,148,0,0,1,1,1.0,0.0,0.0,True,0.121575,0.23072367936180277,False,False,,6.5,,0,[],[],0,False,False,,,61.8,False,,,0.0,,False,6.5,0,,False,[],,False,148.0,148.0,True
bc1qvzz0cuxtdamph0cn2u7dzj8jma4djtqltgmj5y,bitcoin,BTC,14.8,0.0,BTC,962000.0,148,0,0,1,1,1.0,0.0,0.0,True,0.121575,0.23072367936180277,False,False,,6.5,,0,[],[],0,False,False,,,61.8,False,,,0.0,,False,6.5,0,,False,[],,False,148.0,148.0,True
bc1puvcl2mad8w6rev5vv25hwjdaurhup7e6ymqv0dfug7tr0e76u5zqctdexd,bitcoin,BTC,1.57306536,0.0,BTC,102249.2484,148,0,0,1,1,1.0,0.0,0.0,True,0.121575,0.2317935256049043,False,False,,6.4,,0,[],[],0,False,False,,,61.8,False,,,0.0,,False,6.4,0,,False,[],,False,148.0,148.0,True
bc1px7yku42qx9a333q306tms8yty7ejp53a0ftscxn07lxy0r23mdaqe28wqh,bitcoin,BTC,6.02654094,0.0,BTC,391725.1611,189,0,0,1,1,1.0,0.0,0.0,True,0.20482499999999998,0.23242094765661547,False,False,,6.3,,0,[],[],0,False,False,,,73.2,False,,,0.0,,False,6.3,0,,False,[],,False,189.0,189.0,True
bc1p2zhma4t4636r6q6q65w67hsj2w4sm8jttpeav9mh4mgrmx4lh2dqwzq2nu,bitcoin,BTC,6.02654094,0.0,BTC,391725.1611,189,0,0,1,1,1.0,0.0,0.0,True,0.20482499999999998,0.23242094765661547,False,False,,6.3,,0,[],[],0,False,False,,,73.2,False,,,0.0,,False,6.3,0,,False,[],,False,189.0,189.0,True
bc1pzkxa7mzlkjuuj42a5s5w8cq53vs27n4ra00s0kf3tlkwth83xxxqvpjf6a,bitcoin,BTC,0.5668704,0.0,BTC,36846.576,160,0,0,1,1,1.0,0.0,0.0,True,0.145425,0.23243952492719488,False,False,,6.3,,0,[],[],0,False,False,,,65.1,False,,,0.0,,False,6.3,0,,False,[],,False,160.0,160.0,True
bc1pff275g55af4t0fw9296gm26ddra523mz993eckkkgcgwz97zfsuqsht58d,bitcoin,BTC,0.5668704,0.0,BTC,36846.576,160,0,0,1,1,1.0,0.0,0.0,True,0.145425,0.23243952492719488,False,False,,6.3,,0,[],[],0,False,False,,,65.1,False,,,0.0,,False,6.3,0,,False,[],,False,160.0,160.0,True
bc1ppvah224vq0dtj6qhl8chcj6808t5qs8rxfjhfcvah4kyjk6us3nqart28k,bitcoin,BTC,0.5668704,0.0,BTC,36846.576,160,0,0,1,1,1.0,0.0,0.0,True,0.145425,0.23243952492719488,False,False,,6.3,,0,[],[],0,False,False,,,65.1,False,,,0.0,,False,6.3,0,,False,[],,False,160.0,160.0,True
bc1qkr2x66s0mms3je9wuyngupqd7c2fsdzjl3a93f,bitcoin,BTC,0.5668704,0.0,BTC,36846.576,160,0,0,1,1,1.0,0.0,0.0,True,0.145425,0.23243952492719488,False,False,,6.3,,0,[],[],0,False,False,,,65.1,False,,,0.0,,False,6.3,0,,False,[],,False,160.0,160.0,True
bc1prph8f8g3tuykjfpkyggd6azckdg6anpd0lz5yvjr2t99m9uxvkdqaut6t3,bitcoin,BTC,0.5668704,0.0,BTC,36846.576,160,0,0,1,1,1.0,0.0,0.0,True,0.145425,0.23243952492719488,False,False,,6.3,,0,[],[],0,False,False,,,65.1,False,,,0.0,,False,6.3,0,,False,[],,False,160.0,160.0,True
bc1q9acaclwpm3hjhyhey25hpzq9ngn09qhj06vutm,bitcoin,BTC,33.21888768,0.0,BTC,2159227.6992,198,0,0,1,1,1.0,0.0,0.0,True,0.239775,0.2330370597884286,False,False,,6.2,,0,[],[],0,False,False,,,78.0,False,,,0.0,,False,6.2,0,,False,[],,False,198.0,198.0,True
bc1pqx80qrvxtvr6fsw7w6tkftc4lhg832z0glgjrj87q2u60pm3uv3qnfue37,bitcoin,BTC,33.21888768,0.0,BTC,2159227.6992,198,0,0,1,1,1.0,0.0,0.0,True,0.239775,0.2330370597884286,False,False,,6.2,,0,[],[],0,False,False,,,78.0,False,,,0.0,,False,6.2,0,,False,[],,False,198.0,198.0,True
bc1pszf5mzjylug39uj3nm7lcpnxwthdre9j8hwya2zt5y74mxcmfr0q5wg2lc,bitcoin,BTC,32.38002688,0.0,BTC,2104701.7472,193,0,0,1,1,1.0,0.0,0.0,True,0.224175,0.23291536183385347,False,False,,6.2,,0,[],[],0,False,False,,,75.8,False,,,0.0,,False,6.2,0,,False,[],,False,193.0,193.0,True
bc1pm9zv9ws9j8pkj4gqaga8ujhqwz0vkrgju0x039qmnyt8sn0ekxtqzlmtha,bitcoin,BTC,32.38002688,0.0,BTC,2104701.7472,193,0,0,1,1,1.0,0.0,0.0,True,0.224175,0.23291536183385347,False,False,,6.2,,0,[],[],0,False,False,,,75.8,False,,,0.0,,False,6.2,0,,False,[],,False,193.0,193.0,True
bc1p3x4amec4vg6psfp3l459r8keudgxrng6vlwer6tr8ywyrxvp9ldqlcy9n0,bitcoin,BTC,0.57749922,0.0,BTC,37537.4493,163,0,0,1,1,1.0,0.0,0.0,True,0.15375,0.23343080846024677,False,False,,6.1,,0,[],[],0,False,False,,,66.2,False,,,0.0,,False,6.1,0,,False,[],,False,163.0,163.0,True
bc1psdqykyn2hmst9uwnn6kr63wejrzjz09nxunctjaevhcgcugker6sjf390q,bitcoin,BTC,0.57749922,0.0,BTC,37537.4493,163,0,0,1,1,1.0,0.0,0.0,True,0.15375,0.23343080846024677,False,False,,6.1,,0,[],[],0,False,False,,,66.2,False,,,0.0,,False,6.1,0,,False,[],,False,163.0,163.0,True
bc1p2u25fjfjc4lwxe0ypcuqhuzpg9fj5ghjc7fg75hyg9xm530kgz8slxukvm,bitcoin,BTC,0.57749922,0.0,BTC,37537.4493,163,0,0,1,1,1.0,0.0,0.0,True,0.15375,0.23343080846024677,False,False,,6.1,,0,[],[],0,False,False,,,66.2,False,,,0.0,,False,6.1,0,,False,[],,False,163.0,163.0,True
bc1p7e2ukkatmhky2w0tryqd4s3ef46hjeuyar9xywhkmzvye07qe5mq54mrd3,bitcoin,BTC,0.57749922,0.0,BTC,37537.4493,163,0,0,1,1,1.0,0.0,0.0,True,0.15375,0.23343080846024677,False,False,,6.1,,0,[],[],0,False,False,,,66.2,False,,,0.0,,False,6.1,0,,False,[],,False,163.0,163.0,True
bc1pmyhdfs070ua8qjvpny4g72nwe7xsatfautwdf7zlz4fp77y7d76qq8p9v3,bitcoin,BTC,0.57749922,0.0,BTC,37537.4493,163,0,0,1,1,1.0,0.0,0.0,True,0.15375,0.23343080846024677,False,False,,6.1,,0,[],[],0,False,False,,,66.2,False,,,0.0,,False,6.1,0,,False,[],,False,163.0,163.0,True
bc1p8jm0ce2x5dwuuhv3hm56kvykpcwhugezssrkwj7l5u0ch3zf257qkez9fp,bitcoin,BTC,0.8126464,0.0,BTC,52822.015999999996,155,0,0,1,1,1.0,0.0,0.0,True,0.135,0.23356228661740008,False,False,,6.1,,0,[],[],0,False,False,,,63.6,False,,,0.0,,False,6.1,0,,False,[],,False,155.0,155.0,True
bc1p8g5rcgccj93a0tj7pu4f0ujukd0cgzmqsnu5wygsydhzmauezf6szcj8lu,bitcoin,BTC,0.8126464,0.0,BTC,52822.015999999996,155,0,0,1,1,1.0,0.0,0.0,True,0.135,0.23356228661740008,False,False,,6.1,,0,[],[],0,False,False,,,63.6,False,,,0.0,,False,6.1,0,,False,[],,False,155.0,155.0,True
bc1qd5j4hxscnhmf65xcurjeanatvj8ct0jgdwj3kv,bitcoin,BTC,0.82373355,0.0,BTC,53542.68075,155,0,0,1,1,1.0,0.0,0.0,True,0.135,0.23376138552571601,False,False,,6.1,,0,[],[],0,False,False,,,63.6,False,,,0.0,,False,6.1,0,,False,[],,False,155.0,155.0,True
bc1pq7vtq3dtklcph2wgpp0ya4f3xa7znw0zcae6059glt6sppp26zesv6pvqj,bitcoin,BTC,15.11418204,0.0,BTC,982421.8326,158,0,0,1,1,1.0,0.0,0.0,True,0.1383,0.2344650548967273,False,False,,6.0,,0,[],[],0,False,False,,,64.1,False,,,0.0,,False,6.0,0,,False,[],,False,158.0,158.0,True
bc1p0g2k3gcy559e47cu5m5rnmphy8qswzw6uewgej8kj5058aqkl2uqd78xd2,bitcoin,BTC,15.11418204,0.0,BTC,982421.8326,158,0,0,1,1,1.0,0.0,0.0,True,0.1383,0.2344650548967273,False,False,,6.0,,0,[],[],0,False,False,,,64.1,False,,,0.0,,False,6.0,0,,False,[],,False,158.0,158.0,True
bc1q00rvuu8gu3f5k48xa9cm02nryvwtcezl988r9d,bitcoin,BTC,15.8,0.0,BTC,1027000.0,158,0,0,1,1,1.0,0.0,0.0,True,0.1383,0.2342206697603197,False,False,,6.0,,0,[],[],0,False,False,,,64.1,False,,,0.0,,False,6.0,0,,False,[],,False,158.0,158.0,True
bc1qw4v39c75dq2vepfd3e2ftxm4nztem0cp0dpsr5,bitcoin,BTC,15.11418204,0.0,BTC,982421.8326,158,0,0,1,1,1.0,0.0,0.0,True,0.1383,0.2344650548967273,False,False,,6.0,,0,[],[],0,False,False,,,64.1,False,,,0.0,,False,6.0,0,,False,[],,False,158.0,158.0,True
bc1pafh0q7ys0fvw23guufed9l9fxdll8kl8ksglzyg3n76ztd92hxksdtyq5d,bitcoin,BTC,1.58369418,0.0,BTC,102940.1217,149,0,0,1,1,1.0,0.0,0.0,True,0.12764999999999999,0.23468885845332377,False,False,,6.0,,0,[],[],0,False,False,,,62.6,False,,,0.0,,False,6.0,0,,False,[],,False,149.0,149.0,True
bc1pgazwd9lx9z0kgseedf6zl4x3fdgfhnv4xq8q5rrg9yhw3rhxmjnsgqg3t3,bitcoin,BTC,1.58369418,0.0,BTC,102940.1217,149,0,0,1,1,1.0,0.0,0.0,True,0.12764999999999999,0.23468885845332377,False,False,,6.0,,0,[],[],0,False,False,,,62.6,False,,,0.0,,False,6.0,0,,False,[],,False,149.0,149.0,True
bc1p8hj05mym83xj0ssct5l5x4c56mwzyuq7gacmkdvlze4mnrf44zrshj73e9,bitcoin,BTC,1.58369418,0.0,BTC,102940.1217,149,0,0,1,1,1.0,0.0,0.0,True,0.12764999999999999,0.23468885845332377,False,False,,6.0,,0,[],[],0,False,False,,,62.6,False,,,0.0,,False,6.0,0,,False,[],,False,149.0,149.0,True
bc1pe5t7txr7ru6c86n5tanl7yerllucnferekpu6k24gc0520aq3pjqjz3quf,bitcoin,BTC,1.58369418,0.0,BTC,102940.1217,149,0,0,1,1,1.0,0.0,0.0,True,0.12764999999999999,0.23468885845332377,False,False,,6.0,,0,[],[],0,False,False,,,62.6,False,,,0.0,,False,6.0,0,,False,[],,False,149.0,149.0,True
bc1pa4y9vppr6f4v3g9uu5w8qu60vyktwge0chfnwgeu3sdtqluvkuqsyqhv40,bitcoin,BTC,1.58369418,0.0,BTC,102940.1217,149,0,0,1,1,1.0,0.0,0.0,True,0.12764999999999999,0.23468885845332377,False,False,,6.0,,0,[],[],0,False,False,,,62.6,False,,,0.0,,False,6.0,0,,False,[],,False,149.0,149.0,True
bc1pxxf6uuuznp4qttexktu27xtxqajzekesm9jdmrq9us7jcsmllwkq3uf3hl,bitcoin,BTC,1.58369418,0.0,BTC,102940.1217,149,0,0,1,1,1.0,0.0,0.0,True,0.12764999999999999,0.23468885845332377,False,False,,6.0,,0,[],[],0,False,False,,,62.6,False,,,0.0,,False,6.0,0,,False,[],,False,149.0,149.0,True
bc1pezpp9l6a674t03ycgszae94x520lrj5qtxe2l4j9kx57je7g4f4q52fzc2,bitcoin,BTC,1.58369418,0.0,BTC,102940.1217,149,0,0,1,1,1.0,0.0,0.0,True,0.12764999999999999,0.23468885845332377,False,False,,6.0,,0,[],[],0,False,False,,,62.6,False,,,0.0,,False,6.0,0,,False,[],,False,149.0,149.0,True
bc1pf0j7k9cgdhlj7rl3dpu5szvx7zggj8ygmrpjeh33mhqzdav727us7mewkn,bitcoin,BTC,1.58369418,0.0,BTC,102940.1217,149,0,0,1,1,1.0,0.0,0.0,True,0.12764999999999999,0.23468885845332377,False,False,,6.0,,0,[],[],0,False,False,,,62.6,False,,,0.0,,False,6.0,0,,False,[],,False,149.0,149.0,True
bc1psv69zfp9ew30cznr04tcqlcsu8tkwtv94anwmgm2gpwnd95tvj2s2kszlr,bitcoin,BTC,1.58369418,0.0,BTC,102940.1217,149,0,0,1,1,1.0,0.0,0.0,True,0.12764999999999999,0.23468885845332377,False,False,,6.0,,0,[],[],0,False,False,,,62.6,False,,,0.0,,False,6.0,0,,False,[],,False,149.0,149.0,True
bc1p53ndrfeda9rd50k4lcwfmesm48hmvqtl5s7h2s757xag8sh5w93sa9ls0c,bitcoin,BTC,1.58369418,0.0,BTC,102940.1217,149,0,0,1,1,1.0,0.0,0.0,True,0.12764999999999999,0.23468885845332377,False,False,,6.0,,0,[],[],0,False,False,,,62.6,False,,,0.0,,False,6.0,0,,False,[],,False,149.0,149.0,True
bc1plzyv4xel08egu934egj5dh8f3aeauklhxkh5jj94grst6j2h0jrs3hxacy,bitcoin,BTC,4.17333248,0.0,BTC,271266.6112,199,0,0,1,1,1.0,0.0,0.0,True,0.24539999999999998,0.23515363518763877,False,False,,5.9,,0,[],[],0,False,False,,,78.8,False,,,0.0,,False,5.9,0,,False,[],,False,199.0,199.0,True
bc1pc5s56dzp6rd9qys2he4hck3vc9ghgp7k8qufsygu0gy0mmksa4xqgxxlzh,bitcoin,BTC,15.35115264,0.0,BTC,997824.9216,183,0,0,1,1,1.0,0.0,0.0,True,0.195,0.23537809309544422,False,False,,5.9,,0,[],[],0,False,False,,,71.8,False,,,0.0,,False,5.9,0,,False,[],,False,183.0,183.0,True
bc1p53efvr85tuanzshj96mp0tga0046cs5fd7979tt8d7j9qhs6q9rqt87pga,bitcoin,BTC,12.49902592,0.0,BTC,812436.6847999999,149,0,0,1,1,1.0,0.0,0.0,True,0.12764999999999999,0.23491475622679464,False,False,,5.9,,0,[],[],0,False,False,,,62.6,False,,,0.0,,False,5.9,0,,False,[],,False,149.0,149.0,True
bc1ph9mq3dasm6gvxs9typj9npavn470xnjkx4vfkljl8r6dhy7jft9suplday,bitcoin,BTC,12.49902592,0.0,BTC,812436.6847999999,149,0,0,1,1,1.0,0.0,0.0,True,0.12764999999999999,0.23491475622679464,False,False,,5.9,,0,[],[],0,False,False,,,62.6,False,,,0.0,,False,5.9,0,,False,[],,False,149.0,149.0,True
bc1p7s9wzu7l9ftum42kvhm82wmnsslq8dshuze2wwd7htx3dc7p3xes89fkqj,bitcoin,BTC,12.49902592,0.0,BTC,812436.6847999999,149,0,0,1,1,1.0,0.0,0.0,True,0.12764999999999999,0.23491475622679464,False,False,,5.9,,0,[],[],0,False,False,,,62.6,False,,,0.0,,False,5.9,0,,False,[],,False,149.0,149.0,True
bc1p9l3t2udfueuk6md3ttjzl2c77jv6lspk7jjg7k7jdx50zfuxhp8qmrdlsc,bitcoin,BTC,12.49902592,0.0,BTC,812436.6847999999,149,0,0,1,1,1.0,0.0,0.0,True,0.12764999999999999,0.23491475622679464,False,False,,5.9,,0,[],[],0,False,False,,,62.6,False,,,0.0,,False,5.9,0,,False,[],,False,149.0,149.0,True
bc1pj3a3579ua3q50rmw5w0fn6ku2udlhjkc8vu0hcvktxljc5wmgmhqglmjlz,bitcoin,BTC,12.49902592,0.0,BTC,812436.6847999999,149,0,0,1,1,1.0,0.0,0.0,True,0.12764999999999999,0.23491475622679464,False,False,,5.9,,0,[],[],0,False,False,,,62.6,False,,,0.0,,False,5.9,0,,False,[],,False,149.0,149.0,True
bc1prnv095vzjj0nu7t2mr8l2usadqsh94r3kt3552v8aem0p4cves4scf8g9m,bitcoin,BTC,12.49902592,0.0,BTC,812436.6847999999,149,0,0,1,1,1.0,0.0,0.0,True,0.12764999999999999,0.23491475622679464,False,False,,5.9,,0,[],[],0,False,False,,,62.6,False,,,0.0,,False,5.9,0,,False,[],,False,149.0,149.0,True
bc1ppqngljufqn3xpqzjvzt6unnz6x8a5cqhzgkrzq7qytdc9gwyv7lsaaflwu,bitcoin,BTC,12.49902592,0.0,BTC,812436.6847999999,149,0,0,1,1,1.0,0.0,0.0,True,0.12764999999999999,0.23491475622679464,False,False,,5.9,,0,[],[],0,False,False,,,62.6,False,,,0.0,,False,5.9,0,,False,[],,False,149.0,149.0,True
bc1pt3x5jves900c0e5pzs5l4gjku6sra9yc89akccd80xtysp7kxclqmawqg4,bitcoin,BTC,12.49902592,0.0,BTC,812436.6847999999,149,0,0,1,1,1.0,0.0,0.0,True,0.12764999999999999,0.23491475622679464,False,False,,5.9,,0,[],[],0,False,False,,,62.6,False,,,0.0,,False,5.9,0,,False,[],,False,149.0,149.0,True
bc1pqdld92maq6ltk4uxyaps29lwkgz4wccn2e7hd3dsfaen0un9guvqqj4mqd,bitcoin,BTC,12.49902592,0.0,BTC,812436.6847999999,149,0,0,1,1,1.0,0.0,0.0,True,0.12764999999999999,0.23491475622679464,False,False,,5.9,,0,[],[],0,False,False,,,62.6,False,,,0.0,,False,5.9,0,,False,[],,False,149.0,149.0,True
bc1p76rvl326gyaw286k6nphnytfwdxc6muhklpl4tky6q5gq7plvy2qgn3lc3,bitcoin,BTC,12.49902592,0.0,BTC,812436.6847999999,149,0,0,1,1,1.0,0.0,0.0,True,0.12764999999999999,0.23491475622679464,False,False,,5.9,,0,[],[],0,False,False,,,62.6,False,,,0.0,,False,5.9,0,,False,[],,False,149.0,149.0,True
bc1pk4ymsxyz43r66pdtkq0wr6weps4v346qytupwr8t57f6vu0tse0qmqne8l,bitcoin,BTC,12.49902592,0.0,BTC,812436.6847999999,149,0,0,1,1,1.0,0.0,0.0,True,0.12764999999999999,0.23491475622679464,False,False,,5.9,,0,[],[],0,False,False,,,62.6,False,,,0.0,,False,5.9,0,,False,[],,False,149.0,149.0,True
bc1p3h7k4xzp5ef4xkcg6mlgy5afdlpjq2nfhtq0xh2xce6zzntvjvhs6lrxc2,bitcoin,BTC,12.49902592,0.0,BTC,812436.6847999999,149,0,0,1,1,1.0,0.0,0.0,True,0.12764999999999999,0.23491475622679464,False,False,,5.9,,0,[],[],0,False,False,,,62.6,False,,,0.0,,False,5.9,0,,False,[],,False,149.0,149.0,True
bc1p7lzpvfle6vlc2azgnyfddrshyjnmdetnl5rlqj2pfknku5wpc9sq7jt2fz,bitcoin,BTC,7.3,0.0,BTC,474500.0,146,0,0,1,1,1.0,0.0,0.0,True,0.116775,0.23529773128840809,False,False,,5.9,,0,[],[],0,False,False,,,61.1,False,,,0.0,,False,5.9,0,,False,[],,False,146.0,146.0,True
bc1qkpm08a9y7cxew5znd5mh8e9lq3hgxdk6y5nmsa,bitcoin,BTC,7.3,0.0,BTC,474500.0,146,0,0,1,1,1.0,0.0,0.0,True,0.116775,0.23529773128840809,False,False,,5.9,,0,[],[],0,False,False,,,61.1,False,,,0.0,,False,5.9,0,,False,[],,False,146.0,146.0,True
bc1pdravj05wcq8309zd9p3qllaxrlgfjmpccuhj5ue66z9mcfvuwc9q27jkk3,bitcoin,BTC,7.3,0.0,BTC,474500.0,146,0,0,1,1,1.0,0.0,0.0,True,0.116775,0.23529773128840809,False,False,,5.9,,0,[],[],0,False,False,,,61.1,False,,,0.0,,False,5.9,0,,False,[],,False,146.0,146.0,True
bc1p3ve7kk85xhezxytcz035utd5andpgu738jx44h8v9msp5ajtjw8sm0r3rz,bitcoin,BTC,7.3,0.0,BTC,474500.0,146,0,0,1,1,1.0,0.0,0.0,True,0.116775,0.23529773128840809,False,False,,5.9,,0,[],[],0,False,False,,,61.1,False,,,0.0,,False,5.9,0,,False,[],,False,146.0,146.0,True
bc1pfugauvk3he0l3eadsk9qdp9v5x5u08u6p5kxjz6702fdqczvqeuqs3u506,bitcoin,BTC,7.3,0.0,BTC,474500.0,146,0,0,1,1,1.0,0.0,0.0,True,0.116775,0.23529773128840809,False,False,,5.9,,0,[],[],0,False,False,,,61.1,False,,,0.0,,False,5.9,0,,False,[],,False,146.0,146.0,True
bc1pjdg9ettzf4qkuu92ekqu2zkmvmdgze5gs4gkw8ssxg86ql8ljnqs7vu7l2,bitcoin,BTC,7.3,0.0,BTC,474500.0,146,0,0,1,1,1.0,0.0,0.0,True,0.116775,0.23529773128840809,False,False,,5.9,,0,[],[],0,False,False,,,61.1,False,,,0.0,,False,5.9,0,,False,[],,False,146.0,146.0,True
bc1p0mae3z0tq6lkt0sku7h5c0fa0setmyvct2qs8yad7nzye7y4aptqjazttm,bitcoin,BTC,7.3,0.0,BTC,474500.0,146,0,0,1,1,1.0,0.0,0.0,True,0.116775,0.23529773128840809,False,False,,5.9,,0,[],[],0,False,False,,,61.1,False,,,0.0,,False,5.9,0,,False,[],,False,146.0,146.0,True
bc1q6wds505lx87q832ml680rp393jz0hd0aj5025n,bitcoin,BTC,20.0884698,0.0,BTC,1305750.537,210,0,0,1,1,1.0,0.0,0.0,True,0.27097499999999997,0.2358053242832167,False,False,,5.8,,0,[],[],0,False,False,,,82.3,False,,,0.0,,False,5.8,0,,False,[],,False,210.0,210.0,True
bc1qd9jsyl3mzfkqxuvcrd9ujnfkqcr2egdrjdkpfh,bitcoin,BTC,20.0884698,0.0,BTC,1305750.537,210,0,0,1,1,1.0,0.0,0.0,True,0.27097499999999997,0.2358053242832167,False,False,,5.8,,0,[],[],0,False,False,,,82.3,False,,,0.0,,False,5.8,0,,False,[],,False,210.0,210.0,True
bc1pkpc5vwjlafxgrljktfqk28a3fy3jemczp2n3uwrrflxerncnlfvqzwv9s9,bitcoin,BTC,4.65542316,0.0,BTC,302602.50539999997,146,0,0,1,1,1.0,0.0,0.0,True,0.116775,0.236225146324255,False,False,,5.8,,0,[],[],0,False,False,,,61.1,False,,,0.0,,False,5.8,0,,False,[],,False,146.0,146.0,True
bc1p4wtazlsr7waurrxted9f3adhwkfp9jc7w5kvrq9sma023wkm5k3sfpjvk4,bitcoin,BTC,4.65542316,0.0,BTC,302602.50539999997,146,0,0,1,1,1.0,0.0,0.0,True,0.116775,0.236225146324255,False,False,,5.8,,0,[],[],0,False,False,,,61.1,False,,,0.0,,False,5.8,0,,False,[],,False,146.0,146.0,True
bc1p92sflt0mucw06yr4rn9mgl4hmarrekfjz5knsuju94dw3eq6k6tsg2jd97,bitcoin,BTC,4.65542316,0.0,BTC,302602.50539999997,146,0,0,1,1,1.0,0.0,0.0,True,0.116775,0.236225146324255,False,False,,5.8,,0,[],[],0,False,False,,,61.1,False,,,0.0,,False,5.8,0,,False,[],,False,146.0,146.0,True
bc1pephqlwvy2vp77rge4vqzgw64v5z772mrgxmt2n0mwfj9vg95rprspm058q,bitcoin,BTC,0.57395628,0.0,BTC,37307.1582,162,0,0,1,1,1.0,0.0,0.0,True,0.15105000000000002,0.23690130890443445,False,False,,5.7,,0,[],[],0,False,False,,,65.8,False,,,0.0,,False,5.7,0,,False,[],,False,162.0,162.0,True
bc1p9er5ravt7g9muquanlva6kwqjfunsch8eszhukslmr5m8kqk0r5q998h2n,bitcoin,BTC,17.41000716,0.0,BTC,1131650.4653999999,182,0,0,1,1,1.0,0.0,0.0,True,0.189225,0.23716403160845745,False,False,,5.6,,0,[],[],0,False,False,,,71.1,False,,,0.0,,False,5.6,0,,False,[],,False,182.0,182.0,True
bc1p36792nps8q9khwt30rfmxnc9slelmr2xfcqtlt7f66knxjqw9a4q3c3p5n,bitcoin,BTC,3.06184192,0.0,BTC,199019.7248,146,0,0,1,1,1.0,0.0,0.0,True,0.116775,0.23746998728299468,False,False,,5.6,,0,[],[],0,False,False,,,61.1,False,,,0.0,,False,5.6,0,,False,[],,False,146.0,146.0,True
bc1pgymtqawcamqpjxf0ntm4nnj4hfxelr7vxpn7h66vqxcles4dm27slhvxnc,bitcoin,BTC,3.06184192,0.0,BTC,199019.7248,146,0,0,1,1,1.0,0.0,0.0,True,0.116775,0.23746998728299468,False,False,,5.6,,0,[],[],0,False,False,,,61.1,False,,,0.0,,False,5.6,0,,False,[],,False,146.0,146.0,True
bc1pl8dmaq08nt2s6ta9l7ufcrgdeelh4tzwg2hhxqvtkvjdprzkmr8sj0n06t,bitcoin,BTC,3.06184192,0.0,BTC,199019.7248,146,0,0,1,1,1.0,0.0,0.0,True,0.116775,0.23746998728299468,False,False,,5.6,,0,[],[],0,False,False,,,61.1,False,,,0.0,,False,5.6,0,,False,[],,False,146.0,146.0,True
bc1paad9z3xcz260vpea0md5z6sc4t7cdgnf4zuhjlf85s2z0jz44kzq8ymzhp,bitcoin,BTC,3.06184192,0.0,BTC,199019.7248,146,0,0,1,1,1.0,0.0,0.0,True,0.116775,0.23746998728299468,False,False,,5.6,,0,[],[],0,False,False,,,61.1,False,,,0.0,,False,5.6,0,,False,[],,False,146.0,146.0,True
bc1pysduzsy99j3fhe9rt2fwkxlapz8zvwtxhytats8e4gwvp2msunjqvgwqsn,bitcoin,BTC,3.06184192,0.0,BTC,199019.7248,146,0,0,1,1,1.0,0.0,0.0,True,0.116775,0.23746998728299468,False,False,,5.6,,0,[],[],0,False,False,,,61.1,False,,,0.0,,False,5.6,0,,False,[],,False,146.0,146.0,True
bc1pjsjh47hf4vz0j2yelychphex0hfnmnjsa2kl7mqkp2l9cq8u6zwqchrx5n,bitcoin,BTC,3.06184192,0.0,BTC,199019.7248,146,0,0,1,1,1.0,0.0,0.0,True,0.116775,0.23746998728299468,False,False,,5.6,,0,[],[],0,False,False,,,61.1,False,,,0.0,,False,5.6,0,,False,[],,False,146.0,146.0,True
bc1p92cahd6yuk7rk9m880urvhcpgkzstduhghlndy8d4tumkenq2xlqyu0pyz,bitcoin,BTC,3.06184192,0.0,BTC,199019.7248,146,0,0,1,1,1.0,0.0,0.0,True,0.116775,0.23746998728299468,False,False,,5.6,,0,[],[],0,False,False,,,61.1,False,,,0.0,,False,5.6,0,,False,[],,False,146.0,146.0,True
bc1pnqquw8fjn90mkgx5jw3u822y0avfpsz0u9ukadt7hgr63ejv7vlsl93exr,bitcoin,BTC,3.06184192,0.0,BTC,199019.7248,146,0,0,1,1,1.0,0.0,0.0,True,0.116775,0.23746998728299468,False,False,,5.6,,0,[],[],0,False,False,,,61.1,False,,,0.0,,False,5.6,0,,False,[],,False,146.0,146.0,True
bc1pls26my2aw8vakprzh9yzqrlk97qjt06vmngxwkfq45lm75dwq7sscvdwav,bitcoin,BTC,3.06184192,0.0,BTC,199019.7248,146,0,0,1,1,1.0,0.0,0.0,True,0.116775,0.23746998728299468,False,False,,5.6,,0,[],[],0,False,False,,,61.1,False,,,0.0,,False,5.6,0,,False,[],,False,146.0,146.0,True
bc1pxr9ktzy3rtj466h9qeg3wmwwkmuf79pg8sqjd8f784rq090e83kqqsxd03,bitcoin,BTC,3.06184192,0.0,BTC,199019.7248,146,0,0,1,1,1.0,0.0,0.0,True,0.116775,0.23746998728299468,False,False,,5.6,,0,[],[],0,False,False,,,61.1,False,,,0.0,,False,5.6,0,,False,[],,False,146.0,146.0,True
bc1p0x0sgqplppur9mm0ygaedh03a2qpqr2dksxy7z6czltzc70ucpyq3qj78v,bitcoin,BTC,3.06184192,0.0,BTC,199019.7248,146,0,0,1,1,1.0,0.0,0.0,True,0.116775,0.23746998728299468,False,False,,5.6,,0,[],[],0,False,False,,,61.1,False,,,0.0,,False,5.6,0,,False,[],,False,146.0,146.0,True
bc1pkpvu9g763dy0k2j22rdxysdvfzqft2c3cxt0hfrsack9qce08mpsypzdtr,bitcoin,BTC,0.5845851,0.0,BTC,37998.0315,165,0,0,1,1,1.0,0.0,0.0,True,0.158025,0.23786352622201845,False,False,,5.5,,0,[],[],0,False,False,,,66.8,False,,,0.0,,False,5.5,0,,False,[],,False,165.0,165.0,True
bc1phmds3t2q5zuqndj4mp5dtk86vvvx80fvfdvceww9u4l493knx99s7meu4g,bitcoin,BTC,0.5845851,0.0,BTC,37998.0315,165,0,0,1,1,1.0,0.0,0.0,True,0.158025,0.23786352622201845,False,False,,5.5,,0,[],[],0,False,False,,,66.8,False,,,0.0,,False,5.5,0,,False,[],,False,165.0,165.0,True
bc1qarlukjy0w8ra2lcmk34mmjuvjs349z5h88vc7a,bitcoin,BTC,0.5845851,0.0,BTC,37998.0315,165,0,0,1,1,1.0,0.0,0.0,True,0.158025,0.23786352622201845,False,False,,5.5,,0,[],[],0,False,False,,,66.8,False,,,0.0,,False,5.5,0,,False,[],,False,165.0,165.0,True
bc1pkj39kwagwlwjkkne9pt92np0jkwwmm2m0t7xcs7tszjduyvcmalqkrqkre,bitcoin,BTC,0.5845851,0.0,BTC,37998.0315,165,0,0,1,1,1.0,0.0,0.0,True,0.158025,0.23786352622201845,False,False,,5.5,,0,[],[],0,False,False,,,66.8,False,,,0.0,,False,5.5,0,,False,[],,False,165.0,165.0,True
bc1pc84y3hwzmrl60x5ygyyf929f0ggted5np2772cg5wd7ea4hrhwuqjrh7ya,bitcoin,BTC,0.5845851,0.0,BTC,37998.0315,165,0,0,1,1,1.0,0.0,0.0,True,0.158025,0.23786352622201845,False,False,,5.5,,0,[],[],0,False,False,,,66.8,False,,,0.0,,False,5.5,0,,False,[],,False,165.0,165.0,True
bc1ph78c2tgtx8jp9s3fxnzerx2s8qkkmsnqtvggz56pt7dma0ujss0sm5cj5c,bitcoin,BTC,1.62620946,0.0,BTC,105703.6149,153,0,0,1,1,1.0,0.0,0.0,True,0.13305,0.23790782100954794,False,False,,5.5,,0,[],[],0,False,False,,,63.4,False,,,0.0,,False,5.5,0,,False,[],,False,153.0,153.0,True
bc1pl76rlxd6vs2qrwejuhzfwseqpj8aqn00vykaj7yl8gmxah7sn6rsyah2wt,bitcoin,BTC,7.65,0.0,BTC,497250.0,153,0,0,1,1,1.0,0.0,0.0,True,0.13305,0.2389934690827441,False,False,,5.4,,0,[],[],0,False,False,,,63.3,False,,,0.0,,False,5.4,0,,False,[],,False,153.0,153.0,True
bc1p4sxdly5ppylwg3u855lkuf0d6gxgcannn9jgwpruvpjs6ra2yv5shaswqx,bitcoin,BTC,7.65,0.0,BTC,497250.0,153,0,0,1,1,1.0,0.0,0.0,True,0.13305,0.2389934690827441,False,False,,5.4,,0,[],[],0,False,False,,,63.3,False,,,0.0,,False,5.4,0,,False,[],,False,153.0,153.0,True
bc1p35wnn4a56yayfj5tncvwhg7vjqtx59cfdq2xwfdkrj2k9aase53q8388xq,bitcoin,BTC,7.65,0.0,BTC,497250.0,153,0,0,1,1,1.0,0.0,0.0,True,0.13305,0.2389934690827441,False,False,,5.4,,0,[],[],0,False,False,,,63.3,False,,,0.0,,False,5.4,0,,False,[],,False,153.0,153.0,True
bc1pprc6tvh3tdfgcykfm7kgw8yhvktetjcm5s9ghlr6yvceqsda62qqngd5m4,bitcoin,BTC,7.65,0.0,BTC,497250.0,153,0,0,1,1,1.0,0.0,0.0,True,0.13305,0.2389934690827441,False,False,,5.4,,0,[],[],0,False,False,,,63.3,False,,,0.0,,False,5.4,0,,False,[],,False,153.0,153.0,True
bc1pqqyjxqqfjkfgjltwz3p7qpz59e2a7y0ytyjpfe7u6m8scf2fahvqhevcmg,bitcoin,BTC,7.65,0.0,BTC,497250.0,153,0,0,1,1,1.0,0.0,0.0,True,0.13305,0.2389934690827441,False,False,,5.4,,0,[],[],0,False,False,,,63.3,False,,,0.0,,False,5.4,0,,False,[],,False,153.0,153.0,True
bc1qsmf8sgrrsenjp45z4m9fnlrg8s7g7nc5gr63y5,bitcoin,BTC,7.4,0.0,BTC,481000.0,148,0,0,1,1,1.0,0.0,0.0,True,0.121575,0.23866797126002026,False,False,,5.4,,0,[],[],0,False,False,,,61.8,False,,,0.0,,False,5.4,0,,False,[],,False,148.0,148.0,True
bc1ql2frmnh93jwswefqtkstagjtsetjulkgas25ej,bitcoin,BTC,23.62786686,0.09565938,BTC,1535811.3459,247,0,1,1,1,1.0,0.0,0.004048582995951417,True,0.3383847165991902,0.23919366875808762,False,False,,5.3,,0,[],[],0,False,False,,,91.4,False,,,0.0,,False,5.3,0,,False,[],,False,247.0,247.0,True
bc1qjectxkyka606c78rkf52dka6hgedycvzkyz49p,bitcoin,BTC,23.62786686,0.09565938,BTC,1535811.3459,247,0,1,1,1,1.0,0.0,0.004048582995951417,True,0.3383847165991902,0.23950573636180572,False,False,,5.3,,0,[],[],0,False,False,,,91.4,False,,,0.0,,False,5.3,0,,False,[],,False,247.0,247.0,True
bc1puwzxvp2rv6vlvfs4gsznv8fjpfq8e69uew99uug99tlql5zga43qay98ah,bitcoin,BTC,23.62786686,0.09565938,BTC,1535811.3459,247,0,1,1,1,1.0,0.0,0.004048582995951417,True,0.3383847165991902,0.23950573636180572,False,False,,5.3,,0,[],[],0,False,False,,,91.4,False,,,0.0,,False,5.3,0,,False,[],,False,247.0,247.0,True
bc1p0dlztp292gfw6tadjkcms0kwf7krp84jd3mgnn7g8tt8ldlk2ymscumfnx,bitcoin,BTC,23.62786686,0.09565938,BTC,1535811.3459,247,0,1,1,1,1.0,0.0,0.004048582995951417,True,0.3383847165991902,0.23919366875808762,False,False,,5.3,,0,[],[],0,False,False,,,91.4,False,,,0.0,,False,5.3,0,,False,[],,False,247.0,247.0,True
bc1q3yfl4lksfv4mvfq4m69rka3d7zal6d9zp9l05t,bitcoin,BTC,23.62786686,0.09565938,BTC,1535811.3459,247,0,1,1,1,1.0,0.0,0.004048582995951417,True,0.3383847165991902,0.23919366875808762,False,False,,5.3,,0,[],[],0,False,False,,,91.4,False,,,0.0,,False,5.3,0,,False,[],,False,247.0,247.0,True
bc1pwzg5emc0fqajt6e2e0gu8yqvqvys7matnrnxmwuxp4xvx5r6nfuq0jnmg7,bitcoin,BTC,23.62786686,0.09565938,BTC,1535811.3459,247,0,1,1,1,1.0,0.0,0.004048582995951417,True,0.3383847165991902,0.23919366875808762,False,False,,5.3,,0,[],[],0,False,False,,,91.4,False,,,0.0,,False,5.3,0,,False,[],,False,247.0,247.0,True
bc1qyqgx6yhjmnexczl45ktq2dcv9ajxk007f43s3e,bitcoin,BTC,23.62786686,0.09565938,BTC,1535811.3459,247,0,1,1,1,1.0,0.0,0.004048582995951417,True,0.3383847165991902,0.23919366875808762,False,False,,5.3,,0,[],[],0,False,False,,,91.4,False,,,0.0,,False,5.3,0,,False,[],,False,247.0,247.0,True
bc1pahn2q3p63fha375a2g6udslksz62nl6r9p02ej3e4tsv6km9rvmq24y3cp,bitcoin,BTC,23.62786686,0.09565938,BTC,1535811.3459,247,0,1,1,1,1.0,0.0,0.004048582995951417,True,0.3383847165991902,0.23950573636180572,False,False,,5.3,,0,[],[],0,False,False,,,91.4,False,,,0.0,,False,5.3,0,,False,[],,False,247.0,247.0,True
bc1q8eqwx754xd42gg6w53t5xkf33m5dhjufu44gs3,bitcoin,BTC,23.62786686,0.0,BTC,1535811.3459,247,0,0,1,1,1.0,0.0,0.0,True,0.33757499999999996,0.23950573636180572,False,False,,5.3,,0,[],[],0,False,False,,,91.4,False,,,0.0,,False,5.3,0,,False,[],,False,247.0,247.0,True
bc1q2m82hjvudtr9mvzkg6gt9q6wc3m3v7dru9tllr,bitcoin,BTC,23.62786686,0.0,BTC,1535811.3459,247,0,0,1,1,1.0,0.0,0.0,True,0.33757499999999996,0.23919366875808762,False,False,,5.3,,0,[],[],0,False,False,,,91.4,False,,,0.0,,False,5.3,0,,False,[],,False,247.0,247.0,True
bc1qpeh4fl8npxtx5myc2hmek72n3hzmf3nu5z9r2c,bitcoin,BTC,23.62786686,0.0,BTC,1535811.3459,247,0,0,1,1,1.0,0.0,0.0,True,0.33757499999999996,0.23919366875808762,False,False,,5.3,,0,[],[],0,False,False,,,91.4,False,,,0.0,,False,5.3,0,,False,[],,False,247.0,247.0,True
bc1q849vkyzhf4dgxtdz9xsckzwgryah8mydwc3k4e,bitcoin,BTC,23.62786686,0.0,BTC,1535811.3459,247,0,0,1,1,1.0,0.0,0.0,True,0.33757499999999996,0.23950573636180572,False,False,,5.3,,0,[],[],0,False,False,,,91.4,False,,,0.0,,False,5.3,0,,False,[],,False,247.0,247.0,True
bc1qv3j5xqt8smquju4ljwsn53v50lfc83ypqlpxdd,bitcoin,BTC,23.62786686,0.0,BTC,1535811.3459,247,0,0,1,1,1.0,0.0,0.0,True,0.33757499999999996,0.23950573636180572,False,False,,5.3,,0,[],[],0,False,False,,,91.4,False,,,0.0,,False,5.3,0,,False,[],,False,247.0,247.0,True
bc1ptu4rj0drsshd0cmvnmjf8v52c0qgtlepaa6kus2alp30gyptp5aqyq2ul9,bitcoin,BTC,23.62786686,0.0,BTC,1535811.3459,247,0,0,1,1,1.0,0.0,0.0,True,0.33757499999999996,0.23950573636180572,False,False,,5.3,,0,[],[],0,False,False,,,91.4,False,,,0.0,,False,5.3,0,,False,[],,False,247.0,247.0,True
bc1pldal84r5t9hxchgue4g5k6vdlem8gku9umydvvxlqh7lyye4c5vq69h4he,bitcoin,BTC,12.15,0.0,BTC,789750.0,243,0,0,1,1,1.0,0.0,0.0,True,0.3198,0.23935019931090223,False,False,,5.3,,0,[],[],0,False,False,,,89.0,False,,,0.0,,False,5.3,0,,False,[],,False,243.0,243.0,True
bc1q8lmx7945dlrua3gt0z7t4chcpvvc25je2427u0,bitcoin,BTC,6.84416277,0.0,BTC,444870.58005,153,0,0,1,1,1.0,0.0,0.0,True,0.13305,0.2404012034553576,False,False,,5.2,,0,[],[],0,False,False,,,63.3,False,,,0.0,,False,5.2,0,,False,[],,False,153.0,153.0,True
bc1qv2wm7uhpd9tvczqprfgenzumn9upkyfffycc3e,bitcoin,BTC,7.45,0.0,BTC,484250.0,149,0,0,1,1,1.0,0.0,0.0,True,0.12764999999999999,0.24053009513902285,False,False,,5.2,,0,[],[],0,False,False,,,62.6,False,,,0.0,,False,5.2,0,,False,[],,False,149.0,149.0,True
bc1p3czeyfcx67w69d062ypfnhnx9dmhkm5s4tt8etqxr0vzp58h4r3snf9p9q,bitcoin,BTC,7.45,0.0,BTC,484250.0,149,0,0,1,1,1.0,0.0,0.0,True,0.12764999999999999,0.24053009513902285,False,False,,5.2,,0,[],[],0,False,False,,,62.6,False,,,0.0,,False,5.2,0,,False,[],,False,149.0,149.0,True
bc1pu29ene3jrekdeql04qdhe86tfm2lg4gyr0k5pla56uh7fyz3jsgqlk35s0,bitcoin,BTC,7.45,0.0,BTC,484250.0,149,0,0,1,1,1.0,0.0,0.0,True,0.12764999999999999,0.24053009513902285,False,False,,5.2,,0,[],[],0,False,False,,,62.6,False,,,0.0,,False,5.2,0,,False,[],,False,149.0,149.0,True
bc1pgxxal68hv8dnme8hyuwlldzfzkc6l06wuh0m2umnk3qzdfedh9zs8q6886,bitcoin,BTC,7.45,0.0,BTC,484250.0,149,0,0,1,1,1.0,0.0,0.0,True,0.12764999999999999,0.24053009513902285,False,False,,5.2,,0,[],[],0,False,False,,,62.6,False,,,0.0,,False,5.2,0,,False,[],,False,149.0,149.0,True
bc1qr24p0s3kpfptsa27fagj60cpz3ufdxgtt4rhuu,bitcoin,BTC,7.45,0.0,BTC,484250.0,149,0,0,1,1,1.0,0.0,0.0,True,0.12764999999999999,0.24053009513902285,False,False,,5.2,,0,[],[],0,False,False,,,62.6,False,,,0.0,,False,5.2,0,,False,[],,False,149.0,149.0,True
bc1qq9r04d4cpqjw54h9d8n0a63akq0h54cc22ld8x,bitcoin,BTC,7.45,0.0,BTC,484250.0,149,0,0,1,1,1.0,0.0,0.0,True,0.12764999999999999,0.24053009513902285,False,False,,5.2,,0,[],[],0,False,False,,,62.6,False,,,0.0,,False,5.2,0,,False,[],,False,149.0,149.0,True
bc1qrxar93p0dtqzaju7ywtkequut7xmgxcr598wu9,bitcoin,BTC,7.45,0.0,BTC,484250.0,149,0,0,1,1,1.0,0.0,0.0,True,0.12764999999999999,0.24053009513902285,False,False,,5.2,,0,[],[],0,False,False,,,62.6,False,,,0.0,,False,5.2,0,,False,[],,False,149.0,149.0,True
bc1prummsfnuhz3elu00ntqc65cuwksw7y3w2etet77thad3k6c7achs90m49r,bitcoin,BTC,7.45,0.0,BTC,484250.0,149,0,0,1,1,1.0,0.0,0.0,True,0.12764999999999999,0.24053009513902285,False,False,,5.2,,0,[],[],0,False,False,,,62.6,False,,,0.0,,False,5.2,0,,False,[],,False,149.0,149.0,True
bc1pdaf0x8nwt9v7zm4qqw3dnmn09z0yyk532tyvgyyuvreylp9n0qksnz029d,bitcoin,BTC,7.45,0.0,BTC,484250.0,149,0,0,1,1,1.0,0.0,0.0,True,0.12764999999999999,0.24053009513902285,False,False,,5.2,,0,[],[],0,False,False,,,62.6,False,,,0.0,,False,5.2,0,,False,[],,False,149.0,149.0,True
bc1pnr9dxtwyamcwjzkdpa0zfvc2z3gt4mjlacauvdz6xfye9ctjgpmqphfvd0,bitcoin,BTC,4.71919608,0.0,BTC,306747.7452,148,0,0,1,1,1.0,0.0,0.0,True,0.121575,0.24007416255287578,False,False,,5.2,,0,[],[],0,False,False,,,61.8,False,,,0.0,,False,5.2,0,,False,[],,False,148.0,148.0,True
bc1pu45se90u8ylwla842pee4v0h82lc3h9e0rxdwx4dw9fs85qyamqqf7x9s8,bitcoin,BTC,4.71919608,0.0,BTC,306747.7452,148,0,0,1,1,1.0,0.0,0.0,True,0.121575,0.24007416255287578,False,False,,5.2,,0,[],[],0,False,False,,,61.8,False,,,0.0,,False,5.2,0,,False,[],,False,148.0,148.0,True
bc1pt99ly4l08fq8cz0fwswh7hj8qsyg47zq70rrjz60yc4kzxmjp4aqmj37z0,bitcoin,BTC,3.10378496,0.0,BTC,201746.02240000002,148,0,0,1,1,1.0,0.0,0.0,True,0.121575,0.2404765066326403,False,False,,5.2,,0,[],[],0,False,False,,,61.8,False,,,0.0,,False,5.2,0,,False,[],,False,148.0,148.0,True
bc1px280kx7c3el7t2hjnfsunet3rv48wy7s2ea7ssg9yvv64xe24uzqmpf69n,bitcoin,BTC,4.71919608,0.0,BTC,306747.7452,148,0,0,1,1,1.0,0.0,0.0,True,0.121575,0.24007416255287578,False,False,,5.2,,0,[],[],0,False,False,,,61.8,False,,,0.0,,False,5.2,0,,False,[],,False,148.0,148.0,True
bc1pwr244u04dscp5h2hmvcmyd72d8pjwrzn3sgvh2kzs6tzesv5ky0q8hekn8,bitcoin,BTC,3.10378496,0.0,BTC,201746.02240000002,148,0,0,1,1,1.0,0.0,0.0,True,0.121575,0.2404765066326403,False,False,,5.2,,0,[],[],0,False,False,,,61.8,False,,,0.0,,False,5.2,0,,False,[],,False,148.0,148.0,True
bc1p3wkf3nahl5avdy4u4evc7gher36wmgd309gcwmgc2j36tytx9nnsa06t9d,bitcoin,BTC,3.10378496,0.0,BTC,201746.02240000002,148,0,0,1,1,1.0,0.0,0.0,True,0.121575,0.2404765066326403,False,False,,5.2,,0,[],[],0,False,False,,,61.8,False,,,0.0,,False,5.2,0,,False,[],,False,148.0,148.0,True
bc1pvlguxn2nn8pjzt523wqqhwxrx9avafdnyzwuk8p5peyk6c8jyysq2z200d,bitcoin,BTC,20.71986176,0.08388608,BTC,1346791.0144,247,0,1,1,1,1.0,0.0,0.004048582995951417,True,0.3383847165991902,0.24125537115629359,False,False,,5.1,,0,[],[],0,False,False,,,91.4,False,,,0.0,,False,5.1,0,,False,[],,False,247.0,247.0,True
bc1p0p8naxxycnchgpq6kduv02js6fyryrktc3dgx6zlp4qeq2mfs5sqpgwkrk,bitcoin,BTC,20.71986176,0.08388608,BTC,1346791.0144,247,0,1,1,1,1.0,0.0,0.004048582995951417,True,0.3383847165991902,0.24125537115629359,False,False,,5.1,,0,[],[],0,False,False,,,91.4,False,,,0.0,,False,5.1,0,,False,[],,False,247.0,247.0,True
bc1p5t2xduad24qj779gjfg0dmuaww78s9h7k8x9a4pp4h0eqwd45qvqf956uc,bitcoin,BTC,20.71986176,0.0,BTC,1346791.0144,247,0,0,1,1,1.0,0.0,0.0,True,0.33757499999999996,0.24125537115629359,False,False,,5.1,,0,[],[],0,False,False,,,91.4,False,,,0.0,,False,5.1,0,,False,[],,False,247.0,247.0,True
bc1p9ak3ct49ft26euuz2x6kchhl3lx8pmcsv6yn7w4fk9jfyy4szqrsemautv,bitcoin,BTC,20.71986176,0.0,BTC,1346791.0144,247,0,0,1,1,1.0,0.0,0.0,True,0.33757499999999996,0.24125537115629359,False,False,,5.1,,0,[],[],0,False,False,,,91.4,False,,,0.0,,False,5.1,0,,False,[],,False,247.0,247.0,True
bc1pmsaw9rf70u6vnu8aax6673v32rnlcf6n5aq465tcpzvlfff3xnkq29uv2n,bitcoin,BTC,20.71986176,0.0,BTC,1346791.0144,247,0,0,1,1,1.0,0.0,0.0,True,0.33757499999999996,0.24125537115629359,False,False,,5.1,,0,[],[],0,False,False,,,91.4,False,,,0.0,,False,5.1,0,,False,[],,False,247.0,247.0,True
bc1pqwq478sfncuquncfd8kprqpnma873huf6jkpnug7gfd26mwc62wqfuwm00,bitcoin,BTC,0.83967678,0.0,BTC,54578.9907,158,0,0,1,1,1.0,0.0,0.0,True,0.1383,0.24124369725503075,False,False,,5.1,,0,[],[],0,False,False,,,64.1,False,,,0.0,,False,5.1,0,,False,[],,False,158.0,158.0,True
bc1pnm6n74lx3wn9szzkpmjj6cazj9tsafcngtay4vvvtjp0c6rd04us3jx9r2,bitcoin,BTC,0.83967678,0.0,BTC,54578.9907,158,0,0,1,1,1.0,0.0,0.0,True,0.1383,0.24124369725503075,False,False,,5.1,,0,[],[],0,False,False,,,64.1,False,,,0.0,,False,5.1,0,,False,[],,False,158.0,158.0,True
bc1prclh2rqeu82sgs54gt9qt3xrnetk5tk2yhu72s8789232sl5gkdq6f4kkm,bitcoin,BTC,0.83967678,0.0,BTC,54578.9907,158,0,0,1,1,1.0,0.0,0.0,True,0.1383,0.24124369725503075,False,False,,5.1,,0,[],[],0,False,False,,,64.1,False,,,0.0,,False,5.1,0,,False,[],,False,158.0,158.0,True
bc1p7cmy603wfa4k3ys6nvv90z4wczp0ukxpjhxws99m60usku936rqqy4ds53,bitcoin,BTC,0.83967678,0.0,BTC,54578.9907,158,0,0,1,1,1.0,0.0,0.0,True,0.1383,0.24124369725503075,False,False,,5.1,,0,[],[],0,False,False,,,64.1,False,,,0.0,,False,5.1,0,,False,[],,False,158.0,158.0,True
bc1pl6d85jf7hkqxlc292pg8jg98mwlfesjfu20sa9xxzv4xswvqnwxs8e8m35,bitcoin,BTC,0.83967678,0.0,BTC,54578.9907,158,0,0,1,1,1.0,0.0,0.0,True,0.1383,0.24124369725503075,False,False,,5.1,,0,[],[],0,False,False,,,64.1,False,,,0.0,,False,5.1,0,,False,[],,False,158.0,158.0,True
bc1p8yh6vunlme5z6u2mfp06wesrnue72pmfzccdv0lgays03vfzzpcqp9xmjz,bitcoin,BTC,1.6474671,0.0,BTC,107085.3615,155,0,0,1,1,1.0,0.0,0.0,True,0.135,0.24098968796863868,False,False,,5.1,,0,[],[],0,False,False,,,63.6,False,,,0.0,,False,5.1,0,,False,[],,False,155.0,155.0,True
bc1p3a5g5mrkvn6wcx2ckprjergplyk9f29azk4p22nx9da65y8gtszq4t9jvt,bitcoin,BTC,2.43931419,0.0,BTC,158555.42235,153,0,0,1,1,1.0,0.0,0.0,True,0.13305,0.24105884670693906,False,False,,5.1,,0,[],[],0,False,False,,,63.4,False,,,0.0,,False,5.1,0,,False,[],,False,153.0,153.0,True
bc1pzug4adrvtysx2gamkl2kk8he7jzdqfj9jydlpsz3dry46zqm7hzq90gvaj,bitcoin,BTC,13.8412032,0.0,BTC,899678.2080000001,165,0,0,1,1,1.0,0.0,0.0,True,0.158025,0.2418645260582412,False,False,,5.0,,0,[],[],0,False,False,,,66.8,False,,,0.0,,False,5.0,0,,False,[],,False,165.0,165.0,True
bc1pghwwcp52ymjpm4yfzgggyp36lep7rtmvg34sggt7wyyvegd8saaqa85cu3,bitcoin,BTC,13.8412032,0.0,BTC,899678.2080000001,165,0,0,1,1,1.0,0.0,0.0,True,0.158025,0.2418645260582412,False,False,,5.0,,0,[],[],0,False,False,,,66.8,False,,,0.0,,False,5.0,0,,False,[],,False,165.0,165.0,True
bc1pymxhggk79lyse0twprtk7v0446tgujfqj87qf6f0e0hjc62qvjms7ezdw9,bitcoin,BTC,13.8412032,0.0,BTC,899678.2080000001,165,0,0,1,1,1.0,0.0,0.0,True,0.158025,0.2418645260582412,False,False,,5.0,,0,[],[],0,False,False,,,66.8,False,,,0.0,,False,5.0,0,,False,[],,False,165.0,165.0,True
bc1qjg626c2sucjyl8hkt7g9dcugn75vnzrvkkva4m,bitcoin,BTC,21.14072298,0.0,BTC,1374146.9937,221,0,0,1,1,1.0,0.0,0.0,True,0.3,0.24272573688412397,False,False,,4.9,,0,[],[],0,False,False,,,86.3,False,,,0.0,,False,4.9,0,,False,[],,False,221.0,221.0,True
bc1qm4sdz9y93kaf8vps3r5zcenq4qslqp3p25m77y,bitcoin,BTC,21.14072298,0.0,BTC,1374146.9937,221,0,0,1,1,1.0,0.0,0.0,True,0.3,0.24272573688412397,False,False,,4.9,,0,[],[],0,False,False,,,86.3,False,,,0.0,,False,4.9,0,,False,[],,False,221.0,221.0,True
bc1qkk534kv3g2280f446d9fh8v8fvsj4z2h38t4lp,bitcoin,BTC,21.14072298,0.0,BTC,1374146.9937,221,0,0,1,1,1.0,0.0,0.0,True,0.3,0.24272573688412397,False,False,,4.9,,0,[],[],0,False,False,,,86.3,False,,,0.0,,False,4.9,0,,False,[],,False,221.0,221.0,True
bc1prwum5ucep5yughfh6f8ky7yeqlplervdxcld7j6pq0v30f6zxuhsw9meja,bitcoin,BTC,17.6160768,0.0,BTC,1145044.9919999999,210,0,0,1,1,1.0,0.0,0.0,True,0.27097499999999997,0.24237003293853426,False,False,,4.9,,0,[],[],0,False,False,,,82.3,False,,,0.0,,False,4.9,0,,False,[],,False,210.0,210.0,True
bc1pywcc3eav47yura40vqqvjxjam6pzgytl7g6th6s7lwwuzsrhafasjdjlxd,bitcoin,BTC,17.6160768,0.0,BTC,1145044.9919999999,210,0,0,1,1,1.0,0.0,0.0,True,0.27097499999999997,0.24237003293853426,False,False,,4.9,,0,[],[],0,False,False,,,82.3,False,,,0.0,,False,4.9,0,,False,[],,False,210.0,210.0,True
bc1pejuf6ay2ua3nflua7fnpa66aghnfhs52qxsdv9v9sthgztunycvs6j5yjg,bitcoin,BTC,0.52166656,0.0,BTC,33908.3264,199,0,0,1,1,1.0,0.0,0.0,True,0.24539999999999998,0.24242019282976907,False,False,,4.9,,0,[],[],0,False,False,,,78.8,False,,,0.0,,False,4.9,0,,False,[],,False,199.0,199.0,True
bc1pkn3ktwrt6yfgqaer5cx3gh384vpft5k3cyp82vfrdmyt3u9ugeaqcp4vk5,bitcoin,BTC,3.81681664,0.0,BTC,248093.0816,182,0,0,1,1,1.0,0.0,0.0,True,0.189225,0.24215639275607848,False,False,,4.9,,0,[],[],0,False,False,,,71.1,False,,,0.0,,False,4.9,0,,False,[],,False,182.0,182.0,True
bc1pn6g2d8tk9u8m0kyt9afswygyakqs4qx3xpxxqa3chemkrw7ttpyq7chap7,bitcoin,BTC,3.81681664,0.0,BTC,248093.0816,182,0,0,1,1,1.0,0.0,0.0,True,0.189225,0.24215639275607848,False,False,,4.9,,0,[],[],0,False,False,,,71.1,False,,,0.0,,False,4.9,0,,False,[],,False,182.0,182.0,True
bc1p05rt599hw6wvu2se94ujxmzh6wgumdvzynx8gj3fpj2fdrke92dqey82q5,bitcoin,BTC,7.75,0.0,BTC,503750.0,155,0,0,1,1,1.0,0.0,0.0,True,0.135,0.24271491828882336,False,False,,4.9,,0,[],[],0,False,False,,,63.6,False,,,0.0,,False,4.9,0,,False,[],,False,155.0,155.0,True
bc1pqrn984p9e4yhr4uwt3qtluglj78v9xsdsmu2yrh98vqkqhneg8zq2ct3h6,bitcoin,BTC,4.87862838,0.0,BTC,317110.8447,153,0,0,1,1,1.0,0.0,0.0,True,0.13305,0.2425729898987879,False,False,,4.9,,0,[],[],0,False,False,,,63.4,False,,,0.0,,False,4.9,0,,False,[],,False,153.0,153.0,True
bc1pk59776lyetcdawqk9ntaatxfd53efl3mck3j5587zpt2fvsd2vfqdyc8rt,bitcoin,BTC,4.75108254,0.0,BTC,308820.3651,149,0,0,1,1,1.0,0.0,0.0,True,0.12764999999999999,0.24223555337931751,False,False,,4.9,,0,[],[],0,False,False,,,62.6,False,,,0.0,,False,4.9,0,,False,[],,False,149.0,149.0,True
bc1pawyccf776hfahu97pl54pxf28s2rcwh2euqlhyav2afkqrarnzwsef3dfw,bitcoin,BTC,4.75108254,0.0,BTC,308820.3651,149,0,0,1,1,1.0,0.0,0.0,True,0.12764999999999999,0.24223555337931751,False,False,,4.9,,0,[],[],0,False,False,,,62.6,False,,,0.0,,False,4.9,0,,False,[],,False,149.0,149.0,True
bc1pgs3lwjqwdxzz077rahqng9nesa5gpv2yygqdqkay25thl0tsjh4qya08ha,bitcoin,BTC,4.75108254,0.0,BTC,308820.3651,149,0,0,1,1,1.0,0.0,0.0,True,0.12764999999999999,0.24223555337931751,False,False,,4.9,,0,[],[],0,False,False,,,62.6,False,,,0.0,,False,4.9,0,,False,[],,False,149.0,149.0,True
bc1p3lclvqzfkxpfaks8mjnfpak7cyzwumx30ms2u6uamu3dyuugrjqsy0z943,bitcoin,BTC,3.12475648,0.0,BTC,203109.17119999998,149,0,0,1,1,1.0,0.0,0.0,True,0.12764999999999999,0.24215639257914295,False,False,,4.9,,0,[],[],0,False,False,,,62.6,False,,,0.0,,False,4.9,0,,False,[],,False,149.0,149.0,True
bc1p9nwf5rdey9t5wv27guf6znwc40s3f67a2r4sysh5q42dndcvcphq75nc7z,bitcoin,BTC,4.75108254,0.0,BTC,308820.3651,149,0,0,1,1,1.0,0.0,0.0,True,0.12764999999999999,0.24223555337931751,False,False,,4.9,,0,[],[],0,False,False,,,62.6,False,,,0.0,,False,4.9,0,,False,[],,False,149.0,149.0,True
bc1pgtu6gdt8etlx23e4k2x5psugcumptwhqhhjgu4fzek6ugm9wk00s7mflrm,bitcoin,BTC,3.12475648,0.0,BTC,203109.17119999998,149,0,0,1,1,1.0,0.0,0.0,True,0.12764999999999999,0.24215639257914295,False,False,,4.9,,0,[],[],0,False,False,,,62.6,False,,,0.0,,False,4.9,0,,False,[],,False,149.0,149.0,True
bc1puzhenqhrgkag36naq45ptucl2s7vxq3r92a0jpdrt30tusdhkm9qtrdjqw,bitcoin,BTC,4.75108254,0.0,BTC,308820.3651,149,0,0,1,1,1.0,0.0,0.0,True,0.12764999999999999,0.24223555337931751,False,False,,4.9,,0,[],[],0,False,False,,,62.6,False,,,0.0,,False,4.9,0,,False,[],,False,149.0,149.0,True
bc1pn9mzwylnkyrx3ew8z7f4z6yka2nhkauq0ehm4eyxaeekaqtccs5sl7wwa3,bitcoin,BTC,3.12475648,0.0,BTC,203109.17119999998,149,0,0,1,1,1.0,0.0,0.0,True,0.12764999999999999,0.24215639257914295,False,False,,4.9,,0,[],[],0,False,False,,,62.6,False,,,0.0,,False,4.9,0,,False,[],,False,149.0,149.0,True
bc1p6cgnjwatlqq3fn0347xln3tvj34t2ydzp7yg7cnx7nqjm5pvsyfq2324z7,bitcoin,BTC,4.75108254,0.0,BTC,308820.3651,149,0,0,1,1,1.0,0.0,0.0,True,0.12764999999999999,0.24223555337931751,False,False,,4.9,,0,[],[],0,False,False,,,62.6,False,,,0.0,,False,4.9,0,,False,[],,False,149.0,149.0,True
bc1prwwlqafgreqrnnhyryzgqxmjl2022cgxhhy2farsx0m99kv0ehzs9xpnw4,bitcoin,BTC,3.12475648,0.0,BTC,203109.17119999998,149,0,0,1,1,1.0,0.0,0.0,True,0.12764999999999999,0.24215639257914295,False,False,,4.9,,0,[],[],0,False,False,,,62.6,False,,,0.0,,False,4.9,0,,False,[],,False,149.0,149.0,True
bc1phpltzedw20m75u7u9z36pflrfqlkkulx2ck9hnx7qgs24rtfjjtqw4avcn,bitcoin,BTC,4.75108254,0.0,BTC,308820.3651,149,0,0,1,1,1.0,0.0,0.0,True,0.12764999999999999,0.24223555337931751,False,False,,4.9,,0,[],[],0,False,False,,,62.6,False,,,0.0,,False,4.9,0,,False,[],,False,149.0,149.0,True
bc1p5ncnftv4qf6x3el4ekcm0uq5n9kav5nxs2cuay6zj6dglc70f6uqwahlzw,bitcoin,BTC,3.12475648,0.0,BTC,203109.17119999998,149,0,0,1,1,1.0,0.0,0.0,True,0.12764999999999999,0.24215639257914295,False,False,,4.9,,0,[],[],0,False,False,,,62.6,False,,,0.0,,False,4.9,0,,False,[],,False,149.0,149.0,True
bc1pm7740c7j5yg2vg5z38p8w37rct6jt35ptl873zuzdy74qhu6ra5qsqu2vc,bitcoin,BTC,4.75108254,0.0,BTC,308820.3651,149,0,0,1,1,1.0,0.0,0.0,True,0.12764999999999999,0.24223555337931751,False,False,,4.9,,0,[],[],0,False,False,,,62.6,False,,,0.0,,False,4.9,0,,False,[],,False,149.0,149.0,True
bc1pnyh2njh96u3e2qjuz5hz38t869kk500ya0lv4s7j2kdnltn6py3s8jqgkq,bitcoin,BTC,4.75108254,0.0,BTC,308820.3651,149,0,0,1,1,1.0,0.0,0.0,True,0.12764999999999999,0.24223555337931751,False,False,,4.9,,0,[],[],0,False,False,,,62.6,False,,,0.0,,False,4.9,0,,False,[],,False,149.0,149.0,True
bc1qhvenjnpgf4zmdkwyl4lgatutzt7p9yjg8jd7t8,bitcoin,BTC,12.1,0.0,BTC,786500.0,242,0,0,1,1,1.0,0.0,0.0,True,0.315075,0.2434520955610014,False,False,,4.8,,0,[],[],0,False,False,,,88.3,False,,,0.0,,False,4.8,0,,False,[],,False,242.0,242.0,True
bc1pd6g347fhmxhs2cmupcvq69tspgwa70kepm8tnf0mdw5emqxw4wrsznmpny,bitcoin,BTC,12.1,0.0,BTC,786500.0,242,0,0,1,1,1.0,0.0,0.0,True,0.315075,0.2434520955610014,False,False,,4.8,,0,[],[],0,False,False,,,88.3,False,,,0.0,,False,4.8,0,,False,[],,False,242.0,242.0,True
bc1p09n7ertk9n84rxdh7jearxnqw3p7kr7qctl60t8eawh8pk5wahnqw0hstc,bitcoin,BTC,12.1,0.0,BTC,786500.0,242,0,0,1,1,1.0,0.0,0.0,True,0.315075,0.2434520955610014,False,False,,4.8,,0,[],[],0,False,False,,,88.3,False,,,0.0,,False,4.8,0,,False,[],,False,242.0,242.0,True
bc1pmkgckmjrd2vuljfz3sp6nf542t9mlux6qc6yw8vgxk447pzsjyysvc9660,bitcoin,BTC,12.1,0.0,BTC,786500.0,242,0,0,1,1,1.0,0.0,0.0,True,0.315075,0.2434520955610014,False,False,,4.8,,0,[],[],0,False,False,,,88.3,False,,,0.0,,False,4.8,0,,False,[],,False,242.0,242.0,True
bc1pauaahxckqeajahweuecrrv2dxyezcv336m0rsk8z78qvppsqw89qdqx00m,bitcoin,BTC,12.1,0.0,BTC,786500.0,242,0,0,1,1,1.0,0.0,0.0,True,0.315075,0.2434520955610014,False,False,,4.8,,0,[],[],0,False,False,,,88.3,False,,,0.0,,False,4.8,0,,False,[],,False,242.0,242.0,True
bc1pakygyhpjqy9f6ujajcdhv4ndsjydc2zrqze6qzladsyqd5uulwcq9p5700,bitcoin,BTC,12.1,0.0,BTC,786500.0,242,0,0,1,1,1.0,0.0,0.0,True,0.315075,0.2434520955610014,False,False,,4.8,,0,[],[],0,False,False,,,88.3,False,,,0.0,,False,4.8,0,,False,[],,False,242.0,242.0,True
bc1qr6qjua7u033pmtkt5fpk5lp7pt0lc665zwhe9e,bitcoin,BTC,16.83605088,0.0,BTC,1094343.3072,176,0,0,1,1,1.0,0.0,0.0,True,0.1755,0.24294226895115423,False,False,,4.8,,0,[],[],0,False,False,,,69.2,False,,,0.0,,False,4.8,0,,False,[],,False,176.0,176.0,True
bc1qcvyme9q5vczx5w4d75yp799x209xk0v77xe7lc,bitcoin,BTC,16.83605088,0.0,BTC,1094343.3072,176,0,0,1,1,1.0,0.0,0.0,True,0.1755,0.24294226895115423,False,False,,4.8,,0,[],[],0,False,False,,,69.2,False,,,0.0,,False,4.8,0,,False,[],,False,176.0,176.0,True
bc1q6qp6nra9v4y5lh7wjxf87psuvj4rl860gegyq9,bitcoin,BTC,16.83605088,0.0,BTC,1094343.3072,176,0,0,1,1,1.0,0.0,0.0,True,0.1755,0.24294226895115423,False,False,,4.8,,0,[],[],0,False,False,,,69.2,False,,,0.0,,False,4.8,0,,False,[],,False,176.0,176.0,True
bc1qt2u7mvqkct8en2rrujm3crpyjlfwazrk99z886,bitcoin,BTC,16.83605088,0.0,BTC,1094343.3072,176,0,0,1,1,1.0,0.0,0.0,True,0.1755,0.24294226895115423,False,False,,4.8,,0,[],[],0,False,False,,,69.2,False,,,0.0,,False,4.8,0,,False,[],,False,176.0,176.0,True
bc1qad0dk8s78mdwv9ah37s3q3m39vt9vpuspjy9ug,bitcoin,BTC,0.85458944,0.0,BTC,55548.3136,163,0,0,1,1,1.0,0.0,0.0,True,0.15375,0.24412039107896927,False,False,,4.7,,0,[],[],0,False,False,,,66.2,False,,,0.0,,False,4.7,0,,False,[],,False,163.0,163.0,True
bc1p8g5emfcgjjykd236sgck4mpdjtvuz9vmvxn4n8x0xaxxqm7gs7xs5p739f,bitcoin,BTC,0.85458944,0.0,BTC,55548.3136,163,0,0,1,1,1.0,0.0,0.0,True,0.15375,0.24412039107896927,False,False,,4.7,,0,[],[],0,False,False,,,66.2,False,,,0.0,,False,4.7,0,,False,[],,False,163.0,163.0,True
bc1p7p9lqahx2pmyp2vaytnfhk4js7nzx9tsdknl9dt4ktv6rdyvk0jqspe244,bitcoin,BTC,0.85458944,0.0,BTC,55548.3136,163,0,0,1,1,1.0,0.0,0.0,True,0.15375,0.24412039107896927,False,False,,4.7,,0,[],[],0,False,False,,,66.2,False,,,0.0,,False,4.7,0,,False,[],,False,163.0,163.0,True
bc1pp4msjzwcqgfzl3enfzkh8vsx87qpeupvlqgv7fg9qklhdrw40aysx67ejr,bitcoin,BTC,0.63700992,0.0,BTC,41405.6448,243,0,0,1,1,1.0,0.0,0.0,True,0.3198,0.24450291906174831,False,False,,4.6,,0,[],[],0,False,False,,,89.0,False,,,0.0,,False,4.6,0,,False,[],,False,243.0,243.0,True
bc1pnw4awvhp5gu7lmcc07wxzccxe9w32l6aw4kvqwrppw8htny25whqer8ln8,bitcoin,BTC,0.63700992,0.0,BTC,41405.6448,243,0,0,1,1,1.0,0.0,0.0,True,0.3198,0.24450291906174831,False,False,,4.6,,0,[],[],0,False,False,,,89.0,False,,,0.0,,False,4.6,0,,False,[],,False,243.0,243.0,True
bc1p24p5navy3qphx0h5sagr033zj3u5zt5u92g0gz48eejd8lq5265q7lv5uz,bitcoin,BTC,12.05,0.0,BTC,783250.0,241,0,0,1,1,1.0,0.0,0.0,True,0.309975,0.2443896378817243,False,False,,4.6,,0,[],[],0,False,False,,,87.6,False,,,0.0,,False,4.6,0,,False,[],,False,241.0,241.0,True
bc1pgapgcuygjq5gnujhq7ttxfsd59tlgglyxwmlm2zvfy4zfthdl8tslqvq3a,bitcoin,BTC,12.05,0.0,BTC,783250.0,241,0,0,1,1,1.0,0.0,0.0,True,0.309975,0.2443896378817243,False,False,,4.6,,0,[],[],0,False,False,,,87.6,False,,,0.0,,False,4.6,0,,False,[],,False,241.0,241.0,True
bc1pwee6veyv7xwxk7sn6wpgu4hwh76j6jjxcar4r274l2uatu5336xs5nsetz,bitcoin,BTC,12.05,0.0,BTC,783250.0,241,0,0,1,1,1.0,0.0,0.0,True,0.309975,0.2443896378817243,False,False,,4.6,,0,[],[],0,False,False,,,87.6,False,,,0.0,,False,4.6,0,,False,[],,False,241.0,241.0,True
bc1pn89y28q88frnksahm8gm5rncc39rak7p60xt6p6mef7tscc2zgsqqfmq43,bitcoin,BTC,12.05,0.0,BTC,783250.0,241,0,0,1,1,1.0,0.0,0.0,True,0.309975,0.2443896378817243,False,False,,4.6,,0,[],[],0,False,False,,,87.6,False,,,0.0,,False,4.6,0,,False,[],,False,241.0,241.0,True
bc1p22cv4xlxjheap38m303g9332ln9ukg4djj87sdy05hyt44a58fwqs5n32h,bitcoin,BTC,12.05,0.0,BTC,783250.0,241,0,0,1,1,1.0,0.0,0.0,True,0.309975,0.2443896378817243,False,False,,4.6,,0,[],[],0,False,False,,,87.6,False,,,0.0,,False,4.6,0,,False,[],,False,241.0,241.0,True
bc1pvqwexpmvj3hhlwx6ytuhrt3h37y2zmkmfzvtfq3h2583x9ql0ygqta2334,bitcoin,BTC,1.73249766,0.0,BTC,112612.3479,163,0,0,1,1,1.0,0.0,0.0,True,0.15375,0.24493519218646392,False,False,,4.6,,0,[],[],0,False,False,,,66.2,False,,,0.0,,False,4.6,0,,False,[],,False,163.0,163.0,True
bc1phlqrgg4dxrsa2h4gevkycqc7lnquvhlctyrq8f3uvhpm0k6cp80swprcm9,bitcoin,BTC,3.41835776,0.0,BTC,222193.2544,163,0,0,1,1,1.0,0.0,0.0,True,0.15375,0.2447902692784974,False,False,,4.6,,0,[],[],0,False,False,,,66.2,False,,,0.0,,False,4.6,0,,False,[],,False,163.0,163.0,True
bc1pc4yanmxhestdq0dl07duaswwfmkdemcn4l79mt5nxprufmfn6ulq99vv8j,bitcoin,BTC,3.41835776,0.0,BTC,222193.2544,163,0,0,1,1,1.0,0.0,0.0,True,0.15375,0.2447902692784974,False,False,,4.6,,0,[],[],0,False,False,,,66.2,False,,,0.0,,False,4.6,0,,False,[],,False,163.0,163.0,True
bc1phaw239vgfwp0chvf5kazynhte7ggmrj26jtvyq0grgdyp3m8ddvs60a8kw,bitcoin,BTC,1.73249766,0.0,BTC,112612.3479,163,0,0,1,1,1.0,0.0,0.0,True,0.15375,0.24493519218646392,False,False,,4.6,,0,[],[],0,False,False,,,66.2,False,,,0.0,,False,4.6,0,,False,[],,False,163.0,163.0,True
bc1pzph4xww5acv0x33ex0mw386d8j2asdc6xev8ygcc57cj2k379qqslkk6pm,bitcoin,BTC,3.41835776,0.0,BTC,222193.2544,163,0,0,1,1,1.0,0.0,0.0,True,0.15375,0.2447902692784974,False,False,,4.6,,0,[],[],0,False,False,,,66.2,False,,,0.0,,False,4.6,0,,False,[],,False,163.0,163.0,True
bc1pusurvs28yatyxqq9yfgq05e0r755c82hftt8uw6aj0tnudydqf0qmmwjhr,bitcoin,BTC,1.73249766,0.0,BTC,112612.3479,163,0,0,1,1,1.0,0.0,0.0,True,0.15375,0.24493519218646392,False,False,,4.6,,0,[],[],0,False,False,,,66.2,False,,,0.0,,False,4.6,0,,False,[],,False,163.0,163.0,True
bc1pyrw0tyckeqmsycegafefh5066qmla6u7rr5khesh5ur3qesfx00qx5gvjr,bitcoin,BTC,0.63438848,0.0,BTC,41235.2512,242,0,0,1,1,1.0,0.0,0.0,True,0.315075,0.24547158794295854,False,False,,4.5,,0,[],[],0,False,False,,,88.3,False,,,0.0,,False,4.5,0,,False,[],,False,242.0,242.0,True
bc1p0f3j07apqe2hy4ea3x2nrcark652x2y0kaamq0h6m4pm0as6au2qzv7a0a,bitcoin,BTC,0.63438848,0.0,BTC,41235.2512,242,0,0,1,1,1.0,0.0,0.0,True,0.315075,0.24547158794295854,False,False,,4.5,,0,[],[],0,False,False,,,88.3,False,,,0.0,,False,4.5,0,,False,[],,False,242.0,242.0,True
bc1pkeudjyr8vhe7y7j0tg573rx8k3nzv6665sfpmrycznqe0wjay6vqt5720q,bitcoin,BTC,0.63438848,0.0,BTC,41235.2512,242,0,0,1,1,1.0,0.0,0.0,True,0.315075,0.24547158794295854,False,False,,4.5,,0,[],[],0,False,False,,,88.3,False,,,0.0,,False,4.5,0,,False,[],,False,242.0,242.0,True
bc1ptwzghljzpchfv6zywauttq5r3czq50h52sh0e49fzv0fm84pkyrsx0amvj,bitcoin,BTC,0.63438848,0.0,BTC,41235.2512,242,0,0,1,1,1.0,0.0,0.0,True,0.315075,0.24547158794295854,False,False,,4.5,,0,[],[],0,False,False,,,88.3,False,,,0.0,,False,4.5,0,,False,[],,False,242.0,242.0,True
bc1p6jcrlchrgt7ddrthqw3prrgnwze3anex8r93s03ha7y72n3x6raq0d9c9j,bitcoin,BTC,0.63438848,0.0,BTC,41235.2512,242,0,0,1,1,1.0,0.0,0.0,True,0.315075,0.24547158794295854,False,False,,4.5,,0,[],[],0,False,False,,,88.3,False,,,0.0,,False,4.5,0,,False,[],,False,242.0,242.0,True
bc1pzwjvlcsq58cr09jvjdu0gj7gzmv7n7zu7lcekzcxcg4mvsk9nwwqwcchdp,bitcoin,BTC,0.63438848,0.0,BTC,41235.2512,242,0,0,1,1,1.0,0.0,0.0,True,0.315075,0.24547158794295854,False,False,,4.5,,0,[],[],0,False,False,,,88.3,False,,,0.0,,False,4.5,0,,False,[],,False,242.0,242.0,True
bc1pd2ddql4cmyvh2y22rmtae43jjte8ktn0p70txppmfs8ly7w8glnqazs98r,bitcoin,BTC,0.60938568,0.0,BTC,39610.069200000005,172,0,0,1,1,1.0,0.0,0.0,True,0.164775,0.24557865138651302,False,False,,4.5,,0,[],[],0,False,False,,,67.7,False,,,0.0,,False,4.5,0,,False,[],,False,172.0,172.0,True
bc1pgrz52ncy60uyyfz847tekxn58m2z4fexkm097nsaju0vhwt2wrvqy4t87f,bitcoin,BTC,0.60938568,0.0,BTC,39610.069200000005,172,0,0,1,1,1.0,0.0,0.0,True,0.164775,0.24557865138651302,False,False,,4.5,,0,[],[],0,False,False,,,67.7,False,,,0.0,,False,4.5,0,,False,[],,False,172.0,172.0,True
bc1pan85shr0lczazr33ejyhrerztxfvrr6srs4aldglf08lse83shrqeudsjx,bitcoin,BTC,0.60938568,0.0,BTC,39610.069200000005,172,0,0,1,1,1.0,0.0,0.0,True,0.164775,0.24557865138651302,False,False,,4.5,,0,[],[],0,False,False,,,67.7,False,,,0.0,,False,4.5,0,,False,[],,False,172.0,172.0,True
bc1pn8dxhsca027ehjzp0n4c4l7tajfyxa42nrxrzlzkln59u2me4kkseywhp7,bitcoin,BTC,0.60938568,0.0,BTC,39610.069200000005,172,0,0,1,1,1.0,0.0,0.0,True,0.164775,0.24557865138651302,False,False,,4.5,,0,[],[],0,False,False,,,67.7,False,,,0.0,,False,4.5,0,,False,[],,False,172.0,172.0,True
bc1pj479x6fk7lttt24lygera8u9ggt7ffj6f84zhvyjpg0f6l77chxsg45t5q,bitcoin,BTC,0.60938568,0.0,BTC,39610.069200000005,172,0,0,1,1,1.0,0.0,0.0,True,0.164775,0.24557865138651302,False,False,,4.5,,0,[],[],0,False,False,,,67.7,False,,,0.0,,False,4.5,0,,False,[],,False,172.0,172.0,True
bc1qf9vspw89063jscc5lkgksuvs93htfmylwqk3rs,bitcoin,BTC,0.60938568,0.0,BTC,39610.069200000005,172,0,0,1,1,1.0,0.0,0.0,True,0.164775,0.24557865138651302,False,False,,4.5,,0,[],[],0,False,False,,,67.7,False,,,0.0,,False,4.5,0,,False,[],,False,172.0,172.0,True
bc1p27dh7slqzp5z8ce5numnvdk30vrep2msmxy4szmxyfxklfw0mn5q567qcm,bitcoin,BTC,3.2505856,0.0,BTC,211288.06399999998,155,0,0,1,1,1.0,0.0,0.0,True,0.135,0.24570580813241466,False,False,,4.5,,0,[],[],0,False,False,,,63.6,False,,,0.0,,False,4.5,0,,False,[],,False,155.0,155.0,True
bc1qm9gwtexlg6dh49fqzvfcln3xjwwd35hkw9g3ya,bitcoin,BTC,17.50566654,0.0,BTC,1137868.3251,183,0,0,1,1,1.0,0.0,0.0,True,0.195,0.2458251165460364,False,False,,4.4,,0,[],[],0,False,False,,,71.8,False,,,0.0,,False,4.4,0,,False,[],,False,183.0,183.0,True
bc1p3lkzymdaa7n047ndw4cuqujlypj0gq9r6jynfd6ahyvspgszs76sgd5kzz,bitcoin,BTC,17.50566654,0.0,BTC,1137868.3251,183,0,0,1,1,1.0,0.0,0.0,True,0.195,0.2458251165460364,False,False,,4.4,,0,[],[],0,False,False,,,71.8,False,,,0.0,,False,4.4,0,,False,[],,False,183.0,183.0,True
bc1q0k5jqgftqa7fyaxac5k5ktju94f26mcfh5uwj3,bitcoin,BTC,8.55,0.0,BTC,555750.0,171,0,0,1,1,1.0,0.0,0.0,True,0.1611,0.24618427778194513,False,False,,4.4,,0,[],[],0,False,False,,,67.2,False,,,0.0,,False,4.4,0,,False,[],,False,171.0,171.0,True
bc1q5kmnkpk9vmk5ust6mg0n782ecqnzhz39zevfdk,bitcoin,BTC,8.55,0.0,BTC,555750.0,171,0,0,1,1,1.0,0.0,0.0,True,0.1611,0.24618427778194513,False,False,,4.4,,0,[],[],0,False,False,,,67.2,False,,,0.0,,False,4.4,0,,False,[],,False,171.0,171.0,True
bc1pejnklrfq7sgg6fu6m0nl4sff8an45v7y4hwaxf08ftmd765fhmgq4lwhr5,bitcoin,BTC,8.55,0.0,BTC,555750.0,171,0,0,1,1,1.0,0.0,0.0,True,0.1611,0.24618427778194513,False,False,,4.4,,0,[],[],0,False,False,,,67.2,False,,,0.0,,False,4.4,0,,False,[],,False,171.0,171.0,True
bc1pxln8zyqa0aplmu4y50cechqs5gd5ujdvamjjmh2uwgdtpvet56aqkzl8kk,bitcoin,BTC,8.55,0.0,BTC,555750.0,171,0,0,1,1,1.0,0.0,0.0,True,0.1611,0.24618427778194513,False,False,,4.4,,0,[],[],0,False,False,,,67.2,False,,,0.0,,False,4.4,0,,False,[],,False,171.0,171.0,True
bc1qer3e2plfqxuwr5gfq2efxe4ajzvpkh7rz7pyrt,bitcoin,BTC,13.67343104,0.0,BTC,888773.0176,163,0,0,1,1,1.0,0.0,0.0,True,0.15375,0.245951054505114,False,False,,4.4,,0,[],[],0,False,False,,,66.2,False,,,0.0,,False,4.4,0,,False,[],,False,163.0,163.0,True
bc1p2eyp9ah7gsq7e7vepqjzq332lptkz0cn4zzkmsuer3r4k3w7fqtqj0657q,bitcoin,BTC,13.67343104,0.0,BTC,888773.0176,163,0,0,1,1,1.0,0.0,0.0,True,0.15375,0.245951054505114,False,False,,4.4,,0,[],[],0,False,False,,,66.2,False,,,0.0,,False,4.4,0,,False,[],,False,163.0,163.0,True
bc1pjmuzuvt9u6rf9rq9c46k5sx99m5p4ldcea2nuwdnaze5azfl4shs72jyw8,bitcoin,BTC,15.3055008,0.0,BTC,994857.552,160,0,0,1,1,1.0,0.0,0.0,True,0.145425,0.24588630405661704,False,False,,4.4,,0,[],[],0,False,False,,,65.0,False,,,0.0,,False,4.4,0,,False,[],,False,160.0,160.0,True
bc1pty6h6neyd3lers75d7t76fju97ssrz45257uud3ngzyrcy5fw38sfkjggj,bitcoin,BTC,0.8503056,0.0,BTC,55269.864,160,0,0,1,1,1.0,0.0,0.0,True,0.145425,0.24613868439619385,False,False,,4.4,,0,[],[],0,False,False,,,65.1,False,,,0.0,,False,4.4,0,,False,[],,False,160.0,160.0,True
bc1px5cmupknwxy0ddgz4t5kj0nx0vq4vn2trn2gvaw82cfa8h6kxp0s0gkxd4,bitcoin,BTC,15.3055008,0.0,BTC,994857.552,160,0,0,1,1,1.0,0.0,0.0,True,0.145425,0.24588630405661704,False,False,,4.4,,0,[],[],0,False,False,,,65.0,False,,,0.0,,False,4.4,0,,False,[],,False,160.0,160.0,True
bc1ps63ydv7e3al3kguczkcewhredcfuyp6jydcpgk7rysk0n2yqlc6qx2cu9s,bitcoin,BTC,7.9,0.0,BTC,513500.0,158,0,0,1,1,1.0,0.0,0.0,True,0.1383,0.24642558493530126,False,False,,4.4,,0,[],[],0,False,False,,,64.1,False,,,0.0,,False,4.4,0,,False,[],,False,158.0,158.0,True
bc1pjp8yd9907qak3tncp8gxx66gzrn02fleva6nknjjyc23q0uf6gtsy850g9,bitcoin,BTC,1.67935356,0.0,BTC,109157.9814,158,0,0,1,1,1.0,0.0,0.0,True,0.1383,0.24645506419636465,False,False,,4.4,,0,[],[],0,False,False,,,64.1,False,,,0.0,,False,4.4,0,,False,[],,False,158.0,158.0,True
bc1pdcy5rsntrav8mtw9md86n4kg8xk2dhqzw2j6jpzte2sky4ezzd5sgf39l7,bitcoin,BTC,1.67935356,0.0,BTC,109157.9814,158,0,0,1,1,1.0,0.0,0.0,True,0.1383,0.24645506419636465,False,False,,4.4,,0,[],[],0,False,False,,,64.1,False,,,0.0,,False,4.4,0,,False,[],,False,158.0,158.0,True
bc1pa7gxu2z7euwz77lq57jwgxfvw9dekxnmet0nk47ddacc4ewynuhsxqjqu5,bitcoin,BTC,7.9,0.0,BTC,513500.0,158,0,0,1,1,1.0,0.0,0.0,True,0.1383,0.24642558493530126,False,False,,4.4,,0,[],[],0,False,False,,,64.1,False,,,0.0,,False,4.4,0,,False,[],,False,158.0,158.0,True
bc1pyhu3wh8dskjetjk57v6kjcmur3pfyryg27mf8ajjrwtchyc6skesqzlvnj,bitcoin,BTC,1.67935356,0.0,BTC,109157.9814,158,0,0,1,1,1.0,0.0,0.0,True,0.1383,0.24645506419636465,False,False,,4.4,,0,[],[],0,False,False,,,64.1,False,,,0.0,,False,4.4,0,,False,[],,False,158.0,158.0,True
bc1puq0gekvpx2pua6q0px8nhy865ysfcmtn06wkjfllhye2gsedwx4qeef8vc,bitcoin,BTC,1.67935356,0.0,BTC,109157.9814,158,0,0,1,1,1.0,0.0,0.0,True,0.1383,0.24645506419636465,False,False,,4.4,,0,[],[],0,False,False,,,64.1,False,,,0.0,,False,4.4,0,,False,[],,False,158.0,158.0,True
bc1pnelzs0j65s8z3w5dfxlwfcg67t9gjnck2s03egzqjdxhsu4vta7q80lnlt,bitcoin,BTC,4.9424013,0.0,BTC,321256.0845,155,0,0,1,1,1.0,0.0,0.0,True,0.135,0.24614457858623268,False,False,,4.4,,0,[],[],0,False,False,,,63.6,False,,,0.0,,False,4.4,0,,False,[],,False,155.0,155.0,True
bc1p4s2kg3uqps0acq3yvyn3adq87a4dm9ju269sj0m9te062xjxpgaq423qyk,bitcoin,BTC,4.9424013,0.0,BTC,321256.0845,155,0,0,1,1,1.0,0.0,0.0,True,0.135,0.24614457858623268,False,False,,4.4,,0,[],[],0,False,False,,,63.6,False,,,0.0,,False,4.4,0,,False,[],,False,155.0,155.0,True
bc1phw0twrafavjfvwrjgvs736c6e5tk3hpvknts43frc5y6l48da6fq09mvkh,bitcoin,BTC,4.9424013,0.0,BTC,321256.0845,155,0,0,1,1,1.0,0.0,0.0,True,0.135,0.24614457858623268,False,False,,4.4,,0,[],[],0,False,False,,,63.6,False,,,0.0,,False,4.4,0,,False,[],,False,155.0,155.0,True
bc1pw7k9lmllr6rx2l3qg8t8aet320nlnek4pr7y6ulhrkp0wf0xj6sshrc2vl,bitcoin,BTC,4.9424013,0.0,BTC,321256.0845,155,0,0,1,1,1.0,0.0,0.0,True,0.135,0.24614457858623268,False,False,,4.4,,0,[],[],0,False,False,,,63.6,False,,,0.0,,False,4.4,0,,False,[],,False,155.0,155.0,True
bc1p6y69h3yyjvppzezs9xrhf2d7xcs6rzkr3qn78sg98zvrwk2f52pqs3rqaq,bitcoin,BTC,0.50069504,0.0,BTC,32545.1776,191,0,0,1,1,1.0,0.0,0.0,True,0.21,0.2466805569116599,False,False,,4.3,,0,[],[],0,False,False,,,73.9,False,,,0.0,,False,4.3,0,,False,[],,False,191.0,191.0,True
bc1pphfr7q7pu5xvng70hf08f22nsxfkxgv7ch3h9anng74stguqdd6qums99a,bitcoin,BTC,0.50069504,0.0,BTC,32545.1776,191,0,0,1,1,1.0,0.0,0.0,True,0.21,0.24715810876381095,False,False,,4.3,,0,[],[],0,False,False,,,73.9,False,,,0.0,,False,4.3,0,,False,[],,False,191.0,191.0,True
bc1pluchmnqwzqzpratf0app7cvscycxl7nqsfxqk35ycaxmyvh7yzjsphaztz,bitcoin,BTC,0.50069504,0.0,BTC,32545.1776,191,0,0,1,1,1.0,0.0,0.0,True,0.21,0.2466805569116599,False,False,,4.3,,0,[],[],0,False,False,,,73.9,False,,,0.0,,False,4.3,0,,False,[],,False,191.0,191.0,True
bc1p3dep90l340edxw6zn8nagjpp5qe77flqc586ykyecqctt2xz6g6swzf7sq,bitcoin,BTC,0.50069504,0.0,BTC,32545.1776,191,0,0,1,1,1.0,0.0,0.0,True,0.21,0.24715810876381095,False,False,,4.3,,0,[],[],0,False,False,,,73.9,False,,,0.0,,False,4.3,0,,False,[],,False,191.0,191.0,True
bc1pqz800up8mznx0zre0slrgzpwt4lhaaec76fz6m8wvusrkhjm3teq9zugsy,bitcoin,BTC,0.50069504,0.0,BTC,32545.1776,191,0,0,1,1,1.0,0.0,0.0,True,0.21,0.24715810876381095,False,False,,4.3,,0,[],[],0,False,False,,,73.9,False,,,0.0,,False,4.3,0,,False,[],,False,191.0,191.0,True
bc1pymqed8tl9pw6cws96fcu64k5mzdnvgqja7czv3empsqsgs65zjxqxv8afj,bitcoin,BTC,0.50069504,0.0,BTC,32545.1776,191,0,0,1,1,1.0,0.0,0.0,True,0.21,0.24715810876381095,False,False,,4.3,,0,[],[],0,False,False,,,73.9,False,,,0.0,,False,4.3,0,,False,[],,False,191.0,191.0,True
bc1p58tz37w3h97tkh5wlv8fvj7vw9twwk4paldpvhzz57anrdlwudysaw9wsm,bitcoin,BTC,0.50069504,0.0,BTC,32545.1776,191,0,0,1,1,1.0,0.0,0.0,True,0.21,0.24715810876381095,False,False,,4.3,,0,[],[],0,False,False,,,73.9,False,,,0.0,,False,4.3,0,,False,[],,False,191.0,191.0,True
bc1pv6ztgsdse4732jlr8yaxh4mhxrs7pymc47qy7uvnle82u8hejz9sgyu4rz,bitcoin,BTC,0.50069504,0.0,BTC,32545.1776,191,0,0,1,1,1.0,0.0,0.0,True,0.21,0.24715810876381095,False,False,,4.3,,0,[],[],0,False,False,,,73.9,False,,,0.0,,False,4.3,0,,False,[],,False,191.0,191.0,True
bc1pvaeqzyecmemgxkene22x06nrff9thwfvv5jvt0vtwh0d6w6ft93st7y44d,bitcoin,BTC,0.50069504,0.0,BTC,32545.1776,191,0,0,1,1,1.0,0.0,0.0,True,0.21,0.24715810876381095,False,False,,4.3,,0,[],[],0,False,False,,,73.9,False,,,0.0,,False,4.3,0,,False,[],,False,191.0,191.0,True
bc1p0vksvtet66el4jkrmdcc4n3y6ny8e26qh58dpqt94tvdya6dwgfs95klgn,bitcoin,BTC,0.50069504,0.0,BTC,32545.1776,191,0,0,1,1,1.0,0.0,0.0,True,0.21,0.2466805569116599,False,False,,4.3,,0,[],[],0,False,False,,,73.9,False,,,0.0,,False,4.3,0,,False,[],,False,191.0,191.0,True
bc1q0j5uu0x62a5gzgumxlk0rc4xz9exv8lwuekjnu,bitcoin,BTC,17.9,0.0,BTC,1163500.0,179,0,0,1,1,1.0,0.0,0.0,True,0.183075,0.2471915715452364,False,False,,4.3,,0,[],[],0,False,False,,,70.2,False,,,0.0,,False,4.3,0,,False,[],,False,179.0,179.0,True
bc1pzudzz4cema2ddhxxvw2vdf527j8sajzkz4t6ep6tj78mu0kkj3hsqex4ze,bitcoin,BTC,17.9,0.0,BTC,1163500.0,179,0,0,1,1,1.0,0.0,0.0,True,0.183075,0.2471915715452364,False,False,,4.3,,0,[],[],0,False,False,,,70.2,False,,,0.0,,False,4.3,0,,False,[],,False,179.0,179.0,True
bc1psgnfwpt0kr3srv29rvyx8cy8jektyyvf9gwpra8drw2d5u2uuvusgqm8nc,bitcoin,BTC,17.9,0.0,BTC,1163500.0,179,0,0,1,1,1.0,0.0,0.0,True,0.183075,0.2471915715452364,False,False,,4.3,,0,[],[],0,False,False,,,70.2,False,,,0.0,,False,4.3,0,,False,[],,False,179.0,179.0,True
bc1qewkycnter4xqf5xarqvh549gux0rwzx3yytpt8,bitcoin,BTC,17.9,0.0,BTC,1163500.0,179,0,0,1,1,1.0,0.0,0.0,True,0.183075,0.2471915715452364,False,False,,4.3,,0,[],[],0,False,False,,,70.2,False,,,0.0,,False,4.3,0,,False,[],,False,179.0,179.0,True
bc1p404k3lv24pjun52u2eehkp2nah6csteu5tegfch3gt6eprpezx0s0vj05k,bitcoin,BTC,17.4,0.0,BTC,1131000.0,174,0,0,1,1,1.0,0.0,0.0,True,0.1722,0.24712776577312984,False,False,,4.3,,0,[],[],0,False,False,,,68.7,False,,,0.0,,False,4.3,0,,False,[],,False,174.0,174.0,True
bc1pa2m04rq7f90qace50fq5havyvjqya3wzafcc5dhg937nev26sa8qj6m77j,bitcoin,BTC,17.4,0.0,BTC,1131000.0,174,0,0,1,1,1.0,0.0,0.0,True,0.1722,0.24712776577312984,False,False,,4.3,,0,[],[],0,False,False,,,68.7,False,,,0.0,,False,4.3,0,,False,[],,False,174.0,174.0,True
bc1pnlyu5fggt82aq4vnx3486q2j4q6lrdxcpsxpz0u2y7lanlxttl0qzt0y8c,bitcoin,BTC,17.4,0.0,BTC,1131000.0,174,0,0,1,1,1.0,0.0,0.0,True,0.1722,0.24712776577312984,False,False,,4.3,,0,[],[],0,False,False,,,68.7,False,,,0.0,,False,4.3,0,,False,[],,False,174.0,174.0,True
bc1p9yx5xg25k6f55u7y04p72c453n8sknzdffgyrhdg8dt2yw5qpg6sx0hr7c,bitcoin,BTC,17.4,0.0,BTC,1131000.0,174,0,0,1,1,1.0,0.0,0.0,True,0.1722,0.24712776577312984,False,False,,4.3,,0,[],[],0,False,False,,,68.7,False,,,0.0,,False,4.3,0,,False,[],,False,174.0,174.0,True
bc1pkpsk4z26ek5wzyh8mh0h8vdlkkre8fuus5n327gn9uqswwggannqwnmure,bitcoin,BTC,17.4,0.0,BTC,1131000.0,174,0,0,1,1,1.0,0.0,0.0,True,0.1722,0.24712776577312984,False,False,,4.3,,0,[],[],0,False,False,,,68.7,False,,,0.0,,False,4.3,0,,False,[],,False,174.0,174.0,True
bc1pfhdgf2f2uz78nzde0uje337er6uph9jrhe4hpvwk5deeth8n4lnqj8af9n,bitcoin,BTC,17.4,0.0,BTC,1131000.0,174,0,0,1,1,1.0,0.0,0.0,True,0.1722,0.24712776577312984,False,False,,4.3,,0,[],[],0,False,False,,,68.7,False,,,0.0,,False,4.3,0,,False,[],,False,174.0,174.0,True
bc1p9cna9ad5hxxzl9h9nr9ghg73k9j4tj39j6vfqd0a7c59y2lzudfqt9nh5l,bitcoin,BTC,17.4,0.0,BTC,1131000.0,174,0,0,1,1,1.0,0.0,0.0,True,0.1722,0.24712776577312984,False,False,,4.3,,0,[],[],0,False,False,,,68.7,False,,,0.0,,False,4.3,0,,False,[],,False,174.0,174.0,True
bc1pa87egnhkrfdhyjq8na2qsa6t9ymfn7d883f2nk5466573vptcv6q9yv4z4,bitcoin,BTC,17.4,0.0,BTC,1131000.0,174,0,0,1,1,1.0,0.0,0.0,True,0.1722,0.24712776577312984,False,False,,4.3,,0,[],[],0,False,False,,,68.7,False,,,0.0,,False,4.3,0,,False,[],,False,174.0,174.0,True
bc1pf6qej3ane93tz4g4e0r6r8dxl9nya6g62fvacqh9a658f7729l8q5vcgkw,bitcoin,BTC,7.9,0.0,BTC,513500.0,158,0,0,1,1,1.0,0.0,0.0,True,0.1383,0.2468962223260125,False,False,,4.3,,0,[],[],0,False,False,,,64.1,False,,,0.0,,False,4.3,0,,False,[],,False,158.0,158.0,True
bc1ppmhuwsdfu5lgrdyyapygalhj2ly7rwa8up4edhr8uyqfk84mwd7qyf86me,bitcoin,BTC,7.74840978,0.0,BTC,503646.63570000004,243,0,0,1,1,1.0,0.0,0.0,True,0.3198,0.2473637736691261,False,False,,4.2,,0,[],[],0,False,False,,,89.0,False,,,0.0,,False,4.2,0,,False,[],,False,243.0,243.0,True
bc1p5yg7nzpupycne0fkmcnpkyp3t3945jqcrwsxgqydgaxm9kkjdkvscxtk6c,bitcoin,BTC,7.74840978,0.0,BTC,503646.63570000004,243,0,0,1,1,1.0,0.0,0.0,True,0.3198,0.2473637736691261,False,False,,4.2,,0,[],[],0,False,False,,,89.0,False,,,0.0,,False,4.2,0,,False,[],,False,243.0,243.0,True
bc1pf0tkzakpwsmayggzq6hje49hs72905ttaapjphq3wax745y5525sak8sqe,bitcoin,BTC,7.74840978,0.0,BTC,503646.63570000004,243,0,0,1,1,1.0,0.0,0.0,True,0.3198,0.2473637736691261,False,False,,4.2,,0,[],[],0,False,False,,,89.0,False,,,0.0,,False,4.2,0,,False,[],,False,243.0,243.0,True
bc1ptvrj68x455ff6hdc3nzddeqjutjg64cjd829jprlt4ewlrq0f96qmevz69,bitcoin,BTC,7.74840978,0.0,BTC,503646.63570000004,243,0,0,1,1,1.0,0.0,0.0,True,0.3198,0.2473637736691261,False,False,,4.2,,0,[],[],0,False,False,,,89.0,False,,,0.0,,False,4.2,0,,False,[],,False,243.0,243.0,True
bc1panuuay968zpq26kklmdz5jyds3tp6sz7ccksk3uvwhm9xrgmf7cs589gce,bitcoin,BTC,7.74840978,0.0,BTC,503646.63570000004,243,0,0,1,1,1.0,0.0,0.0,True,0.3198,0.2473637736691261,False,False,,4.2,,0,[],[],0,False,False,,,89.0,False,,,0.0,,False,4.2,0,,False,[],,False,243.0,243.0,True
bc1p3wp3wp0gtapp9536yxudaqwzvhyguwhukgxrdlzcgzvk5n3nkkdssw0a4a,bitcoin,BTC,7.74840978,0.0,BTC,503646.63570000004,243,0,0,1,1,1.0,0.0,0.0,True,0.3198,0.2473637736691261,False,False,,4.2,,0,[],[],0,False,False,,,89.0,False,,,0.0,,False,4.2,0,,False,[],,False,243.0,243.0,True
bc1pn8fx425vv3x7p03sz7se594exs95q63y7p7xp2uw20jww5mahwvs3387r7,bitcoin,BTC,18.53882368,0.0,BTC,1205023.5392,221,0,0,1,1,1.0,0.0,0.0,True,0.3,0.2473733476868552,False,False,,4.2,,0,[],[],0,False,False,,,86.3,False,,,0.0,,False,4.2,0,,False,[],,False,221.0,221.0,True
bc1px7ue30gt2c5gg28mqged5eeeht6rqlgwuwszzp02mv4hz6kxx5fqqcy0tx,bitcoin,BTC,18.53882368,0.0,BTC,1205023.5392,221,0,0,1,1,1.0,0.0,0.0,True,0.3,0.2473733476868552,False,False,,4.2,,0,[],[],0,False,False,,,86.3,False,,,0.0,,False,4.2,0,,False,[],,False,221.0,221.0,True
bc1peekr4c6hgtrjpaz67xu6dfwnt8j44d9d35x2qhvwxu5kyety0edqj23ysw,bitcoin,BTC,0.61647156,0.0,BTC,40070.6514,174,0,0,1,1,1.0,0.0,0.0,True,0.1722,0.2476103924450978,False,False,,4.2,,0,[],[],0,False,False,,,68.7,False,,,0.0,,False,4.2,0,,False,[],,False,174.0,174.0,True
bc1p5ktvtkp7vayp2sc3ckag7f4rtvhkegh7mse9dkgl7slrrn5ugllqcwhrys,bitcoin,BTC,0.61647156,0.0,BTC,40070.6514,174,0,0,1,1,1.0,0.0,0.0,True,0.1722,0.2476103924450978,False,False,,4.2,,0,[],[],0,False,False,,,68.7,False,,,0.0,,False,4.2,0,,False,[],,False,174.0,174.0,True
bc1p5eucu42kfmvhupze5cf863mz23x3l3l3p68unhzn20txvsel80xsd2a2n3,bitcoin,BTC,0.61647156,0.0,BTC,40070.6514,174,0,0,1,1,1.0,0.0,0.0,True,0.1722,0.2476103924450978,False,False,,4.2,,0,[],[],0,False,False,,,68.7,False,,,0.0,,False,4.2,0,,False,[],,False,174.0,174.0,True
bc1p2n6zjflndcj08vqwl0lkgsjmuw0qk58jkfxvue0twam8709jnx8scvdmk4,bitcoin,BTC,0.62355744,0.0,BTC,40531.2336,176,0,0,1,1,1.0,0.0,0.0,True,0.1755,0.24861370857057302,False,False,,4.1,,0,[],[],0,False,False,,,69.2,False,,,0.0,,False,4.1,0,,False,[],,False,176.0,176.0,True
bc1pzvmrllcvksaq9gggnj29up5pam8h525gfr3dhq0p77e82fkakmaqegmfq8,bitcoin,BTC,0.62355744,0.0,BTC,40531.2336,176,0,0,1,1,1.0,0.0,0.0,True,0.1755,0.24861370857057302,False,False,,4.1,,0,[],[],0,False,False,,,69.2,False,,,0.0,,False,4.1,0,,False,[],,False,176.0,176.0,True
bc1pqhtx0205pdetf8350qp23545pctw87ulwzjlfhk8lz0sas5p2aaqftedg2,bitcoin,BTC,0.62355744,0.0,BTC,40531.2336,176,0,0,1,1,1.0,0.0,0.0,True,0.1755,0.24861370857057302,False,False,,4.1,,0,[],[],0,False,False,,,69.2,False,,,0.0,,False,4.1,0,,False,[],,False,176.0,176.0,True
bc1paq33ykj57lfdvqrac0nqrptrkg3f4a6j4qw4n0xlw906wk4w828s3j7uzr,bitcoin,BTC,0.62355744,0.0,BTC,40531.2336,176,0,0,1,1,1.0,0.0,0.0,True,0.1755,0.24861370857057302,False,False,,4.1,,0,[],[],0,False,False,,,69.2,False,,,0.0,,False,4.1,0,,False,[],,False,176.0,176.0,True
bc1pjyp5lj69kzhhwjcsgxeljapdwtvhn5adgf9d2ytx3s0dws64kzhs6lw939,bitcoin,BTC,0.62355744,0.0,BTC,40531.2336,176,0,0,1,1,1.0,0.0,0.0,True,0.1755,0.24861370857057302,False,False,,4.1,,0,[],[],0,False,False,,,69.2,False,,,0.0,,False,4.1,0,,False,[],,False,176.0,176.0,True
bc1p02e2jxrsnt0uymfqlcwdlweyv2j94pwnkmsjvzm6mf79l9p2wsxseh2m3c,bitcoin,BTC,0.62355744,0.0,BTC,40531.2336,176,0,0,1,1,1.0,0.0,0.0,True,0.1755,0.24861370857057302,False,False,,4.1,,0,[],[],0,False,False,,,69.2,False,,,0.0,,False,4.1,0,,False,[],,False,176.0,176.0,True
bc1pvux3g4xruwfy7t8vpd2qdgjtmvf6dx5vfu2zvxnhpf2ggxxul52swpkjca,bitcoin,BTC,13.4217728,0.0,BTC,872415.232,160,0,0,1,1,1.0,0.0,0.0,True,0.145425,0.2486652992950636,False,False,,4.1,,0,[],[],0,False,False,,,65.0,False,,,0.0,,False,4.1,0,,False,[],,False,160.0,160.0,True
bc1p3fs52e7w8u5d4u708s0s2xul764y9pv56vlvzhq8f434xu940xpsssnrwc,bitcoin,BTC,13.4217728,0.0,BTC,872415.232,160,0,0,1,1,1.0,0.0,0.0,True,0.145425,0.2486652992950636,False,False,,4.1,,0,[],[],0,False,False,,,65.0,False,,,0.0,,False,4.1,0,,False,[],,False,160.0,160.0,True
bc1p74sc2j9xysh93s5nyugj2vyla650xq4tzyqk85n35pnhgeu6r9ksp2kgst,bitcoin,BTC,13.4217728,0.0,BTC,872415.232,160,0,0,1,1,1.0,0.0,0.0,True,0.145425,0.2482038835307025,False,False,,4.1,,0,[],[],0,False,False,,,65.0,False,,,0.0,,False,4.1,0,,False,[],,False,160.0,160.0,True
bc1p35rv579cruh9twk67xftfkpjsn652tunj7jrkkvau4v7cwgt3hwqj86hqx,bitcoin,BTC,0.64749568,0.00262144,BTC,42087.2192,247,0,1,1,1,1.0,0.0,0.004048582995951417,True,0.3383847165991902,0.24876369790224984,False,False,,4.0,,0,[],[],0,False,False,,,91.4,False,,,0.0,,False,4.0,0,,False,[],,False,247.0,247.0,True
bc1ppl68hm2eh7f269wf2w0rgy3zt5av6k52ne47sfdrnf0lke9m9lpsdequ9g,bitcoin,BTC,0.64749568,0.00262144,BTC,42087.2192,247,0,1,1,1,1.0,0.0,0.004048582995951417,True,0.3383847165991902,0.24876369790224984,False,False,,4.0,,0,[],[],0,False,False,,,91.4,False,,,0.0,,False,4.0,0,,False,[],,False,247.0,247.0,True
bc1pe5lc4yumtu4asgld8qz540wy2wdlj3px094k3ra7dpvasq7hwt2s2tglz9,bitcoin,BTC,0.64749568,0.0,BTC,42087.2192,247,0,0,1,1,1.0,0.0,0.0,True,0.33757499999999996,0.24876369790224984,False,False,,4.0,,0,[],[],0,False,False,,,91.4,False,,,0.0,,False,4.0,0,,False,[],,False,247.0,247.0,True
bc1p0c29ra90qk5kdxqp6glvw5slp98d8w6rm5udmumh048u5gckcanqrrjuj0,bitcoin,BTC,0.64749568,0.0,BTC,42087.2192,247,0,0,1,1,1.0,0.0,0.0,True,0.33757499999999996,0.24876369790224984,False,False,,4.0,,0,[],[],0,False,False,,,91.4,False,,,0.0,,False,4.0,0,,False,[],,False,247.0,247.0,True
bc1pz68p4uk2m89rf7ltyddr9q7p99lzkstwy3dp28g2t96dh5ywhe8skk935r,bitcoin,BTC,0.64749568,0.0,BTC,42087.2192,247,0,0,1,1,1.0,0.0,0.0,True,0.33757499999999996,0.24876369790224984,False,False,,4.0,,0,[],[],0,False,False,,,91.4,False,,,0.0,,False,4.0,0,,False,[],,False,247.0,247.0,True
bc1pqewglhze346eneyw8z9cx3a3l7mds9tfyup6j5vrsxnezkpfca0q38scc0,bitcoin,BTC,0.64749568,0.0,BTC,42087.2192,247,0,0,1,1,1.0,0.0,0.0,True,0.33757499999999996,0.24876369790224984,False,False,,4.0,,0,[],[],0,False,False,,,91.4,False,,,0.0,,False,4.0,0,,False,[],,False,247.0,247.0,True
bc1puq3y6xct25x3n0s2dzwx4k402z2suxfjjse8scd5kcm598he6vss906vss,bitcoin,BTC,0.64749568,0.0,BTC,42087.2192,247,0,0,1,1,1.0,0.0,0.0,True,0.33757499999999996,0.24876369790224984,False,False,,4.0,,0,[],[],0,False,False,,,91.4,False,,,0.0,,False,4.0,0,,False,[],,False,247.0,247.0,True
bc1pq0unal2s2vsc6x4fr4s4rv3uhafhxxk945lgz0ewzklr55f4tzmsyycq8w,bitcoin,BTC,0.64749568,0.0,BTC,42087.2192,247,0,0,1,1,1.0,0.0,0.0,True,0.33757499999999996,0.24876369790224984,False,False,,4.0,,0,[],[],0,False,False,,,91.4,False,,,0.0,,False,4.0,0,,False,[],,False,247.0,247.0,True
bc1psv74ekknfcqfffcuve3hwf4gncl9jg7qgpxryu77cfxdsxpsytdq9fn25a,bitcoin,BTC,0.64749568,0.0,BTC,42087.2192,247,0,0,1,1,1.0,0.0,0.0,True,0.33757499999999996,0.24876369790224984,False,False,,4.0,,0,[],[],0,False,False,,,91.4,False,,,0.0,,False,4.0,0,,False,[],,False,247.0,247.0,True
bc1pgd2vha5ehkv0rmkjxxze69nkyyrsyls47r4d25dkx65hxkgmndfswj5y7l,bitcoin,BTC,0.64749568,0.0,BTC,42087.2192,247,0,0,1,1,1.0,0.0,0.0,True,0.33757499999999996,0.24876369790224984,False,False,,4.0,,0,[],[],0,False,False,,,91.4,False,,,0.0,,False,4.0,0,,False,[],,False,247.0,247.0,True
bc1p66qgh2u6p05v7nn6zzmzupnghce3tamay26ugavz8ef8qkgq599sxccswz,bitcoin,BTC,0.64749568,0.0,BTC,42087.2192,247,0,0,1,1,1.0,0.0,0.0,True,0.33757499999999996,0.24876369790224984,False,False,,4.0,,0,[],[],0,False,False,,,91.4,False,,,0.0,,False,4.0,0,,False,[],,False,247.0,247.0,True
bc1pdrc3jquj678g8fllqpz8wjmv0g29grtukqd83ph2ayavyp9rg5ts9krlk3,bitcoin,BTC,0.64749568,0.0,BTC,42087.2192,247,0,0,1,1,1.0,0.0,0.0,True,0.33757499999999996,0.24876369790224984,False,False,,4.0,,0,[],[],0,False,False,,,91.4,False,,,0.0,,False,4.0,0,,False,[],,False,247.0,247.0,True
bc1pn2cysv0wz24k3v9pjjhyzcws3pqp405jrpth4xd3fwq8cs4msxrqs34nvv,bitcoin,BTC,0.64749568,0.0,BTC,42087.2192,247,0,0,1,1,1.0,0.0,0.0,True,0.33757499999999996,0.24876369790224984,False,False,,4.0,,0,[],[],0,False,False,,,91.4,False,,,0.0,,False,4.0,0,,False,[],,False,247.0,247.0,True
bc1p0326hzmsjrsz0ndgl5n852fn2meee59fqkf0cgrzrs0fdst5vq8sqzwlzx,bitcoin,BTC,21.5,0.0,BTC,1397500.0,215,0,0,1,1,1.0,0.0,0.0,True,0.2763,0.24892482475841737,False,False,,4.0,,0,[],[],0,False,False,,,83.0,False,,,0.0,,False,4.0,0,,False,[],,False,215.0,215.0,True
bc1p5g5zmr87r5lztstn4tu9035tw3c9sqnzgmj7nylawsczwf6c2rjqhljca7,bitcoin,BTC,21.5,0.0,BTC,1397500.0,215,0,0,1,1,1.0,0.0,0.0,True,0.2763,0.24892482475841737,False,False,,4.0,,0,[],[],0,False,False,,,83.0,False,,,0.0,,False,4.0,0,,False,[],,False,215.0,215.0,True
bc1pfh4atxtu3zvlxd8y0rn2e9xrhr5525dvqqaeznudlk6apgf8a8ssr0d046,bitcoin,BTC,21.5,0.0,BTC,1397500.0,215,0,0,1,1,1.0,0.0,0.0,True,0.2763,0.24892482475841737,False,False,,4.0,,0,[],[],0,False,False,,,83.0,False,,,0.0,,False,4.0,0,,False,[],,False,215.0,215.0,True
bc1pzaah5awcdxk826z0gmtn0dvwvjuyq5k5928vpd3psaud0zewy6ss77zrwq,bitcoin,BTC,21.5,0.0,BTC,1397500.0,215,0,0,1,1,1.0,0.0,0.0,True,0.2763,0.24892482475841737,False,False,,4.0,,0,[],[],0,False,False,,,83.0,False,,,0.0,,False,4.0,0,,False,[],,False,215.0,215.0,True
bc1p8rx73cd5d6rpyu30wh62m6934qnrqqna6j3knll2epgx37tf284smlxd95,bitcoin,BTC,0.50593792,0.0,BTC,32885.9648,193,0,0,1,1,1.0,0.0,0.0,True,0.224175,0.24882987932786865,False,False,,4.0,,0,[],[],0,False,False,,,75.9,False,,,0.0,,False,4.0,0,,False,[],,False,193.0,193.0,True
bc1pq52ymk7gtgcumv9pvkkyex7lfu6hut56dluj4a6heejy855y552qp4qzts,bitcoin,BTC,0.50593792,0.0,BTC,32885.9648,193,0,0,1,1,1.0,0.0,0.0,True,0.224175,0.24882987932786865,False,False,,4.0,,0,[],[],0,False,False,,,75.9,False,,,0.0,,False,4.0,0,,False,[],,False,193.0,193.0,True
bc1psxew75jfrtxmd28sut43vk02kzpka8aanujmr2znsh73dq9wg5xqq98vk0,bitcoin,BTC,0.50593792,0.0,BTC,32885.9648,193,0,0,1,1,1.0,0.0,0.0,True,0.224175,0.24882987932786865,False,False,,4.0,,0,[],[],0,False,False,,,75.9,False,,,0.0,,False,4.0,0,,False,[],,False,193.0,193.0,True
bc1pc5k7cnt5xv7rwg2382cgh0e5uewwx256syymyswdwrp008l6qp6slvsc86,bitcoin,BTC,0.50593792,0.0,BTC,32885.9648,193,0,0,1,1,1.0,0.0,0.0,True,0.224175,0.24882987932786865,False,False,,4.0,,0,[],[],0,False,False,,,75.9,False,,,0.0,,False,4.0,0,,False,[],,False,193.0,193.0,True
bc1p8k5lc2w0gachazy207xr5vjyjvevujxte0tu37q245l23yvzt6asenkmzv,bitcoin,BTC,0.50593792,0.0,BTC,32885.9648,193,0,0,1,1,1.0,0.0,0.0,True,0.224175,0.24882987932786865,False,False,,4.0,,0,[],[],0,False,False,,,75.9,False,,,0.0,,False,4.0,0,,False,[],,False,193.0,193.0,True
bc1pgvu2rnsvemp3z79xnc7fhggmcxvy75ze645eylzzk6nv05d2jtrq0qe7f9,bitcoin,BTC,0.50593792,0.0,BTC,32885.9648,193,0,0,1,1,1.0,0.0,0.0,True,0.224175,0.24882987932786865,False,False,,4.0,,0,[],[],0,False,False,,,75.9,False,,,0.0,,False,4.0,0,,False,[],,False,193.0,193.0,True
bc1pze5nmjsawjzyq03ynw8yr2ylpzz4tfxsth53yfsvkp46q04725yq82chtm,bitcoin,BTC,0.50593792,0.0,BTC,32885.9648,193,0,0,1,1,1.0,0.0,0.0,True,0.224175,0.24882987932786865,False,False,,4.0,,0,[],[],0,False,False,,,75.9,False,,,0.0,,False,4.0,0,,False,[],,False,193.0,193.0,True
bc1pfnfumxkn8mmc5y0qnqzyqge890dhef0uu7pehy24h6maaltl4u0skdnm9s,bitcoin,BTC,15.26726656,0.0,BTC,992372.3264,182,0,0,1,1,1.0,0.0,0.0,True,0.189225,0.24942741310608674,False,False,,4.0,,0,[],[],0,False,False,,,71.1,False,,,0.0,,False,4.0,0,,False,[],,False,182.0,182.0,True
bc1pa5ruhlu88x2znrd2n3v0lcf5k7r0s82shn5et4yx8y4cxha0k56qus64g9,bitcoin,BTC,0.87687765,0.0,BTC,56997.047249999996,165,0,0,1,1,1.0,0.0,0.0,True,0.158025,0.24906902038454026,False,False,,4.0,,0,[],[],0,False,False,,,66.8,False,,,0.0,,False,4.0,0,,False,[],,False,165.0,165.0,True
bc1pg825a9ytt6jh7ad59jz3v7q508xaz7e0dlef79s7w7hnjf07t63sjzxq4k,bitcoin,BTC,0.87687765,0.0,BTC,56997.047249999996,165,0,0,1,1,1.0,0.0,0.0,True,0.158025,0.24906902038454026,False,False,,4.0,,0,[],[],0,False,False,,,66.8,False,,,0.0,,False,4.0,0,,False,[],,False,165.0,165.0,True
bc1q2srkryczafwnrhuvn239v928my2a2wpk2wuz0n,bitcoin,BTC,0.87687765,0.0,BTC,56997.047249999996,165,0,0,1,1,1.0,0.0,0.0,True,0.158025,0.24906902038454026,False,False,,4.0,,0,[],[],0,False,False,,,66.8,False,,,0.0,,False,4.0,0,,False,[],,False,165.0,165.0,True
bc1pfw9ct4kzykhf8d4t5x0yqds36mtf6dcgtn6ctds33ju6glya556szkrrgw,bitcoin,BTC,0.87687765,0.0,BTC,56997.047249999996,165,0,0,1,1,1.0,0.0,0.0,True,0.158025,0.24906902038454026,False,False,,4.0,,0,[],[],0,False,False,,,66.8,False,,,0.0,,False,4.0,0,,False,[],,False,165.0,165.0,True
bc1pufprly8746q3zukdjeh6rrjf8620ua87zplyte2ydqgafaruy34qlt8km6,bitcoin,BTC,0.87687765,0.0,BTC,56997.047249999996,165,0,0,1,1,1.0,0.0,0.0,True,0.158025,0.24906902038454026,False,False,,4.0,,0,[],[],0,False,False,,,66.8,False,,,0.0,,False,4.0,0,,False,[],,False,165.0,165.0,True
bc1p4eefwrvnlg2e8mh7el9vyme7eu7csakmgnlwn5scdvnqtvzjzxws9fvc7v,bitcoin,BTC,0.87687765,0.0,BTC,56997.047249999996,165,0,0,1,1,1.0,0.0,0.0,True,0.158025,0.24906902038454026,False,False,,4.0,,0,[],[],0,False,False,,,66.8,False,,,0.0,,False,4.0,0,,False,[],,False,165.0,165.0,True
bc1qp3lmvdrlhcxte93w77e8f7nmhjvtetpa8kqkcq,bitcoin,BTC,0.87687765,0.0,BTC,56997.047249999996,165,0,0,1,1,1.0,0.0,0.0,True,0.158025,0.24906902038454026,False,False,,4.0,,0,[],[],0,False,False,,,66.8,False,,,0.0,,False,4.0,0,,False,[],,False,165.0,165.0,True
bc1pw7pxjhpl0pv8q328tkfsq4q0pazd5sqcqt6scydlk89q7xsdpxrqd5jvyp,bitcoin,BTC,5.03806068,0.0,BTC,327473.9442,158,0,0,1,1,1.0,0.0,0.0,True,0.1383,0.24933891165314548,False,False,,4.0,,0,[],[],0,False,False,,,64.1,False,,,0.0,,False,4.0,0,,False,[],,False,158.0,158.0,True
bc1p6yw2d6kzwae87tchqdmc2679tyu78hm6y7layvqywplpcawl3edqd7h6p7,bitcoin,BTC,5.03806068,0.0,BTC,327473.9442,158,0,0,1,1,1.0,0.0,0.0,True,0.1383,0.24933891165314548,False,False,,4.0,,0,[],[],0,False,False,,,64.1,False,,,0.0,,False,4.0,0,,False,[],,False,158.0,158.0,True
bc1p2ltfuzz5zlkyz7xwhvtgdq530tpt4urkv888ncy9xl5zm9ywhwhs0ugyt7,bitcoin,BTC,0.50331648,0.0,BTC,32715.5712,192,0,0,1,1,1.0,0.0,0.0,True,0.21697499999999997,0.2496049289334425,False,False,,3.9,,0,[],[],0,False,False,,,74.9,False,,,0.0,,False,3.9,0,,False,[],,False,192.0,192.0,True
bc1pr9pvj7sm9tzgkfze7grpnrud0rdzat2tfp4t8gxnmmqa9se4xu9slvde35,bitcoin,BTC,0.50331648,0.0,BTC,32715.5712,192,0,0,1,1,1.0,0.0,0.0,True,0.21697499999999997,0.2496049289334425,False,False,,3.9,,0,[],[],0,False,False,,,74.9,False,,,0.0,,False,3.9,0,,False,[],,False,192.0,192.0,True
bc1pqffv8f6q5q9zam7tms76jh6avarfwmw0k6wt95r89apeu63crqrq26zq8a,bitcoin,BTC,0.50331648,0.0,BTC,32715.5712,192,0,0,1,1,1.0,0.0,0.0,True,0.21697499999999997,0.2496049289334425,False,False,,3.9,,0,[],[],0,False,False,,,74.9,False,,,0.0,,False,3.9,0,,False,[],,False,192.0,192.0,True
bc1prkgtw2eqqyu3wjklzxzpg04rhypga5q2hhusguhktdmetu3mklpq459mvr,bitcoin,BTC,0.50331648,0.0,BTC,32715.5712,192,0,0,1,1,1.0,0.0,0.0,True,0.21697499999999997,0.2496049289334425,False,False,,3.9,,0,[],[],0,False,False,,,74.9,False,,,0.0,,False,3.9,0,,False,[],,False,192.0,192.0,True
bc1p5hz823rtsnvjj9u64chzeczr9z9zsq5lgw02wdnmjhtm6g86c3usvz3a8j,bitcoin,BTC,0.50331648,0.0,BTC,32715.5712,192,0,0,1,1,1.0,0.0,0.0,True,0.21697499999999997,0.2496049289334425,False,False,,3.9,,0,[],[],0,False,False,,,74.9,False,,,0.0,,False,3.9,0,,False,[],,False,192.0,192.0,True
bc1pyflvaam0tylnucgvnypfjh9dz2d272kkcsxw77v34x0sv3fxnt9srngum9,bitcoin,BTC,0.50331648,0.0,BTC,32715.5712,192,0,0,1,1,1.0,0.0,0.0,True,0.21697499999999997,0.2496049289334425,False,False,,3.9,,0,[],[],0,False,False,,,74.9,False,,,0.0,,False,3.9,0,,False,[],,False,192.0,192.0,True
bc1pu6jggn6xnmh0www3d2rdyexrmn792w9zlqsquuz2c5v0hdcgkcgsnyxm89,bitcoin,BTC,3.96361728,0.0,BTC,257635.12319999997,189,0,0,1,1,1.0,0.0,0.0,True,0.20482499999999998,0.24986837364328568,False,False,,3.9,,0,[],[],0,False,False,,,73.2,False,,,0.0,,False,3.9,0,,False,[],,False,189.0,189.0,True
bc1pwvjtfmjltjyachqtd464fskj0skq63tnr6snld2dsmmxdnpzhyesc9n3k0,bitcoin,BTC,5.03806068,0.0,BTC,327473.9442,158,0,0,1,1,1.0,0.0,0.0,True,0.1383,0.24958505648692164,False,False,,3.9,,0,[],[],0,False,False,,,64.1,False,,,0.0,,False,3.9,0,,False,[],,False,158.0,158.0,True
bc1p5ryldsuket34ypm4s4h39lz6zrlfq9vmkt3amq4tjw5f85dj2u3q36a6nq,bitcoin,BTC,5.03806068,0.0,BTC,327473.9442,158,0,0,1,1,1.0,0.0,0.0,True,0.1383,0.24958505648692164,False,False,,3.9,,0,[],[],0,False,False,,,64.1,False,,,0.0,,False,3.9,0,,False,[],,False,158.0,158.0,True
bc1p2gc7e84ft0d4kqtj4xcrrrrjty0nm6xvwr5x29zxx6twkf807mcsluascp,bitcoin,BTC,5.03806068,0.0,BTC,327473.9442,158,0,0,1,1,1.0,0.0,0.0,True,0.1383,0.24958505648692164,False,False,,3.9,,0,[],[],0,False,False,,,64.1,False,,,0.0,,False,3.9,0,,False,[],,False,158.0,158.0,True
bc1p8ry9lhzznu6xpv9cg6mkz94n2wwu64t68vu3p3h9hsfl2azlzqjqj0q8w9,bitcoin,BTC,0.50593792,0.0,BTC,32885.9648,193,0,0,1,1,1.0,0.0,0.0,True,0.224175,0.25037207922213184,False,False,,3.8,,0,[],[],0,False,False,,,75.9,False,,,0.0,,False,3.8,0,,False,[],,False,193.0,193.0,True
bc1pkvq47dczcd9zu4xw483sgre7v2gtrtxl9n2xqa3ags4jc3c8szrq5ykf7r,bitcoin,BTC,0.50593792,0.0,BTC,32885.9648,193,0,0,1,1,1.0,0.0,0.0,True,0.224175,0.25037207922213184,False,False,,3.8,,0,[],[],0,False,False,,,75.9,False,,,0.0,,False,3.8,0,,False,[],,False,193.0,193.0,True
bc1p7af8p09jywrvyzlqk6sl0f8f22xgeskez52mak82rpvmwkf84txqgmmmg7,bitcoin,BTC,0.50593792,0.0,BTC,32885.9648,193,0,0,1,1,1.0,0.0,0.0,True,0.224175,0.2503131265989506,False,False,,3.8,,0,[],[],0,False,False,,,75.9,False,,,0.0,,False,3.8,0,,False,[],,False,193.0,193.0,True
bc1qmvldmtrq7aezwx7pmc8ms8p3vhapw2rymjp3nj,bitcoin,BTC,17.41000716,0.0,BTC,1131650.4653999999,182,0,0,1,1,1.0,0.0,0.0,True,0.189225,0.25022705718860155,False,False,,3.8,,0,[],[],0,False,False,,,71.1,False,,,0.0,,False,3.8,0,,False,[],,False,182.0,182.0,True
bc1p7zn24y48m4thsehgr4exjldxy4rd2rpd60dgrhq7m3tcqcrndspsxqf86d,bitcoin,BTC,0.90876411,0.0,BTC,59069.66715,171,0,0,1,1,1.0,0.0,0.0,True,0.1611,0.2503766214298741,False,False,,3.8,,0,[],[],0,False,False,,,67.2,False,,,0.0,,False,3.8,0,,False,[],,False,171.0,171.0,True
bc1ql9aunm6e23kjht52r6mxe249n9wu0neyddw03j,bitcoin,BTC,0.90876411,0.0,BTC,59069.66715,171,0,0,1,1,1.0,0.0,0.0,True,0.1611,0.2503766214298741,False,False,,3.8,,0,[],[],0,False,False,,,67.2,False,,,0.0,,False,3.8,0,,False,[],,False,171.0,171.0,True
bc1qfhk4s0vswdtmjmm8augqky8rlm3cyx7jn8p62s,bitcoin,BTC,0.90876411,0.0,BTC,59069.66715,171,0,0,1,1,1.0,0.0,0.0,True,0.1611,0.2503766214298741,False,False,,3.8,,0,[],[],0,False,False,,,67.2,False,,,0.0,,False,3.8,0,,False,[],,False,171.0,171.0,True
bc1q3g39jdz3z4rhu4r6qgg3hhkl5srw2ee6qwtez2,bitcoin,BTC,0.86624883,0.0,BTC,56306.17395,163,0,0,1,1,1.0,0.0,0.0,True,0.15375,0.25050670030286465,False,False,,3.8,,0,[],[],0,False,False,,,66.2,False,,,0.0,,False,3.8,0,,False,[],,False,163.0,163.0,True
bc1pmkuc8wuj0aefdnhnzxghnn6pytlcxdjt4jkt79e2u27pvc3gjxkqtm35za,bitcoin,BTC,0.86624883,0.0,BTC,56306.17395,163,0,0,1,1,1.0,0.0,0.0,True,0.15375,0.25050670030286465,False,False,,3.8,,0,[],[],0,False,False,,,66.2,False,,,0.0,,False,3.8,0,,False,[],,False,163.0,163.0,True
bc1q4h7c0pdugnudcspq93wwwfp055j290exhqg285,bitcoin,BTC,0.86624883,0.0,BTC,56306.17395,163,0,0,1,1,1.0,0.0,0.0,True,0.15375,0.25050670030286465,False,False,,3.8,,0,[],[],0,False,False,,,66.2,False,,,0.0,,False,3.8,0,,False,[],,False,163.0,163.0,True
bc1pea03g9lmz55r3w7uywyukzh62jrfecny0suuevlhzhd2k5v2sdpsawacz2,bitcoin,BTC,3.31350016,0.0,BTC,215377.5104,158,0,0,1,1,1.0,0.0,0.0,True,0.1383,0.25046022514910826,False,False,,3.8,,0,[],[],0,False,False,,,64.1,False,,,0.0,,False,3.8,0,,False,[],,False,158.0,158.0,True
bc1pvw00nk6fldctv5rjtj8zwllmmrz0ykj9c0jlnjhh5z48s6es6u2scu99jm,bitcoin,BTC,3.31350016,0.0,BTC,215377.5104,158,0,0,1,1,1.0,0.0,0.0,True,0.1383,0.25046022514910826,False,False,,3.8,,0,[],[],0,False,False,,,64.1,False,,,0.0,,False,3.8,0,,False,[],,False,158.0,158.0,True
bc1pr6uhll6jl4sf7ucuauaqamg52u339vtfhyv0gx4826e98vnkjz0qhyvjcw,bitcoin,BTC,3.31350016,0.0,BTC,215377.5104,158,0,0,1,1,1.0,0.0,0.0,True,0.1383,0.25046022514910826,False,False,,3.8,,0,[],[],0,False,False,,,64.1,False,,,0.0,,False,3.8,0,,False,[],,False,158.0,158.0,True
bc1qgul2c68st6zgrxxq68kaavp6qwh2448ryjx9lk,bitcoin,BTC,16.02224128,0.0,BTC,1041445.6832,191,0,0,1,1,1.0,0.0,0.0,True,0.21,0.25129423976953247,False,False,,3.7,,0,[],[],0,False,False,,,73.9,False,,,0.0,,False,3.7,0,,False,[],,False,191.0,191.0,True
bc1q6g9cn2xkg3w3fw05a977sp8n6c6u7f3ler6z0c,bitcoin,BTC,16.02224128,0.0,BTC,1041445.6832,191,0,0,1,1,1.0,0.0,0.0,True,0.21,0.25129423976953247,False,False,,3.7,,0,[],[],0,False,False,,,73.9,False,,,0.0,,False,3.7,0,,False,[],,False,191.0,191.0,True
bc1q0m7uk2z3du5ewyj4feg0ud3guzx6f4py6cmpqe,bitcoin,BTC,16.02224128,0.0,BTC,1041445.6832,191,0,0,1,1,1.0,0.0,0.0,True,0.21,0.25129423976953247,False,False,,3.7,,0,[],[],0,False,False,,,73.9,False,,,0.0,,False,3.7,0,,False,[],,False,191.0,191.0,True
bc1qwtlr4aag4emns92apsej7jjl2trzvx5w5x5n2g,bitcoin,BTC,16.02224128,0.0,BTC,1041445.6832,191,0,0,1,1,1.0,0.0,0.0,True,0.21,0.25129423976953247,False,False,,3.7,,0,[],[],0,False,False,,,73.9,False,,,0.0,,False,3.7,0,,False,[],,False,191.0,191.0,True
bc1pwkl4aa8rmgydktqwqnj8tx7e9mzmf6xc9kd4hx7r40uvqwlgxfsquj9jx4,bitcoin,BTC,8.25,0.0,BTC,536250.0,165,0,0,1,1,1.0,0.0,0.0,True,0.158025,0.251577781365451,False,False,,3.7,,0,[],[],0,False,False,,,66.8,False,,,0.0,,False,3.7,0,,False,[],,False,165.0,165.0,True
bc1pghcyn34q30752tt3gr4w84va3gp2v85skynkshxyhwandmj7k0aq6cvwer,bitcoin,BTC,8.25,0.0,BTC,536250.0,165,0,0,1,1,1.0,0.0,0.0,True,0.158025,0.251577781365451,False,False,,3.7,,0,[],[],0,False,False,,,66.8,False,,,0.0,,False,3.7,0,,False,[],,False,165.0,165.0,True
bc1ptdk5mjfuehsjr36wduejdej28deafx5wx4ncutaky2vx783jlfcs2rvtme,bitcoin,BTC,3.31350016,0.0,BTC,215377.5104,158,0,0,1,1,1.0,0.0,0.0,True,0.1383,0.25098845405492365,False,False,,3.7,,0,[],[],0,False,False,,,64.1,False,,,0.0,,False,3.7,0,,False,[],,False,158.0,158.0,True
bc1pz0smhgsa0a77eeszdzh6gn0d48sdafmtve8qdjr5jpylyfltgajsm286pf,bitcoin,BTC,1.28077281,0.0,BTC,83250.23265,241,0,0,1,1,1.0,0.0,0.0,True,0.309975,0.25238703389663325,False,False,,3.6,,0,[],[],0,False,False,,,87.6,False,,,0.0,,False,3.6,0,,False,[],,False,241.0,241.0,True
bc1pq9s5vnp6p5nalrz3dsu60whf4kk4fhhwgzvglvmsv6qfyd8jyhsql5pzth,bitcoin,BTC,1.28077281,0.0,BTC,83250.23265,241,0,0,1,1,1.0,0.0,0.0,True,0.309975,0.25238703389663325,False,False,,3.6,,0,[],[],0,False,False,,,87.6,False,,,0.0,,False,3.6,0,,False,[],,False,241.0,241.0,True
bc1pqasxnl4pw4glquc94pfv8r6ljgzmwa4y0mwe5zegw8gqkas7egyqdn0dv8,bitcoin,BTC,18.5,0.0,BTC,1202500.0,185,0,0,1,1,1.0,0.0,0.0,True,0.20077499999999998,0.2518924562463626,False,False,,3.6,,0,[],[],0,False,False,,,72.6,False,,,0.0,,False,3.6,0,,False,[],,False,185.0,185.0,True
bc1q8dmvk8e0zuv5evzheqh8x4mdtjsym0taw9d2f7,bitcoin,BTC,18.5,0.0,BTC,1202500.0,185,0,0,1,1,1.0,0.0,0.0,True,0.20077499999999998,0.2518924562463626,False,False,,3.6,,0,[],[],0,False,False,,,72.6,False,,,0.0,,False,3.6,0,,False,[],,False,185.0,185.0,True
bc1qr5g09dhcrcz7g8lux6gm82jvfxfalpypklh9m5,bitcoin,BTC,0.96722262,0.0,BTC,62869.4703,182,0,0,1,1,1.0,0.0,0.0,True,0.189225,0.25239405788433195,False,False,,3.6,,0,[],[],0,False,False,,,71.1,False,,,0.0,,False,3.6,0,,False,[],,False,182.0,182.0,True
bc1q0q2dg8nmduvxlzvl2q2alnrdj75zp8kreuhjqv,bitcoin,BTC,0.96722262,0.0,BTC,62869.4703,182,0,0,1,1,1.0,0.0,0.0,True,0.189225,0.25239405788433195,False,False,,3.6,,0,[],[],0,False,False,,,71.1,False,,,0.0,,False,3.6,0,,False,[],,False,182.0,182.0,True
bc1qhms26vfl2jhyeu2far9m0cjh6g3x506z0c9d7x,bitcoin,BTC,0.96722262,0.0,BTC,62869.4703,182,0,0,1,1,1.0,0.0,0.0,True,0.189225,0.25239405788433195,False,False,,3.6,,0,[],[],0,False,False,,,71.1,False,,,0.0,,False,3.6,0,,False,[],,False,182.0,182.0,True
bc1pzsc77599mhd9j7tzdrkjnt2uq7dcj5at5vpw6tnm56zjy0ttaf6qklux0w,bitcoin,BTC,1.7006112,0.0,BTC,110539.728,160,0,0,1,1,1.0,0.0,0.0,True,0.145425,0.25200241970412385,False,False,,3.6,,0,[],[],0,False,False,,,65.1,False,,,0.0,,False,3.6,0,,False,[],,False,160.0,160.0,True
bc1py93l5r4tfkc2mssvchk4dqf3eax05w62qcfh3l0872lwntmp3lfqmfnhkx,bitcoin,BTC,1.7006112,0.0,BTC,110539.728,160,0,0,1,1,1.0,0.0,0.0,True,0.145425,0.25200241970412385,False,False,,3.6,,0,[],[],0,False,False,,,65.1,False,,,0.0,,False,3.6,0,,False,[],,False,160.0,160.0,True
bc1p390a7w8ga8ye0f05xquzypvspntuthw3ptjqpexduqhynn27nfhqzmqrfk,bitcoin,BTC,1.7006112,0.0,BTC,110539.728,160,0,0,1,1,1.0,0.0,0.0,True,0.145425,0.25200241970412385,False,False,,3.6,,0,[],[],0,False,False,,,65.1,False,,,0.0,,False,3.6,0,,False,[],,False,160.0,160.0,True
bc1p6ef4axw0kayymegj32edcaddvs50etuzr7y64fecxr58z7mdkeqqran9cy,bitcoin,BTC,1.7006112,0.0,BTC,110539.728,160,0,0,1,1,1.0,0.0,0.0,True,0.145425,0.25223004811760535,False,False,,3.6,,0,[],[],0,False,False,,,65.1,False,,,0.0,,False,3.6,0,,False,[],,False,160.0,160.0,True
bc1pdx3ryxn96y9xzzq8y86r96xn37swlk025u2mwdcq84ltzue6ucwqhjcu7g,bitcoin,BTC,1.7006112,0.0,BTC,110539.728,160,0,0,1,1,1.0,0.0,0.0,True,0.145425,0.25200241970412385,False,False,,3.6,,0,[],[],0,False,False,,,65.1,False,,,0.0,,False,3.6,0,,False,[],,False,160.0,160.0,True
bc1penxh8cwyy9xkkr8802tqk4wnd6yeqne26zuwrpm9ejewcuqdv92s5cd4fe,bitcoin,BTC,1.7006112,0.0,BTC,110539.728,160,0,0,1,1,1.0,0.0,0.0,True,0.145425,0.25200241970412385,False,False,,3.6,,0,[],[],0,False,False,,,65.1,False,,,0.0,,False,3.6,0,,False,[],,False,160.0,160.0,True
bc1pm692tfahw3lmxxnjrqft0y52qm03f0rxe65uy8ryq873t5nt9a4qvy5lr3,bitcoin,BTC,1.7006112,0.0,BTC,110539.728,160,0,0,1,1,1.0,0.0,0.0,True,0.145425,0.25200241970412385,False,False,,3.6,,0,[],[],0,False,False,,,65.1,False,,,0.0,,False,3.6,0,,False,[],,False,160.0,160.0,True
bc1pg4u4u78spnz5wea7pvnjqe5w47lh8w99n8ma4cc7wtz8qe92kfxsqk329r,bitcoin,BTC,9.5361792,0.0,BTC,619851.6479999999,160,0,0,1,1,1.0,0.0,0.0,True,0.145425,0.25229722497595847,False,False,,3.6,,0,[],[],0,False,False,,,65.0,False,,,0.0,,False,3.6,0,,False,[],,False,160.0,160.0,True
bc1p29gexs6qx0h0zxwc5veknyxedu6j9klsrtwuldm5jdxuvfvl24qsftq0hg,bitcoin,BTC,1.7006112,0.0,BTC,110539.728,160,0,0,1,1,1.0,0.0,0.0,True,0.145425,0.25223004811760535,False,False,,3.6,,0,[],[],0,False,False,,,65.1,False,,,0.0,,False,3.6,0,,False,[],,False,160.0,160.0,True
bc1pk5j58jfukd5jlhctchvvfclh6utp7vdhx5v8kfevqf2p2m85f2rsgqmjcd,bitcoin,BTC,1.7006112,0.0,BTC,110539.728,160,0,0,1,1,1.0,0.0,0.0,True,0.145425,0.25223004811760535,False,False,,3.6,,0,[],[],0,False,False,,,65.1,False,,,0.0,,False,3.6,0,,False,[],,False,160.0,160.0,True
bc1p5uvrczr0ks052k5vf2hknmujgjlzp2trru58hkrn0w3ns08x9ffq0vvk6d,bitcoin,BTC,1.7006112,0.0,BTC,110539.728,160,0,0,1,1,1.0,0.0,0.0,True,0.145425,0.25223004811760535,False,False,,3.6,,0,[],[],0,False,False,,,65.1,False,,,0.0,,False,3.6,0,,False,[],,False,160.0,160.0,True
bc1paxhy99hakjgp3jtdx3k4wgn0txck6u3ddahwfwe8zh2v04l8ggqszvgpka,bitcoin,BTC,1.7006112,0.0,BTC,110539.728,160,0,0,1,1,1.0,0.0,0.0,True,0.145425,0.25223004811760535,False,False,,3.6,,0,[],[],0,False,False,,,65.1,False,,,0.0,,False,3.6,0,,False,[],,False,160.0,160.0,True
bc1pukam6cld93yvla8dmkxzc9hwys0307ddddpjur8q5wk9jezc3das5j8xdd,bitcoin,BTC,1.7006112,0.0,BTC,110539.728,160,0,0,1,1,1.0,0.0,0.0,True,0.145425,0.25200241970412385,False,False,,3.6,,0,[],[],0,False,False,,,65.1,False,,,0.0,,False,3.6,0,,False,[],,False,160.0,160.0,True
bc1ple5su7t2d9e7d2elxzvsxxlfp8zhnfc74u34yalzsd9cv3smp3ksqwdaul,bitcoin,BTC,1.7006112,0.0,BTC,110539.728,160,0,0,1,1,1.0,0.0,0.0,True,0.145425,0.25223004811760535,False,False,,3.6,,0,[],[],0,False,False,,,65.1,False,,,0.0,,False,3.6,0,,False,[],,False,160.0,160.0,True
bc1qthp6w3f506q9fkgkvu7fq2cay5dczvaw4fj4n4,bitcoin,BTC,1.28608722,0.0,BTC,83595.6693,242,0,0,1,1,1.0,0.0,0.0,True,0.315075,0.2525173092316397,False,False,,3.5,,0,[],[],0,False,False,,,88.3,False,,,0.0,,False,3.5,0,,False,[],,False,242.0,242.0,True
bc1qvhega65kdm9rjhu25csz4xr2pmepsyfpypx0sn,bitcoin,BTC,1.28608722,0.0,BTC,83595.6693,242,0,0,1,1,1.0,0.0,0.0,True,0.315075,0.2525173092316397,False,False,,3.5,,0,[],[],0,False,False,,,88.3,False,,,0.0,,False,3.5,0,,False,[],,False,242.0,242.0,True
bc1quad75suzefzsgunxe0u6jm3svarvsqmwhzlc4x,bitcoin,BTC,1.28608722,0.0,BTC,83595.6693,242,0,0,1,1,1.0,0.0,0.0,True,0.315075,0.2525173092316397,False,False,,3.5,,0,[],[],0,False,False,,,88.3,False,,,0.0,,False,3.5,0,,False,[],,False,242.0,242.0,True
bc1phyp8n7ewxa20egs4jh0l5kts8v8e7wmz4xsll9zdt0xxn7vtqwsswvf4j6,bitcoin,BTC,1.28608722,0.0,BTC,83595.6693,242,0,0,1,1,1.0,0.0,0.0,True,0.315075,0.2525173092316397,False,False,,3.5,,0,[],[],0,False,False,,,88.3,False,,,0.0,,False,3.5,0,,False,[],,False,242.0,242.0,True
bc1qwd7s7y6j8geqgk5afqxuvh3ky7ccturlzny6fj,bitcoin,BTC,1.28608722,0.0,BTC,83595.6693,242,0,0,1,1,1.0,0.0,0.0,True,0.315075,0.2525173092316397,False,False,,3.5,,0,[],[],0,False,False,,,88.3,False,,,0.0,,False,3.5,0,,False,[],,False,242.0,242.0,True
bc1puqrgdeehvrn55cypxyy97gtfdrjmc9mm3da8nknfuje459yk8d3sc2n57e,bitcoin,BTC,0.57933824,0.0,BTC,37656.9856,221,0,0,1,1,1.0,0.0,0.0,True,0.3,0.2524363878906826,False,False,,3.5,,0,[],[],0,False,False,,,86.3,False,,,0.0,,False,3.5,0,,False,[],,False,221.0,221.0,True
bc1pyna0fapsryq24g2w8f3r5rpdwr6wm8sdf4ecs2qcpw5dpd9nqmysdjlmur,bitcoin,BTC,18.37105152,0.0,BTC,1194118.3488,219,0,0,1,1,1.0,0.0,0.0,True,0.296775,0.25279965884535766,False,False,,3.5,,0,[],[],0,False,False,,,85.8,False,,,0.0,,False,3.5,0,,False,[],,False,219.0,219.0,True
bc1p80z53m52qdmcfjs48tvxkzf60u6h24m4t7vytp7a2jwrr66eu9zsuquzld,bitcoin,BTC,18.37105152,0.0,BTC,1194118.3488,219,0,0,1,1,1.0,0.0,0.0,True,0.296775,0.25279965884535766,False,False,,3.5,,0,[],[],0,False,False,,,85.8,False,,,0.0,,False,3.5,0,,False,[],,False,219.0,219.0,True
bc1p3pmc2fql0gxd4f9m58hjfttd58t39ljd2nx0a27wrrd0uwccx56skulvd5,bitcoin,BTC,18.37105152,0.0,BTC,1194118.3488,219,0,0,1,1,1.0,0.0,0.0,True,0.296775,0.25279965884535766,False,False,,3.5,,0,[],[],0,False,False,,,85.8,False,,,0.0,,False,3.5,0,,False,[],,False,219.0,219.0,True
bc1pa3ckndassv8yczv83jzjwduqkk577dx7tw9r6x4tyzuajhqgs8eqcrz3au,bitcoin,BTC,18.37105152,0.0,BTC,1194118.3488,219,0,0,1,1,1.0,0.0,0.0,True,0.296775,0.25279965884535766,False,False,,3.5,,0,[],[],0,False,False,,,85.8,False,,,0.0,,False,3.5,0,,False,[],,False,219.0,219.0,True
bc1p4g8w8fs4lxhmvmv9g36zjppfe06nwngn3qw2duqg7yu5543j9r2s4pqr5e,bitcoin,BTC,18.37105152,0.0,BTC,1194118.3488,219,0,0,1,1,1.0,0.0,0.0,True,0.296775,0.25279965884535766,False,False,,3.5,,0,[],[],0,False,False,,,85.8,False,,,0.0,,False,3.5,0,,False,[],,False,219.0,219.0,True
bc1qpt9v0990k5ggx6y0w9s4whp6k6j9lkkgs5pssr,bitcoin,BTC,20.0884698,0.0,BTC,1305750.537,210,0,0,1,1,1.0,0.0,0.0,True,0.27097499999999997,0.2526049864419268,False,False,,3.5,,0,[],[],0,False,False,,,82.3,False,,,0.0,,False,3.5,0,,False,[],,False,210.0,210.0,True
bc1pshaw489xjzx88h8da6pt58kcwxmp4ftx3lg8mjwlc26xa29kmf7qmv5nvj,bitcoin,BTC,20.0884698,0.0,BTC,1305750.537,210,0,0,1,1,1.0,0.0,0.0,True,0.27097499999999997,0.2526049864419268,False,False,,3.5,,0,[],[],0,False,False,,,82.3,False,,,0.0,,False,3.5,0,,False,[],,False,210.0,210.0,True
bc1qjzrl37k6q0206ppt440f6ha7xxn9l75mcvux3w,bitcoin,BTC,20.0884698,0.0,BTC,1305750.537,210,0,0,1,1,1.0,0.0,0.0,True,0.27097499999999997,0.2526049864419268,False,False,,3.5,,0,[],[],0,False,False,,,82.3,False,,,0.0,,False,3.5,0,,False,[],,False,210.0,210.0,True
bc1q554fl0zh72atknqwjgv8nq6zh08afeh0teencd,bitcoin,BTC,20.0884698,0.0,BTC,1305750.537,210,0,0,1,1,1.0,0.0,0.0,True,0.27097499999999997,0.2526049864419268,False,False,,3.5,,0,[],[],0,False,False,,,82.3,False,,,0.0,,False,3.5,0,,False,[],,False,210.0,210.0,True
bc1p4056relqsygplc0n2z8frtqxcjv4jl4wu0ulqn8vv4n9erxcxawqnjgyf7,bitcoin,BTC,0.51904512,0.0,BTC,33737.9328,198,0,0,1,1,1.0,0.0,0.0,True,0.239775,0.25257685915022327,False,False,,3.5,,0,[],[],0,False,False,,,78.0,False,,,0.0,,False,3.5,0,,False,[],,False,198.0,198.0,True
bc1ppg99lryaq4v7a2wqs7rrsx4n06rq088cj7hwpg9guwfpga9m38hsergh7d,bitcoin,BTC,0.51904512,0.0,BTC,33737.9328,198,0,0,1,1,1.0,0.0,0.0,True,0.239775,0.25257685915022327,False,False,,3.5,,0,[],[],0,False,False,,,78.0,False,,,0.0,,False,3.5,0,,False,[],,False,198.0,198.0,True
bc1qre32vnk9jwtzv32632397y2jkm2tz620qn5re6,bitcoin,BTC,0.51904512,0.0,BTC,33737.9328,198,0,0,1,1,1.0,0.0,0.0,True,0.239775,0.25257685915022327,False,False,,3.5,,0,[],[],0,False,False,,,78.0,False,,,0.0,,False,3.5,0,,False,[],,False,198.0,198.0,True
bc1pe9h0fys6qa9mvd0vxhn3ukqgama7vszyuraj2yzttluxepyjydeqadmhx0,bitcoin,BTC,0.51904512,0.0,BTC,33737.9328,198,0,0,1,1,1.0,0.0,0.0,True,0.239775,0.25257685915022327,False,False,,3.5,,0,[],[],0,False,False,,,78.0,False,,,0.0,,False,3.5,0,,False,[],,False,198.0,198.0,True
bc1pamk9wkgspflff7srtnulvsl6mymg7kn4af4fnwpw2auq4ljx098sdnyede,bitcoin,BTC,0.51904512,0.0,BTC,33737.9328,198,0,0,1,1,1.0,0.0,0.0,True,0.239775,0.25257685915022327,False,False,,3.5,,0,[],[],0,False,False,,,78.0,False,,,0.0,,False,3.5,0,,False,[],,False,198.0,198.0,True
bc1pxuqzjvmkeqgua0j86mhyh7v8v4q0mg7nhvpl23ns8k5v2ysumkgq7qfuf3,bitcoin,BTC,0.51904512,0.0,BTC,33737.9328,198,0,0,1,1,1.0,0.0,0.0,True,0.239775,0.25257685915022327,False,False,,3.5,,0,[],[],0,False,False,,,78.0,False,,,0.0,,False,3.5,0,,False,[],,False,198.0,198.0,True
bc1pah2x59hk5scepgddw42g590j2flarnd6c6w9n92dschymmqlckzqxljfnn,bitcoin,BTC,0.51904512,0.0,BTC,33737.9328,198,0,0,1,1,1.0,0.0,0.0,True,0.239775,0.25257685915022327,False,False,,3.5,,0,[],[],0,False,False,,,78.0,False,,,0.0,,False,3.5,0,,False,[],,False,198.0,198.0,True
bc1p3vapdjhdksgfjhjnktmrhfqx2m6smre96kyvc3xdntu224v8jqjs0xqymz,bitcoin,BTC,0.51904512,0.0,BTC,33737.9328,198,0,0,1,1,1.0,0.0,0.0,True,0.239775,0.25257685915022327,False,False,,3.5,,0,[],[],0,False,False,,,78.0,False,,,0.0,,False,3.5,0,,False,[],,False,198.0,198.0,True
bc1pa2enj3h4nv8sr4dd8vwa063hkrx7vhv0n2eegvv69jw26889wulsdtddjd,bitcoin,BTC,0.51904512,0.0,BTC,33737.9328,198,0,0,1,1,1.0,0.0,0.0,True,0.239775,0.25257685915022327,False,False,,3.5,,0,[],[],0,False,False,,,78.0,False,,,0.0,,False,3.5,0,,False,[],,False,198.0,198.0,True
bc1qe3xlse50pzadgyc2hs43gjjmxqn3nwzfdnd67w,bitcoin,BTC,0.51904512,0.0,BTC,33737.9328,198,0,0,1,1,1.0,0.0,0.0,True,0.239775,0.25257685915022327,False,False,,3.5,,0,[],[],0,False,False,,,78.0,False,,,0.0,,False,3.5,0,,False,[],,False,198.0,198.0,True
bc1pw60lmamecv2ywn5r2v28gz9ayjnm3p5ct8qldt8d9d0xmkvwyq4qhke69c,bitcoin,BTC,0.51904512,0.0,BTC,33737.9328,198,0,0,1,1,1.0,0.0,0.0,True,0.239775,0.25257685915022327,False,False,,3.5,,0,[],[],0,False,False,,,78.0,False,,,0.0,,False,3.5,0,,False,[],,False,198.0,198.0,True
bc1pdzr547z6uvml4m4n6mh3uu3f50k8ad6dguwaz7ws7h66h7xgz2qqezhwlr,bitcoin,BTC,0.51904512,0.0,BTC,33737.9328,198,0,0,1,1,1.0,0.0,0.0,True,0.239775,0.25257685915022327,False,False,,3.5,,0,[],[],0,False,False,,,78.0,False,,,0.0,,False,3.5,0,,False,[],,False,198.0,198.0,True
bc1ppc34ef8t336pcstsd8gqwzdsjfasytcz4ytt7p9f4qw6qke90x6sg2gky4,bitcoin,BTC,0.51904512,0.0,BTC,33737.9328,198,0,0,1,1,1.0,0.0,0.0,True,0.239775,0.25257685915022327,False,False,,3.5,,0,[],[],0,False,False,,,78.0,False,,,0.0,,False,3.5,0,,False,[],,False,198.0,198.0,True
bc1putx7vfdvyqv96hml3x4r8rfxqumdvt5w6cjn056mqydwulxq3a8qqhr4uf,bitcoin,BTC,0.51904512,0.0,BTC,33737.9328,198,0,0,1,1,1.0,0.0,0.0,True,0.239775,0.25257685915022327,False,False,,3.5,,0,[],[],0,False,False,,,78.0,False,,,0.0,,False,3.5,0,,False,[],,False,198.0,198.0,True
bc1phsl6vja0nnnltyjhl3pvac39qnvs8fkfmmyau9wfu2vnt27lxlwqe5nz6l,bitcoin,BTC,0.51904512,0.0,BTC,33737.9328,198,0,0,1,1,1.0,0.0,0.0,True,0.239775,0.25257685915022327,False,False,,3.5,,0,[],[],0,False,False,,,78.0,False,,,0.0,,False,3.5,0,,False,[],,False,198.0,198.0,True
bc1pyv3k7k6pvn0wt53pmfxcnm32kv6k7nuum5uflr69v2caqt9d858q82wt6e,bitcoin,BTC,0.51904512,0.0,BTC,33737.9328,198,0,0,1,1,1.0,0.0,0.0,True,0.239775,0.25257685915022327,False,False,,3.5,,0,[],[],0,False,False,,,78.0,False,,,0.0,,False,3.5,0,,False,[],,False,198.0,198.0,True
bc1qtdqr4yrygg78nwqn8e07r9pennhcfhrng5ytr9,bitcoin,BTC,0.51904512,0.0,BTC,33737.9328,198,0,0,1,1,1.0,0.0,0.0,True,0.239775,0.25257685915022327,False,False,,3.5,,0,[],[],0,False,False,,,78.0,False,,,0.0,,False,3.5,0,,False,[],,False,198.0,198.0,True
bc1p3ej8kre8rg9chfkad5knhyerv3nh3fne2n965m3aa0qcr7v5ce7q6k97zs,bitcoin,BTC,0.51904512,0.0,BTC,33737.9328,198,0,0,1,1,1.0,0.0,0.0,True,0.239775,0.25257685915022327,False,False,,3.5,,0,[],[],0,False,False,,,78.0,False,,,0.0,,False,3.5,0,,False,[],,False,198.0,198.0,True
bc1pxfwgq882y5h4dnlg97ht3jj0j402krudquq3uspusywac7ssj7cqnp8r0r,bitcoin,BTC,0.51904512,0.0,BTC,33737.9328,198,0,0,1,1,1.0,0.0,0.0,True,0.239775,0.25257685915022327,False,False,,3.5,,0,[],[],0,False,False,,,78.0,False,,,0.0,,False,3.5,0,,False,[],,False,198.0,198.0,True
bc1pqz04lst0eydrf6ycslfnj2ucht22mz9wkwj5nskh3758rm588p9s6c6an0,bitcoin,BTC,0.51904512,0.0,BTC,33737.9328,198,0,0,1,1,1.0,0.0,0.0,True,0.239775,0.25257685915022327,False,False,,3.5,,0,[],[],0,False,False,,,78.0,False,,,0.0,,False,3.5,0,,False,[],,False,198.0,198.0,True
bc1p3z03cfeyvhmd49d9llc77gcstwga0yq9uv735eh5llfr4wm6vd8qcacfcr,bitcoin,BTC,0.51904512,0.0,BTC,33737.9328,198,0,0,1,1,1.0,0.0,0.0,True,0.239775,0.25257685915022327,False,False,,3.5,,0,[],[],0,False,False,,,78.0,False,,,0.0,,False,3.5,0,,False,[],,False,198.0,198.0,True
bc1pl3ffuzfg9fxug2l3ndl9qgf7pvsn9xhlqnudzhu5weqf9tn0hzsq0ycn6d,bitcoin,BTC,17.6969853,0.0,BTC,1150304.0445,185,0,0,1,1,1.0,0.0,0.0,True,0.20077499999999998,0.2529694735045671,False,False,,3.5,,0,[],[],0,False,False,,,72.6,False,,,0.0,,False,3.5,0,,False,[],,False,185.0,185.0,True
bc1p42uwxf3s60j6vy889nnuuyyz0d0ahvt9k9ps8y4dcqmp2ql72fhswclqz2,bitcoin,BTC,0.63418626,0.0,BTC,41222.1069,179,0,0,1,1,1.0,0.0,0.0,True,0.183075,0.2531405640641007,False,False,,3.5,,0,[],[],0,False,False,,,70.2,False,,,0.0,,False,3.5,0,,False,[],,False,179.0,179.0,True
bc1pk5vkagajf6wgr9jxnc68a7ffcxv40vt7yspvf4hzqr63ps4ppktsmf2c8p,bitcoin,BTC,0.63418626,0.0,BTC,41222.1069,179,0,0,1,1,1.0,0.0,0.0,True,0.183075,0.2531405640641007,False,False,,3.5,,0,[],[],0,False,False,,,70.2,False,,,0.0,,False,3.5,0,,False,[],,False,179.0,179.0,True
bc1puceh9r7l23gsw39hxnjy6hm03qunmm6ywmmn88qj9mth9z7pg0ys55aqd6,bitcoin,BTC,0.63418626,0.0,BTC,41222.1069,179,0,0,1,1,1.0,0.0,0.0,True,0.183075,0.2531405640641007,False,False,,3.5,,0,[],[],0,False,False,,,70.2,False,,,0.0,,False,3.5,0,,False,[],,False,179.0,179.0,True
bc1pymp83jkxgspwxrd0npxpyadp8atxv0pkvljrtesmjc8vwnyzd46q93ectp,bitcoin,BTC,0.63418626,0.0,BTC,41222.1069,179,0,0,1,1,1.0,0.0,0.0,True,0.183075,0.2531405640641007,False,False,,3.5,,0,[],[],0,False,False,,,70.2,False,,,0.0,,False,3.5,0,,False,[],,False,179.0,179.0,True
bc1ppjxxy6furclzp3myx267pxdr22578er9h0jzsywhr772arcud37qj7cdas,bitcoin,BTC,0.63418626,0.0,BTC,41222.1069,179,0,0,1,1,1.0,0.0,0.0,True,0.183075,0.2531405640641007,False,False,,3.5,,0,[],[],0,False,False,,,70.2,False,,,0.0,,False,3.5,0,,False,[],,False,179.0,179.0,True
bc1pwlmaq896hkqmj6gttf6pf55yjmtvqza2q3l9zdm4erptej672laqq0mufj,bitcoin,BTC,0.63418626,0.0,BTC,41222.1069,179,0,0,1,1,1.0,0.0,0.0,True,0.183075,0.2531405640641007,False,False,,3.5,,0,[],[],0,False,False,,,70.2,False,,,0.0,,False,3.5,0,,False,[],,False,179.0,179.0,True
bc1ptl243crmvkwlqnlyh2eggze6j6x3gem6q7ns3q084zf35wcz3gfqxue3v0,bitcoin,BTC,0.63418626,0.0,BTC,41222.1069,179,0,0,1,1,1.0,0.0,0.0,True,0.183075,0.2531405640641007,False,False,,3.5,,0,[],[],0,False,False,,,70.2,False,,,0.0,,False,3.5,0,,False,[],,False,179.0,179.0,True
bc1pzl3eh9t69e6lc0zvyydflm6pcz4ne26n7j2su853qnemc84469dq7d0zlq,bitcoin,BTC,0.63064332,0.0,BTC,40991.815800000004,178,0,0,1,1,1.0,0.0,0.0,True,0.17865,0.252594703483462,False,False,,3.5,,0,[],[],0,False,False,,,69.6,False,,,0.0,,False,3.5,0,,False,[],,False,178.0,178.0,True
bc1px2ktrsf5lwan89ue33r90uxyf75kws9q9cnq0z3pdx6c8uncta5szp9p4c,bitcoin,BTC,0.63064332,0.0,BTC,40991.815800000004,178,0,0,1,1,1.0,0.0,0.0,True,0.17865,0.252594703483462,False,False,,3.5,,0,[],[],0,False,False,,,69.6,False,,,0.0,,False,3.5,0,,False,[],,False,178.0,178.0,True
bc1pppp2q6sha4qny7je7cpdv64nv7ry5fjua78w836927qt944gmeestkkg8d,bitcoin,BTC,0.63064332,0.0,BTC,40991.815800000004,178,0,0,1,1,1.0,0.0,0.0,True,0.17865,0.252594703483462,False,False,,3.5,,0,[],[],0,False,False,,,69.6,False,,,0.0,,False,3.5,0,,False,[],,False,178.0,178.0,True
bc1pl0eqzsw5cmgwp7zn2e6d7jz2a7z85mtyx8w9w3m492k7pd5jpauq94jc7s,bitcoin,BTC,14.42840576,0.0,BTC,937846.3744,172,0,0,1,1,1.0,0.0,0.0,True,0.164775,0.2530115099818385,False,False,,3.5,,0,[],[],0,False,False,,,67.7,False,,,0.0,,False,3.5,0,,False,[],,False,172.0,172.0,True
bc1pug43hp6px5wzh57vcffhpfytkx8rgeqa530xd6mj5a7pma4lw5jqa2rzc6,bitcoin,BTC,14.42840576,0.0,BTC,937846.3744,172,0,0,1,1,1.0,0.0,0.0,True,0.164775,0.2530115099818385,False,False,,3.5,,0,[],[],0,False,False,,,67.7,False,,,0.0,,False,3.5,0,,False,[],,False,172.0,172.0,True
bc1pur3hznf8sh0jggat0f5h37sln0dsxkct4dajnyhkwdj4u9e4klvq2zlx33,bitcoin,BTC,14.42840576,0.0,BTC,937846.3744,172,0,0,1,1,1.0,0.0,0.0,True,0.164775,0.2530115099818385,False,False,,3.5,,0,[],[],0,False,False,,,67.7,False,,,0.0,,False,3.5,0,,False,[],,False,172.0,172.0,True
bc1pmmxdt9xhkt9enxugq34xxlgdmryf2tqa3jz2eek2qc80cnlw3w3skqkl0p,bitcoin,BTC,14.42840576,0.0,BTC,937846.3744,172,0,0,1,1,1.0,0.0,0.0,True,0.164775,0.2530115099818385,False,False,,3.5,,0,[],[],0,False,False,,,67.7,False,,,0.0,,False,3.5,0,,False,[],,False,172.0,172.0,True
bc1prn6vyh2qxrtl222t9hlc6dw7tk3aehwerrkt5uxtpcq7r92z6fyscnz08r,bitcoin,BTC,14.42840576,0.0,BTC,937846.3744,172,0,0,1,1,1.0,0.0,0.0,True,0.164775,0.2530115099818385,False,False,,3.5,,0,[],[],0,False,False,,,67.7,False,,,0.0,,False,3.5,0,,False,[],,False,172.0,172.0,True
bc1pxllgzste4ed7zkuhd4g5ghrvgs25dd22twtvl0y2te7sy7vls5jsxdr978,bitcoin,BTC,14.42840576,0.0,BTC,937846.3744,172,0,0,1,1,1.0,0.0,0.0,True,0.164775,0.2530115099818385,False,False,,3.5,,0,[],[],0,False,False,,,67.7,False,,,0.0,,False,3.5,0,,False,[],,False,172.0,172.0,True
bc1p8wganrx56xfsdfc697gxp8nhpy7fu96gg8qsqskjffjwz4kt00zs96avcj,bitcoin,BTC,14.42840576,0.0,BTC,937846.3744,172,0,0,1,1,1.0,0.0,0.0,True,0.164775,0.2530115099818385,False,False,,3.5,,0,[],[],0,False,False,,,67.7,False,,,0.0,,False,3.5,0,,False,[],,False,172.0,172.0,True
bc1pvh6uuqrxpwtm4kz24gjuq0cmyjxa2qz6qp69e394n60mtz7hsc9qn32leu,bitcoin,BTC,14.42840576,0.0,BTC,937846.3744,172,0,0,1,1,1.0,0.0,0.0,True,0.164775,0.2530115099818385,False,False,,3.5,,0,[],[],0,False,False,,,67.7,False,,,0.0,,False,3.5,0,,False,[],,False,172.0,172.0,True
bc1pdgrsr4fgnacgnh7tvgcppree33g9hzpfngvdzthv785j3fumjd5s7m7ldm,bitcoin,BTC,14.42840576,0.0,BTC,937846.3744,172,0,0,1,1,1.0,0.0,0.0,True,0.164775,0.2530115099818385,False,False,,3.5,,0,[],[],0,False,False,,,67.7,False,,,0.0,,False,3.5,0,,False,[],,False,172.0,172.0,True
bc1ph69t8qv602lfk7h60apl0gy65yetsehzx73d6e4q9w8psm2yaerswyjy5l,bitcoin,BTC,1.7537553,0.0,BTC,113994.09449999999,165,0,0,1,1,1.0,0.0,0.0,True,0.158025,0.2526053568484563,False,False,,3.5,,0,[],[],0,False,False,,,66.8,False,,,0.0,,False,3.5,0,,False,[],,False,165.0,165.0,True
bc1pjfcumhcj82hllz0ngu7zfhxwhmupqgaqwdlgc2hfkaje6s5c5dgssuz8fh,bitcoin,BTC,1.7537553,0.0,BTC,113994.09449999999,165,0,0,1,1,1.0,0.0,0.0,True,0.158025,0.2526053568484563,False,False,,3.5,,0,[],[],0,False,False,,,66.8,False,,,0.0,,False,3.5,0,,False,[],,False,165.0,165.0,True
bc1p797m9vrv3dmqvzq5quyzdypd8kqqxesp2yz7css4z3e49u5ah4zsd6ulg2,bitcoin,BTC,1.72186884,0.0,BTC,111921.4746,162,0,0,1,1,1.0,0.0,0.0,True,0.15105000000000002,0.25258699986814404,False,False,,3.5,,0,[],[],0,False,False,,,65.8,False,,,0.0,,False,3.5,0,,False,[],,False,162.0,162.0,True
bc1p3whpdl0pse2ytumcgwlxdv26dslj9scvjtqtk96c0035a45v2z8qlhdfc0,bitcoin,BTC,1.8384368,0.0,BTC,119498.39199999999,160,0,0,1,1,1.0,0.0,0.0,True,0.145425,0.2530361506153421,False,False,,3.5,,0,[],[],0,False,False,,,65.1,False,,,0.0,,False,3.5,0,,False,[],,False,160.0,160.0,True
bc1pcljxqwcdd0jx3thejqy5q4xrfetv7hre05kma5ctse0t5wd4jdcs4vu850,bitcoin,BTC,8.0,0.0,BTC,520000.0,160,0,0,1,1,1.0,0.0,0.0,True,0.145425,0.25316516654634097,False,False,,3.5,,0,[],[],0,False,False,,,65.0,False,,,0.0,,False,3.5,0,,False,[],,False,160.0,160.0,True
bc1p58ghj7vl0umwrulmfjk8e70g4d80uexwnu3e40m9dt9rxpm3485sc7n9mp,bitcoin,BTC,8.0,0.0,BTC,520000.0,160,0,0,1,1,1.0,0.0,0.0,True,0.145425,0.25279776198997694,False,False,,3.5,,0,[],[],0,False,False,,,65.0,False,,,0.0,,False,3.5,0,,False,[],,False,160.0,160.0,True
bc1ptkg87ukhs7prph4k0jae9zz5anfwk2dkvzp87tc5rsztxtcz69nqp0w9ap,bitcoin,BTC,8.0,0.0,BTC,520000.0,160,0,0,1,1,1.0,0.0,0.0,True,0.145425,0.25316516654634097,False,False,,3.5,,0,[],[],0,False,False,,,65.0,False,,,0.0,,False,3.5,0,,False,[],,False,160.0,160.0,True
bc1pej0cv35wxejxvaey8tv5x9aqz83jkrfqw00wdjjjuttgzulq0klqfz7zdy,bitcoin,BTC,8.0,0.0,BTC,520000.0,160,0,0,1,1,1.0,0.0,0.0,True,0.145425,0.25316516654634097,False,False,,3.5,,0,[],[],0,False,False,,,65.0,False,,,0.0,,False,3.5,0,,False,[],,False,160.0,160.0,True
bc1prg0kvq07szddrh569kh3ugtkld8wqdgj0s92f04tmy8zuyev8flq9g2xp8,bitcoin,BTC,8.0,0.0,BTC,520000.0,160,0,0,1,1,1.0,0.0,0.0,True,0.145425,0.25279776198997694,False,False,,3.5,,0,[],[],0,False,False,,,65.0,False,,,0.0,,False,3.5,0,,False,[],,False,160.0,160.0,True
bc1p9r835nfmhela3rkqyaqhkdwuwm6x3rpayx0vk74sy4p380t5h8nsngcsyc,bitcoin,BTC,8.0,0.0,BTC,520000.0,160,0,0,1,1,1.0,0.0,0.0,True,0.145425,0.25316516654634097,False,False,,3.5,,0,[],[],0,False,False,,,65.0,False,,,0.0,,False,3.5,0,,False,[],,False,160.0,160.0,True
bc1pegfxu7lumxf6q5ynuha5zcktwrtaypgxr924mr8ar47f04hlff9spyl38x,bitcoin,BTC,12.35,0.05,BTC,802750.0,247,0,1,1,1,1.0,0.0,0.004048582995951417,True,0.3383847165991902,0.2536746168416435,False,False,,3.4,,0,[],[],0,False,False,,,91.4,False,,,0.0,,False,3.4,0,,False,[],,False,247.0,247.0,True
bc1ppuc4f8cf9wpfg52qx5z2uqdvvuj85wa0kqkr9dp8qvy20ex69uwqg3v87u,bitcoin,BTC,12.35,0.05,BTC,802750.0,247,0,1,1,1,1.0,0.0,0.004048582995951417,True,0.3383847165991902,0.2536746168416435,False,False,,3.4,,0,[],[],0,False,False,,,91.4,False,,,0.0,,False,3.4,0,,False,[],,False,247.0,247.0,True
bc1qqqeuyprrayxzsqghnzps480le03nqvp6k8qkpp,bitcoin,BTC,12.35,0.05,BTC,802750.0,247,0,1,1,1,1.0,0.0,0.004048582995951417,True,0.3383847165991902,0.25327879085195015,False,False,,3.4,,0,[],[],0,False,False,,,91.4,False,,,0.0,,False,3.4,0,,False,[],,False,247.0,247.0,True
bc1phjdez4x76zjhdgqnewawt9x5320jefsaeywju24zzhsrgxhj0dfq6fds6x,bitcoin,BTC,12.35,0.05,BTC,802750.0,247,0,1,1,1,1.0,0.0,0.004048582995951417,True,0.3383847165991902,0.2536746168416435,False,False,,3.4,,0,[],[],0,False,False,,,91.4,False,,,0.0,,False,3.4,0,,False,[],,False,247.0,247.0,True
bc1pgm4fljpf7qasnq7s6pc27sthsgaqegrm7mgdhy2qgwlk2x9j6gmsqj3ycu,bitcoin,BTC,12.35,0.05,BTC,802750.0,247,0,1,1,1,1.0,0.0,0.004048582995951417,True,0.3383847165991902,0.2536746168416435,False,False,,3.4,,0,[],[],0,False,False,,,91.4,False,,,0.0,,False,3.4,0,,False,[],,False,247.0,247.0,True
bc1qwhp4k45cpqv5lrf0j6q3r5synh24t4uxpk30pv,bitcoin,BTC,12.35,0.05,BTC,802750.0,247,0,1,1,1,1.0,0.0,0.004048582995951417,True,0.3383847165991902,0.25327879085195015,False,False,,3.4,,0,[],[],0,False,False,,,91.4,False,,,0.0,,False,3.4,0,,False,[],,False,247.0,247.0,True
bc1p8talpr4fq25kr00t9h0pu5yvdx7jv6lwpzg4jssayr3n59cve5rqcxdhf4,bitcoin,BTC,12.35,0.05,BTC,802750.0,247,0,1,1,1,1.0,0.0,0.004048582995951417,True,0.3383847165991902,0.2536746168416435,False,False,,3.4,,0,[],[],0,False,False,,,91.4,False,,,0.0,,False,3.4,0,,False,[],,False,247.0,247.0,True
bc1phds2f6glt2ufjsvra7jyg4sws2qedh0guzfu2wtqf3g89rp4u5qswpnd7k,bitcoin,BTC,12.35,0.05,BTC,802750.0,247,0,1,1,1,1.0,0.0,0.004048582995951417,True,0.3383847165991902,0.2536746168416435,False,False,,3.4,,0,[],[],0,False,False,,,91.4,False,,,0.0,,False,3.4,0,,False,[],,False,247.0,247.0,True
bc1pn8sc5pkaem5lryhnmw0g4r86vacgsaprjrx4t5lm4j7derz22kgqca3m0r,bitcoin,BTC,12.35,0.0,BTC,802750.0,247,0,0,1,1,1.0,0.0,0.0,True,0.33757499999999996,0.25327879085195015,False,False,,3.4,,0,[],[],0,False,False,,,91.4,False,,,0.0,,False,3.4,0,,False,[],,False,247.0,247.0,True
bc1pk2kdseuh6x2udvdlqlnfu6gegnqh6rxjaq64ucdj3uauppxypwvslgsget,bitcoin,BTC,12.35,0.0,BTC,802750.0,247,0,0,1,1,1.0,0.0,0.0,True,0.33757499999999996,0.2536746168416435,False,False,,3.4,,0,[],[],0,False,False,,,91.4,False,,,0.0,,False,3.4,0,,False,[],,False,247.0,247.0,True
bc1p78kaj7nczvfuphe875d8vgqnjww4hmck7ehr9uy0g5ps36cupqks95sydn,bitcoin,BTC,5.09607936,0.0,BTC,331245.1584,243,0,0,1,1,1.0,0.0,0.0,True,0.3198,0.2535892651540554,False,False,,3.4,,0,[],[],0,False,False,,,89.0,False,,,0.0,,False,3.4,0,,False,[],,False,243.0,243.0,True
bc1p0l2z4amdp5a3gn6dcgte7crkqdvvmvnt8r3akl2xn3h2fvp99a2qjzw3a3,bitcoin,BTC,5.09607936,0.0,BTC,331245.1584,243,0,0,1,1,1.0,0.0,0.0,True,0.3198,0.2535892651540554,False,False,,3.4,,0,[],[],0,False,False,,,89.0,False,,,0.0,,False,3.4,0,,False,[],,False,243.0,243.0,True
bc1paf3tr4hyku33wlp837wwp2a5aysklhxm4gtapdqrx9auzfvy28js44sxvp,bitcoin,BTC,0.85739148,0.0,BTC,55730.4462,242,0,0,1,1,1.0,0.0,0.0,True,0.315075,0.2533828975384014,False,False,,3.4,,0,[],[],0,False,False,,,88.3,False,,,0.0,,False,3.4,0,,False,[],,False,242.0,242.0,True
bc1ppmg72x94xgr6uu4zkd3amzuxa6z3hjjd4qvex56ghs6xsug7jkzq5204wk,bitcoin,BTC,0.85739148,0.0,BTC,55730.4462,242,0,0,1,1,1.0,0.0,0.0,True,0.315075,0.2533828975384014,False,False,,3.4,,0,[],[],0,False,False,,,88.3,False,,,0.0,,False,3.4,0,,False,[],,False,242.0,242.0,True
bc1pv69jljzgscmq5ushlrpdu0ap06rnmz369xrrk9qgqrkjl0kyuj9sfmjqcs,bitcoin,BTC,0.85739148,0.0,BTC,55730.4462,242,0,0,1,1,1.0,0.0,0.0,True,0.315075,0.2533828975384014,False,False,,3.4,,0,[],[],0,False,False,,,88.3,False,,,0.0,,False,3.4,0,,False,[],,False,242.0,242.0,True
bc1q3g3xmv5vmfmepahkjdv7kup6keeuwa80vg8hsl,bitcoin,BTC,0.85739148,0.0,BTC,55730.4462,242,0,0,1,1,1.0,0.0,0.0,True,0.315075,0.2533828975384014,False,False,,3.4,,0,[],[],0,False,False,,,88.3,False,,,0.0,,False,3.4,0,,False,[],,False,242.0,242.0,True
bc1qg7m4cyyfss8eqvr4n447q5l8t035j5sl8pd7m3,bitcoin,BTC,0.85739148,0.0,BTC,55730.4462,242,0,0,1,1,1.0,0.0,0.0,True,0.315075,0.2533828975384014,False,False,,3.4,,0,[],[],0,False,False,,,88.3,False,,,0.0,,False,3.4,0,,False,[],,False,242.0,242.0,True
bc1pcw93tf697f4gygjd9ttrk0756y427sn643j9n89u78vayrzxjfuq02x0qr,bitcoin,BTC,0.85739148,0.0,BTC,55730.4462,242,0,0,1,1,1.0,0.0,0.0,True,0.315075,0.2533828975384014,False,False,,3.4,,0,[],[],0,False,False,,,88.3,False,,,0.0,,False,3.4,0,,False,[],,False,242.0,242.0,True
bc1pnkhjmythejjr7mxn9rkfmhvf7pltaprjwzujl2lzafmn37gvheuqa7mv82,bitcoin,BTC,7.68463686,0.0,BTC,499501.3959,241,0,0,1,1,1.0,0.0,0.0,True,0.309975,0.25336007631849927,False,False,,3.4,,0,[],[],0,False,False,,,87.6,False,,,0.0,,False,3.4,0,,False,[],,False,241.0,241.0,True
bc1pnjhmhnk2f7vsccl9d4p56srpjucax0rve4a2d0w407tnqv37jtxqgzse5p,bitcoin,BTC,7.68463686,0.0,BTC,499501.3959,241,0,0,1,1,1.0,0.0,0.0,True,0.309975,0.25336007631849927,False,False,,3.4,,0,[],[],0,False,False,,,87.6,False,,,0.0,,False,3.4,0,,False,[],,False,241.0,241.0,True
bc1p5h284n82hpa9cfmfdp7cdfaw8lvnh6yz3dz0779ck5deapt5zz9qjlxnyr,bitcoin,BTC,7.68463686,0.0,BTC,499501.3959,241,0,0,1,1,1.0,0.0,0.0,True,0.309975,0.25336007631849927,False,False,,3.4,,0,[],[],0,False,False,,,87.6,False,,,0.0,,False,3.4,0,,False,[],,False,241.0,241.0,True
bc1ppvhen27vndl07jg2cy8a7jfvynkwj8xv76czevzeu307trak8eqsvsusyf,bitcoin,BTC,20.75808546,0.0,BTC,1349275.5549,216,0,0,1,1,1.0,0.0,0.0,True,0.282675,0.25383081985263506,False,False,,3.4,,0,[],[],0,False,False,,,83.9,False,,,0.0,,False,3.4,0,,False,[],,False,216.0,216.0,True
bc1pz3f903ldtdjgam034ryna5yw3agp3jq2ulzuf8f8xhg270g6y2uq6yctf9,bitcoin,BTC,20.75808546,0.0,BTC,1349275.5549,216,0,0,1,1,1.0,0.0,0.0,True,0.282675,0.25383081985263506,False,False,,3.4,,0,[],[],0,False,False,,,83.9,False,,,0.0,,False,3.4,0,,False,[],,False,216.0,216.0,True
bc1pemac6ytevqhqvarqrd2vksalcjypjkzfal9kqjpkca4nk8t4z5qqmq6rw7,bitcoin,BTC,20.75808546,0.0,BTC,1349275.5549,216,0,0,1,1,1.0,0.0,0.0,True,0.282675,0.25383081985263506,False,False,,3.4,,0,[],[],0,False,False,,,83.9,False,,,0.0,,False,3.4,0,,False,[],,False,216.0,216.0,True
bc1pyqpq2tg3fuwtdrchstjy2rhmjxcnwtud0nk7ds8vnh0j6xhyyrns37klyn,bitcoin,BTC,20.75808546,0.0,BTC,1349275.5549,216,0,0,1,1,1.0,0.0,0.0,True,0.282675,0.25383081985263506,False,False,,3.4,,0,[],[],0,False,False,,,83.9,False,,,0.0,,False,3.4,0,,False,[],,False,216.0,216.0,True
bc1pkxaddtv4t4nvskphd5l0fdx5ezc304u077e00fzf74l0h4nwza9qrx5cdz,bitcoin,BTC,20.75808546,0.0,BTC,1349275.5549,216,0,0,1,1,1.0,0.0,0.0,True,0.282675,0.25383081985263506,False,False,,3.4,,0,[],[],0,False,False,,,83.9,False,,,0.0,,False,3.4,0,,False,[],,False,216.0,216.0,True
bc1ptptetv25wy2ycfxlexwxpmpusqdhtc6z8t87s7y7ks66x6z9ee6sexzaep,bitcoin,BTC,20.75808546,0.0,BTC,1349275.5549,216,0,0,1,1,1.0,0.0,0.0,True,0.282675,0.25383081985263506,False,False,,3.4,,0,[],[],0,False,False,,,83.9,False,,,0.0,,False,3.4,0,,False,[],,False,216.0,216.0,True
bc1psv3lu4j5atgef53mm0ga8crxr84wcrjpscdth7ntssl56rxj7whqxq56yg,bitcoin,BTC,0.524288,0.0,BTC,34078.72,200,0,0,1,1,1.0,0.0,0.0,True,0.247875,0.2535784144692457,False,False,,3.4,,0,[],[],0,False,False,,,79.1,False,,,0.0,,False,3.4,0,,False,[],,False,200.0,200.0,True
bc1pmectu5z4nfty66ey5ms54xf2kx7keyfe6637yjkdru7yyfz3veaqp43303,bitcoin,BTC,0.524288,0.0,BTC,34078.72,200,0,0,1,1,1.0,0.0,0.0,True,0.247875,0.2535784144692457,False,False,,3.4,,0,[],[],0,False,False,,,79.1,False,,,0.0,,False,3.4,0,,False,[],,False,200.0,200.0,True
bc1pya7gffv05jd3zx38ux46njasp5eq3sx4dpkfkrnjeamuael9evmqzxwkrm,bitcoin,BTC,0.66961566,0.0,BTC,43525.0179,189,0,0,1,1,1.0,0.0,0.0,True,0.20482499999999998,0.2533790662640635,False,False,,3.4,,0,[],[],0,False,False,,,73.2,False,,,0.0,,False,3.4,0,,False,[],,False,189.0,189.0,True
bc1pys8fy9cmnnlvgefj7lmm948sxlqexrwy5hv4ur4ppmua4rv63zts9azmza,bitcoin,BTC,0.66961566,0.0,BTC,43525.0179,189,0,0,1,1,1.0,0.0,0.0,True,0.20482499999999998,0.2533790662640635,False,False,,3.4,,0,[],[],0,False,False,,,73.2,False,,,0.0,,False,3.4,0,,False,[],,False,189.0,189.0,True
bc1qljlxxfmzxmcg84hahw6vp5at3n7vhpldu0dlp0,bitcoin,BTC,0.91407852,0.0,BTC,59415.1038,172,0,0,1,1,1.0,0.0,0.0,True,0.164775,0.2536164016351461,False,False,,3.4,,0,[],[],0,False,False,,,67.7,False,,,0.0,,False,3.4,0,,False,[],,False,172.0,172.0,True
bc1p276lsh76u9kqlkd5rag39ewewsmueh3pdhlugyry8udfu23lhr6s5utu0y,bitcoin,BTC,0.91407852,0.0,BTC,59415.1038,172,0,0,1,1,1.0,0.0,0.0,True,0.164775,0.2536164016351461,False,False,,3.4,,0,[],[],0,False,False,,,67.7,False,,,0.0,,False,3.4,0,,False,[],,False,172.0,172.0,True
bc1panew7clt33rjhde0cht05u4zgsqzfng9ndk5yaw5pe8lr40yqjaqc0nuql,bitcoin,BTC,0.91407852,0.0,BTC,59415.1038,172,0,0,1,1,1.0,0.0,0.0,True,0.164775,0.2536164016351461,False,False,,3.4,,0,[],[],0,False,False,,,67.7,False,,,0.0,,False,3.4,0,,False,[],,False,172.0,172.0,True
bc1p6q6j57f7f3tq4ulsgskvfqaprp6ug7gny4c347c8rrcht23lmpusfer5ef,bitcoin,BTC,18.20327936,0.0,BTC,1183213.1584,217,0,0,1,1,1.0,0.0,0.0,True,0.291,0.25405232177077597,False,False,,3.3,,0,[],[],0,False,False,,,85.0,False,,,0.0,,False,3.3,0,,False,[],,False,217.0,217.0,True
bc1phe33g9n5aakqu59lc63v69e44pq2wx8vyr77vu6sez8m6r4mjwmq575huk,bitcoin,BTC,18.20327936,0.0,BTC,1183213.1584,217,0,0,1,1,1.0,0.0,0.0,True,0.291,0.25405232177077597,False,False,,3.3,,0,[],[],0,False,False,,,85.0,False,,,0.0,,False,3.3,0,,False,[],,False,217.0,217.0,True
bc1qzfwh6ll07gzjgkpqezrlgk20jahvxwm2ehvew5,bitcoin,BTC,18.20327936,0.0,BTC,1183213.1584,217,0,0,1,1,1.0,0.0,0.0,True,0.291,0.25405232177077597,False,False,,3.3,,0,[],[],0,False,False,,,85.0,False,,,0.0,,False,3.3,0,,False,[],,False,217.0,217.0,True
bc1p7kshvh6kkfz8rhvdw7g8hkdz05ek74jl5vnquzvn42s9jzejgwwse2c6h9,bitcoin,BTC,18.20327936,0.0,BTC,1183213.1584,217,0,0,1,1,1.0,0.0,0.0,True,0.291,0.25405232177077597,False,False,,3.3,,0,[],[],0,False,False,,,85.0,False,,,0.0,,False,3.3,0,,False,[],,False,217.0,217.0,True
bc1q4ja4eelc7vts3gnqge7uh2z5cmg5qympr5tmq7,bitcoin,BTC,18.20327936,0.0,BTC,1183213.1584,217,0,0,1,1,1.0,0.0,0.0,True,0.291,0.25405232177077597,False,False,,3.3,,0,[],[],0,False,False,,,85.0,False,,,0.0,,False,3.3,0,,False,[],,False,217.0,217.0,True
bc1pquv0aengp3a49a0srys30zq6wkccxkw8l5ny47vnhhpl3d7zladsgrylyw,bitcoin,BTC,18.20327936,0.0,BTC,1183213.1584,217,0,0,1,1,1.0,0.0,0.0,True,0.291,0.25405232177077597,False,False,,3.3,,0,[],[],0,False,False,,,85.0,False,,,0.0,,False,3.3,0,,False,[],,False,217.0,217.0,True
bc1ppqg6ups5pq06p69teehwm88377fddagzv62ae4yetmckecdj3cas3657ms,bitcoin,BTC,0.5373952,0.0,BTC,34930.687999999995,205,0,0,1,1,1.0,0.0,0.0,True,0.253875,0.25461971219214813,False,False,,3.3,,0,[],[],0,False,False,,,79.9,False,,,0.0,,False,3.3,0,,False,[],,False,205.0,205.0,True
bc1ps5kpn4uw74splas6ntvwdz6h42q54jgr03kdfgcd892gddupuldqy7hdl2,bitcoin,BTC,0.5373952,0.0,BTC,34930.687999999995,205,0,0,1,1,1.0,0.0,0.0,True,0.253875,0.25461971219214813,False,False,,3.3,,0,[],[],0,False,False,,,79.9,False,,,0.0,,False,3.3,0,,False,[],,False,205.0,205.0,True
bc1pehkmtkr3zzx84ajmpy83aglu4s8lu4gutht7wwcj40chg93vnakqf70pmg,bitcoin,BTC,0.70504506,0.0,BTC,45827.9289,199,0,0,1,1,1.0,0.0,0.0,True,0.24539999999999998,0.25397345420017065,False,False,,3.3,,0,[],[],0,False,False,,,78.8,False,,,0.0,,False,3.3,0,,False,[],,False,199.0,199.0,True
bc1py88q7ur6hcncy7rpnqxc78mwsq5xustv7htpatf8d4f6vsj89dsqe3r8na,bitcoin,BTC,1.81752822,0.0,BTC,118139.3343,171,0,0,1,1,1.0,0.0,0.0,True,0.1611,0.2539219160509595,False,False,,3.3,,0,[],[],0,False,False,,,67.2,False,,,0.0,,False,3.3,0,,False,[],,False,171.0,171.0,True
bc1phcwl3da209xta34ms6ajau2dnpr8sc7zqkkdf3455ual4kfucjcsp7fu2z,bitcoin,BTC,1.81752822,0.0,BTC,118139.3343,171,0,0,1,1,1.0,0.0,0.0,True,0.1611,0.2539219160509595,False,False,,3.3,,0,[],[],0,False,False,,,67.2,False,,,0.0,,False,3.3,0,,False,[],,False,171.0,171.0,True
bc1plx7ww76k80ukg0yqq0ustr0ydcqlpj8cmxlcw05xwtu7x750vwkq9z5vt2,bitcoin,BTC,1.73249766,0.0,BTC,112612.3479,163,0,0,1,1,1.0,0.0,0.0,True,0.15375,0.25424650041569297,False,False,,3.3,,0,[],[],0,False,False,,,66.2,False,,,0.0,,False,3.3,0,,False,[],,False,163.0,163.0,True
bc1p98muaqcmdda3ae6gvp6re9086uvfhkctm33hxud4c086t3t2dgss7xnl5t,bitcoin,BTC,0.5505024,0.0,BTC,35782.655999999995,210,0,0,1,1,1.0,0.0,0.0,True,0.27097499999999997,0.2553454971570878,False,False,,3.2,,0,[],[],0,False,False,,,82.3,False,,,0.0,,False,3.2,0,,False,[],,False,210.0,210.0,True
bc1pyu9eqzkzlvrj44f8eaktfw24tvwfeph4wynehglf8983hthflxwsau60zv,bitcoin,BTC,0.5505024,0.0,BTC,35782.655999999995,210,0,0,1,1,1.0,0.0,0.0,True,0.27097499999999997,0.2553454971570878,False,False,,3.2,,0,[],[],0,False,False,,,82.3,False,,,0.0,,False,3.2,0,,False,[],,False,210.0,210.0,True
bc1pm62z8j8eyex2tenphv8eutnemwwrf0ms5dl6fdewyz77kr07k6gsk5gum9,bitcoin,BTC,0.5505024,0.0,BTC,35782.655999999995,210,0,0,1,1,1.0,0.0,0.0,True,0.27097499999999997,0.2553454971570878,False,False,,3.2,,0,[],[],0,False,False,,,82.3,False,,,0.0,,False,3.2,0,,False,[],,False,210.0,210.0,True
bc1pqw6ft6dg5rhaesvfctpagu42wdfqppq59y66mdy5vv4lnnkcvdjs74mpev,bitcoin,BTC,0.5505024,0.0,BTC,35782.655999999995,210,0,0,1,1,1.0,0.0,0.0,True,0.27097499999999997,0.2553454971570878,False,False,,3.2,,0,[],[],0,False,False,,,82.3,False,,,0.0,,False,3.2,0,,False,[],,False,210.0,210.0,True
bc1ph7tht36fvqg5m00jtmensmxkgcz8dkf626dklfd9dfys9r6fx8nq8hx8au,bitcoin,BTC,0.53477376,0.0,BTC,34760.2944,204,0,0,1,1,1.0,0.0,0.0,True,0.25117500000000004,0.2549638023760278,False,False,,3.2,,0,[],[],0,False,False,,,79.6,False,,,0.0,,False,3.2,0,,False,[],,False,204.0,204.0,True
bc1p3vr83s3n8wmdf4x7qt2vjtkrr8fkf8pqytztksgu8k35fplsledqfs030e,bitcoin,BTC,16.27389952,0.0,BTC,1057803.4688000001,194,0,0,1,1,1.0,0.0,0.0,True,0.2301,0.2548395620556344,False,False,,3.2,,0,[],[],0,False,False,,,76.7,False,,,0.0,,False,3.2,0,,False,[],,False,194.0,194.0,True
bc1pt8nmqys7h9k20lhr4yrt9xtehm9k3pfvsp3ut6xe2xg6szpu3rtqph00pe,bitcoin,BTC,16.27389952,0.0,BTC,1057803.4688000001,194,0,0,1,1,1.0,0.0,0.0,True,0.2301,0.2548395620556344,False,False,,3.2,,0,[],[],0,False,False,,,76.7,False,,,0.0,,False,3.2,0,,False,[],,False,194.0,194.0,True
bc1qwzcl5gr9uhtd5w8wv0ur80p0yxxec75tcashks,bitcoin,BTC,16.27389952,0.0,BTC,1057803.4688000001,194,0,0,1,1,1.0,0.0,0.0,True,0.2301,0.2548395620556344,False,False,,3.2,,0,[],[],0,False,False,,,76.7,False,,,0.0,,False,3.2,0,,False,[],,False,194.0,194.0,True
bc1qdla7623gsr4ldktenvm2av7kw6hpredqecu7yl,bitcoin,BTC,18.46226034,0.0,BTC,1200046.9221,193,0,0,1,1,1.0,0.0,0.0,True,0.224175,0.25512361398051264,False,False,,3.2,,0,[],[],0,False,False,,,75.9,False,,,0.0,,False,3.2,0,,False,[],,False,193.0,193.0,True
bc1qpdhr5j3k6d5qg22pfffzvsgeml77cwsjxsm3cf,bitcoin,BTC,18.36660096,0.0,BTC,1193829.0624,192,0,0,1,1,1.0,0.0,0.0,True,0.21697499999999997,0.2550635281543026,False,False,,3.2,,0,[],[],0,False,False,,,74.9,False,,,0.0,,False,3.2,0,,False,[],,False,192.0,192.0,True
bc1qs6vmx5ty0k26ujrs9s0pfv7kwrtpg8k8zelwl2,bitcoin,BTC,18.36660096,0.0,BTC,1193829.0624,192,0,0,1,1,1.0,0.0,0.0,True,0.21697499999999997,0.2550635281543026,False,False,,3.2,,0,[],[],0,False,False,,,74.9,False,,,0.0,,False,3.2,0,,False,[],,False,192.0,192.0,True
bc1qwgmj63xdqpxr5m2q7s3n0gqsgj5vypg348vll2,bitcoin,BTC,18.36660096,0.0,BTC,1193829.0624,192,0,0,1,1,1.0,0.0,0.0,True,0.21697499999999997,0.2550635281543026,False,False,,3.2,,0,[],[],0,False,False,,,74.9,False,,,0.0,,False,3.2,0,,False,[],,False,192.0,192.0,True
bc1ptan0ddezyu0n67jp0zmnptlhrmkuz57k78estcscc4jrxrjawneqnvu3gj,bitcoin,BTC,0.91939293,0.0,BTC,59760.54045,173,0,0,1,1,1.0,0.0,0.0,True,0.1689,0.2551208295844792,False,False,,3.2,,0,[],[],0,False,False,,,68.3,False,,,0.0,,False,3.2,0,,False,[],,False,173.0,173.0,True
bc1pr4hvmce6c0gdw8t0l7cp7dt907xqrwgaqu6ndqcvvyre9km3v7us67sw38,bitcoin,BTC,0.91939293,0.0,BTC,59760.54045,173,0,0,1,1,1.0,0.0,0.0,True,0.1689,0.2551208295844792,False,False,,3.2,,0,[],[],0,False,False,,,68.3,False,,,0.0,,False,3.2,0,,False,[],,False,173.0,173.0,True
bc1pemxr29dh5wgplqdleyafja7t22t35z42suflkn6v5u8t378szkns97tscc,bitcoin,BTC,5.2612659,0.0,BTC,341982.28349999996,165,0,0,1,1,1.0,0.0,0.0,True,0.158025,0.2550320572974187,False,False,,3.2,,0,[],[],0,False,False,,,66.8,False,,,0.0,,False,3.2,0,,False,[],,False,165.0,165.0,True
bc1p32ac464qn8znhzs4rw6c3q4rw7d3tketpwwjs2w05d0j9ul4dcxqq2dldv,bitcoin,BTC,5.5908765,0.0,BTC,363406.97250000003,165,0,0,1,1,1.0,0.0,0.0,True,0.158025,0.2551189407866091,False,False,,3.2,,0,[],[],0,False,False,,,66.8,False,,,0.0,,False,3.2,0,,False,[],,False,165.0,165.0,True
bc1pl4rxs9g0z7zmuyw8dx3f7v8a4acm6jcnf98qkjh0q9rzyp5qmljq7fuytf,bitcoin,BTC,5.2612659,0.0,BTC,341982.28349999996,165,0,0,1,1,1.0,0.0,0.0,True,0.158025,0.2550320572974187,False,False,,3.2,,0,[],[],0,False,False,,,66.8,False,,,0.0,,False,3.2,0,,False,[],,False,165.0,165.0,True
bc1p5p7le7qp5mwsmvdrcdn44l0hpnrjtrykjp9773zsef5s4qdl0tysw56cxn,bitcoin,BTC,8.15,0.0,BTC,529750.0,163,0,0,1,1,1.0,0.0,0.0,True,0.15375,0.25495981276854673,False,False,,3.2,,0,[],[],0,False,False,,,66.2,False,,,0.0,,False,3.2,0,,False,[],,False,163.0,163.0,True
bc1psyx5gv7ht0ah94mxvn36zhq4wkf5admmey4jdcg45mlltw6h3gqsu5gszc,bitcoin,BTC,8.15,0.0,BTC,529750.0,163,0,0,1,1,1.0,0.0,0.0,True,0.15375,0.25495981276854673,False,False,,3.2,,0,[],[],0,False,False,,,66.2,False,,,0.0,,False,3.2,0,,False,[],,False,163.0,163.0,True
bc1pnu7ynpj79zernkcy0xa8zs6935ed732gphhjp2jvm459zwaqdwpqv2rpzj,bitcoin,BTC,5.07510784,0.0,BTC,329882.0096,242,0,0,1,1,1.0,0.0,0.0,True,0.315075,0.25568457537230843,False,False,,3.1,,0,[],[],0,False,False,,,88.3,False,,,0.0,,False,3.1,0,,False,[],,False,242.0,242.0,True
bc1ps3dnftttae3zsh5dtgjwuhcm324fsc4vspf2474dqznw4jum3lms2aw0uv,bitcoin,BTC,5.07510784,0.0,BTC,329882.0096,242,0,0,1,1,1.0,0.0,0.0,True,0.315075,0.25568457537230843,False,False,,3.1,,0,[],[],0,False,False,,,88.3,False,,,0.0,,False,3.1,0,,False,[],,False,242.0,242.0,True
bc1ph5aymjtt4n6uap8r3g4eq0thmyyhw4wgc5r9gsuzvhx9v6nsuk8svq42pw,bitcoin,BTC,5.07510784,0.0,BTC,329882.0096,242,0,0,1,1,1.0,0.0,0.0,True,0.315075,0.25568457537230843,False,False,,3.1,,0,[],[],0,False,False,,,88.3,False,,,0.0,,False,3.1,0,,False,[],,False,242.0,242.0,True
bc1plx7lpp0tgf0cvj08kd6lupqmgpdrze55a2y50kx4vxpc68sdywass4457s,bitcoin,BTC,5.07510784,0.0,BTC,329882.0096,242,0,0,1,1,1.0,0.0,0.0,True,0.315075,0.25568457537230843,False,False,,3.1,,0,[],[],0,False,False,,,88.3,False,,,0.0,,False,3.1,0,,False,[],,False,242.0,242.0,True
bc1pvmgeuwcru4snwvjgkqd7klhcfzr7p73wxuqhdug7t7phhm85lm2q3749sc,bitcoin,BTC,5.07510784,0.0,BTC,329882.0096,242,0,0,1,1,1.0,0.0,0.0,True,0.315075,0.25568457537230843,False,False,,3.1,,0,[],[],0,False,False,,,88.3,False,,,0.0,,False,3.1,0,,False,[],,False,242.0,242.0,True
bc1pqerqtwkefr6sy44sjp5w2sagr2th4fdh0ppekyhh0u6xss2kt4qq3wewkr,bitcoin,BTC,5.07510784,0.0,BTC,329882.0096,242,0,0,1,1,1.0,0.0,0.0,True,0.315075,0.25568457537230843,False,False,,3.1,,0,[],[],0,False,False,,,88.3,False,,,0.0,,False,3.1,0,,False,[],,False,242.0,242.0,True
bc1p4mu7a9u44rl9ptdf6fkxu90f7m98yv4sttrqdtcjxahadg464xwqjm7c2e,bitcoin,BTC,5.07510784,0.0,BTC,329882.0096,242,0,0,1,1,1.0,0.0,0.0,True,0.315075,0.25568457537230843,False,False,,3.1,,0,[],[],0,False,False,,,88.3,False,,,0.0,,False,3.1,0,,False,[],,False,242.0,242.0,True
bc1puqwpgch5vxkkmkjzy82e49ha2h450akc48fpzw0cldujaenlsnmsr32e32,bitcoin,BTC,5.07510784,0.0,BTC,329882.0096,242,0,0,1,1,1.0,0.0,0.0,True,0.315075,0.25568457537230843,False,False,,3.1,,0,[],[],0,False,False,,,88.3,False,,,0.0,,False,3.1,0,,False,[],,False,242.0,242.0,True
bc1p8fwxq7sxv0q2n5t6krhm44x6zmqz703serc6scgtz28qhavmj3dqgu9w3w,bitcoin,BTC,5.07510784,0.0,BTC,329882.0096,242,0,0,1,1,1.0,0.0,0.0,True,0.315075,0.25568457537230843,False,False,,3.1,,0,[],[],0,False,False,,,88.3,False,,,0.0,,False,3.1,0,,False,[],,False,242.0,242.0,True
bc1pwskwc22wvg445jcjd7nk3e3j69hjr98y7cdaw4h2nnmsspcyw9kshp9ft9,bitcoin,BTC,14.93172224,0.0,BTC,970561.9456,178,0,0,1,1,1.0,0.0,0.0,True,0.17865,0.25541320224091446,False,False,,3.1,,0,[],[],0,False,False,,,69.6,False,,,0.0,,False,3.1,0,,False,[],,False,178.0,178.0,True
bc1p4qhlzqn7xw0tu2tc3yqjatd7qugnvyfmtau0tatznl4gtp9zutwqs0c59r,bitcoin,BTC,0.92470734,0.0,BTC,60105.9771,174,0,0,1,1,1.0,0.0,0.0,True,0.1722,0.255823789354733,False,False,,3.1,,0,[],[],0,False,False,,,68.7,False,,,0.0,,False,3.1,0,,False,[],,False,174.0,174.0,True
bc1pkgplwkzcway3quaxvfkxxlrq0mxhura0k40pf09jx3kymcztzv8q732nay,bitcoin,BTC,0.92470734,0.0,BTC,60105.9771,174,0,0,1,1,1.0,0.0,0.0,True,0.1722,0.255823789354733,False,False,,3.1,,0,[],[],0,False,False,,,68.7,False,,,0.0,,False,3.1,0,,False,[],,False,174.0,174.0,True
bc1pustj5plxyqh0k2pjm68a7dc85094w2lmca3cvmmvnejmclyc5t7q4a9uxe,bitcoin,BTC,0.92470734,0.0,BTC,60105.9771,174,0,0,1,1,1.0,0.0,0.0,True,0.1722,0.255823789354733,False,False,,3.1,,0,[],[],0,False,False,,,68.7,False,,,0.0,,False,3.1,0,,False,[],,False,174.0,174.0,True
bc1ppks85m40jkzakfpkrleygzetvh2nn9ckdvxw57qyzjgv77yusslqe9fz5a,bitcoin,BTC,0.8742717,0.0,BTC,56827.6605,174,0,0,1,1,1.0,0.0,0.0,True,0.1722,0.25544526362665837,False,False,,3.1,,0,[],[],0,False,False,,,68.7,False,,,0.0,,False,3.1,0,,False,[],,False,174.0,174.0,True
bc1pmqr22eh2k5rs5dsaz6tfk2mxc3pvn5z3428m2d3hmm5sx2zkajhsfae7ez,bitcoin,BTC,0.92470734,0.0,BTC,60105.9771,174,0,0,1,1,1.0,0.0,0.0,True,0.1722,0.255823789354733,False,False,,3.1,,0,[],[],0,False,False,,,68.7,False,,,0.0,,False,3.1,0,,False,[],,False,174.0,174.0,True
bc1pl5y38vph0j0s2tqd8v4w7mfquh8u3qygmtpscsa884fykllm7muq3v23c2,bitcoin,BTC,3.39738624,0.0,BTC,220830.10559999998,162,0,0,1,1,1.0,0.0,0.0,True,0.15105000000000002,0.2560424909988402,False,False,,3.1,,0,[],[],0,False,False,,,65.8,False,,,0.0,,False,3.1,0,,False,[],,False,162.0,162.0,True
bc1pzh3z67xt5yyh693jzwgnkqm6ff9nhsyf6ljjhhgv57vveyn4rs6q3dldzg,bitcoin,BTC,3.39738624,0.0,BTC,220830.10559999998,162,0,0,1,1,1.0,0.0,0.0,True,0.15105000000000002,0.2560424909988402,False,False,,3.1,,0,[],[],0,False,False,,,65.8,False,,,0.0,,False,3.1,0,,False,[],,False,162.0,162.0,True
bc1pc2jzwec8dnvqft3mkfr84rhzzy0t5j5a5kh0ljpttcpxajfv3xhsuflhjk,bitcoin,BTC,3.39738624,0.0,BTC,220830.10559999998,162,0,0,1,1,1.0,0.0,0.0,True,0.15105000000000002,0.2560424909988402,False,False,,3.1,,0,[],[],0,False,False,,,65.8,False,,,0.0,,False,3.1,0,,False,[],,False,162.0,162.0,True
bc1pxz3k3dv9uv3rx0x80wdn9f9zajgnqu4f9wrpdyyuvjqng5wey7mqm0kvj7,bitcoin,BTC,3.39738624,0.0,BTC,220830.10559999998,162,0,0,1,1,1.0,0.0,0.0,True,0.15105000000000002,0.2560424909988402,False,False,,3.1,,0,[],[],0,False,False,,,65.8,False,,,0.0,,False,3.1,0,,False,[],,False,162.0,162.0,True
bc1qynss6rywtx63gyr59shw2dqumkceutrwl77yct,bitcoin,BTC,5.1018336,0.0,BTC,331619.184,160,0,0,1,1,1.0,0.0,0.0,True,0.145425,0.25611189371309456,False,False,,3.1,,0,[],[],0,False,False,,,65.0,False,,,0.0,,False,3.1,0,,False,[],,False,160.0,160.0,True
bc1ps85muvsaxx7a0my23gxmgp8fknvhpsddw4p5zr8u0xj4gsms85ysp7fkaq,bitcoin,BTC,5.1018336,0.0,BTC,331619.184,160,0,0,1,1,1.0,0.0,0.0,True,0.145425,0.25611189371309456,False,False,,3.1,,0,[],[],0,False,False,,,65.0,False,,,0.0,,False,3.1,0,,False,[],,False,160.0,160.0,True
bc1pc6wrxma74kj9srptxvxnevwcq9x7cta7dqhd9nx0867rlsgczyes9pz97m,bitcoin,BTC,5.1018336,0.0,BTC,331619.184,160,0,0,1,1,1.0,0.0,0.0,True,0.145425,0.25611189371309456,False,False,,3.1,,0,[],[],0,False,False,,,65.0,False,,,0.0,,False,3.1,0,,False,[],,False,160.0,160.0,True
bc1p3jn82c44gy6c76laa2fut8w04pgqrtsn8pku0sm44rma6d22fq6q8nkyar,bitcoin,BTC,5.1018336,0.0,BTC,331619.184,160,0,0,1,1,1.0,0.0,0.0,True,0.145425,0.25611189371309456,False,False,,3.1,,0,[],[],0,False,False,,,65.0,False,,,0.0,,False,3.1,0,,False,[],,False,160.0,160.0,True
bc1qwcwljlxfk8rrdrv5al0hqumnmezzkuqwmcmfjw,bitcoin,BTC,5.1018336,0.0,BTC,331619.184,160,0,0,1,1,1.0,0.0,0.0,True,0.145425,0.25611189371309456,False,False,,3.1,,0,[],[],0,False,False,,,65.0,False,,,0.0,,False,3.1,0,,False,[],,False,160.0,160.0,True
bc1pngxtz6r8gm74zjwfzfjmkq5zeymqxqrhgvgga3h9n4r3qr0p5y2q9s9xss,bitcoin,BTC,2.58280326,0.0,BTC,167882.2119,243,0,0,1,1,1.0,0.0,0.0,True,0.3198,0.2565932316314226,False,False,,3.0,,0,[],[],0,False,False,,,89.0,False,,,0.0,,False,3.0,0,,False,[],,False,243.0,243.0,True
bc1p6lzpx7ud39fw8vzvrf7updmj9qrf46mv93ztk6sc45ev3dq6yskqz26sjd,bitcoin,BTC,2.58280326,0.0,BTC,167882.2119,243,0,0,1,1,1.0,0.0,0.0,True,0.3198,0.2565932316314226,False,False,,3.0,,0,[],[],0,False,False,,,89.0,False,,,0.0,,False,3.0,0,,False,[],,False,243.0,243.0,True
bc1pyf33frm2u2xpkjqt33xdlj2yxlvv4wrakh9atd3h7398kagdczvqqa7rh2,bitcoin,BTC,2.58280326,0.0,BTC,167882.2119,243,0,0,1,1,1.0,0.0,0.0,True,0.3198,0.2565932316314226,False,False,,3.0,,0,[],[],0,False,False,,,89.0,False,,,0.0,,False,3.0,0,,False,[],,False,243.0,243.0,True
bc1pua4dthty63dz0qrrz2z8hh8du09uj9hjf4k9efslja5anerdh0jsnpa77s,bitcoin,BTC,2.58280326,0.0,BTC,167882.2119,243,0,0,1,1,1.0,0.0,0.0,True,0.3198,0.2565932316314226,False,False,,3.0,,0,[],[],0,False,False,,,89.0,False,,,0.0,,False,3.0,0,,False,[],,False,243.0,243.0,True
bc1pr3vjaxmfklghuwuu8kze0jw2aa5k5nysdtkvwgf75uyhxveve3hqpl43ym,bitcoin,BTC,5.05413632,0.0,BTC,328518.86079999997,241,0,0,1,1,1.0,0.0,0.0,True,0.309975,0.25622335116911304,False,False,,3.0,,0,[],[],0,False,False,,,87.6,False,,,0.0,,False,3.0,0,,False,[],,False,241.0,241.0,True
bc1pgay8lrjqp8yxzm9gw7gm48k0zkvq2kfpxph2nkczz0ftd3pggy9sy3r0qn,bitcoin,BTC,5.05413632,0.0,BTC,328518.86079999997,241,0,0,1,1,1.0,0.0,0.0,True,0.309975,0.25622335116911304,False,False,,3.0,,0,[],[],0,False,False,,,87.6,False,,,0.0,,False,3.0,0,,False,[],,False,241.0,241.0,True
bc1pk4dg3ej3lpqj66h97mwj7rkahfnntn7rr6fahkeehjhny9m73vqqx78har,bitcoin,BTC,5.05413632,0.0,BTC,328518.86079999997,241,0,0,1,1,1.0,0.0,0.0,True,0.309975,0.25622335116911304,False,False,,3.0,,0,[],[],0,False,False,,,87.6,False,,,0.0,,False,3.0,0,,False,[],,False,241.0,241.0,True
bc1pjs5jufk02ykml0ygpz5ny98lprsqjg4dnzvl87wuxy7l03uyaq3shqxn55,bitcoin,BTC,5.05413632,0.0,BTC,328518.86079999997,241,0,0,1,1,1.0,0.0,0.0,True,0.309975,0.25622335116911304,False,False,,3.0,,0,[],[],0,False,False,,,87.6,False,,,0.0,,False,3.0,0,,False,[],,False,241.0,241.0,True
bc1pj3ljhal3n9s9j0a5epxfdk6u0r9dttjtsffmlavf0j4fvc36v7js68yek6,bitcoin,BTC,5.05413632,0.0,BTC,328518.86079999997,241,0,0,1,1,1.0,0.0,0.0,True,0.309975,0.25622335116911304,False,False,,3.0,,0,[],[],0,False,False,,,87.6,False,,,0.0,,False,3.0,0,,False,[],,False,241.0,241.0,True
bc1plj8dc7p98jcyyt8u8v2hnafre4ed0v9r0p8hvs89q0tgwktf35msqgn4rj,bitcoin,BTC,5.05413632,0.0,BTC,328518.86079999997,241,0,0,1,1,1.0,0.0,0.0,True,0.309975,0.25622335116911304,False,False,,3.0,,0,[],[],0,False,False,,,87.6,False,,,0.0,,False,3.0,0,,False,[],,False,241.0,241.0,True
bc1p2ye3rjl6n7fn3nhzv4tr45r7ahqe90ucsqjpn8wyglcvp2p336kqqv5kpd,bitcoin,BTC,5.05413632,0.0,BTC,328518.86079999997,241,0,0,1,1,1.0,0.0,0.0,True,0.309975,0.25622335116911304,False,False,,3.0,,0,[],[],0,False,False,,,87.6,False,,,0.0,,False,3.0,0,,False,[],,False,241.0,241.0,True
bc1pdywesf5t47jkk5rl8dmgks9425eap2r82t66snefljesxhynwd6st34awy,bitcoin,BTC,5.05413632,0.0,BTC,328518.86079999997,241,0,0,1,1,1.0,0.0,0.0,True,0.309975,0.25622335116911304,False,False,,3.0,,0,[],[],0,False,False,,,87.6,False,,,0.0,,False,3.0,0,,False,[],,False,241.0,241.0,True
bc1pwgyhdf8ev7nlx8q5j6jvcw3mvgpdyjlev769vxleaam8mr4gxr3stq5pxs,bitcoin,BTC,18.20327936,0.0,BTC,1183213.1584,217,0,0,1,1,1.0,0.0,0.0,True,0.291,0.2565814179514584,False,False,,3.0,,0,[],[],0,False,False,,,85.0,False,,,0.0,,False,3.0,0,,False,[],,False,217.0,217.0,True
bc1pwj6fsqqqckuny60prceh8nax95nepaam9vy0c0mqgkueqau06ylq3d4xtz,bitcoin,BTC,18.20327936,0.0,BTC,1183213.1584,217,0,0,1,1,1.0,0.0,0.0,True,0.291,0.2565814179514584,False,False,,3.0,,0,[],[],0,False,False,,,85.0,False,,,0.0,,False,3.0,0,,False,[],,False,217.0,217.0,True
bc1pfc3rcdss5667a5gu4ezx5s33t32wr27a9a0w79d5acmls3l5z8nqkr45a4,bitcoin,BTC,18.20327936,0.0,BTC,1183213.1584,217,0,0,1,1,1.0,0.0,0.0,True,0.291,0.2565814179514584,False,False,,3.0,,0,[],[],0,False,False,,,85.0,False,,,0.0,,False,3.0,0,,False,[],,False,217.0,217.0,True
bc1pusjxau2sqttsdc3uphamjupa8kh3zdlkhjamn8ek8p6920znm9yq89aszv,bitcoin,BTC,18.20327936,0.0,BTC,1183213.1584,217,0,0,1,1,1.0,0.0,0.0,True,0.291,0.2565814179514584,False,False,,3.0,,0,[],[],0,False,False,,,85.0,False,,,0.0,,False,3.0,0,,False,[],,False,217.0,217.0,True
bc1paluyx50ejxrde3zzhknsmrlmytshah5jff9dhk8xw44sqx4y9ddsskf50h,bitcoin,BTC,18.20327936,0.0,BTC,1183213.1584,217,0,0,1,1,1.0,0.0,0.0,True,0.291,0.2565814179514584,False,False,,3.0,,0,[],[],0,False,False,,,85.0,False,,,0.0,,False,3.0,0,,False,[],,False,217.0,217.0,True
bc1pha9cv4wwwyst2av62hr92hr80kyh657x3h0v9pu4e3tt60hdtneqdz5fp3,bitcoin,BTC,0.56885248,0.0,BTC,36975.4112,217,0,0,1,1,1.0,0.0,0.0,True,0.291,0.25648076741750386,False,False,,3.0,,0,[],[],0,False,False,,,85.0,False,,,0.0,,False,3.0,0,,False,[],,False,217.0,217.0,True
bc1p92ttnxpeev8zw8ejlc37c3cra0n203mx7e9rn2qc2f4y70mg9w5q7ldzl2,bitcoin,BTC,0.56885248,0.0,BTC,36975.4112,217,0,0,1,1,1.0,0.0,0.0,True,0.291,0.25648076741750386,False,False,,3.0,,0,[],[],0,False,False,,,85.0,False,,,0.0,,False,3.0,0,,False,[],,False,217.0,217.0,True
bc1p2yttnfztlv9e3y2ek2zef3safk7zjne0m93dedcqsl2schw898dskh4cl2,bitcoin,BTC,18.20327936,0.0,BTC,1183213.1584,217,0,0,1,1,1.0,0.0,0.0,True,0.291,0.2565814179514584,False,False,,3.0,,0,[],[],0,False,False,,,85.0,False,,,0.0,,False,3.0,0,,False,[],,False,217.0,217.0,True
bc1pv9u3h2x7yyyhzvvn7c5p4hdfxfwm86aldw48qlttfwcrkfwltxgq92ks86,bitcoin,BTC,0.56885248,0.0,BTC,36975.4112,217,0,0,1,1,1.0,0.0,0.0,True,0.291,0.25648076741750386,False,False,,3.0,,0,[],[],0,False,False,,,85.0,False,,,0.0,,False,3.0,0,,False,[],,False,217.0,217.0,True
bc1pxffurfdrx8hu9qu6j4pedf33wqtm53qxvpgth3rynetsksk79gaqe4s7h5,bitcoin,BTC,18.20327936,0.0,BTC,1183213.1584,217,0,0,1,1,1.0,0.0,0.0,True,0.291,0.2565814179514584,False,False,,3.0,,0,[],[],0,False,False,,,85.0,False,,,0.0,,False,3.0,0,,False,[],,False,217.0,217.0,True
bc1pdhzwpx5snh2q35nwy2rqcl68jytkrt877xnpyrtezrggwzh2npqqw6y3jc,bitcoin,BTC,0.5505024,0.0,BTC,35782.655999999995,210,0,0,1,1,1.0,0.0,0.0,True,0.27097499999999997,0.25614400448978497,False,False,,3.0,,0,[],[],0,False,False,,,82.3,False,,,0.0,,False,3.0,0,,False,[],,False,210.0,210.0,True
bc1prx02k52079srj7d7k94hac7sc9t0264dt5zskf3jdlv2uy6yerzq4j7x8u,bitcoin,BTC,0.5505024,0.0,BTC,35782.655999999995,210,0,0,1,1,1.0,0.0,0.0,True,0.27097499999999997,0.25614400448978497,False,False,,3.0,,0,[],[],0,False,False,,,82.3,False,,,0.0,,False,3.0,0,,False,[],,False,210.0,210.0,True
bc1panuh5svgpg70nse3w8d5582puurjn6c5s0w960x7rser3lgg47es3sltzy,bitcoin,BTC,0.5505024,0.0,BTC,35782.655999999995,210,0,0,1,1,1.0,0.0,0.0,True,0.27097499999999997,0.25614400448978497,False,False,,3.0,,0,[],[],0,False,False,,,82.3,False,,,0.0,,False,3.0,0,,False,[],,False,210.0,210.0,True
bc1pxrf9xg9fccjn93a9q8pfuxwudryg0ud8jhxyklqccfxvpjkwqcdqsr3hkl,bitcoin,BTC,0.5505024,0.0,BTC,35782.655999999995,210,0,0,1,1,1.0,0.0,0.0,True,0.27097499999999997,0.25614400448978497,False,False,,3.0,,0,[],[],0,False,False,,,82.3,False,,,0.0,,False,3.0,0,,False,[],,False,210.0,210.0,True
bc1p3jv0457pv43hnv6lfwhy6acny9e25t6dxnjw4evxpdr675hvkjhsd6r52n,bitcoin,BTC,0.54001664,0.0,BTC,35101.081600000005,206,0,0,1,1,1.0,0.0,0.0,True,0.25987499999999997,0.25652559142687426,False,False,,3.0,,0,[],[],0,False,False,,,80.8,False,,,0.0,,False,3.0,0,,False,[],,False,206.0,206.0,True
bc1pnykaetel7s0md8czv2cg8pjf9zy339h4hm8dtvan899hkj8shvfqsd2ky4,bitcoin,BTC,0.54001664,0.0,BTC,35101.081600000005,206,0,0,1,1,1.0,0.0,0.0,True,0.25987499999999997,0.25652559142687426,False,False,,3.0,,0,[],[],0,False,False,,,80.8,False,,,0.0,,False,3.0,0,,False,[],,False,206.0,206.0,True
bc1pmf8ffayztc9r05yg42jpk7g5yex5d22rqff7sp7u0s5xyhv8jn4qtsjf0h,bitcoin,BTC,0.54001664,0.0,BTC,35101.081600000005,206,0,0,1,1,1.0,0.0,0.0,True,0.25987499999999997,0.25652559142687426,False,False,,3.0,,0,[],[],0,False,False,,,80.8,False,,,0.0,,False,3.0,0,,False,[],,False,206.0,206.0,True
bc1pf6mlg7xscw3t2lk0eptlkhgx7hn7ghvncdyxy0hw0kphj6frr90q4qsmec,bitcoin,BTC,0.54001664,0.0,BTC,35101.081600000005,206,0,0,1,1,1.0,0.0,0.0,True,0.25987499999999997,0.25652559142687426,False,False,,3.0,,0,[],[],0,False,False,,,80.8,False,,,0.0,,False,3.0,0,,False,[],,False,206.0,206.0,True
bc1ppv8vtnwcucetkrq55vv2r7qlrkvszvuf84daxm6n6rcu2ts3jh5sdlmugw,bitcoin,BTC,0.54001664,0.0,BTC,35101.081600000005,206,0,0,1,1,1.0,0.0,0.0,True,0.25987499999999997,0.25652559142687426,False,False,,3.0,,0,[],[],0,False,False,,,80.8,False,,,0.0,,False,3.0,0,,False,[],,False,206.0,206.0,True
bc1pk64y3wtzfm3zlp0hzhqdazalvyv6h7dhpzpyua4v400nrv5ganhq8ey5sy,bitcoin,BTC,0.54001664,0.0,BTC,35101.081600000005,206,0,0,1,1,1.0,0.0,0.0,True,0.25987499999999997,0.25652559142687426,False,False,,3.0,,0,[],[],0,False,False,,,80.8,False,,,0.0,,False,3.0,0,,False,[],,False,206.0,206.0,True
bc1pms95fl06r7e9skhy0ntmfrgtwwlquqg534xulupa2hwkg97rc5xss2v86e,bitcoin,BTC,0.54001664,0.0,BTC,35101.081600000005,206,0,0,1,1,1.0,0.0,0.0,True,0.25987499999999997,0.25652559142687426,False,False,,3.0,,0,[],[],0,False,False,,,80.8,False,,,0.0,,False,3.0,0,,False,[],,False,206.0,206.0,True
bc1pdg0djm0xqn2a3vq6y84h9amlwaqzjhd4exvhf4t05l2ylgygk5ds56hfst,bitcoin,BTC,0.54001664,0.0,BTC,35101.081600000005,206,0,0,1,1,1.0,0.0,0.0,True,0.25987499999999997,0.25652559142687426,False,False,,3.0,,0,[],[],0,False,False,,,80.8,False,,,0.0,,False,3.0,0,,False,[],,False,206.0,206.0,True
bc1pnzynd6uduxxg4t62gj0pmutdr25anwkzeplvqt62clheusq03qnqdk7et9,bitcoin,BTC,0.54001664,0.0,BTC,35101.081600000005,206,0,0,1,1,1.0,0.0,0.0,True,0.25987499999999997,0.25652559142687426,False,False,,3.0,,0,[],[],0,False,False,,,80.8,False,,,0.0,,False,3.0,0,,False,[],,False,206.0,206.0,True
bc1pxqm2cj2lpwecrjggn3crwdnsw6rksr57c7xadhe49j50hm8pgrsqxn8p74,bitcoin,BTC,0.54001664,0.0,BTC,35101.081600000005,206,0,0,1,1,1.0,0.0,0.0,True,0.25987499999999997,0.25652559142687426,False,False,,3.0,,0,[],[],0,False,False,,,80.8,False,,,0.0,,False,3.0,0,,False,[],,False,206.0,206.0,True
bc1ptxsvau2sv5k09lr5dt85uhk5msyym9nwhu7utmd85wg7qz6wtauqa8dwky,bitcoin,BTC,0.54001664,0.0,BTC,35101.081600000005,206,0,0,1,1,1.0,0.0,0.0,True,0.25987499999999997,0.25652559142687426,False,False,,3.0,,0,[],[],0,False,False,,,80.8,False,,,0.0,,False,3.0,0,,False,[],,False,206.0,206.0,True
bc1p8wf08404w0c0jxffqh7wd9crgtjhptfvext6fpuh5xwagfat7r7q6c3796,bitcoin,BTC,0.64481508,0.0,BTC,41912.9802,182,0,0,1,1,1.0,0.0,0.0,True,0.189225,0.25673291341109306,False,False,,3.0,,0,[],[],0,False,False,,,71.1,False,,,0.0,,False,3.0,0,,False,[],,False,182.0,182.0,True
bc1ph8tzcqfuewqpjztnza8z0w50mahqrq6an5f9h0kn99qr0an6w04scznnnp,bitcoin,BTC,0.64481508,0.0,BTC,41912.9802,182,0,0,1,1,1.0,0.0,0.0,True,0.189225,0.25673291341109306,False,False,,3.0,,0,[],[],0,False,False,,,71.1,False,,,0.0,,False,3.0,0,,False,[],,False,182.0,182.0,True
bc1ptgveej3qck7s38rfpjmk2t87um792ar6vyreht7ekxt290jt5c5qe0h0kr,bitcoin,BTC,0.64481508,0.0,BTC,41912.9802,182,0,0,1,1,1.0,0.0,0.0,True,0.189225,0.2562280752796924,False,False,,3.0,,0,[],[],0,False,False,,,71.1,False,,,0.0,,False,3.0,0,,False,[],,False,182.0,182.0,True
bc1pwlf8lv2tgndy9rdjl7cvzjq84cgtvgj0h84l69q282xsskg7h2nqc0k9mz,bitcoin,BTC,0.64481508,0.0,BTC,41912.9802,182,0,0,1,1,1.0,0.0,0.0,True,0.189225,0.2562280752796924,False,False,,3.0,,0,[],[],0,False,False,,,71.1,False,,,0.0,,False,3.0,0,,False,[],,False,182.0,182.0,True
bc1pj5g3xrsvdq6avyzukyq3axez6808ls8d3qwgwjpm33p70ece2essuymf9a,bitcoin,BTC,0.64481508,0.0,BTC,41912.9802,182,0,0,1,1,1.0,0.0,0.0,True,0.189225,0.25673291341109306,False,False,,3.0,,0,[],[],0,False,False,,,71.1,False,,,0.0,,False,3.0,0,,False,[],,False,182.0,182.0,True
bc1q2wu5e8fx9njv7tpl9z300mag0s627jnptjvt0x,bitcoin,BTC,0.64481508,0.0,BTC,41912.9802,182,0,0,1,1,1.0,0.0,0.0,True,0.189225,0.2562280752796924,False,False,,3.0,,0,[],[],0,False,False,,,71.1,False,,,0.0,,False,3.0,0,,False,[],,False,182.0,182.0,True
bc1pnc7wxvtyk4x5ae8anu8yshrtmqjv60v3gpkfnqc2fltwnfghx38qyq0hl5,bitcoin,BTC,0.64481508,0.0,BTC,41912.9802,182,0,0,1,1,1.0,0.0,0.0,True,0.189225,0.25673291341109306,False,False,,3.0,,0,[],[],0,False,False,,,71.1,False,,,0.0,,False,3.0,0,,False,[],,False,182.0,182.0,True
bc1py3hd59l8xm0pqm5smdrsgz39ucx7y0qh3g8encrr0zwg46zemnsqdq8erc,bitcoin,BTC,0.64481508,0.0,BTC,41912.9802,182,0,0,1,1,1.0,0.0,0.0,True,0.189225,0.25673291341109306,False,False,,3.0,,0,[],[],0,False,False,,,71.1,False,,,0.0,,False,3.0,0,,False,[],,False,182.0,182.0,True
bc1pauntsqwvy5q37c8fcdz37qe02mc8ns32j7a30ufulat3nc57cmnqcm5947,bitcoin,BTC,3.58612992,0.0,BTC,233098.4448,171,0,0,1,1,1.0,0.0,0.0,True,0.1611,0.25659254461969166,False,False,,3.0,,0,[],[],0,False,False,,,67.2,False,,,0.0,,False,3.0,0,,False,[],,False,171.0,171.0,True
bc1phl5gsnny52akyxdgm9rfaprp2je8sc0j0fgxncz36wms3hxu6saqhy3v2q,bitcoin,BTC,3.58612992,0.0,BTC,233098.4448,171,0,0,1,1,1.0,0.0,0.0,True,0.1611,0.25659254461969166,False,False,,3.0,,0,[],[],0,False,False,,,67.2,False,,,0.0,,False,3.0,0,,False,[],,False,171.0,171.0,True
bc1pnl75kp8l2mtnjhfsdrs2cyj0f9gn5444aavpvpuwg46paynrv7zq7vumyu,bitcoin,BTC,3.4603008,0.0,BTC,224919.55200000003,165,0,0,1,1,1.0,0.0,0.0,True,0.158025,0.2564595013970169,False,False,,3.0,,0,[],[],0,False,False,,,66.8,False,,,0.0,,False,3.0,0,,False,[],,False,165.0,165.0,True
bc1pcq6l5cv5035gc4e6zemtq9uxx3mfv9urm9ze3epu9cyxhq9jd8tsl9l984,bitcoin,BTC,3.4603008,0.0,BTC,224919.55200000003,165,0,0,1,1,1.0,0.0,0.0,True,0.158025,0.2564595013970169,False,False,,3.0,,0,[],[],0,False,False,,,66.8,False,,,0.0,,False,3.0,0,,False,[],,False,165.0,165.0,True
bc1pjtel0ky8u4sggp5ggquezm3ee6ce4qmuaq7pyefewlpep6dfzppslacamj,bitcoin,BTC,3.4603008,0.0,BTC,224919.55200000003,165,0,0,1,1,1.0,0.0,0.0,True,0.158025,0.2564595013970169,False,False,,3.0,,0,[],[],0,False,False,,,66.8,False,,,0.0,,False,3.0,0,,False,[],,False,165.0,165.0,True
bc1p2yntwnmnu8a562u3k6x9rcsnnykr9xju9l3etk9xt5quvzzwcs6q6eu39a,bitcoin,BTC,3.4603008,0.0,BTC,224919.55200000003,165,0,0,1,1,1.0,0.0,0.0,True,0.158025,0.2564595013970169,False,False,,3.0,,0,[],[],0,False,False,,,66.8,False,,,0.0,,False,3.0,0,,False,[],,False,165.0,165.0,True
bc1pda2qgtsxkqpefrwz4hfx7nwtx84r4f6ct2zf0hv7gems9x255v4q4uyuc8,bitcoin,BTC,3.4603008,0.0,BTC,224919.55200000003,165,0,0,1,1,1.0,0.0,0.0,True,0.158025,0.2564595013970169,False,False,,3.0,,0,[],[],0,False,False,,,66.8,False,,,0.0,,False,3.0,0,,False,[],,False,165.0,165.0,True
bc1pfk80w7ca4j58tnslulvz465jk64twxnv388v7hgrahmtmlwpzw6syy5mcj,bitcoin,BTC,3.4603008,0.0,BTC,224919.55200000003,165,0,0,1,1,1.0,0.0,0.0,True,0.158025,0.2564595013970169,False,False,,3.0,,0,[],[],0,False,False,,,66.8,False,,,0.0,,False,3.0,0,,False,[],,False,165.0,165.0,True
bc1p5a6u30mw5e5qssjru4pt5aslj3ja4786z57aaslz70n7clw0ge3qany8ja,bitcoin,BTC,3.3554432,0.0,BTC,218103.808,160,0,0,1,1,1.0,0.0,0.0,True,0.145425,0.2567500874971731,False,False,,3.0,,0,[],[],0,False,False,,,65.0,False,,,0.0,,False,3.0,0,,False,[],,False,160.0,160.0,True
bc1ptqdmgfmfp69pj8tgj04667zg2s2nx78p92y0q2x2q6fdesq39z5q6fxt9n,bitcoin,BTC,5.1018336,0.0,BTC,331619.184,160,0,0,1,1,1.0,0.0,0.0,True,0.145425,0.25642406492762065,False,False,,3.0,,0,[],[],0,False,False,,,65.0,False,,,0.0,,False,3.0,0,,False,[],,False,160.0,160.0,True
bc1qzqmksn8h579rks6y90t75kwlkh6v5l4khqgp2c,bitcoin,BTC,2.5509168,0.0,BTC,165809.592,160,0,0,1,1,1.0,0.0,0.0,True,0.145425,0.2565871073975363,False,False,,3.0,,0,[],[],0,False,False,,,65.1,False,,,0.0,,False,3.0,0,,False,[],,False,160.0,160.0,True
bc1prn3lv30wnljdwt774whpyfq9497wzyjaflgdqnvfj4f7yztmuc3q66lv6h,bitcoin,BTC,3.3554432,0.0,BTC,218103.808,160,0,0,1,1,1.0,0.0,0.0,True,0.145425,0.2567500874971731,False,False,,3.0,,0,[],[],0,False,False,,,65.0,False,,,0.0,,False,3.0,0,,False,[],,False,160.0,160.0,True
bc1q7geqvsha7tru5mkvar5y59eh2ru8csh2qvls44,bitcoin,BTC,5.1018336,0.0,BTC,331619.184,160,0,0,1,1,1.0,0.0,0.0,True,0.145425,0.25642406492762065,False,False,,3.0,,0,[],[],0,False,False,,,65.0,False,,,0.0,,False,3.0,0,,False,[],,False,160.0,160.0,True
bc1puqarhrqv3yck48r3fugjftx8je73fl4rtd4xgy7vh5tessxpsvqshfd2kx,bitcoin,BTC,5.1018336,0.0,BTC,331619.184,160,0,0,1,1,1.0,0.0,0.0,True,0.145425,0.25642406492762065,False,False,,3.0,,0,[],[],0,False,False,,,65.0,False,,,0.0,,False,3.0,0,,False,[],,False,160.0,160.0,True
bc1pj4jmfk6ufnakwjlthw95733h6u2lg70pvp4035rlyj42k3yfaalq7envvl,bitcoin,BTC,3.3554432,0.0,BTC,218103.808,160,0,0,1,1,1.0,0.0,0.0,True,0.145425,0.2566246337053274,False,False,,3.0,,0,[],[],0,False,False,,,65.0,False,,,0.0,,False,3.0,0,,False,[],,False,160.0,160.0,True
bc1pj55vz789eehzg4dk8kkfcx8ckham65a66ct44ygpm4829xcnumys792xr0,bitcoin,BTC,3.3554432,0.0,BTC,218103.808,160,0,0,1,1,1.0,0.0,0.0,True,0.145425,0.2566246337053274,False,False,,3.0,,0,[],[],0,False,False,,,65.0,False,,,0.0,,False,3.0,0,,False,[],,False,160.0,160.0,True
bc1pr6zt3c89alvv5gs4wzcf32vkez0ym8m83han9tskzla0ydn6zh6qpe2k6p,bitcoin,BTC,5.1018336,0.0,BTC,331619.184,160,0,0,1,1,1.0,0.0,0.0,True,0.145425,0.25642406492762065,False,False,,3.0,,0,[],[],0,False,False,,,65.0,False,,,0.0,,False,3.0,0,,False,[],,False,160.0,160.0,True
bc1qqr5uhssqyfv0lfc6qegtk84ef4gqkq9cm4rn8k,bitcoin,BTC,2.5509168,0.0,BTC,165809.592,160,0,0,1,1,1.0,0.0,0.0,True,0.145425,0.2565871073975363,False,False,,3.0,,0,[],[],0,False,False,,,65.1,False,,,0.0,,False,3.0,0,,False,[],,False,160.0,160.0,True
bc1pd9f0f6hvmm8j2lv4l506n3ffscudgfxmy3yg68zav77vmnemsl3qqlqcej,bitcoin,BTC,3.3554432,0.0,BTC,218103.808,160,0,0,1,1,1.0,0.0,0.0,True,0.145425,0.2566246337053274,False,False,,3.0,,0,[],[],0,False,False,,,65.0,False,,,0.0,,False,3.0,0,,False,[],,False,160.0,160.0,True
bc1p9n7f2k6ph6d74umxcfgkvze8qy84a33xhua3xnrcu6rdd60dghvspj6q5l,bitcoin,BTC,5.1018336,0.0,BTC,331619.184,160,0,0,1,1,1.0,0.0,0.0,True,0.145425,0.25642406492762065,False,False,,3.0,,0,[],[],0,False,False,,,65.0,False,,,0.0,,False,3.0,0,,False,[],,False,160.0,160.0,True
bc1pjk2hkrv3vtnyvlelua2ykyt9n0f3ksqfkthd6akg4fukkv8mq7gqauvt9t,bitcoin,BTC,2.5509168,0.0,BTC,165809.592,160,0,0,1,1,1.0,0.0,0.0,True,0.145425,0.2565871073975363,False,False,,3.0,,0,[],[],0,False,False,,,65.1,False,,,0.0,,False,3.0,0,,False,[],,False,160.0,160.0,True
bc1pxgcx94ewd3xeftn7xf6e2ymk8ru23gaypg78a29jat456xngee0qyg3k7y,bitcoin,BTC,2.5509168,0.0,BTC,165809.592,160,0,0,1,1,1.0,0.0,0.0,True,0.145425,0.2565871073975363,False,False,,3.0,,0,[],[],0,False,False,,,65.1,False,,,0.0,,False,3.0,0,,False,[],,False,160.0,160.0,True
bc1qyawfcq3zlmsaqz2j90scxvk7ennppf0qps8tnc,bitcoin,BTC,5.1018336,0.0,BTC,331619.184,160,0,0,1,1,1.0,0.0,0.0,True,0.145425,0.25642406492762065,False,False,,3.0,,0,[],[],0,False,False,,,65.0,False,,,0.0,,False,3.0,0,,False,[],,False,160.0,160.0,True
bc1p8en9kvfvuz4h5nlxdcswv5axksj3u2g4r9ptrze3lgcs9ke2jkjq7he4my,bitcoin,BTC,3.3554432,0.0,BTC,218103.808,160,0,0,1,1,1.0,0.0,0.0,True,0.145425,0.2567500874971731,False,False,,3.0,,0,[],[],0,False,False,,,65.0,False,,,0.0,,False,3.0,0,,False,[],,False,160.0,160.0,True
bc1p4k3jw2gv0y7tdm7zu9vavzqpxgvud6tnte63t2ysl6p5ta78nn0qewt9f0,bitcoin,BTC,3.3554432,0.0,BTC,218103.808,160,0,0,1,1,1.0,0.0,0.0,True,0.145425,0.2566246337053274,False,False,,3.0,,0,[],[],0,False,False,,,65.0,False,,,0.0,,False,3.0,0,,False,[],,False,160.0,160.0,True
bc1pnj2xshzf9rtj3fvw2lslspnp9dffwqngstce2q630g5mwfcnp6lq7kh3n6,bitcoin,BTC,5.1018336,0.0,BTC,331619.184,160,0,0,1,1,1.0,0.0,0.0,True,0.145425,0.25642406492762065,False,False,,3.0,,0,[],[],0,False,False,,,65.0,False,,,0.0,,False,3.0,0,,False,[],,False,160.0,160.0,True
bc1q3r8ut4m44f60wtddxt2zqnz3sa7nzpqdmj8pya,bitcoin,BTC,2.5509168,0.0,BTC,165809.592,160,0,0,1,1,1.0,0.0,0.0,True,0.145425,0.2565871073975363,False,False,,3.0,,0,[],[],0,False,False,,,65.1,False,,,0.0,,False,3.0,0,,False,[],,False,160.0,160.0,True
bc1pesft7vc2h2rg22yll7qxrawps3y2ygudx6nx0vkmr7lertpf5azq0lhw0m,bitcoin,BTC,3.3554432,0.0,BTC,218103.808,160,0,0,1,1,1.0,0.0,0.0,True,0.145425,0.2566246337053274,False,False,,3.0,,0,[],[],0,False,False,,,65.0,False,,,0.0,,False,3.0,0,,False,[],,False,160.0,160.0,True
bc1ptw763c8nmjfjl4k96k72yekh2zxe65cc4g48u40esk32khqe8fasd0tmmg,bitcoin,BTC,5.1018336,0.0,BTC,331619.184,160,0,0,1,1,1.0,0.0,0.0,True,0.145425,0.25642406492762065,False,False,,3.0,,0,[],[],0,False,False,,,65.0,False,,,0.0,,False,3.0,0,,False,[],,False,160.0,160.0,True
bc1phe3eqjfdlqgyy9sku7h065umzkacelx2c2tdfz00ul8c5260vxpsuwnfxk,bitcoin,BTC,0.87510618,0.00354294,BTC,56881.901699999995,247,0,1,1,1,1.0,0.0,0.004048582995951417,True,0.3383847165991902,0.2568761566635708,False,False,,2.9,,0,[],[],0,False,False,,,91.4,False,,,0.0,,False,2.9,0,,False,[],,False,247.0,247.0,True
bc1pyppd495ur8ang64wtmt07ej2sscaj4wxrst64s24l9qfz56dfy8s93gjg4,bitcoin,BTC,0.87510618,0.00354294,BTC,56881.901699999995,247,0,1,1,1,1.0,0.0,0.004048582995951417,True,0.3383847165991902,0.2568761566635708,False,False,,2.9,,0,[],[],0,False,False,,,91.4,False,,,0.0,,False,2.9,0,,False,[],,False,247.0,247.0,True
bc1p9vapwg5cm07gxmfjlfsgnmuvfgfxjw9my7rv07z9099re5xjmeqsc93qaw,bitcoin,BTC,0.87510618,0.00354294,BTC,56881.901699999995,247,0,1,1,1,1.0,0.0,0.004048582995951417,True,0.3383847165991902,0.25742049620057483,False,False,,2.9,,0,[],[],0,False,False,,,91.4,False,,,0.0,,False,2.9,0,,False,[],,False,247.0,247.0,True
bc1pc5r0xwxq5h78h524xyy3em7lyeardhyh53g6fm5f628m9k69vslsk3cy8v,bitcoin,BTC,0.87510618,0.00354294,BTC,56881.901699999995,247,0,1,1,1,1.0,0.0,0.004048582995951417,True,0.3383847165991902,0.25742049620057483,False,False,,2.9,,0,[],[],0,False,False,,,91.4,False,,,0.0,,False,2.9,0,,False,[],,False,247.0,247.0,True
bc1py6qsnq4mw39dez2dh42z9fh4p6ee7jz7r7l68ssnqklh8vlgcntsezv6g6,bitcoin,BTC,0.87510618,0.00354294,BTC,56881.901699999995,247,0,1,1,1,1.0,0.0,0.004048582995951417,True,0.3383847165991902,0.25742049620057483,False,False,,2.9,,0,[],[],0,False,False,,,91.4,False,,,0.0,,False,2.9,0,,False,[],,False,247.0,247.0,True
bc1pjhhwyzge2xxvugg5tzu89eqsm0qjt527kap6r2njm3rskc6l65es9u5pd4,bitcoin,BTC,0.87510618,0.00354294,BTC,56881.901699999995,247,0,1,1,1,1.0,0.0,0.004048582995951417,True,0.3383847165991902,0.2568761566635708,False,False,,2.9,,0,[],[],0,False,False,,,91.4,False,,,0.0,,False,2.9,0,,False,[],,False,247.0,247.0,True
bc1pdauxs6yp37cdef88tp9c0u3sm0plcdyw7s60wh7muhnlpecwtt3qu063a4,bitcoin,BTC,0.87510618,0.00354294,BTC,56881.901699999995,247,0,1,1,1,1.0,0.0,0.004048582995951417,True,0.3383847165991902,0.2568761566635708,False,False,,2.9,,0,[],[],0,False,False,,,91.4,False,,,0.0,,False,2.9,0,,False,[],,False,247.0,247.0,True
bc1puwzu3980fparz85mctm4f7pavfgah7sphfqnp6cs23w3sgt4ke4qrglkjy,bitcoin,BTC,0.87510618,0.0,BTC,56881.901699999995,247,0,0,1,1,1.0,0.0,0.0,True,0.33757499999999996,0.25742049620057483,False,False,,2.9,,0,[],[],0,False,False,,,91.4,False,,,0.0,,False,2.9,0,,False,[],,False,247.0,247.0,True
bc1pgvrtekgf4pumnhly3qp85zp7qrt0lehkn7jt8pw405smsag9dqeqqvf8hm,bitcoin,BTC,0.87510618,0.0,BTC,56881.901699999995,247,0,0,1,1,1.0,0.0,0.0,True,0.33757499999999996,0.2568761566635708,False,False,,2.9,,0,[],[],0,False,False,,,91.4,False,,,0.0,,False,2.9,0,,False,[],,False,247.0,247.0,True
bc1pra0hd24fll25djw6qmac0zs3d4v26c0pjsjtwpvffchumd9j52ws7p92uq,bitcoin,BTC,0.87510618,0.0,BTC,56881.901699999995,247,0,0,1,1,1.0,0.0,0.0,True,0.33757499999999996,0.25742049620057483,False,False,,2.9,,0,[],[],0,False,False,,,91.4,False,,,0.0,,False,2.9,0,,False,[],,False,247.0,247.0,True
bc1ptkcazaam42uqrxhvany2ncuetfkpa6fc5rddswnnfpqkfxfk36wsgp6cw3,bitcoin,BTC,0.87510618,0.0,BTC,56881.901699999995,247,0,0,1,1,1.0,0.0,0.0,True,0.33757499999999996,0.2568761566635708,False,False,,2.9,,0,[],[],0,False,False,,,91.4,False,,,0.0,,False,2.9,0,,False,[],,False,247.0,247.0,True
bc1p5l50zr4d76pk80339tq8zdm4h3jug8skp5nyxd3v7zmqs59f5jvqslm89j,bitcoin,BTC,0.87510618,0.0,BTC,56881.901699999995,247,0,0,1,1,1.0,0.0,0.0,True,0.33757499999999996,0.25742049620057483,False,False,,2.9,,0,[],[],0,False,False,,,91.4,False,,,0.0,,False,2.9,0,,False,[],,False,247.0,247.0,True
bc1p3fyf4glt3le232qy99y472unqqzq3ksd9dkyc2s7ytdhpan226yqcgmc2q,bitcoin,BTC,0.87510618,0.0,BTC,56881.901699999995,247,0,0,1,1,1.0,0.0,0.0,True,0.33757499999999996,0.25742049620057483,False,False,,2.9,,0,[],[],0,False,False,,,91.4,False,,,0.0,,False,2.9,0,,False,[],,False,247.0,247.0,True
bc1pjcnmntxhuat4s9vpw720ldfgp35vpuwgma5cwwlqcgcwkyvkgehs454yur,bitcoin,BTC,0.87510618,0.0,BTC,56881.901699999995,247,0,0,1,1,1.0,0.0,0.0,True,0.33757499999999996,0.25742049620057483,False,False,,2.9,,0,[],[],0,False,False,,,91.4,False,,,0.0,,False,2.9,0,,False,[],,False,247.0,247.0,True
bc1puj0afvzxuupesvwykkm9uml4w3zktx8uyjhr6zyk9npj55n0sm7sxyudx5,bitcoin,BTC,0.87510618,0.0,BTC,56881.901699999995,247,0,0,1,1,1.0,0.0,0.0,True,0.33757499999999996,0.25742049620057483,False,False,,2.9,,0,[],[],0,False,False,,,91.4,False,,,0.0,,False,2.9,0,,False,[],,False,247.0,247.0,True
bc1p305ky3kpqxqynt6rlcj7tavf2h8t8uxskw0wvrdk7mza4a6jlphs8yek45,bitcoin,BTC,0.87510618,0.0,BTC,56881.901699999995,247,0,0,1,1,1.0,0.0,0.0,True,0.33757499999999996,0.25742049620057483,False,False,,2.9,,0,[],[],0,False,False,,,91.4,False,,,0.0,,False,2.9,0,,False,[],,False,247.0,247.0,True
bc1pwzq0zxmg77c8d7j9hjpwpwv2dzhszv5cudj562drjfdk8ed7k9kq7s7nu7,bitcoin,BTC,0.87510618,0.0,BTC,56881.901699999995,247,0,0,1,1,1.0,0.0,0.0,True,0.33757499999999996,0.2568761566635708,False,False,,2.9,,0,[],[],0,False,False,,,91.4,False,,,0.0,,False,2.9,0,,False,[],,False,247.0,247.0,True
bc1pnsmpvwqlrzrxchduz3fdsq6zvtura2s8wr9x3e6rvh6sv9tvsmksthsrq8,bitcoin,BTC,0.87510618,0.0,BTC,56881.901699999995,247,0,0,1,1,1.0,0.0,0.0,True,0.33757499999999996,0.25742049620057483,False,False,,2.9,,0,[],[],0,False,False,,,91.4,False,,,0.0,,False,2.9,0,,False,[],,False,247.0,247.0,True
bc1pjeyd4flzjpx6s3nwmnv4e4ly7dy9smux0mjk34mzspt39x8tv4uqz22e2n,bitcoin,BTC,0.87510618,0.0,BTC,56881.901699999995,247,0,0,1,1,1.0,0.0,0.0,True,0.33757499999999996,0.25742049620057483,False,False,,2.9,,0,[],[],0,False,False,,,91.4,False,,,0.0,,False,2.9,0,,False,[],,False,247.0,247.0,True
bc1pv3gwy6j6457k0zfk9sce5trc42cnca3t6pya58lnchlu6q9pm88qjv3lyc,bitcoin,BTC,0.87510618,0.0,BTC,56881.901699999995,247,0,0,1,1,1.0,0.0,0.0,True,0.33757499999999996,0.2568761566635708,False,False,,2.9,,0,[],[],0,False,False,,,91.4,False,,,0.0,,False,2.9,0,,False,[],,False,247.0,247.0,True
bc1pdthwgmlx76c2wc0mu7gwd67wdkgta2a5hvxl2whlxg55y6msf0ms9eqd8q,bitcoin,BTC,0.87510618,0.0,BTC,56881.901699999995,247,0,0,1,1,1.0,0.0,0.0,True,0.33757499999999996,0.2568761566635708,False,False,,2.9,,0,[],[],0,False,False,,,91.4,False,,,0.0,,False,2.9,0,,False,[],,False,247.0,247.0,True
bc1p2kpqykpfmyq7et6sevl0pqellcesy7wahwm7jr4etuf05j66r4gqfxayqx,bitcoin,BTC,0.87510618,0.0,BTC,56881.901699999995,247,0,0,1,1,1.0,0.0,0.0,True,0.33757499999999996,0.25742049620057483,False,False,,2.9,,0,[],[],0,False,False,,,91.4,False,,,0.0,,False,2.9,0,,False,[],,False,247.0,247.0,True
bc1pu7xksfhyf0m093yzffgerun5xv4y0pj27nrx0n66ecskaf63xtzsvneys7,bitcoin,BTC,0.87510618,0.0,BTC,56881.901699999995,247,0,0,1,1,1.0,0.0,0.0,True,0.33757499999999996,0.2568761566635708,False,False,,2.9,,0,[],[],0,False,False,,,91.4,False,,,0.0,,False,2.9,0,,False,[],,False,247.0,247.0,True
bc1pl8t9mruty4t07x0ctxz4jfxr2f22umtsgf7em3yfte87et37s5ts2693ys,bitcoin,BTC,0.87510618,0.0,BTC,56881.901699999995,247,0,0,1,1,1.0,0.0,0.0,True,0.33757499999999996,0.25742049620057483,False,False,,2.9,,0,[],[],0,False,False,,,91.4,False,,,0.0,,False,2.9,0,,False,[],,False,247.0,247.0,True
bc1pyjggpg8any6nv8wv958cwyu0pe7n5r4qta4unsc9ywgepxjved0suqd480,bitcoin,BTC,0.87510618,0.0,BTC,56881.901699999995,247,0,0,1,1,1.0,0.0,0.0,True,0.33757499999999996,0.2568761566635708,False,False,,2.9,,0,[],[],0,False,False,,,91.4,False,,,0.0,,False,2.9,0,,False,[],,False,247.0,247.0,True
bc1pqrnzn47csgpemxuwknl3dkk2nvg0d0j4rcvhdhyzajftxanx25tsu7ml2k,bitcoin,BTC,0.87510618,0.0,BTC,56881.901699999995,247,0,0,1,1,1.0,0.0,0.0,True,0.33757499999999996,0.25742049620057483,False,False,,2.9,,0,[],[],0,False,False,,,91.4,False,,,0.0,,False,2.9,0,,False,[],,False,247.0,247.0,True
bc1pmvvz0crpwqk0cy7pd3l4f2lrfnspsk8edpxc7zgdv49w420hl2sq6l2nqn,bitcoin,BTC,0.87510618,0.0,BTC,56881.901699999995,247,0,0,1,1,1.0,0.0,0.0,True,0.33757499999999996,0.2568761566635708,False,False,,2.9,,0,[],[],0,False,False,,,91.4,False,,,0.0,,False,2.9,0,,False,[],,False,247.0,247.0,True
bc1p8kfcwj4pmy64se29kuq8h3dmwn60a7wa2e4fpegeek60hmu75e6svrrjl0,bitcoin,BTC,2.57217444,0.0,BTC,167191.3386,242,0,0,1,1,1.0,0.0,0.0,True,0.315075,0.25728227688103267,False,False,,2.9,,0,[],[],0,False,False,,,88.3,False,,,0.0,,False,2.9,0,,False,[],,False,242.0,242.0,True
bc1pr4ugqffe5hw8axecgtrqvaryfe40ytne9u7smmur0npyfsg7rwes70xpa7,bitcoin,BTC,2.56154562,0.0,BTC,166500.4653,241,0,0,1,1,1.0,0.0,0.0,True,0.309975,0.25690523278512845,False,False,,2.9,,0,[],[],0,False,False,,,87.6,False,,,0.0,,False,2.9,0,,False,[],,False,241.0,241.0,True
bc1pnylks2fqfqkjl69632crjpygqzm7juwgzrjwvudewe7khfqyyjnqdsw2cl,bitcoin,BTC,2.56154562,0.0,BTC,166500.4653,241,0,0,1,1,1.0,0.0,0.0,True,0.309975,0.25690523278512845,False,False,,2.9,,0,[],[],0,False,False,,,87.6,False,,,0.0,,False,2.9,0,,False,[],,False,241.0,241.0,True
bc1pjxg8ujsh62wh3u7fw9cck0vn8q36lm7cg4gn6xw75yrt9g90v54szn7c6l,bitcoin,BTC,0.56885248,0.0,BTC,36975.4112,217,0,0,1,1,1.0,0.0,0.0,True,0.291,0.25705893979997296,False,False,,2.9,,0,[],[],0,False,False,,,85.0,False,,,0.0,,False,2.9,0,,False,[],,False,217.0,217.0,True
bc1pdmgdgvwyusw9j3wqgvcgefaldgj7s7nms2spxa5qnxxfy3teftkqywmln3,bitcoin,BTC,0.56885248,0.0,BTC,36975.4112,217,0,0,1,1,1.0,0.0,0.0,True,0.291,0.25705893979997296,False,False,,2.9,,0,[],[],0,False,False,,,85.0,False,,,0.0,,False,2.9,0,,False,[],,False,217.0,217.0,True
bc1patq7c7ahv53ske4xkj5n73ynsygtengd2y6hd0h8zmw23kz0zx8qlt3ldg,bitcoin,BTC,0.56885248,0.0,BTC,36975.4112,217,0,0,1,1,1.0,0.0,0.0,True,0.291,0.25705893979997296,False,False,,2.9,,0,[],[],0,False,False,,,85.0,False,,,0.0,,False,2.9,0,,False,[],,False,217.0,217.0,True
bc1pq2mldmrp8kl3raypmumdr7zjee5aw3y5syhrv6h06yjuxpa7l46sasuvpw,bitcoin,BTC,0.56885248,0.0,BTC,36975.4112,216,0,0,1,1,1.0,0.0,0.0,True,0.282675,0.2575327009611092,False,False,,2.9,,0,[],[],0,False,False,,,83.9,False,,,0.0,,False,2.9,0,,False,[],,False,216.0,216.0,True
bc1pz32fxv8dgs27gcsknqwhs9r3efm8t45u9n544wrz6p39l760vjxs6rlgk6,bitcoin,BTC,0.56885248,0.0,BTC,36975.4112,216,0,0,1,1,1.0,0.0,0.0,True,0.282675,0.2575327009611092,False,False,,2.9,,0,[],[],0,False,False,,,83.9,False,,,0.0,,False,2.9,0,,False,[],,False,216.0,216.0,True
bc1pq7qyjmdr59uxfaj6ahc2jeck97jarug738gfzjfu8mn0m23q57ss9rqzjn,bitcoin,BTC,0.56885248,0.0,BTC,36975.4112,216,0,0,1,1,1.0,0.0,0.0,True,0.282675,0.2575327009611092,False,False,,2.9,,0,[],[],0,False,False,,,83.9,False,,,0.0,,False,2.9,0,,False,[],,False,216.0,216.0,True
bc1pca0z20gmq8wgypvq8plwuw044lyf546r40sfl6qq8g5qa7dt5h4slts28f,bitcoin,BTC,0.56885248,0.0,BTC,36975.4112,216,0,0,1,1,1.0,0.0,0.0,True,0.282675,0.2575327009611092,False,False,,2.9,,0,[],[],0,False,False,,,83.9,False,,,0.0,,False,2.9,0,,False,[],,False,216.0,216.0,True
bc1pmdyjazfv7zd0qqepkrynwslx65tyy8yga7jgcesyn5spfdpua8uqrnxvz9,bitcoin,BTC,0.56885248,0.0,BTC,36975.4112,216,0,0,1,1,1.0,0.0,0.0,True,0.282675,0.2575327009611092,False,False,,2.9,,0,[],[],0,False,False,,,83.9,False,,,0.0,,False,2.9,0,,False,[],,False,216.0,216.0,True
bc1paa5w9m9hg8td9eq8qr8muqe34txdcg0rrf85w5f3pgpwhjw9gdhq6ndezl,bitcoin,BTC,0.56885248,0.0,BTC,36975.4112,216,0,0,1,1,1.0,0.0,0.0,True,0.282675,0.2575327009611092,False,False,,2.9,,0,[],[],0,False,False,,,83.9,False,,,0.0,,False,2.9,0,,False,[],,False,216.0,216.0,True
bc1p46nygmm9x5f52gygaseeexl77lnzkkwguyakl3dyavvf2r9e2t9q7u3xr3,bitcoin,BTC,0.56885248,0.0,BTC,36975.4112,216,0,0,1,1,1.0,0.0,0.0,True,0.282675,0.2575327009611092,False,False,,2.9,,0,[],[],0,False,False,,,83.9,False,,,0.0,,False,2.9,0,,False,[],,False,216.0,216.0,True
bc1pya7xnkmj0323pcdgfw2mpknudpatsgj4v9s7lm89576hm27kt2xsmn5255,bitcoin,BTC,0.56885248,0.0,BTC,36975.4112,216,0,0,1,1,1.0,0.0,0.0,True,0.282675,0.2575327009611092,False,False,,2.9,,0,[],[],0,False,False,,,83.9,False,,,0.0,,False,2.9,0,,False,[],,False,216.0,216.0,True
bc1pefmexs4eykyaewqyrrsku2d9nqtyyq8yjf7zm7mm9tjdrxtrhprsmzalvp,bitcoin,BTC,0.56885248,0.0,BTC,36975.4112,216,0,0,1,1,1.0,0.0,0.0,True,0.282675,0.2575327009611092,False,False,,2.9,,0,[],[],0,False,False,,,83.9,False,,,0.0,,False,2.9,0,,False,[],,False,216.0,216.0,True
bc1pa2qvy3pm0kvc4uthncrmu5vsdgnu3gu7gh6zwax9gd0en6ylefaqnyrg6p,bitcoin,BTC,0.5636096,0.0,BTC,36634.624,215,0,0,1,1,1.0,0.0,0.0,True,0.2763,0.2568733310245781,False,False,,2.9,,0,[],[],0,False,False,,,83.0,False,,,0.0,,False,2.9,0,,False,[],,False,215.0,215.0,True
bc1puhz0e7vq0zqj90t8m96cesjdh6rr6chhgrktr2mc55ewnllz02qqm3yj3l,bitcoin,BTC,0.5636096,0.0,BTC,36634.624,215,0,0,1,1,1.0,0.0,0.0,True,0.2763,0.2568733310245781,False,False,,2.9,,0,[],[],0,False,False,,,83.0,False,,,0.0,,False,2.9,0,,False,[],,False,215.0,215.0,True
bc1p2fzfh28ml6f0rq5rku7h3taw2lpzxp33c2h445kawpdm5k0vx6eqjkgs30,bitcoin,BTC,0.5636096,0.0,BTC,36634.624,215,0,0,1,1,1.0,0.0,0.0,True,0.2763,0.2568733310245781,False,False,,2.9,,0,[],[],0,False,False,,,83.0,False,,,0.0,,False,2.9,0,,False,[],,False,215.0,215.0,True
bc1ps4gppvmas6pdgyahyw0dazlqj3xzz0dgt56yq8w48rc0jwn4scuqca9ttg,bitcoin,BTC,0.54263808,0.0,BTC,35271.4752,207,0,0,1,1,1.0,0.0,0.0,True,0.26625,0.2571422360288733,False,False,,2.9,,0,[],[],0,False,False,,,81.6,False,,,0.0,,False,2.9,0,,False,[],,False,207.0,207.0,True
bc1p5l4gw7mscmrpgm6pfkf7wlyp28h0ec23mr89363nuz56339vm6psychs2m,bitcoin,BTC,1.04333312,0.0,BTC,67816.6528,199,0,0,1,1,1.0,0.0,0.0,True,0.24539999999999998,0.2572716691873782,False,False,,2.9,,0,[],[],0,False,False,,,78.8,False,,,0.0,,False,2.9,0,,False,[],,False,199.0,199.0,True
bc1p44w8sr9hsadd08u4eeqwx4x4dlx7ph5dkjkhqnwvh048npnpv65qm0w8p9,bitcoin,BTC,9.15,0.0,BTC,594750.0,183,0,0,1,1,1.0,0.0,0.0,True,0.195,0.25757950070509117,False,False,,2.9,,0,[],[],0,False,False,,,71.9,False,,,0.0,,False,2.9,0,,False,[],,False,183.0,183.0,True
bc1psz4cknx2pf5j27q6uc7edg5j6j99x9q8d79adpkna4n9udgjeqks8zafx0,bitcoin,BTC,5.19749298,0.0,BTC,337837.0437,163,0,0,1,1,1.0,0.0,0.0,True,0.15375,0.25716118213858635,False,False,,2.9,,0,[],[],0,False,False,,,66.2,False,,,0.0,,False,2.9,0,,False,[],,False,163.0,163.0,True
bc1p0h25x3ykrxvcs2xprnnxskue5jl8yvuku6slfpftphkcur5t5qhslpxqne,bitcoin,BTC,1.31265927,0.00531441,BTC,85322.85255,247,0,1,1,1,1.0,0.0,0.004048582995951417,True,0.3383847165991902,0.25763071589101294,False,False,,2.8,,0,[],[],0,False,False,,,91.4,False,,,0.0,,False,2.8,0,,False,[],,False,247.0,247.0,True
bc1q3ywrkly86hz8tmjeyex5p8qaqj5h50cgkq8hkw,bitcoin,BTC,1.31265927,0.00531441,BTC,85322.85255,247,0,1,1,1,1.0,0.0,0.004048582995951417,True,0.3383847165991902,0.25763071589101294,False,False,,2.8,,0,[],[],0,False,False,,,91.4,False,,,0.0,,False,2.8,0,,False,[],,False,247.0,247.0,True
bc1pdj05dfhcyuhc6t0svu8ju3fusd4eu27eeswhgqc09wgzfpszjuvq795fs6,bitcoin,BTC,7.87595562,0.03188646,BTC,511937.1153,247,0,1,1,1,1.0,0.0,0.004048582995951417,True,0.3383847165991902,0.25828414479132566,False,False,,2.8,,0,[],[],0,False,False,,,91.4,False,,,0.0,,False,2.8,0,,False,[],,False,247.0,247.0,True
bc1ptgyzv679rr53k4hjnc0l84vwedm3vg0lum0eny809cfxcnj2dhys68ja7g,bitcoin,BTC,1.31265927,0.00531441,BTC,85322.85255,247,0,1,1,1,1.0,0.0,0.004048582995951417,True,0.3383847165991902,0.25763071589101294,False,False,,2.8,,0,[],[],0,False,False,,,91.4,False,,,0.0,,False,2.8,0,,False,[],,False,247.0,247.0,True
bc1qus5v5exd6jjj2v0nwshp399rd0e8pema8ae2p8,bitcoin,BTC,7.87595562,0.03188646,BTC,511937.1153,247,0,1,1,1,1.0,0.0,0.004048582995951417,True,0.3383847165991902,0.25828414479132566,False,False,,2.8,,0,[],[],0,False,False,,,91.4,False,,,0.0,,False,2.8,0,,False,[],,False,247.0,247.0,True
bc1q5k90cykej20phu90nfsczxw8ukwungz9pajtv9,bitcoin,BTC,1.31265927,0.00531441,BTC,85322.85255,247,0,1,1,1,1.0,0.0,0.004048582995951417,True,0.3383847165991902,0.25763071589101294,False,False,,2.8,,0,[],[],0,False,False,,,91.4,False,,,0.0,,False,2.8,0,,False,[],,False,247.0,247.0,True
bc1p2uxu7px33q9dtx84de2e7wjj78zh0hdy37fhkzdzzll4r2xte6yqsev6h0,bitcoin,BTC,7.87595562,0.03188646,BTC,511937.1153,247,0,1,1,1,1.0,0.0,0.004048582995951417,True,0.3383847165991902,0.25828414479132566,False,False,,2.8,,0,[],[],0,False,False,,,91.4,False,,,0.0,,False,2.8,0,,False,[],,False,247.0,247.0,True
bc1q9x6pcwtncg2g37j99468p3tl46v6knry9ypspw,bitcoin,BTC,1.31265927,0.00531441,BTC,85322.85255,247,0,1,1,1,1.0,0.0,0.004048582995951417,True,0.3383847165991902,0.25763071589101294,False,False,,2.8,,0,[],[],0,False,False,,,91.4,False,,,0.0,,False,2.8,0,,False,[],,False,247.0,247.0,True
bc1pkkg56558dhjwnj7fdwen7a6gtkxd77tsnc7qcsnyyjelyejs92ksy52yk2,bitcoin,BTC,1.31265927,0.00531441,BTC,85322.85255,247,0,1,1,1,1.0,0.0,0.004048582995951417,True,0.3383847165991902,0.25763071589101294,False,False,,2.8,,0,[],[],0,False,False,,,91.4,False,,,0.0,,False,2.8,0,,False,[],,False,247.0,247.0,True
bc1qpwrjf8wrw84jnuuwpfkp38xfa26c44fq6ccvcw,bitcoin,BTC,1.31265927,0.00531441,BTC,85322.85255,247,0,1,1,1,1.0,0.0,0.004048582995951417,True,0.3383847165991902,0.25763071589101294,False,False,,2.8,,0,[],[],0,False,False,,,91.4,False,,,0.0,,False,2.8,0,,False,[],,False,247.0,247.0,True
bc1pk9kvfa7lhqn4pjww8u0l6d44kypdyq3gntn6d6rfeqw8lpxkhlmq9pxvd7,bitcoin,BTC,7.87595562,0.03188646,BTC,511937.1153,247,0,1,1,1,1.0,0.0,0.004048582995951417,True,0.3383847165991902,0.25828414479132566,False,False,,2.8,,0,[],[],0,False,False,,,91.4,False,,,0.0,,False,2.8,0,,False,[],,False,247.0,247.0,True
bc1pnwl43zde4xz9zyzce7nklpwwejtaes7megl5pgc0fev45n9ctwwsh8rfdv,bitcoin,BTC,1.31265927,0.00531441,BTC,85322.85255,247,0,1,1,1,1.0,0.0,0.004048582995951417,True,0.3383847165991902,0.25763071589101294,False,False,,2.8,,0,[],[],0,False,False,,,91.4,False,,,0.0,,False,2.8,0,,False,[],,False,247.0,247.0,True
bc1qqyjg9ecqrvzrv2ww9xhyqjulfp6efw70k0wx54,bitcoin,BTC,1.31265927,0.00531441,BTC,85322.85255,247,0,1,1,1,1.0,0.0,0.004048582995951417,True,0.3383847165991902,0.25763071589101294,False,False,,2.8,,0,[],[],0,False,False,,,91.4,False,,,0.0,,False,2.8,0,,False,[],,False,247.0,247.0,True
bc1pcdlg602cm7y5rzx0e4j55vch999acncrvar9m8f9va8m965jr50sakkk9a,bitcoin,BTC,1.31265927,0.00531441,BTC,85322.85255,247,0,1,1,1,1.0,0.0,0.004048582995951417,True,0.3383847165991902,0.25763071589101294,False,False,,2.8,,0,[],[],0,False,False,,,91.4,False,,,0.0,,False,2.8,0,,False,[],,False,247.0,247.0,True
bc1p00r27a7uftnwrw75y6x6qup59lwzrj906dug60y2ymuvnpuhk8esg07sx6,bitcoin,BTC,1.31265927,0.00531441,BTC,85322.85255,247,0,1,1,1,1.0,0.0,0.004048582995951417,True,0.3383847165991902,0.25763071589101294,False,False,,2.8,,0,[],[],0,False,False,,,91.4,False,,,0.0,,False,2.8,0,,False,[],,False,247.0,247.0,True
bc1pr5zmz54hqa2y4r6dp44cju6f3fqga6d3cv6qwuzkezrrpn5rl03syvk9qd,bitcoin,BTC,1.31265927,0.0,BTC,85322.85255,247,0,0,1,1,1.0,0.0,0.0,True,0.33757499999999996,0.25763071589101294,False,False,,2.8,,0,[],[],0,False,False,,,91.4,False,,,0.0,,False,2.8,0,,False,[],,False,247.0,247.0,True
bc1przd2tc5lwadzg605pfcen7ze8wt82g99ur8lc4ckcuv5uc05rqjqp0ek4k,bitcoin,BTC,7.87595562,0.0,BTC,511937.1153,247,0,0,1,1,1.0,0.0,0.0,True,0.33757499999999996,0.25828414479132566,False,False,,2.8,,0,[],[],0,False,False,,,91.4,False,,,0.0,,False,2.8,0,,False,[],,False,247.0,247.0,True
bc1pyuypre8rjpq5zjqdd9q2eluknw2z4zgw9e2m2e0j827rvuj3x8cqqmdm7v,bitcoin,BTC,7.87595562,0.0,BTC,511937.1153,247,0,0,1,1,1.0,0.0,0.0,True,0.33757499999999996,0.25828414479132566,False,False,,2.8,,0,[],[],0,False,False,,,91.4,False,,,0.0,,False,2.8,0,,False,[],,False,247.0,247.0,True
bc1ppmmknfmjg9aa9xdm29syq6a6l3ujexrnpru2l0ak75t4uacz6alskgjr62,bitcoin,BTC,1.31265927,0.0,BTC,85322.85255,247,0,0,1,1,1.0,0.0,0.0,True,0.33757499999999996,0.25763071589101294,False,False,,2.8,,0,[],[],0,False,False,,,91.4,False,,,0.0,,False,2.8,0,,False,[],,False,247.0,247.0,True
bc1pnzrm6umz0uj2sjje35sagv6fw29qkjhcq4mnhp732e98y9jf7kaqsxq7u5,bitcoin,BTC,7.87595562,0.0,BTC,511937.1153,247,0,0,1,1,1.0,0.0,0.0,True,0.33757499999999996,0.25828414479132566,False,False,,2.8,,0,[],[],0,False,False,,,91.4,False,,,0.0,,False,2.8,0,,False,[],,False,247.0,247.0,True
bc1pkhvhh6mh8w4wclxezdyq7amzyqs9gx6vt2gmp4udjulhkwxj3jyq8vkmpz,bitcoin,BTC,7.87595562,0.0,BTC,511937.1153,247,0,0,1,1,1.0,0.0,0.0,True,0.33757499999999996,0.25828414479132566,False,False,,2.8,,0,[],[],0,False,False,,,91.4,False,,,0.0,,False,2.8,0,,False,[],,False,247.0,247.0,True
bc1pe50m83fqrs4td34l5mqac3fjn2qskcz6x7ud70023cezp7pv592s2memz4,bitcoin,BTC,7.87595562,0.0,BTC,511937.1153,247,0,0,1,1,1.0,0.0,0.0,True,0.33757499999999996,0.25828414479132566,False,False,,2.8,,0,[],[],0,False,False,,,91.4,False,,,0.0,,False,2.8,0,,False,[],,False,247.0,247.0,True
bc1px0slw4nnptqwxxjywd87303eer40k2havak2s44hwdqtx4q865aq3vd4qt,bitcoin,BTC,0.5505024,0.0,BTC,35782.655999999995,210,0,0,1,1,1.0,0.0,0.0,True,0.27097499999999997,0.2578119030119309,False,False,,2.8,,0,[],[],0,False,False,,,82.3,False,,,0.0,,False,2.8,0,,False,[],,False,210.0,210.0,True
bc1pc3d6x97puds0d5u5hlms9t5x0vg0u9w674gctg0h943qpjf47g3ql7dmjw,bitcoin,BTC,0.5505024,0.0,BTC,35782.655999999995,210,0,0,1,1,1.0,0.0,0.0,True,0.27097499999999997,0.2578119030119309,False,False,,2.8,,0,[],[],0,False,False,,,82.3,False,,,0.0,,False,2.8,0,,False,[],,False,210.0,210.0,True
bc1p045qcgm0l2ehkahxgdw2dd79gx2syujh0q6dmdf4a98nk2gtjtzqdgu547,bitcoin,BTC,19.70583228,0.0,BTC,1280879.0982,206,0,0,1,1,1.0,0.0,0.0,True,0.25987499999999997,0.2581793486664299,False,False,,2.8,,0,[],[],0,False,False,,,80.8,False,,,0.0,,False,2.8,0,,False,[],,False,206.0,206.0,True
bc1qalfk2ahjmc5a2dpwe0wxzg9z59zsswcg6fhtjf,bitcoin,BTC,19.70583228,0.0,BTC,1280879.0982,206,0,0,1,1,1.0,0.0,0.0,True,0.25987499999999997,0.2581793486664299,False,False,,2.8,,0,[],[],0,False,False,,,80.8,False,,,0.0,,False,2.8,0,,False,[],,False,206.0,206.0,True
bc1pxdvuwh6r6ar3j620e7l9gcdj3tagzeawhx3cq29uuvd4x656vy6s27vdmd,bitcoin,BTC,19.70583228,0.0,BTC,1280879.0982,206,0,0,1,1,1.0,0.0,0.0,True,0.25987499999999997,0.2581793486664299,False,False,,2.8,,0,[],[],0,False,False,,,80.8,False,,,0.0,,False,2.8,0,,False,[],,False,206.0,206.0,True
bc1p84emc9yx63hglhsvxtsny5r403cgpwx0qa2075gm6gn0pxg35qpskt79hd,bitcoin,BTC,19.70583228,0.0,BTC,1280879.0982,206,0,0,1,1,1.0,0.0,0.0,True,0.25987499999999997,0.2581793486664299,False,False,,2.8,,0,[],[],0,False,False,,,80.8,False,,,0.0,,False,2.8,0,,False,[],,False,206.0,206.0,True
bc1p7eccqzha2umu8xq2ajah4749zgk9gaq8fppy95x470up8xpnhhwqexcht5,bitcoin,BTC,17.11276032,0.0,BTC,1112329.4208,204,0,0,1,1,1.0,0.0,0.0,True,0.25117500000000004,0.25779858346707746,False,False,,2.8,,0,[],[],0,False,False,,,79.6,False,,,0.0,,False,2.8,0,,False,[],,False,204.0,204.0,True
bc1pj4yhfzr5vgltrzhwcarac52r8tqhjwnez9d74mlve3yqtc7rmcsspdj9v0,bitcoin,BTC,2.11513518,0.0,BTC,137483.7867,199,0,0,1,1,1.0,0.0,0.0,True,0.24539999999999998,0.25760896842137776,False,False,,2.8,,0,[],[],0,False,False,,,78.8,False,,,0.0,,False,2.8,0,,False,[],,False,199.0,199.0,True
bc1pet9kc6aky7z2xy2zqs96xtwpe6jun4zne9aqk768ttq6my7yyjgqr98k05,bitcoin,BTC,2.11513518,0.0,BTC,137483.7867,199,0,0,1,1,1.0,0.0,0.0,True,0.24539999999999998,0.25760896842137776,False,False,,2.8,,0,[],[],0,False,False,,,78.8,False,,,0.0,,False,2.8,0,,False,[],,False,199.0,199.0,True
bc1pm7d5j978ftz6jpky69waydjvctuk70seucnqwxzfp6k6h0nwdu6sm27kf6,bitcoin,BTC,2.11513518,0.0,BTC,137483.7867,199,0,0,1,1,1.0,0.0,0.0,True,0.24539999999999998,0.25760896842137776,False,False,,2.8,,0,[],[],0,False,False,,,78.8,False,,,0.0,,False,2.8,0,,False,[],,False,199.0,199.0,True
bc1pyjz4edvjfapshz500pwygw352nz8af99rrd74etvd2kkzawyhh8q0gtlsz,bitcoin,BTC,0.64835802,0.0,BTC,42143.2713,183,0,0,1,1,1.0,0.0,0.0,True,0.195,0.2577162750175669,False,False,,2.8,,0,[],[],0,False,False,,,71.9,False,,,0.0,,False,2.8,0,,False,[],,False,183.0,183.0,True
bc1q9whuverdhvsts8whf30ysks33e6ej4833jwk7a,bitcoin,BTC,0.93533616,0.0,BTC,60796.850399999996,176,0,0,1,1,1.0,0.0,0.0,True,0.1755,0.25819249156384294,False,False,,2.8,,0,[],[],0,False,False,,,69.2,False,,,0.0,,False,2.8,0,,False,[],,False,176.0,176.0,True
bc1ptwqzg3ysapyurwvg3hqehq0merq44vdlm0z2yd2mykucdg350xnq0pm2fm,bitcoin,BTC,8.8,0.0,BTC,572000.0,176,0,0,1,1,1.0,0.0,0.0,True,0.1755,0.2577618398921811,False,False,,2.8,,0,[],[],0,False,False,,,69.2,False,,,0.0,,False,2.8,0,,False,[],,False,176.0,176.0,True
bc1q8e4gygt4dmjn3spr39c8c0xrjgf6q9qnkd39c8,bitcoin,BTC,0.93533616,0.0,BTC,60796.850399999996,176,0,0,1,1,1.0,0.0,0.0,True,0.1755,0.25819249156384294,False,False,,2.8,,0,[],[],0,False,False,,,69.2,False,,,0.0,,False,2.8,0,,False,[],,False,176.0,176.0,True
bc1pc7gka3e6flh4ulyv3h0q3ywvuv0xyt56lquvrv06vydlmay97eyq64md98,bitcoin,BTC,7.87595562,0.03188646,BTC,511937.1153,247,0,1,1,1,1.0,0.0,0.004048582995951417,True,0.3383847165991902,0.25858822923968816,False,False,,2.7,,0,[],[],0,False,False,,,91.4,False,,,0.0,,False,2.7,0,,False,[],,False,247.0,247.0,True
bc1pslmn3v4p7zta6qvd9g9x5jzvcj6z9nejz0kys8gn6umlxfjeq53qw27sy8,bitcoin,BTC,7.87595562,0.03188646,BTC,511937.1153,247,0,1,1,1,1.0,0.0,0.004048582995951417,True,0.3383847165991902,0.25858822923968816,False,False,,2.7,,0,[],[],0,False,False,,,91.4,False,,,0.0,,False,2.7,0,,False,[],,False,247.0,247.0,True
bc1pcfjl05g324gyvd38flqsd6pdmhzys9pvld5q8fqvka4pt03e9j7qclyza3,bitcoin,BTC,7.87595562,0.03188646,BTC,511937.1153,247,0,1,1,1,1.0,0.0,0.004048582995951417,True,0.3383847165991902,0.25858822923968816,False,False,,2.7,,0,[],[],0,False,False,,,91.4,False,,,0.0,,False,2.7,0,,False,[],,False,247.0,247.0,True
bc1pguu9rjxwry8asex2jq6mvjl4lmlce4nc4rm2qx0vlnyr7r9eqemsstn7xp,bitcoin,BTC,7.87595562,0.0,BTC,511937.1153,247,0,0,1,1,1.0,0.0,0.0,True,0.33757499999999996,0.25858822923968816,False,False,,2.7,,0,[],[],0,False,False,,,91.4,False,,,0.0,,False,2.7,0,,False,[],,False,247.0,247.0,True
bc1pk36wv95p6n42gv9308dsceusy3x60t8xxl2q2nldpzqc0srfec3s56zzz6,bitcoin,BTC,10.5,0.0,BTC,682500.0,210,0,0,1,1,1.0,0.0,0.0,True,0.27097499999999997,0.25848503168528647,False,False,,2.7,,0,[],[],0,False,False,,,82.3,False,,,0.0,,False,2.7,0,,False,[],,False,210.0,210.0,True
bc1pddxd7067upvelxahs0lsfehjk94awa33qxfuctvvekd2x8xu6u2q7n6mmd,bitcoin,BTC,8.6,0.0,BTC,559000.0,172,0,0,1,1,1.0,0.0,0.0,True,0.164775,0.2584491690393009,False,False,,2.7,,0,[],[],0,False,False,,,67.7,False,,,0.0,,False,2.7,0,,False,[],,False,172.0,172.0,True
bc1psham822fpjpx246aanvdv3ps80avgh4tww486h2v6mc64p75av5qkengfu,bitcoin,BTC,8.6,0.0,BTC,559000.0,172,0,0,1,1,1.0,0.0,0.0,True,0.164775,0.2584491690393009,False,False,,2.7,,0,[],[],0,False,False,,,67.7,False,,,0.0,,False,2.7,0,,False,[],,False,172.0,172.0,True
bc1p9ut0rfnvpw70kcfhg3q2etv3n4xksmugp4xt847xkj2n7acytvgs8p2yg6,bitcoin,BTC,8.6,0.0,BTC,559000.0,172,0,0,1,1,1.0,0.0,0.0,True,0.164775,0.2584491690393009,False,False,,2.7,,0,[],[],0,False,False,,,67.7,False,,,0.0,,False,2.7,0,,False,[],,False,172.0,172.0,True
bc1pq640xd8rm93a0pp5d34vc68jlkrmut8l3yrz90dqhaf2ey3574aq7zjgpx,bitcoin,BTC,1.82815704,0.0,BTC,118830.2076,172,0,0,1,1,1.0,0.0,0.0,True,0.164775,0.25867759171986887,False,False,,2.7,,0,[],[],0,False,False,,,67.7,False,,,0.0,,False,2.7,0,,False,[],,False,172.0,172.0,True
bc1pwcwhmgwqd07znzpn4k698pwgnae9ny5t4kgrtuk9yv9hrd0rdjzqre52y6,bitcoin,BTC,8.6,0.0,BTC,559000.0,172,0,0,1,1,1.0,0.0,0.0,True,0.164775,0.2584491690393009,False,False,,2.7,,0,[],[],0,False,False,,,67.7,False,,,0.0,,False,2.7,0,,False,[],,False,172.0,172.0,True
bc1pc8ydrfz7xlhjuxcxkds9cux8yhg0xfesngt3djt2mvrf3eahyaascnjl9k,bitcoin,BTC,1.82815704,0.0,BTC,118830.2076,172,0,0,1,1,1.0,0.0,0.0,True,0.164775,0.25867759171986887,False,False,,2.7,,0,[],[],0,False,False,,,67.7,False,,,0.0,,False,2.7,0,,False,[],,False,172.0,172.0,True
bc1p25ytw02h2nua3fngxwu55q97j5z24qrem4ysvnrx5agmepqexffsefcyu6,bitcoin,BTC,1.82815704,0.0,BTC,118830.2076,172,0,0,1,1,1.0,0.0,0.0,True,0.164775,0.25867759171986887,False,False,,2.7,,0,[],[],0,False,False,,,67.7,False,,,0.0,,False,2.7,0,,False,[],,False,172.0,172.0,True
bc1phlv3h4cqnawwhx4tzm6vyvsv8mcf6armssylgx0zcmgc4hryda8szze3rp,bitcoin,BTC,1.82815704,0.0,BTC,118830.2076,172,0,0,1,1,1.0,0.0,0.0,True,0.164775,0.25867759171986887,False,False,,2.7,,0,[],[],0,False,False,,,67.7,False,,,0.0,,False,2.7,0,,False,[],,False,172.0,172.0,True
bc1p08n4gy2wm4e08x9mpk9pvy48ras45jd39as7skh8wf0l4cc9sfvsu0ef4t,bitcoin,BTC,8.6,0.0,BTC,559000.0,172,0,0,1,1,1.0,0.0,0.0,True,0.164775,0.2584491690393009,False,False,,2.7,,0,[],[],0,False,False,,,67.7,False,,,0.0,,False,2.7,0,,False,[],,False,172.0,172.0,True
bc1psmvfvvwt27h499txadtcmp5jzmh0aztyuffjwhlq5hv7d0v7d6vqh8xyrz,bitcoin,BTC,3.41835776,0.0,BTC,222193.2544,163,0,0,1,1,1.0,0.0,0.0,True,0.15375,0.25859474892329753,False,False,,2.7,,0,[],[],0,False,False,,,66.2,False,,,0.0,,False,2.7,0,,False,[],,False,163.0,163.0,True
bc1ppcq723vtdnwczdwjdwml5frr9lftcmea53hpt28es0hl6xnsh63qzyerv2,bitcoin,BTC,11.05,0.0,BTC,718250.0,221,0,0,1,1,1.0,0.0,0.0,True,0.3,0.25908970283787747,False,False,,2.6,,0,[],[],0,False,False,,,86.3,False,,,0.0,,False,2.6,0,,False,[],,False,221.0,221.0,True
bc1pz405vlz2m2w7z5x366m8c9egdnmzga0gca3gd0jt2vye629j4sus7yhgmv,bitcoin,BTC,0.6554439,0.0,BTC,42603.8535,185,0,0,1,1,1.0,0.0,0.0,True,0.20077499999999998,0.259477367190302,False,False,,2.6,,0,[],[],0,False,False,,,72.6,False,,,0.0,,False,2.6,0,,False,[],,False,185.0,185.0,True
bc1pl3693enf7hkew9drlftnk89a2yzfc6fyp59qqpzvz9cmnxfudm5slegy92,bitcoin,BTC,0.6554439,0.0,BTC,42603.8535,185,0,0,1,1,1.0,0.0,0.0,True,0.20077499999999998,0.259477367190302,False,False,,2.6,,0,[],[],0,False,False,,,72.6,False,,,0.0,,False,2.6,0,,False,[],,False,185.0,185.0,True
bc1pnd9vz74saumv6cturdq4uz4xhsdff5zzzvry8qd9zeh244xvnwqsrkq46m,bitcoin,BTC,0.6554439,0.0,BTC,42603.8535,185,0,0,1,1,1.0,0.0,0.0,True,0.20077499999999998,0.259477367190302,False,False,,2.6,,0,[],[],0,False,False,,,72.6,False,,,0.0,,False,2.6,0,,False,[],,False,185.0,185.0,True
bc1phq36q2em3qffft4ncgu0pzlx2njlw0fcmzejyem4tfaznhwuzwns7wup2x,bitcoin,BTC,0.6554439,0.0,BTC,42603.8535,185,0,0,1,1,1.0,0.0,0.0,True,0.20077499999999998,0.259477367190302,False,False,,2.6,,0,[],[],0,False,False,,,72.6,False,,,0.0,,False,2.6,0,,False,[],,False,185.0,185.0,True
bc1q5d43l59269hg9fjdk5ttxwe8ec8vw8jz4qphz2,bitcoin,BTC,0.6554439,0.0,BTC,42603.8535,185,0,0,1,1,1.0,0.0,0.0,True,0.20077499999999998,0.259477367190302,False,False,,2.6,,0,[],[],0,False,False,,,72.6,False,,,0.0,,False,2.6,0,,False,[],,False,185.0,185.0,True
bc1pwefuw6th4jkjjn87j3qk4y68p39ndykwd4y30ma7ug99a76fff0s5wq3jr,bitcoin,BTC,0.6554439,0.0,BTC,42603.8535,185,0,0,1,1,1.0,0.0,0.0,True,0.20077499999999998,0.259477367190302,False,False,,2.6,,0,[],[],0,False,False,,,72.6,False,,,0.0,,False,2.6,0,,False,[],,False,185.0,185.0,True
bc1p30s7zxnd06uxtlgcp9kyf90ek74xqn2mrrph8fru69dc7fmlweksy4l8xv,bitcoin,BTC,0.6554439,0.0,BTC,42603.8535,185,0,0,1,1,1.0,0.0,0.0,True,0.20077499999999998,0.259477367190302,False,False,,2.6,,0,[],[],0,False,False,,,72.6,False,,,0.0,,False,2.6,0,,False,[],,False,185.0,185.0,True
bc1pw94r5mcfktg3ng008703ermh9526pumvv3t0w666smtqmcdhcvxqyatk90,bitcoin,BTC,0.6554439,0.0,BTC,42603.8535,185,0,0,1,1,1.0,0.0,0.0,True,0.20077499999999998,0.259477367190302,False,False,,2.6,,0,[],[],0,False,False,,,72.6,False,,,0.0,,False,2.6,0,,False,[],,False,185.0,185.0,True
bc1pg2aamcdmkhffl4u7qgnp003tgkaa5ke0lnv3rqzu6hrr8gwudw2q732dmk,bitcoin,BTC,1.83878586,0.0,BTC,119521.0809,173,0,0,1,1,1.0,0.0,0.0,True,0.1689,0.25916165099407623,False,False,,2.6,,0,[],[],0,False,False,,,68.3,False,,,0.0,,False,2.6,0,,False,[],,False,173.0,173.0,True
bc1p6ugjnzag9k8t7je3naa0alee3gfvu6hdw233e0w4t2c3vhvnuucslc6tcm,bitcoin,BTC,17.1966464,0.0,BTC,1117782.0159999998,205,0,0,1,1,1.0,0.0,0.0,True,0.253875,0.25990503597867526,False,False,,2.5,,0,[],[],0,False,False,,,79.9,False,,,0.0,,False,2.5,0,,False,[],,False,205.0,205.0,True
bc1py7caes72uzuq0k2mcn8gne5am6jk8csvmwncn6as7fn9sqmzf92s8u9rjv,bitcoin,BTC,17.1966464,0.0,BTC,1117782.0159999998,205,0,0,1,1,1.0,0.0,0.0,True,0.253875,0.25990503597867526,False,False,,2.5,,0,[],[],0,False,False,,,79.9,False,,,0.0,,False,2.5,0,,False,[],,False,205.0,205.0,True
bc1q9ke9eds2wypcwghjmkxz3wtaxd6zykg2ekjg6e,bitcoin,BTC,18.27094158,0.0,BTC,1187611.2027,191,0,0,1,1,1.0,0.0,0.0,True,0.21,0.2605105047307365,False,False,,2.5,,0,[],[],0,False,False,,,73.9,False,,,0.0,,False,2.5,0,,False,[],,False,191.0,191.0,True
bc1qrstjk6sk7npwyz3z7nm423ffv6xpqv96ujxeds,bitcoin,BTC,18.27094158,0.0,BTC,1187611.2027,191,0,0,1,1,1.0,0.0,0.0,True,0.21,0.2605105047307365,False,False,,2.5,,0,[],[],0,False,False,,,73.9,False,,,0.0,,False,2.5,0,,False,[],,False,191.0,191.0,True
bc1quzvjmxh3tw6vwue7dt37hzl4x07pvmw733qafz,bitcoin,BTC,18.27094158,0.0,BTC,1187611.2027,191,0,0,1,1,1.0,0.0,0.0,True,0.21,0.2605105047307365,False,False,,2.5,,0,[],[],0,False,False,,,73.9,False,,,0.0,,False,2.5,0,,False,[],,False,191.0,191.0,True
bc1q8fpghkjgwhjcmqnd7tlflmlu5l4m7gfnu904d9,bitcoin,BTC,0.99090432,0.0,BTC,64408.78079999999,189,0,0,1,1,1.0,0.0,0.0,True,0.20482499999999998,0.26038623173625686,False,False,,2.5,,0,[],[],0,False,False,,,73.2,False,,,0.0,,False,2.5,0,,False,[],,False,189.0,189.0,True
bc1pp38x5v0400ha4rthdha5ek4aqa7fraj4chy4gq74aw8u0wz8hcksj2w2pt,bitcoin,BTC,0.95127939,0.0,BTC,61833.16035,179,0,0,1,1,1.0,0.0,0.0,True,0.183075,0.25995309698024494,False,False,,2.5,,0,[],[],0,False,False,,,70.2,False,,,0.0,,False,2.5,0,,False,[],,False,179.0,179.0,True
bc1p6skgjsql5wwe4qkyw96392rlfp49lagtt6z8ycza6h5taa4u07lszd74lw,bitcoin,BTC,0.95127939,0.0,BTC,61833.16035,179,0,0,1,1,1.0,0.0,0.0,True,0.183075,0.25995309698024494,False,False,,2.5,,0,[],[],0,False,False,,,70.2,False,,,0.0,,False,2.5,0,,False,[],,False,179.0,179.0,True
bc1q64fpfyjzu0x3f3mecshef8stg9tr85g54j6hq3,bitcoin,BTC,0.94596498,0.0,BTC,61487.723699999995,178,0,0,1,1,1.0,0.0,0.0,True,0.17865,0.25996853922875757,False,False,,2.5,,0,[],[],0,False,False,,,69.6,False,,,0.0,,False,2.5,0,,False,[],,False,178.0,178.0,True
bc1phf5le4kk9vhdrwffdtxa8vdmfdrp8xrlywzcaanewtf4c3n05vqss3ugrz,bitcoin,BTC,8.9,0.0,BTC,578500.0,178,0,0,1,1,1.0,0.0,0.0,True,0.17865,0.2604156630078599,False,False,,2.5,,0,[],[],0,False,False,,,69.6,False,,,0.0,,False,2.5,0,,False,[],,False,178.0,178.0,True
bc1q6p3kk2cp7muyl7zqntek0lkyuvt4dd5mch7agt,bitcoin,BTC,0.94596498,0.0,BTC,61487.723699999995,178,0,0,1,1,1.0,0.0,0.0,True,0.17865,0.25996853922875757,False,False,,2.5,,0,[],[],0,False,False,,,69.6,False,,,0.0,,False,2.5,0,,False,[],,False,178.0,178.0,True
bc1p9l2we0kqjwjkycc94zlh2rjah0zyrxpm0lfkp43n9lryuxp4uzus3lk0q0,bitcoin,BTC,1.84941468,0.0,BTC,120211.9542,174,0,0,1,1,1.0,0.0,0.0,True,0.1722,0.26027127706520226,False,False,,2.5,,0,[],[],0,False,False,,,68.7,False,,,0.0,,False,2.5,0,,False,[],,False,174.0,174.0,True
bc1pslvv6kkpd7jtkz6mtmuyezws6gcgwvzdwuz86pn3a90knt342uwsugvr3z,bitcoin,BTC,1.84941468,0.0,BTC,120211.9542,174,0,0,1,1,1.0,0.0,0.0,True,0.1722,0.26027127706520226,False,False,,2.5,,0,[],[],0,False,False,,,68.7,False,,,0.0,,False,2.5,0,,False,[],,False,174.0,174.0,True
bc1pyw9r6kqexzhp0xdp5uxszlaq6aumfuack36rvz6kpzzdszpekfsqlzk3hr,bitcoin,BTC,1.84941468,0.0,BTC,120211.9542,174,0,0,1,1,1.0,0.0,0.0,True,0.1722,0.26027127706520226,False,False,,2.5,,0,[],[],0,False,False,,,68.7,False,,,0.0,,False,2.5,0,,False,[],,False,174.0,174.0,True
bc1p474hed9gtp359z722lxl709w5yg6duwhkpnl8puk9xe4lqfy07usr4eg4z,bitcoin,BTC,8.27453637,0.0,BTC,537844.86405,173,0,0,1,1,1.0,0.0,0.0,True,0.1689,0.26004795064722774,False,False,,2.5,,0,[],[],0,False,False,,,68.3,False,,,0.0,,False,2.5,0,,False,[],,False,173.0,173.0,True
bc1pa5t8epw58z8xef9t4qk33dlvprlfphmjtnqky9eq43sclg9r5f3swlf7hh,bitcoin,BTC,8.27453637,0.0,BTC,537844.86405,173,0,0,1,1,1.0,0.0,0.0,True,0.1689,0.26004795064722774,False,False,,2.5,,0,[],[],0,False,False,,,68.3,False,,,0.0,,False,2.5,0,,False,[],,False,173.0,173.0,True
bc1pl07a6ne0hjdaqu9vxqekufpaz090uxtyp7mhmfyg6ngjfln234fq8gmpl2,bitcoin,BTC,8.27453637,0.0,BTC,537844.86405,173,0,0,1,1,1.0,0.0,0.0,True,0.1689,0.26004795064722774,False,False,,2.5,,0,[],[],0,False,False,,,68.3,False,,,0.0,,False,2.5,0,,False,[],,False,173.0,173.0,True
bc1pwn5jwuemzxjs052hwxy348sjfnqgwk03u5c5jrx82h7vrv06z4rsjzk04d,bitcoin,BTC,8.27453637,0.0,BTC,537844.86405,173,0,0,1,1,1.0,0.0,0.0,True,0.1689,0.26004795064722774,False,False,,2.5,,0,[],[],0,False,False,,,68.3,False,,,0.0,,False,2.5,0,,False,[],,False,173.0,173.0,True
bc1q7d4vehk07x9qg0860hgxntva54h4tejw9593l5,bitcoin,BTC,8.27453637,0.0,BTC,537844.86405,173,0,0,1,1,1.0,0.0,0.0,True,0.1689,0.26004795064722774,False,False,,2.5,,0,[],[],0,False,False,,,68.3,False,,,0.0,,False,2.5,0,,False,[],,False,173.0,173.0,True
bc1pfgujymeh439zjp86s489xkmzxf4490nh0h99en2uc0py95cr7zrq5sx3n7,bitcoin,BTC,2.62531854,0.01062882,BTC,170645.7051,247,0,1,1,1,1.0,0.0,0.004048582995951417,True,0.3383847165991902,0.26122710801714066,False,False,,2.4,,0,[],[],0,False,False,,,91.4,False,,,0.0,,False,2.4,0,,False,[],,False,247.0,247.0,True
bc1p2j4dpm8ahaqyy0a07pqu4sh6gzk0yux036y9r0hd20ph2udf5ldqpft7r7,bitcoin,BTC,2.62531854,0.01062882,BTC,170645.7051,247,0,1,1,1,1.0,0.0,0.004048582995951417,True,0.3383847165991902,0.26122710801714066,False,False,,2.4,,0,[],[],0,False,False,,,91.4,False,,,0.0,,False,2.4,0,,False,[],,False,247.0,247.0,True
bc1p8pg8g5e4sxj3t9sj9aa39j0rghzx052zh2g7jnavpg49ywpq44kslhr7s5,bitcoin,BTC,5.17996544,0.02097152,BTC,336697.7536,247,0,1,1,1,1.0,0.0,0.004048582995951417,True,0.3383847165991902,0.26098485052902004,False,False,,2.4,,0,[],[],0,False,False,,,91.4,False,,,0.0,,False,2.4,0,,False,[],,False,247.0,247.0,True
bc1pqx8a7ez0vplxydu78htfh8ghaqt2qkv64xf3jyxnlrsntguwwtjq5txcf2,bitcoin,BTC,5.17996544,0.02097152,BTC,336697.7536,247,0,1,1,1,1.0,0.0,0.004048582995951417,True,0.3383847165991902,0.26098485052902004,False,False,,2.4,,0,[],[],0,False,False,,,91.4,False,,,0.0,,False,2.4,0,,False,[],,False,247.0,247.0,True
bc1pg6525jkm0cu8xjknxea5z3e7pnk9plv7ukuz2dy04w9nz4xtf2gq0y8gf4,bitcoin,BTC,5.17996544,0.02097152,BTC,336697.7536,247,0,1,1,1,1.0,0.0,0.004048582995951417,True,0.3383847165991902,0.26098485052902004,False,False,,2.4,,0,[],[],0,False,False,,,91.4,False,,,0.0,,False,2.4,0,,False,[],,False,247.0,247.0,True
bc1p09897esnh0z2wndqhwravnafk8narn3ne76q70j47vf37kfksqhqkxjxft,bitcoin,BTC,5.17996544,0.02097152,BTC,336697.7536,247,0,1,1,1,1.0,0.0,0.004048582995951417,True,0.3383847165991902,0.26098485052902004,False,False,,2.4,,0,[],[],0,False,False,,,91.4,False,,,0.0,,False,2.4,0,,False,[],,False,247.0,247.0,True
bc1pn4pg5d43ka89hrqm82jpknn646gcl3f8drf33utsndra6weafwlskqgx4e,bitcoin,BTC,5.17996544,0.02097152,BTC,336697.7536,247,0,1,1,1,1.0,0.0,0.004048582995951417,True,0.3383847165991902,0.26098485052902004,False,False,,2.4,,0,[],[],0,False,False,,,91.4,False,,,0.0,,False,2.4,0,,False,[],,False,247.0,247.0,True
bc1pl5ydn46lms5wescyvu9v9r6ufpvny4nkqq4xmq5zhmt6dghaehss0v7mhw,bitcoin,BTC,2.62531854,0.01062882,BTC,170645.7051,247,0,1,1,1,1.0,0.0,0.004048582995951417,True,0.3383847165991902,0.26122710801714066,False,False,,2.4,,0,[],[],0,False,False,,,91.4,False,,,0.0,,False,2.4,0,,False,[],,False,247.0,247.0,True
bc1pxsvry7hym2rz36sjjjdq20lwx4uxdw8rwr6cyu30hrfaxkamtw7qrzkj69,bitcoin,BTC,5.17996544,0.0,BTC,336697.7536,247,0,0,1,1,1.0,0.0,0.0,True,0.33757499999999996,0.26098485052902004,False,False,,2.4,,0,[],[],0,False,False,,,91.4,False,,,0.0,,False,2.4,0,,False,[],,False,247.0,247.0,True
bc1pvmxadrf8wx5c3e6f59qgg7u6cwz0c4vfhvazle2vrnvc7q9mcrkqzgxvqd,bitcoin,BTC,2.62531854,0.0,BTC,170645.7051,247,0,0,1,1,1.0,0.0,0.0,True,0.33757499999999996,0.26122710801714066,False,False,,2.4,,0,[],[],0,False,False,,,91.4,False,,,0.0,,False,2.4,0,,False,[],,False,247.0,247.0,True
bc1p0948upmy2assznqk30egvjneg2q733unrt9m8peu8uy3d7yr34nqmn8yqw,bitcoin,BTC,5.17996544,0.0,BTC,336697.7536,247,0,0,1,1,1.0,0.0,0.0,True,0.33757499999999996,0.26098485052902004,False,False,,2.4,,0,[],[],0,False,False,,,91.4,False,,,0.0,,False,2.4,0,,False,[],,False,247.0,247.0,True
bc1p2pmm4e72pwzmmugtx0g56u6m375zw0mjcypxs4cmueda0cq6uyys5k0tv4,bitcoin,BTC,2.62531854,0.0,BTC,170645.7051,247,0,0,1,1,1.0,0.0,0.0,True,0.33757499999999996,0.26122710801714066,False,False,,2.4,,0,[],[],0,False,False,,,91.4,False,,,0.0,,False,2.4,0,,False,[],,False,247.0,247.0,True
bc1p0lp4r6xzxw3y4w28nlnz4wqyqfescuc84d8xdp6flmy5u7r8mpdszgylys,bitcoin,BTC,5.17996544,0.0,BTC,336697.7536,247,0,0,1,1,1.0,0.0,0.0,True,0.33757499999999996,0.26098485052902004,False,False,,2.4,,0,[],[],0,False,False,,,91.4,False,,,0.0,,False,2.4,0,,False,[],,False,247.0,247.0,True
bc1qvn307ee0mnul696ykxyq9g0atvpfm22d5ujqd3,bitcoin,BTC,0.78298974,0.0,BTC,50894.333099999996,221,0,0,1,1,1.0,0.0,0.0,True,0.3,0.2611182442663393,False,False,,2.4,,0,[],[],0,False,False,,,86.3,False,,,0.0,,False,2.4,0,,False,[],,False,221.0,221.0,True
bc1p947rmnu866umeqgx5apuc5m9f6rl22a59hux6j8gvmmjh35996zqya0m4m,bitcoin,BTC,0.78298974,0.0,BTC,50894.333099999996,221,0,0,1,1,1.0,0.0,0.0,True,0.3,0.2611182442663393,False,False,,2.4,,0,[],[],0,False,False,,,86.3,False,,,0.0,,False,2.4,0,,False,[],,False,221.0,221.0,True
bc1qzhvgmxkch7sxehqqg3ss3hpm6ky9fjh6kauywy,bitcoin,BTC,0.78298974,0.0,BTC,50894.333099999996,221,0,0,1,1,1.0,0.0,0.0,True,0.3,0.2611182442663393,False,False,,2.4,,0,[],[],0,False,False,,,86.3,False,,,0.0,,False,2.4,0,,False,[],,False,221.0,221.0,True
bc1qdwkjac0ed4myp7qqwm0w0ssgdfdc0j8mny9f5s,bitcoin,BTC,0.78298974,0.0,BTC,50894.333099999996,221,0,0,1,1,1.0,0.0,0.0,True,0.3,0.2611182442663393,False,False,,2.4,,0,[],[],0,False,False,,,86.3,False,,,0.0,,False,2.4,0,,False,[],,False,221.0,221.0,True
bc1pu634hr4nrfsa4xmrt7ne7vw02xgdedpdcu8zafx3ntpt2g5wg0tsp7t6a0,bitcoin,BTC,17.36441856,0.0,BTC,1128687.2064,207,0,0,1,1,1.0,0.0,0.0,True,0.26625,0.2605377750215842,False,False,,2.4,,0,[],[],0,False,False,,,81.6,False,,,0.0,,False,2.4,0,,False,[],,False,207.0,207.0,True
bc1pcvylvx4nlfs4ms3q7a6yn5f2wukl92vp8s920r4ctydqj88shlpszmswj9,bitcoin,BTC,17.36441856,0.0,BTC,1128687.2064,207,0,0,1,1,1.0,0.0,0.0,True,0.26625,0.2605377750215842,False,False,,2.4,,0,[],[],0,False,False,,,81.6,False,,,0.0,,False,2.4,0,,False,[],,False,207.0,207.0,True
bc1pugn3flzx2k6jtumtve5grevu2d6k5n0ay5stl3wvl3us6fymz8ysauldcj,bitcoin,BTC,17.36441856,0.0,BTC,1128687.2064,207,0,0,1,1,1.0,0.0,0.0,True,0.26625,0.2605377750215842,False,False,,2.4,,0,[],[],0,False,False,,,81.6,False,,,0.0,,False,2.4,0,,False,[],,False,207.0,207.0,True
bc1p95c4vkzek6sna9p8920ct87rj9azyul3tmsaqtush33turj2htxqvxhc47,bitcoin,BTC,17.36441856,0.0,BTC,1128687.2064,207,0,0,1,1,1.0,0.0,0.0,True,0.26625,0.2605377750215842,False,False,,2.4,,0,[],[],0,False,False,,,81.6,False,,,0.0,,False,2.4,0,,False,[],,False,207.0,207.0,True
bc1prfhl8qryuqm2rgyxtylutm5v6keh927ydknmh2l6gfc4ucuh3wyskwr3pl,bitcoin,BTC,17.36441856,0.0,BTC,1128687.2064,207,0,0,1,1,1.0,0.0,0.0,True,0.26625,0.2605377750215842,False,False,,2.4,,0,[],[],0,False,False,,,81.6,False,,,0.0,,False,2.4,0,,False,[],,False,207.0,207.0,True
bc1pdayklj9mxvwndlhpehual78pyzxaxz2dtq6dljzaszhtfvj2wetqhl0a2z,bitcoin,BTC,16.777216,0.0,BTC,1090519.04,200,0,0,1,1,1.0,0.0,0.0,True,0.247875,0.2608573243627838,False,False,,2.4,,0,[],[],0,False,False,,,79.1,False,,,0.0,,False,2.4,0,,False,[],,False,200.0,200.0,True
bc1pn5rjzec0kltsvj89k7wnqjkkcpyw34ysh47yfvh2px30wfs4w88qxkjf30,bitcoin,BTC,16.777216,0.0,BTC,1090519.04,200,0,0,1,1,1.0,0.0,0.0,True,0.247875,0.2608573243627838,False,False,,2.4,,0,[],[],0,False,False,,,79.1,False,,,0.0,,False,2.4,0,,False,[],,False,200.0,200.0,True
bc1p9pp6v9h90dv0jutprxh0qwfwul4wtfd9vz9xt6463pwj7cdse34qc8963y,bitcoin,BTC,16.777216,0.0,BTC,1090519.04,200,0,0,1,1,1.0,0.0,0.0,True,0.247875,0.2608573243627838,False,False,,2.4,,0,[],[],0,False,False,,,79.1,False,,,0.0,,False,2.4,0,,False,[],,False,200.0,200.0,True
bc1p6k3nxmqmkzj0g7hpc8xg6eunmap0p53c67dpmc9cjkv4shhljv5sse998f,bitcoin,BTC,16.777216,0.0,BTC,1090519.04,200,0,0,1,1,1.0,0.0,0.0,True,0.247875,0.2608573243627838,False,False,,2.4,,0,[],[],0,False,False,,,79.1,False,,,0.0,,False,2.4,0,,False,[],,False,200.0,200.0,True
bc1pt088qrfw5lczw766rxzpntcmuhe0gyggvgng2njlqx5klgstfcxs30d7g9,bitcoin,BTC,16.777216,0.0,BTC,1090519.04,200,0,0,1,1,1.0,0.0,0.0,True,0.247875,0.2608573243627838,False,False,,2.4,,0,[],[],0,False,False,,,79.1,False,,,0.0,,False,2.4,0,,False,[],,False,200.0,200.0,True
bc1qjsq9a9n8a026xgk4j63rl5s6c5xwtuzy5e7swg,bitcoin,BTC,8.95,0.0,BTC,581750.0,179,0,0,1,1,1.0,0.0,0.0,True,0.183075,0.2609243867568686,False,False,,2.4,,0,[],[],0,False,False,,,70.2,False,,,0.0,,False,2.4,0,,False,[],,False,179.0,179.0,True
bc1pnnfu4a4prx9tjmv9jva03548wnskw8ph60yeru2qsz6ku0vxrpjqdxyuvc,bitcoin,BTC,8.95,0.0,BTC,581750.0,179,0,0,1,1,1.0,0.0,0.0,True,0.183075,0.2609243867568686,False,False,,2.4,,0,[],[],0,False,False,,,70.2,False,,,0.0,,False,2.4,0,,False,[],,False,179.0,179.0,True
bc1puqz3g8zh58u4hcpmtq6prwxs8m4kvnkzkh3a6ug369svv5xl8tvsdfkl0a,bitcoin,BTC,8.95,0.0,BTC,581750.0,179,0,0,1,1,1.0,0.0,0.0,True,0.183075,0.2609243867568686,False,False,,2.4,,0,[],[],0,False,False,,,70.2,False,,,0.0,,False,2.4,0,,False,[],,False,179.0,179.0,True
bc1qtapqxlnk76fpwazexnq0p37k0sxn405sg4csa6,bitcoin,BTC,8.95,0.0,BTC,581750.0,179,0,0,1,1,1.0,0.0,0.0,True,0.183075,0.2609243867568686,False,False,,2.4,,0,[],[],0,False,False,,,70.2,False,,,0.0,,False,2.4,0,,False,[],,False,179.0,179.0,True
bc1pv5newk0n6xlxswel50jg4ftepscjknrpum9pu648wqs239yshvmqvlckff,bitcoin,BTC,8.95,0.0,BTC,581750.0,179,0,0,1,1,1.0,0.0,0.0,True,0.183075,0.2609243867568686,False,False,,2.4,,0,[],[],0,False,False,,,70.2,False,,,0.0,,False,2.4,0,,False,[],,False,179.0,179.0,True
bc1pc3c6t8dmpn7sk0xn0yep4yepexn68c6vmfgxjwm5hydc3c3a277qguucre,bitcoin,BTC,1.87067232,0.0,BTC,121593.70079999999,176,0,0,1,1,1.0,0.0,0.0,True,0.1755,0.2611937046933892,False,False,,2.4,,0,[],[],0,False,False,,,69.2,False,,,0.0,,False,2.4,0,,False,[],,False,176.0,176.0,True
bc1p7ghatwv4xp5hksjxzcxs2xrwp3yuzvsuvlu5dhmtrstuzc8l59lq90l8ml,bitcoin,BTC,2.62531854,0.01062882,BTC,170645.7051,247,0,1,1,1,1.0,0.0,0.004048582995951417,True,0.3383847165991902,0.26181217480046737,False,False,,2.3,,0,[],[],0,False,False,,,91.4,False,,,0.0,,False,2.3,0,,False,[],,False,247.0,247.0,True
bc1pxtc83gahgmzj4f3zp4e2gxe0cx78wf6ujzksx0cjl3tcya4xtwusev052f,bitcoin,BTC,5.17996544,0.02097152,BTC,336697.7536,247,0,1,1,1,1.0,0.0,0.004048582995951417,True,0.3383847165991902,0.26145320363632263,False,False,,2.3,,0,[],[],0,False,False,,,91.4,False,,,0.0,,False,2.3,0,,False,[],,False,247.0,247.0,True
bc1qnyynfxncfds2gjlsaqm83f8jzfzp6pr8kajdzk,bitcoin,BTC,2.62531854,0.01062882,BTC,170645.7051,247,0,1,1,1,1.0,0.0,0.004048582995951417,True,0.3383847165991902,0.26181217480046737,False,False,,2.3,,0,[],[],0,False,False,,,91.4,False,,,0.0,,False,2.3,0,,False,[],,False,247.0,247.0,True
bc1p9qctzpll290ld6cdut8tg56lpthhnpam4e2fse9ffzl2c5awn06sz59az6,bitcoin,BTC,5.17996544,0.02097152,BTC,336697.7536,247,0,1,1,1,1.0,0.0,0.004048582995951417,True,0.3383847165991902,0.26145320363632263,False,False,,2.3,,0,[],[],0,False,False,,,91.4,False,,,0.0,,False,2.3,0,,False,[],,False,247.0,247.0,True
bc1pwzh2a2m90dncpw5w0hntwgatwl9wywnyz2hqgwrjuwk7tqj9smaq8nz55d,bitcoin,BTC,2.62531854,0.01062882,BTC,170645.7051,247,0,1,1,1,1.0,0.0,0.004048582995951417,True,0.3383847165991902,0.26181217480046737,False,False,,2.3,,0,[],[],0,False,False,,,91.4,False,,,0.0,,False,2.3,0,,False,[],,False,247.0,247.0,True
bc1pwtd3uuzcp39nct7xwhta35qxc9gpfdj58gykq95s66rz7sty4hvsw0qwj5,bitcoin,BTC,5.17996544,0.02097152,BTC,336697.7536,247,0,1,1,1,1.0,0.0,0.004048582995951417,True,0.3383847165991902,0.26145320363632263,False,False,,2.3,,0,[],[],0,False,False,,,91.4,False,,,0.0,,False,2.3,0,,False,[],,False,247.0,247.0,True
bc1pv42z7navnual9mzf6uk2m0n3g7r78t9lsdhhz4pjv60wxrldmywqqhjqf5,bitcoin,BTC,2.62531854,0.01062882,BTC,170645.7051,247,0,1,1,1,1.0,0.0,0.004048582995951417,True,0.3383847165991902,0.26181217480046737,False,False,,2.3,,0,[],[],0,False,False,,,91.4,False,,,0.0,,False,2.3,0,,False,[],,False,247.0,247.0,True
bc1pd325mdn0cnkn3segp4tqamvc3vdzrfuvxx5yvnj8xq6r0zuhk7mq5z9kec,bitcoin,BTC,5.17996544,0.02097152,BTC,336697.7536,247,0,1,1,1,1.0,0.0,0.004048582995951417,True,0.3383847165991902,0.26145320363632263,False,False,,2.3,,0,[],[],0,False,False,,,91.4,False,,,0.0,,False,2.3,0,,False,[],,False,247.0,247.0,True
bc1pwu78z4nn4jwfqw773ysd04hejlc6uw9m8rtlsdrww6wrj8c3xuzsq5r3g9,bitcoin,BTC,2.62531854,0.0,BTC,170645.7051,247,0,0,1,1,1.0,0.0,0.0,True,0.33757499999999996,0.26181217480046737,False,False,,2.3,,0,[],[],0,False,False,,,91.4,False,,,0.0,,False,2.3,0,,False,[],,False,247.0,247.0,True
bc1pmpftl4w0cu2fuydjgyaatuykj4vdx3v0hgwvj2fj6254dkaukjjqn9qnme,bitcoin,BTC,2.62531854,0.0,BTC,170645.7051,247,0,0,1,1,1.0,0.0,0.0,True,0.33757499999999996,0.26181217480046737,False,False,,2.3,,0,[],[],0,False,False,,,91.4,False,,,0.0,,False,2.3,0,,False,[],,False,247.0,247.0,True
bc1pxnppf6l76mefj760xy2l4vncy7fs5ywhlxvyfpdjavvf6xcnmh8qhrl3ut,bitcoin,BTC,5.17996544,0.0,BTC,336697.7536,247,0,0,1,1,1.0,0.0,0.0,True,0.33757499999999996,0.26145320363632263,False,False,,2.3,,0,[],[],0,False,False,,,91.4,False,,,0.0,,False,2.3,0,,False,[],,False,247.0,247.0,True
bc1pedjduk0cd7wzvlw04p2pvsuar2as9yjq57qve5w2d55x3mtfmhsqa9vw3l,bitcoin,BTC,5.17996544,0.0,BTC,336697.7536,247,0,0,1,1,1.0,0.0,0.0,True,0.33757499999999996,0.26145320363632263,False,False,,2.3,,0,[],[],0,False,False,,,91.4,False,,,0.0,,False,2.3,0,,False,[],,False,247.0,247.0,True
bc1psx4rxrs83muv2uyk8z2j8c5w66yxrf5s64wtuevpkxds0lx09r8s67p7t2,bitcoin,BTC,2.62531854,0.0,BTC,170645.7051,247,0,0,1,1,1.0,0.0,0.0,True,0.33757499999999996,0.26181217480046737,False,False,,2.3,,0,[],[],0,False,False,,,91.4,False,,,0.0,,False,2.3,0,,False,[],,False,247.0,247.0,True
bc1p8z4efa3t9hvklhagvfscjd809grwtannu6ddswnd9qglx6ze8xnsykfh90,bitcoin,BTC,5.17996544,0.0,BTC,336697.7536,247,0,0,1,1,1.0,0.0,0.0,True,0.33757499999999996,0.26145320363632263,False,False,,2.3,,0,[],[],0,False,False,,,91.4,False,,,0.0,,False,2.3,0,,False,[],,False,247.0,247.0,True
bc1p3ws6e2eaxpsle4jqgdvjkjs4mlnk7nrcntjz4kqv4hqk30znaj6s7xhut7,bitcoin,BTC,5.17996544,0.0,BTC,336697.7536,247,0,0,1,1,1.0,0.0,0.0,True,0.33757499999999996,0.26145320363632263,False,False,,2.3,,0,[],[],0,False,False,,,91.4,False,,,0.0,,False,2.3,0,,False,[],,False,247.0,247.0,True
bc1pjf823mlx7pteedgpah7n9f2fam3y8y8vqh9hvr5w3t6dku0klxdsacuwk9,bitcoin,BTC,2.62531854,0.0,BTC,170645.7051,247,0,0,1,1,1.0,0.0,0.0,True,0.33757499999999996,0.26181217480046737,False,False,,2.3,,0,[],[],0,False,False,,,91.4,False,,,0.0,,False,2.3,0,,False,[],,False,247.0,247.0,True
bc1py6qzzhzrn0nkzzxc6uznymkdh3343cvx4lcej58a5tzvt6lu4f4ssstctq,bitcoin,BTC,2.62531854,0.0,BTC,170645.7051,247,0,0,1,1,1.0,0.0,0.0,True,0.33757499999999996,0.26181217480046737,False,False,,2.3,,0,[],[],0,False,False,,,91.4,False,,,0.0,,False,2.3,0,,False,[],,False,247.0,247.0,True
bc1p7qzl6f6hv6x7w54rvjlzdjhg9r9awadz07penantexpd223ghehqxr3xey,bitcoin,BTC,5.17996544,0.0,BTC,336697.7536,247,0,0,1,1,1.0,0.0,0.0,True,0.33757499999999996,0.26145320363632263,False,False,,2.3,,0,[],[],0,False,False,,,91.4,False,,,0.0,,False,2.3,0,,False,[],,False,247.0,247.0,True
bc1qvzvnhkmlrcztzqu538rgvaz2d28zynyk4t2755,bitcoin,BTC,9.65,0.0,BTC,627250.0,193,0,0,1,1,1.0,0.0,0.0,True,0.224175,0.2617272437393379,False,False,,2.3,,0,[],[],0,False,False,,,75.9,False,,,0.0,,False,2.3,0,,False,[],,False,193.0,193.0,True
bc1plhtlmkdn9jzxnd9u90yfwcz8y9qw0pg7xjd3en3psj865csxfc3sur5kuh,bitcoin,BTC,10.95,0.0,BTC,711750.0,219,0,0,1,1,1.0,0.0,0.0,True,0.296775,0.26269179994320907,False,False,,2.2,,0,[],[],0,False,False,,,85.8,False,,,0.0,,False,2.2,0,,False,[],,False,219.0,219.0,True
bc1p3zekrm7dum8paj8l3uqws7ghnfrrywnyy32g2clz9dpqrnt3jyfs4l3j42,bitcoin,BTC,10.95,0.0,BTC,711750.0,219,0,0,1,1,1.0,0.0,0.0,True,0.296775,0.26269179994320907,False,False,,2.2,,0,[],[],0,False,False,,,85.8,False,,,0.0,,False,2.2,0,,False,[],,False,219.0,219.0,True
bc1pnv4hz4e2x20vgqs5c3duvfsk8xurjnwjenfuq6zmes5zdgwd7n3qyggnkd,bitcoin,BTC,17.28053248,0.0,BTC,1123234.6112000002,206,0,0,1,1,1.0,0.0,0.0,True,0.25987499999999997,0.26244890246408004,False,False,,2.2,,0,[],[],0,False,False,,,80.8,False,,,0.0,,False,2.2,0,,False,[],,False,206.0,206.0,True
bc1p5shu2xfdx2dss7cq5m0y9ly7e0p5nnp43u4lezrh6343sym8esgszs5alt,bitcoin,BTC,17.28053248,0.0,BTC,1123234.6112000002,206,0,0,1,1,1.0,0.0,0.0,True,0.25987499999999997,0.26244890246408004,False,False,,2.2,,0,[],[],0,False,False,,,80.8,False,,,0.0,,False,2.2,0,,False,[],,False,206.0,206.0,True
bc1pgz3dt3nq9vecr0r54erru0lvsx37t8sjmem890n0t0gzvscand9qlrp657,bitcoin,BTC,17.28053248,0.0,BTC,1123234.6112000002,206,0,0,1,1,1.0,0.0,0.0,True,0.25987499999999997,0.26244890246408004,False,False,,2.2,,0,[],[],0,False,False,,,80.8,False,,,0.0,,False,2.2,0,,False,[],,False,206.0,206.0,True
bc1papmk2h3qddwjnfrfg2nedycf3zl985dev960d89cd7ulz6cyxrcszg9y6t,bitcoin,BTC,0.97253703,0.0,BTC,63214.906950000004,183,0,0,1,1,1.0,0.0,0.0,True,0.195,0.26208092334725847,False,False,,2.2,,0,[],[],0,False,False,,,71.9,False,,,0.0,,False,2.2,0,,False,[],,False,183.0,183.0,True
bc1p0ue6v8g8xk2f9t3a2mjtqfpe90z0398nnqgnk944n29cn693nkwsw2cesv,bitcoin,BTC,0.97253703,0.0,BTC,63214.906950000004,183,0,0,1,1,1.0,0.0,0.0,True,0.195,0.26208092334725847,False,False,,2.2,,0,[],[],0,False,False,,,71.9,False,,,0.0,,False,2.2,0,,False,[],,False,183.0,183.0,True
bc1p265yv86nfx88jxpy9x62f97k282u7wcm0js6jh2fkk57q67yz7fskkmkn8,bitcoin,BTC,0.95420416,0.0,BTC,62023.2704,182,0,0,1,1,1.0,0.0,0.0,True,0.189225,0.2623241700335052,False,False,,2.2,,0,[],[],0,False,False,,,71.1,False,,,0.0,,False,2.2,0,,False,[],,False,182.0,182.0,True
bc1pggy9tfjnrfrrs6u26day0ldmqv77yf06x525a0zk045xs0dcwl3q3r2yh0,bitcoin,BTC,0.95420416,0.0,BTC,62023.2704,182,0,0,1,1,1.0,0.0,0.0,True,0.189225,0.2623241700335052,False,False,,2.2,,0,[],[],0,False,False,,,71.1,False,,,0.0,,False,2.2,0,,False,[],,False,182.0,182.0,True
bc1p7azsq9w3r00m3rpxm8dc6ezy0mf93m4p7s93j8n898xx0saha0us25neqx,bitcoin,BTC,0.95420416,0.0,BTC,62023.2704,182,0,0,1,1,1.0,0.0,0.0,True,0.189225,0.2623241700335052,False,False,,2.2,,0,[],[],0,False,False,,,71.1,False,,,0.0,,False,2.2,0,,False,[],,False,182.0,182.0,True
bc1ps3s93qm8dw4wg9c9mjnygkuerpcf2xvjeqhqhhwlmv54uugsj0jqqr7x6s,bitcoin,BTC,9.15,0.0,BTC,594750.0,183,0,0,1,1,1.0,0.0,0.0,True,0.195,0.2631151790182076,False,False,,2.1,,0,[],[],0,False,False,,,71.9,False,,,0.0,,False,2.1,0,,False,[],,False,183.0,183.0,True
bc1pty3jq0276g65983v6vp8tch8ksdnd6sm8y65tt4cpmgvxxt7nx9q0vzus4,bitcoin,BTC,9.15,0.0,BTC,594750.0,183,0,0,1,1,1.0,0.0,0.0,True,0.195,0.2631151790182076,False,False,,2.1,,0,[],[],0,False,False,,,71.9,False,,,0.0,,False,2.1,0,,False,[],,False,183.0,183.0,True
bc1pqh3s7eczs9uuvx0pd8ywza9lga8tche8tg55qrplq5v7fe405gfqk2ewee,bitcoin,BTC,0.95420416,0.0,BTC,62023.2704,182,0,0,1,1,1.0,0.0,0.0,True,0.189225,0.2628558341110476,False,False,,2.1,,0,[],[],0,False,False,,,71.1,False,,,0.0,,False,2.1,0,,False,[],,False,182.0,182.0,True
bc1pxs0hc5enfhhqv3pu686u7muu2u28wqtg5a4jhwqtsf6d5m5uyllqcf8a74,bitcoin,BTC,0.95420416,0.0,BTC,62023.2704,182,0,0,1,1,1.0,0.0,0.0,True,0.189225,0.2628558341110476,False,False,,2.1,,0,[],[],0,False,False,,,71.1,False,,,0.0,,False,2.1,0,,False,[],,False,182.0,182.0,True
bc1pgvz2f9qftw74p9e9tm8fz7xv30hctwgmp2vkqqmx20256hwev2mq2jxy0v,bitcoin,BTC,5.61201696,0.0,BTC,364781.10240000003,176,0,0,1,1,1.0,0.0,0.0,True,0.1755,0.2633642873562624,False,False,,2.1,,0,[],[],0,False,False,,,69.2,False,,,0.0,,False,2.1,0,,False,[],,False,176.0,176.0,True
bc1pjmd4nmcelthqlmhxv4zg4j9f8aqyff0umkrwapkfnn58z87z6raqq87udx,bitcoin,BTC,5.61201696,0.0,BTC,364781.10240000003,176,0,0,1,1,1.0,0.0,0.0,True,0.1755,0.2633642873562624,False,False,,2.1,,0,[],[],0,False,False,,,69.2,False,,,0.0,,False,2.1,0,,False,[],,False,176.0,176.0,True
bc1pkcl740uct45xtk480gwrk6vec4hk8ywuvhxmasldves49es2enpqcl6a8w,bitcoin,BTC,5.51635758,0.0,BTC,358563.2427,173,0,0,1,1,1.0,0.0,0.0,True,0.1689,0.26280019940890653,False,False,,2.1,,0,[],[],0,False,False,,,68.3,False,,,0.0,,False,2.1,0,,False,[],,False,173.0,173.0,True
bc1pm6kevf4emgdqpfs3hwzhw3ukjsr4tu7ku96y3adxc84w6330fjjqdxqykf,bitcoin,BTC,5.51635758,0.0,BTC,358563.2427,173,0,0,1,1,1.0,0.0,0.0,True,0.1689,0.26280019940890653,False,False,,2.1,,0,[],[],0,False,False,,,68.3,False,,,0.0,,False,2.1,0,,False,[],,False,173.0,173.0,True
bc1p5ygf70tw6mnfs8mvxedv39nhk5jt3u2tc0jlgj2lk8gjcdtglgxq6tsrj4,bitcoin,BTC,3.62807296,0.0,BTC,235824.7424,173,0,0,1,1,1.0,0.0,0.0,True,0.1689,0.2632793076326088,False,False,,2.1,,0,[],[],0,False,False,,,68.3,False,,,0.0,,False,2.1,0,,False,[],,False,173.0,173.0,True
bc1pllf3ptsevmz7pvnzypz7xx7tq9l7pjlzmc36zyp7g75z8p7ac3rqwtfhzz,bitcoin,BTC,5.51635758,0.0,BTC,358563.2427,173,0,0,1,1,1.0,0.0,0.0,True,0.1689,0.26280019940890653,False,False,,2.1,,0,[],[],0,False,False,,,68.3,False,,,0.0,,False,2.1,0,,False,[],,False,173.0,173.0,True
bc1pdghdn99f0z6tnf8t8gp8zp7ttt6y3vwk6rh7d34ycull4yts7xjqp5wgj4,bitcoin,BTC,3.62807296,0.0,BTC,235824.7424,173,0,0,1,1,1.0,0.0,0.0,True,0.1689,0.2632793076326088,False,False,,2.1,,0,[],[],0,False,False,,,68.3,False,,,0.0,,False,2.1,0,,False,[],,False,173.0,173.0,True
bc1psn8276pha92yf3grunu3ghs2zl26l2k0gneen0cnc7hm8ekvjgcqmncfja,bitcoin,BTC,5.48447112,0.0,BTC,356490.6228,172,0,0,1,1,1.0,0.0,0.0,True,0.164775,0.2627903222017244,False,False,,2.1,,0,[],[],0,False,False,,,67.7,False,,,0.0,,False,2.1,0,,False,[],,False,172.0,172.0,True
bc1pf2xuwh40j7pfxzspw2keyf9d29q7e2cp5akwc5jwedz8mj6pdaaqjc4vvj,bitcoin,BTC,5.48447112,0.0,BTC,356490.6228,172,0,0,1,1,1.0,0.0,0.0,True,0.164775,0.2627903222017244,False,False,,2.1,,0,[],[],0,False,False,,,67.7,False,,,0.0,,False,2.1,0,,False,[],,False,172.0,172.0,True
bc1p0sgh5w4maz9v4gvdn26h6rswdf4sqt4hydjufsm5kxzddt50crdskth5mx,bitcoin,BTC,5.48447112,0.0,BTC,356490.6228,172,0,0,1,1,1.0,0.0,0.0,True,0.164775,0.2627903222017244,False,False,,2.1,,0,[],[],0,False,False,,,67.7,False,,,0.0,,False,2.1,0,,False,[],,False,172.0,172.0,True
bc1puxacnszq9h0sf9l8z6dn6c5q86ql9mehn806swtzm98srz7uny9syw7tk0,bitcoin,BTC,3.60710144,0.0,BTC,234461.5936,172,0,0,1,1,1.0,0.0,0.0,True,0.164775,0.2629132321646628,False,False,,2.1,,0,[],[],0,False,False,,,67.7,False,,,0.0,,False,2.1,0,,False,[],,False,172.0,172.0,True
bc1p5x3qedx9genldz7v9fpatq2vukd7rnaas4krg7sdgmsvgwf3pe7s4n5700,bitcoin,BTC,5.48447112,0.0,BTC,356490.6228,172,0,0,1,1,1.0,0.0,0.0,True,0.164775,0.2627903222017244,False,False,,2.1,,0,[],[],0,False,False,,,67.7,False,,,0.0,,False,2.1,0,,False,[],,False,172.0,172.0,True
bc1p2ju8y4wpq3rzk7fye465rz8208rp2hpgne7hwkcs0mh0gsmmwndqj6p9gw,bitcoin,BTC,5.48447112,0.0,BTC,356490.6228,172,0,0,1,1,1.0,0.0,0.0,True,0.164775,0.2627903222017244,False,False,,2.1,,0,[],[],0,False,False,,,67.7,False,,,0.0,,False,2.1,0,,False,[],,False,172.0,172.0,True
bc1pzqvs737fgrxfv4e3pf5jn3d9fwekywjdjr4nerp4mcgugs2sv5yqz4a387,bitcoin,BTC,5.48447112,0.0,BTC,356490.6228,172,0,0,1,1,1.0,0.0,0.0,True,0.164775,0.2627903222017244,False,False,,2.1,,0,[],[],0,False,False,,,67.7,False,,,0.0,,False,2.1,0,,False,[],,False,172.0,172.0,True
bc1p2lrdfvp47gm2usfycm8tjg6zvu3qypc906lg8429v8gw0fvhg46q4lp8gw,bitcoin,BTC,1.17448461,0.0,BTC,76341.49965,221,0,0,1,1,1.0,0.0,0.0,True,0.3,0.26391085919829205,False,False,,2.0,,0,[],[],0,False,False,,,86.3,False,,,0.0,,False,2.0,0,,False,[],,False,221.0,221.0,True
bc1ptpqhfgqcfwqj76gkf65y4rhgd3dwgakxyhlerg66kra79knjvqrq34gw7c,bitcoin,BTC,1.17448461,0.0,BTC,76341.49965,221,0,0,1,1,1.0,0.0,0.0,True,0.3,0.26391085919829205,False,False,,2.0,,0,[],[],0,False,False,,,86.3,False,,,0.0,,False,2.0,0,,False,[],,False,221.0,221.0,True
bc1pd0wgljmuqfkwnrsp770mtssf88swemsaz0wc0du86h6jpeurl77qed9qgp,bitcoin,BTC,1.17448461,0.0,BTC,76341.49965,221,0,0,1,1,1.0,0.0,0.0,True,0.3,0.26391085919829205,False,False,,2.0,,0,[],[],0,False,False,,,86.3,False,,,0.0,,False,2.0,0,,False,[],,False,221.0,221.0,True
bc1pejdvr9yjhwpmlgpspl4xq2jmyx6j7jwzdk9gdrpjctfwx0wjdhts0vl8ud,bitcoin,BTC,1.17448461,0.0,BTC,76341.49965,221,0,0,1,1,1.0,0.0,0.0,True,0.3,0.26391085919829205,False,False,,2.0,,0,[],[],0,False,False,,,86.3,False,,,0.0,,False,2.0,0,,False,[],,False,221.0,221.0,True
bc1pncegg4tz0qqvjzgdh8k8y7478lkag68hwac7nn5w3pcrwudz9tps79aqt7,bitcoin,BTC,10.75,0.0,BTC,698750.0,215,0,0,1,1,1.0,0.0,0.0,True,0.2763,0.264020877966512,False,False,,2.0,,0,[],[],0,False,False,,,83.0,False,,,0.0,,False,2.0,0,,False,[],,False,215.0,215.0,True
bc1prc74vgpfm6rgufn54aa506hveul9h0a93txx8y7srhv5xpxkmu6qae3wlz,bitcoin,BTC,0.97253703,0.0,BTC,63214.906950000004,183,0,0,1,1,1.0,0.0,0.0,True,0.195,0.26374387030433116,False,False,,2.0,,0,[],[],0,False,False,,,71.9,False,,,0.0,,False,2.0,0,,False,[],,False,183.0,183.0,True
bc1pjffldus0gv2792ltt88wf8h9rvazazhtzzz97as62vlt4m3jwjusg4nd8u,bitcoin,BTC,0.97253703,0.0,BTC,63214.906950000004,183,0,0,1,1,1.0,0.0,0.0,True,0.195,0.26374387030433116,False,False,,2.0,,0,[],[],0,False,False,,,71.9,False,,,0.0,,False,2.0,0,,False,[],,False,183.0,183.0,True
bc1pr7r7d4qluy0dc8mur9wqecl39qyw04acg876wmt89yf2y6n9z0xqfl4n92,bitcoin,BTC,0.97253703,0.0,BTC,63214.906950000004,183,0,0,1,1,1.0,0.0,0.0,True,0.195,0.26374387030433116,False,False,,2.0,,0,[],[],0,False,False,,,71.9,False,,,0.0,,False,2.0,0,,False,[],,False,183.0,183.0,True
bc1p0v0v3k9y4kyhzvnfl0tlrdkn97aam4g2jamfkxdlnyalelkpf93qzr5tj6,bitcoin,BTC,0.97253703,0.0,BTC,63214.906950000004,183,0,0,1,1,1.0,0.0,0.0,True,0.195,0.26374387030433116,False,False,,2.0,,0,[],[],0,False,False,,,71.9,False,,,0.0,,False,2.0,0,,False,[],,False,183.0,183.0,True
bc1pu65xlz8e303gjh57u06885qd0ptrr04hwu6cxwar956d73pv0nlsxvlpkj,bitcoin,BTC,3.69098752,0.0,BTC,239914.1888,176,0,0,1,1,1.0,0.0,0.0,True,0.1755,0.26395061891744764,False,False,,2.0,,0,[],[],0,False,False,,,69.2,False,,,0.0,,False,2.0,0,,False,[],,False,176.0,176.0,True
bc1pd9evmrfj8qmy0jnvs6a7e24jlpvt9g7my0hc26catd8046n83dhq9fh49a,bitcoin,BTC,5.54824404,0.0,BTC,360635.8626,174,0,0,1,1,1.0,0.0,0.0,True,0.1722,0.26358440034071284,False,False,,2.0,,0,[],[],0,False,False,,,68.7,False,,,0.0,,False,2.0,0,,False,[],,False,174.0,174.0,True
bc1pmlhgpvxkdj83cl7f6tca4t3lczfpcayrxexmu5vm95nqasj4ut6qcre943,bitcoin,BTC,5.54824404,0.0,BTC,360635.8626,174,0,0,1,1,1.0,0.0,0.0,True,0.1722,0.26358440034071284,False,False,,2.0,,0,[],[],0,False,False,,,68.7,False,,,0.0,,False,2.0,0,,False,[],,False,174.0,174.0,True
bc1pft86a402l5g5ssyg8qcfaqsgr77ud5w8v78hzpfhm7rwcnfvqw7sf0alek,bitcoin,BTC,5.54824404,0.0,BTC,360635.8626,174,0,0,1,1,1.0,0.0,0.0,True,0.1722,0.26358440034071284,False,False,,2.0,,0,[],[],0,False,False,,,68.7,False,,,0.0,,False,2.0,0,,False,[],,False,174.0,174.0,True
bc1pe7kmkudtp6ext3gfcupfqr9w6shnezrnrxptm7xja8x49pe3zvesycjrpu,bitcoin,BTC,5.54824404,0.0,BTC,360635.8626,174,0,0,1,1,1.0,0.0,0.0,True,0.1722,0.26358440034071284,False,False,,2.0,,0,[],[],0,False,False,,,68.7,False,,,0.0,,False,2.0,0,,False,[],,False,174.0,174.0,True
bc1pkr3hflq6nmt3tgcgae6et0w48nw9pcm5kp4k946qmcjmaphmf5fqcvf38s,bitcoin,BTC,5.54824404,0.0,BTC,360635.8626,174,0,0,1,1,1.0,0.0,0.0,True,0.1722,0.26358440034071284,False,False,,2.0,,0,[],[],0,False,False,,,68.7,False,,,0.0,,False,2.0,0,,False,[],,False,174.0,174.0,True
bc1qjw6kecsmqnzqh646tqle4mfjhpkzf4gtl6uf8s,bitcoin,BTC,5.54824404,0.0,BTC,360635.8626,174,0,0,1,1,1.0,0.0,0.0,True,0.1722,0.26358440034071284,False,False,,2.0,,0,[],[],0,False,False,,,68.7,False,,,0.0,,False,2.0,0,,False,[],,False,174.0,174.0,True
bc1pz3aaj5smdx2uq29cpcyewf7af2nahmaznu0n9vd99tqn5cngx6jqnejmy8,bitcoin,BTC,0.68378742,0.0,BTC,44446.1823,193,0,0,1,1,1.0,0.0,0.0,True,0.224175,0.2647984756661372,False,False,,1.9,,0,[],[],0,False,False,,,75.9,False,,,0.0,,False,1.9,0,,False,[],,False,193.0,193.0,True
bc1pmw8exxdw9n0g9w4va4wm0sf33fvqtlfj8syfj7w48x0k0j6l0wssj5yuu6,bitcoin,BTC,0.68378742,0.0,BTC,44446.1823,193,0,0,1,1,1.0,0.0,0.0,True,0.224175,0.2647984756661372,False,False,,1.9,,0,[],[],0,False,False,,,75.9,False,,,0.0,,False,1.9,0,,False,[],,False,193.0,193.0,True
bc1pqjjxsrde66ep9zn8zgvcr9kpry69mzhtug66sg8lqjuelemu88ys70emgd,bitcoin,BTC,0.68378742,0.0,BTC,44446.1823,193,0,0,1,1,1.0,0.0,0.0,True,0.224175,0.2647984756661372,False,False,,1.9,,0,[],[],0,False,False,,,75.9,False,,,0.0,,False,1.9,0,,False,[],,False,193.0,193.0,True
bc1pklm9a0nkjz8xeg0ujv5tlhp5p32u4rwq8mcsw09t708q9n6yfwcslwymt0,bitcoin,BTC,9.55,0.0,BTC,620750.0,191,0,0,1,1,1.0,0.0,0.0,True,0.21,0.2644310215080333,False,False,,1.9,,0,[],[],0,False,False,,,73.9,False,,,0.0,,False,1.9,0,,False,[],,False,191.0,191.0,True
bc1p5tqcmscesdgnr0ur0s9mxp35j5acrtgvjqfrx8ec7gzq2xcsjxpqguq2ku,bitcoin,BTC,0.67670154,0.0,BTC,43985.6001,191,0,0,1,1,1.0,0.0,0.0,True,0.21,0.26441529246270684,False,False,,1.9,,0,[],[],0,False,False,,,73.9,False,,,0.0,,False,1.9,0,,False,[],,False,191.0,191.0,True
bc1p73n56dchg9m3fg56ery0dwaxlqs674r8mrff8536p3e8pq6s8hws09ul92,bitcoin,BTC,0.9699328,0.0,BTC,63045.632000000005,185,0,0,1,1,1.0,0.0,0.0,True,0.20077499999999998,0.2645904014309527,False,False,,1.9,,0,[],[],0,False,False,,,72.6,False,,,0.0,,False,1.9,0,,False,[],,False,185.0,185.0,True
bc1ql6jm5g7zsv5luluk7kaqvdhxa2zm87te53e8ez,bitcoin,BTC,0.9699328,0.0,BTC,63045.632000000005,185,0,0,1,1,1.0,0.0,0.0,True,0.20077499999999998,0.2645904014309527,False,False,,1.9,,0,[],[],0,False,False,,,72.6,False,,,0.0,,False,1.9,0,,False,[],,False,185.0,185.0,True
bc1p5mtgzl4qwrhtxh8uuls8jln9p4elmjj9auxsk9ywudrl24hfvztqg362pf,bitcoin,BTC,0.9699328,0.0,BTC,63045.632000000005,185,0,0,1,1,1.0,0.0,0.0,True,0.20077499999999998,0.2645904014309527,False,False,,1.9,,0,[],[],0,False,False,,,72.6,False,,,0.0,,False,1.9,0,,False,[],,False,185.0,185.0,True
bc1p7ejs380j8mprhn4luuf783w43l9j8w0rmasdk5nsnnvced2jnuvst6dxjm,bitcoin,BTC,0.9699328,0.0,BTC,63045.632000000005,185,0,0,1,1,1.0,0.0,0.0,True,0.20077499999999998,0.2645904014309527,False,False,,1.9,,0,[],[],0,False,False,,,72.6,False,,,0.0,,False,1.9,0,,False,[],,False,185.0,185.0,True
bc1pc7y6vlwha8r5n5l2j8jccq5m8dqngc3zpgx2mvjhkshzy9qtup7qzv9n25,bitcoin,BTC,5.83522218,0.0,BTC,379289.44169999997,183,0,0,1,1,1.0,0.0,0.0,True,0.195,0.2642705259605534,False,False,,1.9,,0,[],[],0,False,False,,,71.9,False,,,0.0,,False,1.9,0,,False,[],,False,183.0,183.0,True
bc1qfrncuktzhz2lnkf5r3zq5ar4vqwtr4tscdtwmg,bitcoin,BTC,9.1,0.0,BTC,591500.0,182,0,0,1,1,1.0,0.0,0.0,True,0.189225,0.26457701524141897,False,False,,1.9,,0,[],[],0,False,False,,,71.1,False,,,0.0,,False,1.9,0,,False,[],,False,182.0,182.0,True
bc1pngn3y0srh9u4vjz7lxjnv5dnz5645nr3xwp54u6tctcwc2v0rssq4dxcge,bitcoin,BTC,1.90255878,0.0,BTC,123666.3207,179,0,0,1,1,1.0,0.0,0.0,True,0.183075,0.2645985170278824,False,False,,1.9,,0,[],[],0,False,False,,,70.2,False,,,0.0,,False,1.9,0,,False,[],,False,179.0,179.0,True
bc1pekw0zmryjhdpg7daedcrtg0fl80lsv2sm4x5m07qsp6xm4yrepwsgju5cp,bitcoin,BTC,1.90255878,0.0,BTC,123666.3207,179,0,0,1,1,1.0,0.0,0.0,True,0.183075,0.2645985170278824,False,False,,1.9,,0,[],[],0,False,False,,,70.2,False,,,0.0,,False,1.9,0,,False,[],,False,179.0,179.0,True
bc1p9j8r4x6ktaf25w9fy0vp44urtjq888rd3c6ers6x43ydyadkq5uq6cmc3x,bitcoin,BTC,1.90255878,0.0,BTC,123666.3207,179,0,0,1,1,1.0,0.0,0.0,True,0.183075,0.2645985170278824,False,False,,1.9,,0,[],[],0,False,False,,,70.2,False,,,0.0,,False,1.9,0,,False,[],,False,179.0,179.0,True
bc1pcqg75wj5jfxuyelqpfyc9lq9eln8xuj2cnlxf7jqwaj5j8nqhngsdnn22t,bitcoin,BTC,1.90255878,0.0,BTC,123666.3207,179,0,0,1,1,1.0,0.0,0.0,True,0.183075,0.2645985170278824,False,False,,1.9,,0,[],[],0,False,False,,,70.2,False,,,0.0,,False,1.9,0,,False,[],,False,179.0,179.0,True
bc1p9a3kfycw332sjdfx3gxu093s9gvaqly9pygyvh9tm3uyhhysktrsxrx9vq,bitcoin,BTC,1.90255878,0.0,BTC,123666.3207,179,0,0,1,1,1.0,0.0,0.0,True,0.183075,0.2645985170278824,False,False,,1.9,,0,[],[],0,False,False,,,70.2,False,,,0.0,,False,1.9,0,,False,[],,False,179.0,179.0,True
bc1p45zrf6yxfxq5kh3za832kzkm4khmprnj7enp7vnu8veyfc4rv4vs4h7pya,bitcoin,BTC,1.90255878,0.0,BTC,123666.3207,179,0,0,1,1,1.0,0.0,0.0,True,0.183075,0.2645985170278824,False,False,,1.9,,0,[],[],0,False,False,,,70.2,False,,,0.0,,False,1.9,0,,False,[],,False,179.0,179.0,True
bc1pq0hhq3l8ffc2qtlmx96c3t442d43qmpzvkd9xaat7k7r4hs0wjvsh6f9ur,bitcoin,BTC,1.90255878,0.0,BTC,123666.3207,179,0,0,1,1,1.0,0.0,0.0,True,0.183075,0.2645985170278824,False,False,,1.9,,0,[],[],0,False,False,,,70.2,False,,,0.0,,False,1.9,0,,False,[],,False,179.0,179.0,True
bc1pw7rzkv9fvk0fsc20f6wlxuxfz3l6ga9wy7wvf09km4sf9f047d5qtx8ml8,bitcoin,BTC,1.90255878,0.0,BTC,123666.3207,179,0,0,1,1,1.0,0.0,0.0,True,0.183075,0.2645985170278824,False,False,,1.9,,0,[],[],0,False,False,,,70.2,False,,,0.0,,False,1.9,0,,False,[],,False,179.0,179.0,True
bc1p799nr7sarp630augttkrkd85dxfl98998yq0944jszyxep4n3ywq2h2mww,bitcoin,BTC,1.89192996,0.0,BTC,122975.44739999999,178,0,0,1,1,1.0,0.0,0.0,True,0.17865,0.26464205293909004,False,False,,1.9,,0,[],[],0,False,False,,,69.6,False,,,0.0,,False,1.9,0,,False,[],,False,178.0,178.0,True
bc1pyqmthyvjetyddjj43vepea6kthe2dtjea0xl858svlvs740ucjksfg4s6p,bitcoin,BTC,1.89192996,0.0,BTC,122975.44739999999,178,0,0,1,1,1.0,0.0,0.0,True,0.17865,0.26464205293909004,False,False,,1.9,,0,[],[],0,False,False,,,69.6,False,,,0.0,,False,1.9,0,,False,[],,False,178.0,178.0,True
bc1pyx92pzlw42c9uuqfff22mstnw03pu695l7rnmc58pn8rsgktc0dqjd98rg,bitcoin,BTC,1.89192996,0.0,BTC,122975.44739999999,178,0,0,1,1,1.0,0.0,0.0,True,0.17865,0.26464205293909004,False,False,,1.9,,0,[],[],0,False,False,,,69.6,False,,,0.0,,False,1.9,0,,False,[],,False,178.0,178.0,True
bc1p3quukqmqh6d9m8pfpjp0ej6dtu7de4pyq9jeh8aa2xuul7qndwpq6qndlr,bitcoin,BTC,1.89192996,0.0,BTC,122975.44739999999,178,0,0,1,1,1.0,0.0,0.0,True,0.17865,0.26464205293909004,False,False,,1.9,,0,[],[],0,False,False,,,69.6,False,,,0.0,,False,1.9,0,,False,[],,False,178.0,178.0,True
bc1pzha4fj4cfjjg4vfnjuq9ppqrhdyegz3cggs9vwfpd0cm7e9ylw9smwt9es,bitcoin,BTC,1.89192996,0.0,BTC,122975.44739999999,178,0,0,1,1,1.0,0.0,0.0,True,0.17865,0.26464205293909004,False,False,,1.9,,0,[],[],0,False,False,,,69.6,False,,,0.0,,False,1.9,0,,False,[],,False,178.0,178.0,True
bc1p7ccj3ctedm47ew36gdwgzfvyxzpswr4sxw4xzl5rl9vpy9k0fjysaq0rzm,bitcoin,BTC,1.89192996,0.0,BTC,122975.44739999999,178,0,0,1,1,1.0,0.0,0.0,True,0.17865,0.26464205293909004,False,False,,1.9,,0,[],[],0,False,False,,,69.6,False,,,0.0,,False,1.9,0,,False,[],,False,178.0,178.0,True
bc1pj3am5wevjkxaz6ytr589cxdgkgpvmnc6462mw0r2zwzkc4ddr2zsygyfkr,bitcoin,BTC,1.89192996,0.0,BTC,122975.44739999999,178,0,0,1,1,1.0,0.0,0.0,True,0.17865,0.26464205293909004,False,False,,1.9,,0,[],[],0,False,False,,,69.6,False,,,0.0,,False,1.9,0,,False,[],,False,178.0,178.0,True
bc1p8rgf5q3tand9u0xle39kgncr49k0ztv257ntg8x0lwg44kgeu4qsmeypuj,bitcoin,BTC,7.04690766,0.0,BTC,458048.99789999996,221,0,0,1,1,1.0,0.0,0.0,True,0.3,0.2650927670273681,False,False,,1.8,,0,[],[],0,False,False,,,86.3,False,,,0.0,,False,1.8,0,,False,[],,False,221.0,221.0,True
bc1puf0ev8gfvg0e4w6smtsuw68r9032gy7cm5ezdaysdx98x59ttzush7apqz,bitcoin,BTC,7.04690766,0.0,BTC,458048.99789999996,221,0,0,1,1,1.0,0.0,0.0,True,0.3,0.2650927670273681,False,False,,1.8,,0,[],[],0,False,False,,,86.3,False,,,0.0,,False,1.8,0,,False,[],,False,221.0,221.0,True
bc1p744rpgqz78vjn4nsjg5h9lpdznelgqsntu0ywreel782ru8csd6s50jlp0,bitcoin,BTC,6.6961566,0.0,BTC,435250.179,210,0,0,1,1,1.0,0.0,0.0,True,0.27097499999999997,0.26567870068076294,False,False,,1.8,,0,[],[],0,False,False,,,82.3,False,,,0.0,,False,1.8,0,,False,[],,False,210.0,210.0,True
bc1pnj5kqern6879vcplrpy9hhm94te6tzngk3fxewvrr7vwm4unhgysn0r5he,bitcoin,BTC,6.6961566,0.0,BTC,435250.179,210,0,0,1,1,1.0,0.0,0.0,True,0.27097499999999997,0.26567870068076294,False,False,,1.8,,0,[],[],0,False,False,,,82.3,False,,,0.0,,False,1.8,0,,False,[],,False,210.0,210.0,True
bc1p2mfjp65zj79zej7uaacc45ujscgrg6jqppmzgy0prdwd6fycwcgsnlsq2t,bitcoin,BTC,9.7,0.0,BTC,630500.0,194,0,0,1,1,1.0,0.0,0.0,True,0.2301,0.26526487108419944,False,False,,1.8,,0,[],[],0,False,False,,,76.7,False,,,0.0,,False,1.8,0,,False,[],,False,194.0,194.0,True
bc1pdf8r30363asd6rv3ujugcj4q6a6f0jj3fh9kuhcy95k42te4gulsjl5ywf,bitcoin,BTC,0.67670154,0.0,BTC,43985.6001,191,0,0,1,1,1.0,0.0,0.0,True,0.21,0.2653904219937262,False,False,,1.8,,0,[],[],0,False,False,,,73.9,False,,,0.0,,False,1.8,0,,False,[],,False,191.0,191.0,True
bc1phrcxt6udqmqnmgnltsf4c4m5gejcgury30sw366cyj2f69htglkqnyadyv,bitcoin,BTC,0.67670154,0.0,BTC,43985.6001,191,0,0,1,1,1.0,0.0,0.0,True,0.21,0.2653904219937262,False,False,,1.8,,0,[],[],0,False,False,,,73.9,False,,,0.0,,False,1.8,0,,False,[],,False,191.0,191.0,True
bc1p0xsxfvyt7gdqg8y49f6ezqqxd9zvywd8zwwhcrxmdd7ggg46uktq3s2mu3,bitcoin,BTC,0.67670154,0.0,BTC,43985.6001,191,0,0,1,1,1.0,0.0,0.0,True,0.21,0.2653904219937262,False,False,,1.8,,0,[],[],0,False,False,,,73.9,False,,,0.0,,False,1.8,0,,False,[],,False,191.0,191.0,True
bc1pht45r2mgl8h8yrgxpxx4dag2zf8z7l0r2hpc3df6jca6yf9gpwqsj37gjv,bitcoin,BTC,0.67670154,0.0,BTC,43985.6001,191,0,0,1,1,1.0,0.0,0.0,True,0.21,0.2653904219937262,False,False,,1.8,,0,[],[],0,False,False,,,73.9,False,,,0.0,,False,1.8,0,,False,[],,False,191.0,191.0,True
bc1paj9ef3x25kjt35kdl0jw6wfu743kdy296cunufedljzsvnqjyhvsy9l8cv,bitcoin,BTC,0.67670154,0.0,BTC,43985.6001,191,0,0,1,1,1.0,0.0,0.0,True,0.21,0.2653904219937262,False,False,,1.8,,0,[],[],0,False,False,,,73.9,False,,,0.0,,False,1.8,0,,False,[],,False,191.0,191.0,True
bc1p4uxjunuf5k76h5u58n6qrj8fnne6xquuz84xvvkrfrgscr9f8ujqwr0494,bitcoin,BTC,0.67670154,0.0,BTC,43985.6001,191,0,0,1,1,1.0,0.0,0.0,True,0.21,0.2653904219937262,False,False,,1.8,,0,[],[],0,False,False,,,73.9,False,,,0.0,,False,1.8,0,,False,[],,False,191.0,191.0,True
bc1pjxggufjq8zvly6fk2zn594qwl0n3pvlhd7p42ez3jn6ljzhs9kxqr3cpcz,bitcoin,BTC,0.67670154,0.0,BTC,43985.6001,191,0,0,1,1,1.0,0.0,0.0,True,0.21,0.2653904219937262,False,False,,1.8,,0,[],[],0,False,False,,,73.9,False,,,0.0,,False,1.8,0,,False,[],,False,191.0,191.0,True
bc1pkqneqk7ywkpl7fjmt87y4xguq2j33glft77utwhtdzz9r8zu67ds5aq3ln,bitcoin,BTC,9.25,0.0,BTC,601250.0,185,0,0,1,1,1.0,0.0,0.0,True,0.20077499999999998,0.26539909464742845,False,False,,1.8,,0,[],[],0,False,False,,,72.6,False,,,0.0,,False,1.8,0,,False,[],,False,185.0,185.0,True
bc1qpm63z0p7rfcd3vv4689kjkpr502tluh46g8vrf,bitcoin,BTC,9.25,0.0,BTC,601250.0,185,0,0,1,1,1.0,0.0,0.0,True,0.20077499999999998,0.26539909464742845,False,False,,1.8,,0,[],[],0,False,False,,,72.6,False,,,0.0,,False,1.8,0,,False,[],,False,185.0,185.0,True
bc1pu2zge5gr8ux6uhs3fq06tktf85wud7s6t46sdt4v0alxlf9ch4hqz29krv,bitcoin,BTC,9.25,0.0,BTC,601250.0,185,0,0,1,1,1.0,0.0,0.0,True,0.20077499999999998,0.26539909464742845,False,False,,1.8,,0,[],[],0,False,False,,,72.6,False,,,0.0,,False,1.8,0,,False,[],,False,185.0,185.0,True
bc1q982f8gumu03pkxfkzpq07zfru3kp4ctn5sln56,bitcoin,BTC,9.25,0.0,BTC,601250.0,185,0,0,1,1,1.0,0.0,0.0,True,0.20077499999999998,0.26539909464742845,False,False,,1.8,,0,[],[],0,False,False,,,72.6,False,,,0.0,,False,1.8,0,,False,[],,False,185.0,185.0,True
bc1qwatn9vq9nkqhafen7yupfr8g5rsmgz0r673eqa,bitcoin,BTC,9.25,0.0,BTC,601250.0,185,0,0,1,1,1.0,0.0,0.0,True,0.20077499999999998,0.26539909464742845,False,False,,1.8,,0,[],[],0,False,False,,,72.6,False,,,0.0,,False,1.8,0,,False,[],,False,185.0,185.0,True
bc1q8mj2228255scvddjyenl8hapcul3usxl4kkcxr,bitcoin,BTC,5.80333572,0.0,BTC,377216.8218,182,0,0,1,1,1.0,0.0,0.0,True,0.189225,0.265584554751235,False,False,,1.8,,0,[],[],0,False,False,,,71.1,False,,,0.0,,False,1.8,0,,False,[],,False,182.0,182.0,True
bc1qwgjj885s2j8crlhdnnllkyaqtsrjaqurn935le,bitcoin,BTC,5.80333572,0.0,BTC,377216.8218,182,0,0,1,1,1.0,0.0,0.0,True,0.189225,0.265584554751235,False,False,,1.8,,0,[],[],0,False,False,,,71.1,False,,,0.0,,False,1.8,0,,False,[],,False,182.0,182.0,True
bc1q026v5j6rruwlald9rc07n680n8qhfjhjl4mqrk,bitcoin,BTC,5.80333572,0.0,BTC,377216.8218,182,0,0,1,1,1.0,0.0,0.0,True,0.189225,0.265584554751235,False,False,,1.8,,0,[],[],0,False,False,,,71.1,False,,,0.0,,False,1.8,0,,False,[],,False,182.0,182.0,True
bc1qmsc2kq5leaflvvvw8a93kmrgtustqcn9wq2jxp,bitcoin,BTC,5.80333572,0.0,BTC,377216.8218,182,0,0,1,1,1.0,0.0,0.0,True,0.189225,0.265584554751235,False,False,,1.8,,0,[],[],0,False,False,,,71.1,False,,,0.0,,False,1.8,0,,False,[],,False,182.0,182.0,True
bc1q0ykdkepznmuatakfkfeaxmjsn7pvt2w4zxj5a5,bitcoin,BTC,5.80333572,0.0,BTC,377216.8218,182,0,0,1,1,1.0,0.0,0.0,True,0.189225,0.265584554751235,False,False,,1.8,,0,[],[],0,False,False,,,71.1,False,,,0.0,,False,1.8,0,,False,[],,False,182.0,182.0,True
bc1q6dzuraw6l5jvj7rfslmg6rztqwc5ru3zjclj20,bitcoin,BTC,5.80333572,0.0,BTC,377216.8218,182,0,0,1,1,1.0,0.0,0.0,True,0.189225,0.265584554751235,False,False,,1.8,,0,[],[],0,False,False,,,71.1,False,,,0.0,,False,1.8,0,,False,[],,False,182.0,182.0,True
bc1prznlcwawl0l6eqwrt6eh7xuq9evjdnahkc2ccj6qndvcuc2caw0s4ddqh7,bitcoin,BTC,5.70767634,0.0,BTC,370998.9621,179,0,0,1,1,1.0,0.0,0.0,True,0.183075,0.26501734191062004,False,False,,1.8,,0,[],[],0,False,False,,,70.2,False,,,0.0,,False,1.8,0,,False,[],,False,179.0,179.0,True
bc1pzmgcuhvgk6w3ue3hkwgqnyrexkmtm400rujc38ls8cgvatcl47msefszr0,bitcoin,BTC,5.70767634,0.0,BTC,370998.9621,179,0,0,1,1,1.0,0.0,0.0,True,0.183075,0.26501734191062004,False,False,,1.8,,0,[],[],0,False,False,,,70.2,False,,,0.0,,False,1.8,0,,False,[],,False,179.0,179.0,True
bc1pvhew95adm73wulz58rwevp4hvs2r6jpl7haqa44ww3e69luae3zsu6ygnw,bitcoin,BTC,1.16385579,0.0,BTC,75650.62634999999,219,0,0,1,1,1.0,0.0,0.0,True,0.296775,0.26624247179954597,False,False,,1.7,,0,[],[],0,False,False,,,85.8,False,,,0.0,,False,1.7,0,,False,[],,False,219.0,219.0,True
bc1pgvp6ur4le5jq8d762ankgcppn655368zvqgp9ta08pp080k5s6jq6svrw3,bitcoin,BTC,1.16385579,0.0,BTC,75650.62634999999,219,0,0,1,1,1.0,0.0,0.0,True,0.296775,0.26624247179954597,False,False,,1.7,,0,[],[],0,False,False,,,85.8,False,,,0.0,,False,1.7,0,,False,[],,False,219.0,219.0,True
bc1pql67apn8klfymx29xnwpff0emrg07epgllpzk4q58av42j2rcvms5q36gp,bitcoin,BTC,1.16385579,0.0,BTC,75650.62634999999,219,0,0,1,1,1.0,0.0,0.0,True,0.296775,0.26624247179954597,False,False,,1.7,,0,[],[],0,False,False,,,85.8,False,,,0.0,,False,1.7,0,,False,[],,False,219.0,219.0,True
bc1p6nvdcsxdkedv7q5nkdrjv4dpyn8xpjxfa3dw4lgy7pqm2zyhf6kslc7jhv,bitcoin,BTC,0.76881798,0.0,BTC,49973.1687,217,0,0,1,1,1.0,0.0,0.0,True,0.291,0.2663506709048015,False,False,,1.7,,0,[],[],0,False,False,,,85.0,False,,,0.0,,False,1.7,0,,False,[],,False,217.0,217.0,True
bc1p6kpp603egd9xzdy35fhhczn55suqcmwdwxg59dwhle9hwmu6ftuqn3s6x2,bitcoin,BTC,0.76881798,0.0,BTC,49973.1687,217,0,0,1,1,1.0,0.0,0.0,True,0.291,0.2663506709048015,False,False,,1.7,,0,[],[],0,False,False,,,85.0,False,,,0.0,,False,1.7,0,,False,[],,False,217.0,217.0,True
bc1pqfqs3zfr09lgqcfex9fcad4yu826we77sdcuv87u7hda6szewuqspwg0n6,bitcoin,BTC,0.76881798,0.0,BTC,49973.1687,217,0,0,1,1,1.0,0.0,0.0,True,0.291,0.2663506709048015,False,False,,1.7,,0,[],[],0,False,False,,,85.0,False,,,0.0,,False,1.7,0,,False,[],,False,217.0,217.0,True
bc1p700wqmwldte3ca9aph77z9rm942akqugq82r0vs3lr6pyjd8kw2qpfq46h,bitcoin,BTC,0.76881798,0.0,BTC,49973.1687,217,0,0,1,1,1.0,0.0,0.0,True,0.291,0.2663506709048015,False,False,,1.7,,0,[],[],0,False,False,,,85.0,False,,,0.0,,False,1.7,0,,False,[],,False,217.0,217.0,True
bc1p3j46m3jkfklrzlzru49ugz446yd3t7t3cmlaphcacqulptcm7tyqzjrp0y,bitcoin,BTC,0.76881798,0.0,BTC,49973.1687,217,0,0,1,1,1.0,0.0,0.0,True,0.291,0.266297412679656,False,False,,1.7,,0,[],[],0,False,False,,,85.0,False,,,0.0,,False,1.7,0,,False,[],,False,217.0,217.0,True
bc1pjge4msysz9zr3rsgl0v90ydq9ezuaglkrqcjk03cfyelm4xm5wvq9887r2,bitcoin,BTC,0.76881798,0.0,BTC,49973.1687,217,0,0,1,1,1.0,0.0,0.0,True,0.291,0.266297412679656,False,False,,1.7,,0,[],[],0,False,False,,,85.0,False,,,0.0,,False,1.7,0,,False,[],,False,217.0,217.0,True
bc1px0x0ug8hflcrk0ucvzc34gp3c2jx0gs6m2tpyxfv2gjj7gr2qeuq7wycee,bitcoin,BTC,0.76881798,0.0,BTC,49973.1687,217,0,0,1,1,1.0,0.0,0.0,True,0.291,0.266297412679656,False,False,,1.7,,0,[],[],0,False,False,,,85.0,False,,,0.0,,False,1.7,0,,False,[],,False,217.0,217.0,True
bc1p3ve2y694ew735fj3072k3hrqgh0qhysac67nd5ea5j9r2s0agt9qt0dt5t,bitcoin,BTC,0.7263027,0.0,BTC,47209.6755,205,0,0,1,1,1.0,0.0,0.0,True,0.253875,0.26569639764403863,False,False,,1.7,,0,[],[],0,False,False,,,79.9,False,,,0.0,,False,1.7,0,,False,[],,False,205.0,205.0,True
bc1q0dkkqpunpr9u3zjzuxlaftrvthau43dhwz6gjs,bitcoin,BTC,0.72275976,0.0,BTC,46979.384399999995,204,0,0,1,1,1.0,0.0,0.0,True,0.25117500000000004,0.265750136599078,False,False,,1.7,,0,[],[],0,False,False,,,79.6,False,,,0.0,,False,1.7,0,,False,[],,False,204.0,204.0,True
bc1pss8sryaxwka0mqwkg5gz2drks5kr9arprv6s6pzjgk7ak0602ceqe6fcj7,bitcoin,BTC,0.72275976,0.0,BTC,46979.384399999995,204,0,0,1,1,1.0,0.0,0.0,True,0.25117500000000004,0.265750136599078,False,False,,1.7,,0,[],[],0,False,False,,,79.6,False,,,0.0,,False,1.7,0,,False,[],,False,204.0,204.0,True
bc1pe0agypued53ac5njgppcsguxnwy7l03erfj9x2r3ut8c9plgd8gqrzzuaz,bitcoin,BTC,0.708588,0.0,BTC,46058.22,200,0,0,1,1,1.0,0.0,0.0,True,0.247875,0.2662735455106413,False,False,,1.7,,0,[],[],0,False,False,,,79.1,False,,,0.0,,False,1.7,0,,False,[],,False,200.0,200.0,True
bc1pt95fwdd920fsszltcef2gj6kc72uvlhnghs74ca5nzzmncm9ymuswhxsaz,bitcoin,BTC,0.708588,0.0,BTC,46058.22,200,0,0,1,1,1.0,0.0,0.0,True,0.247875,0.2662735455106413,False,False,,1.7,,0,[],[],0,False,False,,,79.1,False,,,0.0,,False,1.7,0,,False,[],,False,200.0,200.0,True
bc1pf8uesay8vxj2muumm62ruz9mg3cuj5zsf9nh6hs369zu6nd78npskz3rjd,bitcoin,BTC,0.708588,0.0,BTC,46058.22,200,0,0,1,1,1.0,0.0,0.0,True,0.247875,0.2662735455106413,False,False,,1.7,,0,[],[],0,False,False,,,79.1,False,,,0.0,,False,1.7,0,,False,[],,False,200.0,200.0,True
bc1pzelytln5ax6ftrx38r8xd8s0j8qjp6h9jkn5uhnhc85sntyt4eds5zgexq,bitcoin,BTC,0.708588,0.0,BTC,46058.22,200,0,0,1,1,1.0,0.0,0.0,True,0.247875,0.2662735455106413,False,False,,1.7,,0,[],[],0,False,False,,,79.1,False,,,0.0,,False,1.7,0,,False,[],,False,200.0,200.0,True
bc1pnnn6vkk44cs34p4azx5g6ucpszrw52tcrn4dn44pnraatk9n54jq4afk8c,bitcoin,BTC,0.708588,0.0,BTC,46058.22,200,0,0,1,1,1.0,0.0,0.0,True,0.247875,0.2662735455106413,False,False,,1.7,,0,[],[],0,False,False,,,79.1,False,,,0.0,,False,1.7,0,,False,[],,False,200.0,200.0,True
bc1p0n8ps2dvupkq6687vps0pkpz37gfwy6cyvfpmj6qtmlnxn85tyhq4earsk,bitcoin,BTC,0.708588,0.0,BTC,46058.22,200,0,0,1,1,1.0,0.0,0.0,True,0.247875,0.2662735455106413,False,False,,1.7,,0,[],[],0,False,False,,,79.1,False,,,0.0,,False,1.7,0,,False,[],,False,200.0,200.0,True
bc1paz8a45nl6vzs7azxvp8mgk0gjxc6crxfj750gt94kjdsy8a04y0sdgzcrr,bitcoin,BTC,0.68733036,0.0,BTC,44676.4734,194,0,0,1,1,1.0,0.0,0.0,True,0.2301,0.2660776368535211,False,False,,1.7,,0,[],[],0,False,False,,,76.7,False,,,0.0,,False,1.7,0,,False,[],,False,194.0,194.0,True
bc1pw9erxufz2s58j24agm532xqxq633cffkajry0sf9uym6w55v68usksjcv5,bitcoin,BTC,0.68024448,0.0,BTC,44215.891200000005,192,0,0,1,1,1.0,0.0,0.0,True,0.21697499999999997,0.26573006494651624,False,False,,1.7,,0,[],[],0,False,False,,,74.9,False,,,0.0,,False,1.7,0,,False,[],,False,192.0,192.0,True
bc1pv4gpm4j4cx6g0myxh0j8qyn6sxvakph48jnekzwdq58dkp4ugejq2ney0z,bitcoin,BTC,0.68024448,0.0,BTC,44215.891200000005,192,0,0,1,1,1.0,0.0,0.0,True,0.21697499999999997,0.26573006494651624,False,False,,1.7,,0,[],[],0,False,False,,,74.9,False,,,0.0,,False,1.7,0,,False,[],,False,192.0,192.0,True
bc1p87uvv89h5vf3mm6ldqhn3yg5jwlcgr3mzj8mkfag93tf86ge4wqsds08gc,bitcoin,BTC,0.68024448,0.0,BTC,44215.891200000005,192,0,0,1,1,1.0,0.0,0.0,True,0.21697499999999997,0.26573006494651624,False,False,,1.7,,0,[],[],0,False,False,,,74.9,False,,,0.0,,False,1.7,0,,False,[],,False,192.0,192.0,True
bc1p6mkxvz5624q7g455kjgdrjp4hyrz6373p8e72r78zus6v48swqrq6sr6d4,bitcoin,BTC,0.68024448,0.0,BTC,44215.891200000005,192,0,0,1,1,1.0,0.0,0.0,True,0.21697499999999997,0.26573006494651624,False,False,,1.7,,0,[],[],0,False,False,,,74.9,False,,,0.0,,False,1.7,0,,False,[],,False,192.0,192.0,True
bc1pnnau0sk67v5u2pu6dgf4lnxjfqy8hlg4shgsltj0nft5v5zkp8fswdkpl0,bitcoin,BTC,0.68024448,0.0,BTC,44215.891200000005,192,0,0,1,1,1.0,0.0,0.0,True,0.21697499999999997,0.26573006494651624,False,False,,1.7,,0,[],[],0,False,False,,,74.9,False,,,0.0,,False,1.7,0,,False,[],,False,192.0,192.0,True
bc1p707zk4sxk4kyk3gu69rfffdny533wmuz08xhyc3kzzq39774mxlqv8yusr,bitcoin,BTC,1.94507406,0.0,BTC,126429.81390000001,183,0,0,1,1,1.0,0.0,0.0,True,0.195,0.26635936404196514,False,False,,1.7,,0,[],[],0,False,False,,,71.9,False,,,0.0,,False,1.7,0,,False,[],,False,183.0,183.0,True
bc1pajnr9v4p2ps5ax2z3fkwd7h5m6rvn8dl6y2g02954syvzh3qcvtscstj2p,bitcoin,BTC,1.94507406,0.0,BTC,126429.81390000001,183,0,0,1,1,1.0,0.0,0.0,True,0.195,0.26635120352812747,False,False,,1.7,,0,[],[],0,False,False,,,71.9,False,,,0.0,,False,1.7,0,,False,[],,False,183.0,183.0,True
bc1phgcrtxx3z69n72akzmedwj534mat3qqap58v6lfngg5psj2acrqq80xway,bitcoin,BTC,2.85383817,0.0,BTC,185499.48105,179,0,0,1,1,1.0,0.0,0.0,True,0.183075,0.26600309557707535,False,False,,1.7,,0,[],[],0,False,False,,,70.2,False,,,0.0,,False,1.7,0,,False,[],,False,179.0,179.0,True
bc1p3a5k3ku22yptf72syn0x05pynwyrz2ak2yr62ceh2emqyru80xhq8t4nnf,bitcoin,BTC,3.75390208,0.0,BTC,244003.6352,179,0,0,1,1,1.0,0.0,0.0,True,0.183075,0.26624029783551056,False,False,,1.7,,0,[],[],0,False,False,,,70.2,False,,,0.0,,False,1.7,0,,False,[],,False,179.0,179.0,True
bc1par60cushj75dsl5p750pzkdh9m2tasshegnlxt6ypxlw55sy8frq6qkt8p,bitcoin,BTC,2.85383817,0.0,BTC,185499.48105,179,0,0,1,1,1.0,0.0,0.0,True,0.183075,0.26600309557707535,False,False,,1.7,,0,[],[],0,False,False,,,70.2,False,,,0.0,,False,1.7,0,,False,[],,False,179.0,179.0,True
bc1pvkrgz66x36p5e6kjn8538an3tzvezlucptenzfm7jwa2ydlxqdeqvxjm92,bitcoin,BTC,2.85383817,0.0,BTC,185499.48105,179,0,0,1,1,1.0,0.0,0.0,True,0.183075,0.26600309557707535,False,False,,1.7,,0,[],[],0,False,False,,,70.2,False,,,0.0,,False,1.7,0,,False,[],,False,179.0,179.0,True
bc1pn9p0upenkzkqqq2y80jrgf5wpqam6pldyvm0efzg2rh5l05lgk4qe9jxcs,bitcoin,BTC,10.85,0.0,BTC,705250.0,217,0,0,1,1,1.0,0.0,0.0,True,0.291,0.2670722508636163,False,False,,1.6,,0,[],[],0,False,False,,,85.0,False,,,0.0,,False,1.6,0,,False,[],,False,217.0,217.0,True
bc1pyzxlnxucegqvdlc94trws3uasjctmu9zzs9du76vdg202ya23hxszp3txt,bitcoin,BTC,10.85,0.0,BTC,705250.0,217,0,0,1,1,1.0,0.0,0.0,True,0.291,0.2670722508636163,False,False,,1.6,,0,[],[],0,False,False,,,85.0,False,,,0.0,,False,1.6,0,,False,[],,False,217.0,217.0,True
bc1pd50ywhptv7mhravgfc7vqle9rywqyjdr8xyz7kuqksxckuc5yu8qm3e9ka,bitcoin,BTC,10.85,0.0,BTC,705250.0,217,0,0,1,1,1.0,0.0,0.0,True,0.291,0.2670722508636163,False,False,,1.6,,0,[],[],0,False,False,,,85.0,False,,,0.0,,False,1.6,0,,False,[],,False,217.0,217.0,True
bc1pv9888jld0rmx9axnr3ekt2vdefg3dvezg30g05942q7jmahfplvqwpl9wf,bitcoin,BTC,0.76881798,0.0,BTC,49973.1687,216,0,0,1,1,1.0,0.0,0.0,True,0.282675,0.26675853190050197,False,False,,1.6,,0,[],[],0,False,False,,,83.9,False,,,0.0,,False,1.6,0,,False,[],,False,216.0,216.0,True
bc1pgedxyeh97qg3ds4dkp9r6vcvsz0r4d2tamajekxej3chwpx8jf5stjcfyg,bitcoin,BTC,0.76881798,0.0,BTC,49973.1687,216,0,0,1,1,1.0,0.0,0.0,True,0.282675,0.26675853190050197,False,False,,1.6,,0,[],[],0,False,False,,,83.9,False,,,0.0,,False,1.6,0,,False,[],,False,216.0,216.0,True
bc1pl37t0sz9evjx92ae3tq8fxjd8h4yhjtzdgjnrusmfgdxvxtttm0qgrfk6y,bitcoin,BTC,0.76881798,0.0,BTC,49973.1687,216,0,0,1,1,1.0,0.0,0.0,True,0.282675,0.26675853190050197,False,False,,1.6,,0,[],[],0,False,False,,,83.9,False,,,0.0,,False,1.6,0,,False,[],,False,216.0,216.0,True
bc1pd3mwmdhw9may2k0nztnlfdz6lexw4zsxpauq0kh3w4wf0xqts96q8dnwq3,bitcoin,BTC,0.76881798,0.0,BTC,49973.1687,216,0,0,1,1,1.0,0.0,0.0,True,0.282675,0.26675853190050197,False,False,,1.6,,0,[],[],0,False,False,,,83.9,False,,,0.0,,False,1.6,0,,False,[],,False,216.0,216.0,True
bc1pr9y6w3vlqx6meqcg6ykt55qdgdqxf8tfwestzyetyd6qda889zus83q47k,bitcoin,BTC,0.76881798,0.0,BTC,49973.1687,216,0,0,1,1,1.0,0.0,0.0,True,0.282675,0.26675853190050197,False,False,,1.6,,0,[],[],0,False,False,,,83.9,False,,,0.0,,False,1.6,0,,False,[],,False,216.0,216.0,True
bc1pjmwsmpm6s0rhl00vwzneacdeeldrt8t5c2strshxpushde26vtpsed3tu0,bitcoin,BTC,0.76881798,0.0,BTC,49973.1687,216,0,0,1,1,1.0,0.0,0.0,True,0.282675,0.26675853190050197,False,False,,1.6,,0,[],[],0,False,False,,,83.9,False,,,0.0,,False,1.6,0,,False,[],,False,216.0,216.0,True
bc1pws8njr8jw7q54cwxlffyf2y3sqczzqp072dck7m083lg5hhw64rq8tgaue,bitcoin,BTC,0.76881798,0.0,BTC,49973.1687,216,0,0,1,1,1.0,0.0,0.0,True,0.282675,0.26675853190050197,False,False,,1.6,,0,[],[],0,False,False,,,83.9,False,,,0.0,,False,1.6,0,,False,[],,False,216.0,216.0,True
bc1p6xhvqvvfkvejmtukug9zc23kv52hghqdv3x5q7hwwj80rxrdc09qcptc5d,bitcoin,BTC,0.76881798,0.0,BTC,49973.1687,216,0,0,1,1,1.0,0.0,0.0,True,0.282675,0.26675853190050197,False,False,,1.6,,0,[],[],0,False,False,,,83.9,False,,,0.0,,False,1.6,0,,False,[],,False,216.0,216.0,True
bc1p4ls8gq36sgg38k3echtesm2n27fs7kgqnw7cq2d7m42lyw7sc64qdg2r42,bitcoin,BTC,0.7617321,0.0,BTC,49512.586500000005,215,0,0,1,1,1.0,0.0,0.0,True,0.2763,0.2670432610582212,False,False,,1.6,,0,[],[],0,False,False,,,83.0,False,,,0.0,,False,1.6,0,,False,[],,False,215.0,215.0,True
bc1pqzewg3wq895c8z4v7d29ay76vlt8l9s9d757jfnp6kdz7egss37qeus4mh,bitcoin,BTC,0.7617321,0.0,BTC,49512.586500000005,215,0,0,1,1,1.0,0.0,0.0,True,0.2763,0.2670432610582212,False,False,,1.6,,0,[],[],0,False,False,,,83.0,False,,,0.0,,False,1.6,0,,False,[],,False,215.0,215.0,True
bc1purk796sckul5n3qe4605v2xvfkstgw95dckslntglsq5ynq3ve9q4y9mzj,bitcoin,BTC,0.7617321,0.0,BTC,49512.586500000005,215,0,0,1,1,1.0,0.0,0.0,True,0.2763,0.2670432610582212,False,False,,1.6,,0,[],[],0,False,False,,,83.0,False,,,0.0,,False,1.6,0,,False,[],,False,215.0,215.0,True
bc1pwvmd7ua0745z24m644ykudxm0jxd4yfszz6qdgvrytewzf0lsy0q7kyqfl,bitcoin,BTC,0.7617321,0.0,BTC,49512.586500000005,215,0,0,1,1,1.0,0.0,0.0,True,0.2763,0.2670432610582212,False,False,,1.6,,0,[],[],0,False,False,,,83.0,False,,,0.0,,False,1.6,0,,False,[],,False,215.0,215.0,True
bc1p2wwxph9wk4czp7s43qkcze5nep3amkcn65kfrt0nxxyhg33ylxsqzyz87a,bitcoin,BTC,10.5,0.0,BTC,682500.0,210,0,0,1,1,1.0,0.0,0.0,True,0.27097499999999997,0.2670887852549376,False,False,,1.6,,0,[],[],0,False,False,,,82.3,False,,,0.0,,False,1.6,0,,False,[],,False,210.0,210.0,True
bc1pzlpscvqpaqh9qax9dp4njymd34dl9de306snzvvk6edsep2ekfcsa086ln,bitcoin,BTC,0.7440174,0.0,BTC,48361.131,210,0,0,1,1,1.0,0.0,0.0,True,0.27097499999999997,0.2664344442560018,False,False,,1.6,,0,[],[],0,False,False,,,82.3,False,,,0.0,,False,1.6,0,,False,[],,False,210.0,210.0,True
bc1pu6grvf76ml9ksqhwcgp6tkef6tw9lqxwp26lk7zw2sr2jtchtmlqdcdk68,bitcoin,BTC,0.7440174,0.0,BTC,48361.131,210,0,0,1,1,1.0,0.0,0.0,True,0.27097499999999997,0.2670728528711672,False,False,,1.6,,0,[],[],0,False,False,,,82.3,False,,,0.0,,False,1.6,0,,False,[],,False,210.0,210.0,True
bc1p6juzpge63f4c53da8z78uatt3f74v9ngr9wp5ykke5rx6dxm5ruq8e6vg3,bitcoin,BTC,0.7440174,0.0,BTC,48361.131,210,0,0,1,1,1.0,0.0,0.0,True,0.27097499999999997,0.2670728528711672,False,False,,1.6,,0,[],[],0,False,False,,,82.3,False,,,0.0,,False,1.6,0,,False,[],,False,210.0,210.0,True
bc1pvvgmw9q9dvzzfv895cchfw987u3zvccq39qvpdemzczy2zeyxwnqjuxhj6,bitcoin,BTC,10.2,0.0,BTC,663000.0,204,0,0,1,1,1.0,0.0,0.0,True,0.25117500000000004,0.2666590909863463,False,False,,1.6,,0,[],[],0,False,False,,,79.6,False,,,0.0,,False,1.6,0,,False,[],,False,204.0,204.0,True
bc1pdn8rn0e6af3yqtz4ulsz5htyn3pkxv6nyjz2pys2mn5p32mfye9scud5r0,bitcoin,BTC,10.2,0.0,BTC,663000.0,204,0,0,1,1,1.0,0.0,0.0,True,0.25117500000000004,0.2666590909863463,False,False,,1.6,,0,[],[],0,False,False,,,79.6,False,,,0.0,,False,1.6,0,,False,[],,False,204.0,204.0,True
bc1pahdc0k2tn2u28ql7qkehyd6sqfjv98fzlupxfpcnrt5t99t3stsqunyqry,bitcoin,BTC,10.2,0.0,BTC,663000.0,204,0,0,1,1,1.0,0.0,0.0,True,0.25117500000000004,0.2666590909863463,False,False,,1.6,,0,[],[],0,False,False,,,79.6,False,,,0.0,,False,1.6,0,,False,[],,False,204.0,204.0,True
bc1punm749epayl84fa9pdvkzq6xu5raafqr2nkd9crvwj844amkrg0sa6a6up,bitcoin,BTC,10.2,0.0,BTC,663000.0,204,0,0,1,1,1.0,0.0,0.0,True,0.25117500000000004,0.2666590909863463,False,False,,1.6,,0,[],[],0,False,False,,,79.6,False,,,0.0,,False,1.6,0,,False,[],,False,204.0,204.0,True
bc1ptt4whvxdlse9wpt9z94mrw6vsu3x7ysjh56qjj80jy9m8zm0cvmsas67pt,bitcoin,BTC,10.2,0.0,BTC,663000.0,204,0,0,1,1,1.0,0.0,0.0,True,0.25117500000000004,0.2666590909863463,False,False,,1.6,,0,[],[],0,False,False,,,79.6,False,,,0.0,,False,1.6,0,,False,[],,False,204.0,204.0,True
bc1pazugw5qlpk82yn5fy0x75946dk4kug7yup562az6twppfgl2ruvskr0w6l,bitcoin,BTC,16.60944384,0.0,BTC,1079613.8496,198,0,0,1,1,1.0,0.0,0.0,True,0.239775,0.26681262388145355,False,False,,1.6,,0,[],[],0,False,False,,,78.0,False,,,0.0,,False,1.6,0,,False,[],,False,198.0,198.0,True
bc1pak6rs6xtjrjetaczhmt9hwu0qdw6mhj9znyuy4ha8nhfpevzuxyqtv3l8l,bitcoin,BTC,16.60944384,0.0,BTC,1079613.8496,198,0,0,1,1,1.0,0.0,0.0,True,0.239775,0.26681262388145355,False,False,,1.6,,0,[],[],0,False,False,,,78.0,False,,,0.0,,False,1.6,0,,False,[],,False,198.0,198.0,True
bc1pyzkhwlnkre8w7pqjftf226d7eqpetqe975ahns8sn50kdtw746nq6zzzzu,bitcoin,BTC,16.60944384,0.0,BTC,1079613.8496,198,0,0,1,1,1.0,0.0,0.0,True,0.239775,0.26681262388145355,False,False,,1.6,,0,[],[],0,False,False,,,78.0,False,,,0.0,,False,1.6,0,,False,[],,False,198.0,198.0,True
bc1pwrpe5aman9hh7yppme370hjtt9npjjk4upm0z75ck9eu46tant6sczdftg,bitcoin,BTC,16.60944384,0.0,BTC,1079613.8496,198,0,0,1,1,1.0,0.0,0.0,True,0.239775,0.26681262388145355,False,False,,1.6,,0,[],[],0,False,False,,,78.0,False,,,0.0,,False,1.6,0,,False,[],,False,198.0,198.0,True
bc1pgs0qyuau0nw4fdt73jrgfa02j049yxsqarsxfan8ml4jy330ehqq38jn0g,bitcoin,BTC,0.68378742,0.0,BTC,44446.1823,193,0,0,1,1,1.0,0.0,0.0,True,0.224175,0.26666611550224023,False,False,,1.6,,0,[],[],0,False,False,,,75.9,False,,,0.0,,False,1.6,0,,False,[],,False,193.0,193.0,True
bc1panwezftfy3mwn0wus40kank0p9l3ezzkht64la6syp874yu2c2mqt487ng,bitcoin,BTC,0.68378742,0.0,BTC,44446.1823,193,0,0,1,1,1.0,0.0,0.0,True,0.224175,0.26666611550224023,False,False,,1.6,,0,[],[],0,False,False,,,75.9,False,,,0.0,,False,1.6,0,,False,[],,False,193.0,193.0,True
bc1pvqsrc2evu4pv7khxxmrfklevkjwfcs03ze6eszvkrsh9y8nzcdwq0zf305,bitcoin,BTC,3.83778816,0.0,BTC,249456.2304,183,0,0,1,1,1.0,0.0,0.0,True,0.195,0.26686301545121366,False,False,,1.6,,0,[],[],0,False,False,,,71.9,False,,,0.0,,False,1.6,0,,False,[],,False,183.0,183.0,True
bc1pa40jxz9k4542r9em564s25qgzr4vczf92twspj50cjs3xmex6qvqfhfgf4,bitcoin,BTC,1.94507406,0.0,BTC,126429.81390000001,183,0,0,1,1,1.0,0.0,0.0,True,0.195,0.2671481802791085,False,False,,1.6,,0,[],[],0,False,False,,,71.9,False,,,0.0,,False,1.6,0,,False,[],,False,183.0,183.0,True
bc1p0f6f3enuxyys5z7zvpctkr2vfcam6au6naky6yrjsf57hzrjkjkqgce6jp,bitcoin,BTC,1.94507406,0.0,BTC,126429.81390000001,183,0,0,1,1,1.0,0.0,0.0,True,0.195,0.2671481802791085,False,False,,1.6,,0,[],[],0,False,False,,,71.9,False,,,0.0,,False,1.6,0,,False,[],,False,183.0,183.0,True
bc1pamnqrr0fpvn7audawh6eg575xus0ukdwcxtss5pwsk8rmudpndxs9n23k9,bitcoin,BTC,3.83778816,0.0,BTC,249456.2304,183,0,0,1,1,1.0,0.0,0.0,True,0.195,0.26686301545121366,False,False,,1.6,,0,[],[],0,False,False,,,71.9,False,,,0.0,,False,1.6,0,,False,[],,False,183.0,183.0,True
bc1p3hqf387sjn862mn0gcp4e5sgf6s7rn7qz7mwad266pqsnjtxj4rskjgl32,bitcoin,BTC,3.83778816,0.0,BTC,249456.2304,183,0,0,1,1,1.0,0.0,0.0,True,0.195,0.26686301545121366,False,False,,1.6,,0,[],[],0,False,False,,,71.9,False,,,0.0,,False,1.6,0,,False,[],,False,183.0,183.0,True
bc1pexzyq5ztf5te758d6w6q4twdqqdrpw94qsng47psykml9hq959espqvq0u,bitcoin,BTC,1.93444524,0.0,BTC,125738.9406,182,0,0,1,1,1.0,0.0,0.0,True,0.189225,0.26693888717568737,False,False,,1.6,,0,[],[],0,False,False,,,71.1,False,,,0.0,,False,1.6,0,,False,[],,False,182.0,182.0,True
bc1pz0uqk6v3a7aj570va70467rjev4uuxnm76ff4cr7zw4suvxlcs9qyvf56f,bitcoin,BTC,1.93444524,0.0,BTC,125738.9406,182,0,0,1,1,1.0,0.0,0.0,True,0.189225,0.26693888717568737,False,False,,1.6,,0,[],[],0,False,False,,,71.1,False,,,0.0,,False,1.6,0,,False,[],,False,182.0,182.0,True
bc1p6mgtczjkr43e3dujm0aw94pshf74ydssmh9kacwewq6q35lurd6qd3qa2y,bitcoin,BTC,1.93444524,0.0,BTC,125738.9406,182,0,0,1,1,1.0,0.0,0.0,True,0.189225,0.26693888717568737,False,False,,1.6,,0,[],[],0,False,False,,,71.1,False,,,0.0,,False,1.6,0,,False,[],,False,182.0,182.0,True
bc1pej2f8vazwxpudzfmu5gyxg6txrrn6kjm4gg0z8junxecahvw07kq9mjxev,bitcoin,BTC,3.73293056,0.0,BTC,242640.4864,178,0,0,1,1,1.0,0.0,0.0,True,0.17865,0.26651172782533716,False,False,,1.6,,0,[],[],0,False,False,,,69.6,False,,,0.0,,False,1.6,0,,False,[],,False,178.0,178.0,True
bc1p6n58tg7pm53ew28yeuhajltxux50s5sjcda5kj6mmam4nl4wx4us84anxx,bitcoin,BTC,3.73293056,0.0,BTC,242640.4864,178,0,0,1,1,1.0,0.0,0.0,True,0.17865,0.26651172782533716,False,False,,1.6,,0,[],[],0,False,False,,,69.6,False,,,0.0,,False,1.6,0,,False,[],,False,178.0,178.0,True
bc1pn57adfq2cpu4m8xl823xjhkzaa4wys63p220a9kgyf3x8v3k9hgqj0svdv,bitcoin,BTC,3.73293056,0.0,BTC,242640.4864,178,0,0,1,1,1.0,0.0,0.0,True,0.17865,0.26651172782533716,False,False,,1.6,,0,[],[],0,False,False,,,69.6,False,,,0.0,,False,1.6,0,,False,[],,False,178.0,178.0,True
bc1p5r6vtdks7lwst5yxpu07y6tz6e9asvgyhq6tgqgcdrg4pf8yh64qrnwtyx,bitcoin,BTC,3.73293056,0.0,BTC,242640.4864,178,0,0,1,1,1.0,0.0,0.0,True,0.17865,0.26651172782533716,False,False,,1.6,,0,[],[],0,False,False,,,69.6,False,,,0.0,,False,1.6,0,,False,[],,False,178.0,178.0,True
bc1pcl9zl0m7g0gxswedxk0nvyvlus8w0ad73amrnhwkkh2c9pw9sqasetxlme,bitcoin,BTC,3.73293056,0.0,BTC,242640.4864,178,0,0,1,1,1.0,0.0,0.0,True,0.17865,0.26651172782533716,False,False,,1.6,,0,[],[],0,False,False,,,69.6,False,,,0.0,,False,1.6,0,,False,[],,False,178.0,178.0,True
bc1p29lf54qkm9wt9cv3hwgvwm6w7dhnk68ees6u9796ljff9kdq3quq0yp7h3,bitcoin,BTC,2.34896922,0.0,BTC,152682.9993,221,0,0,1,1,1.0,0.0,0.0,True,0.3,0.26752489288878,False,False,,1.5,,0,[],[],0,False,False,,,86.3,False,,,0.0,,False,1.5,0,,False,[],,False,221.0,221.0,True
bc1pwwf2cf6ntww406yxlq9rwwt3fnc4r90yffctnsw94d2gpp8prazq692a78,bitcoin,BTC,2.34896922,0.0,BTC,152682.9993,221,0,0,1,1,1.0,0.0,0.0,True,0.3,0.26752489288878,False,False,,1.5,,0,[],[],0,False,False,,,86.3,False,,,0.0,,False,1.5,0,,False,[],,False,221.0,221.0,True
bc1pxcsnx5nc7rr4kyr6yhg4kpsmzwqx7s2m4f8vhv0xqnrsevexyqzqlw96m7,bitcoin,BTC,4.63470592,0.0,BTC,301255.8848,221,0,0,1,1,1.0,0.0,0.0,True,0.3,0.26758112758017927,False,False,,1.5,,0,[],[],0,False,False,,,86.3,False,,,0.0,,False,1.5,0,,False,[],,False,221.0,221.0,True
bc1pdrzqmz0k2lhzzn3u3kg8vkr7rtymxmqlzx020ve6mn4x97q794qsgrdpnl,bitcoin,BTC,4.63470592,0.0,BTC,301255.8848,221,0,0,1,1,1.0,0.0,0.0,True,0.3,0.26758112758017927,False,False,,1.5,,0,[],[],0,False,False,,,86.3,False,,,0.0,,False,1.5,0,,False,[],,False,221.0,221.0,True
bc1p8psg66xj8zv4cs0cnm4sdn32kutxe09um8n5trfz6qam46ep2v3sl7m4j4,bitcoin,BTC,4.63470592,0.0,BTC,301255.8848,221,0,0,1,1,1.0,0.0,0.0,True,0.3,0.26758112758017927,False,False,,1.5,,0,[],[],0,False,False,,,86.3,False,,,0.0,,False,1.5,0,,False,[],,False,221.0,221.0,True
bc1py6tc6xlh7e44vx5uuqh0h3yqx6uzhajntuzklepapsg6k82th8ysyjfdc3,bitcoin,BTC,4.63470592,0.0,BTC,301255.8848,221,0,0,1,1,1.0,0.0,0.0,True,0.3,0.26758112758017927,False,False,,1.5,,0,[],[],0,False,False,,,86.3,False,,,0.0,,False,1.5,0,,False,[],,False,221.0,221.0,True
bc1ps3ln8evachf2ezk4w6yl94h2gztajauecy3gftgc2e06eucf2qnq620x9n,bitcoin,BTC,0.72984564,0.0,BTC,47439.9666,206,0,0,1,1,1.0,0.0,0.0,True,0.25987499999999997,0.26720208612903273,False,False,,1.5,,0,[],[],0,False,False,,,80.8,False,,,0.0,,False,1.5,0,,False,[],,False,206.0,206.0,True
bc1pfpflrdxshpw95ma9lfwg4zhlwvzge5yx4ly69zj6vmlyd3q9hlcsdtlh2q,bitcoin,BTC,0.72984564,0.0,BTC,47439.9666,206,0,0,1,1,1.0,0.0,0.0,True,0.25987499999999997,0.26720208612903273,False,False,,1.5,,0,[],[],0,False,False,,,80.8,False,,,0.0,,False,1.5,0,,False,[],,False,206.0,206.0,True
bc1p9y3awm8uw8m9duxyuf4ajlkd7rau9ayatyer3kd9k7tqxhqnflaqngjzax,bitcoin,BTC,0.72984564,0.0,BTC,47439.9666,206,0,0,1,1,1.0,0.0,0.0,True,0.25987499999999997,0.26720208612903273,False,False,,1.5,,0,[],[],0,False,False,,,80.8,False,,,0.0,,False,1.5,0,,False,[],,False,206.0,206.0,True
bc1pzseaxgyyy7rhvg62dp4fmzwk0dj7cr9a75g09frw5axjhr35rcksyfz6gm,bitcoin,BTC,0.72984564,0.0,BTC,47439.9666,206,0,0,1,1,1.0,0.0,0.0,True,0.25987499999999997,0.26720208612903273,False,False,,1.5,,0,[],[],0,False,False,,,80.8,False,,,0.0,,False,1.5,0,,False,[],,False,206.0,206.0,True
bc1p9cqy5kw23lqq4z2j6avdnhwxqcusmhqvepsgan53t2ptnxtrpkmshuqnv6,bitcoin,BTC,0.72984564,0.0,BTC,47439.9666,206,0,0,1,1,1.0,0.0,0.0,True,0.25987499999999997,0.26720208612903273,False,False,,1.5,,0,[],[],0,False,False,,,80.8,False,,,0.0,,False,1.5,0,,False,[],,False,206.0,206.0,True
bc1plh835f9cy62te2v3qkmvu2d9nz7vh5jmfwceexeufe23wm7vtd5qksv2xr,bitcoin,BTC,0.72984564,0.0,BTC,47439.9666,206,0,0,1,1,1.0,0.0,0.0,True,0.25987499999999997,0.26720208612903273,False,False,,1.5,,0,[],[],0,False,False,,,80.8,False,,,0.0,,False,1.5,0,,False,[],,False,206.0,206.0,True
bc1pra00lz5nwmgaxr4al87smxqtdqz7jfcfcn0sq4yr6pzgz6q3mqgqhvakqj,bitcoin,BTC,0.72984564,0.0,BTC,47439.9666,206,0,0,1,1,1.0,0.0,0.0,True,0.25987499999999997,0.26720208612903273,False,False,,1.5,,0,[],[],0,False,False,,,80.8,False,,,0.0,,False,1.5,0,,False,[],,False,206.0,206.0,True
bc1pu52jm6y3cwp4dnkr7cws2y9x0qssvck68varggzdan6jga264r4sq9dd0e,bitcoin,BTC,16.19001344,0.0,BTC,1052350.8736,193,0,0,1,1,1.0,0.0,0.0,True,0.224175,0.26745263264252506,False,False,,1.5,,0,[],[],0,False,False,,,75.9,False,,,0.0,,False,1.5,0,,False,[],,False,193.0,193.0,True
bc1pzv2azjsvukeccqst3t8569y5entz6lmzz76ms8jwfs6rwmp4hkjsm83fev,bitcoin,BTC,16.19001344,0.0,BTC,1052350.8736,193,0,0,1,1,1.0,0.0,0.0,True,0.224175,0.26745263264252506,False,False,,1.5,,0,[],[],0,False,False,,,75.9,False,,,0.0,,False,1.5,0,,False,[],,False,193.0,193.0,True
bc1ptenfknuzsmlu7tk3wqe5azpc4lg5q7vjkt8k89dk8pf9sknsj75qxcx8l9,bitcoin,BTC,16.19001344,0.0,BTC,1052350.8736,193,0,0,1,1,1.0,0.0,0.0,True,0.224175,0.26745263264252506,False,False,,1.5,,0,[],[],0,False,False,,,75.9,False,,,0.0,,False,1.5,0,,False,[],,False,193.0,193.0,True
bc1p0dh08cvk0l00wll5haek2h44evyx392a5060kcvkur7gayhyu2js43833y,bitcoin,BTC,16.19001344,0.0,BTC,1052350.8736,193,0,0,1,1,1.0,0.0,0.0,True,0.224175,0.26745263264252506,False,False,,1.5,,0,[],[],0,False,False,,,75.9,False,,,0.0,,False,1.5,0,,False,[],,False,193.0,193.0,True
bc1p4tjfa9cn4gwyy4vx9ys5panvg03p3yckymy5mz34packqkksjtmquzn9lu,bitcoin,BTC,16.19001344,0.0,BTC,1052350.8736,193,0,0,1,1,1.0,0.0,0.0,True,0.224175,0.26745263264252506,False,False,,1.5,,0,[],[],0,False,False,,,75.9,False,,,0.0,,False,1.5,0,,False,[],,False,193.0,193.0,True
bc1pwf0e0pcaqux0hgeudvy436xam9cs4v8u9xhf6842jvvvprtkjv9q9t8u2r,bitcoin,BTC,16.19001344,0.0,BTC,1052350.8736,193,0,0,1,1,1.0,0.0,0.0,True,0.224175,0.26745263264252506,False,False,,1.5,,0,[],[],0,False,False,,,75.9,False,,,0.0,,False,1.5,0,,False,[],,False,193.0,193.0,True
bc1ppmcw33wjnjl8n777ymyk43034zkjugphfwzk7uuxh59mtl0qp5uqhtxed5,bitcoin,BTC,16.02224128,0.0,BTC,1041445.6832,191,0,0,1,1,1.0,0.0,0.0,True,0.21,0.2673801905639447,False,False,,1.5,,0,[],[],0,False,False,,,73.9,False,,,0.0,,False,1.5,0,,False,[],,False,191.0,191.0,True
bc1pefrpkcd6gddqf6xd3ref7qny3rp9ke5hkurkxzg3hve2avue6phsjzqrga,bitcoin,BTC,3.81681664,0.0,BTC,248093.0816,182,0,0,1,1,1.0,0.0,0.0,True,0.189225,0.26754607748449727,False,False,,1.5,,0,[],[],0,False,False,,,71.1,False,,,0.0,,False,1.5,0,,False,[],,False,182.0,182.0,True
bc1pl7d78fnpx5kjyd3wakpp496rqf0fqtwhj2cmeg4pse8wyhu6nssqe2y495,bitcoin,BTC,5.80333572,0.0,BTC,377216.8218,182,0,0,1,1,1.0,0.0,0.0,True,0.189225,0.26786480462035883,False,False,,1.5,,0,[],[],0,False,False,,,71.1,False,,,0.0,,False,1.5,0,,False,[],,False,182.0,182.0,True
bc1q8rc40pz6y4v90azz3pk0yzhhftf74flys86zxa,bitcoin,BTC,5.80333572,0.0,BTC,377216.8218,182,0,0,1,1,1.0,0.0,0.0,True,0.189225,0.26786480462035883,False,False,,1.5,,0,[],[],0,False,False,,,71.1,False,,,0.0,,False,1.5,0,,False,[],,False,182.0,182.0,True
bc1pp46rpqut8824jhfueukdx0f4qu7886dcy9vc4we6wkduslquut4qtf2zj4,bitcoin,BTC,3.81681664,0.0,BTC,248093.0816,182,0,0,1,1,1.0,0.0,0.0,True,0.189225,0.26754607748449727,False,False,,1.5,,0,[],[],0,False,False,,,71.1,False,,,0.0,,False,1.5,0,,False,[],,False,182.0,182.0,True
bc1pqk4xx5l6r5xafjvcezcns3qekqxf9qqd9dwh6rcupp2g0wakpfyqsvr2c3,bitcoin,BTC,3.81681664,0.0,BTC,248093.0816,182,0,0,1,1,1.0,0.0,0.0,True,0.189225,0.26754607748449727,False,False,,1.5,,0,[],[],0,False,False,,,71.1,False,,,0.0,,False,1.5,0,,False,[],,False,182.0,182.0,True
bc1p5qgd87jqz07m4djutly74zl73pk4fcls87jm669pmh0hgk5vlmlsz2z5vj,bitcoin,BTC,5.80333572,0.0,BTC,377216.8218,182,0,0,1,1,1.0,0.0,0.0,True,0.189225,0.26786480462035883,False,False,,1.5,,0,[],[],0,False,False,,,71.1,False,,,0.0,,False,1.5,0,,False,[],,False,182.0,182.0,True
bc1ql04d3ew37az3u5jfg22aefs758h2n0ddxyl7e4,bitcoin,BTC,5.80333572,0.0,BTC,377216.8218,182,0,0,1,1,1.0,0.0,0.0,True,0.189225,0.26786480462035883,False,False,,1.5,,0,[],[],0,False,False,,,71.1,False,,,0.0,,False,1.5,0,,False,[],,False,182.0,182.0,True
bc1qasu8mjd4x85s5qrke7m05pjff0zyudnj7wuwx2,bitcoin,BTC,10.85,0.0,BTC,705250.0,216,0,0,1,1,1.0,0.0,0.0,True,0.282675,0.2683968267440393,False,False,,1.4,,0,[],[],0,False,False,,,83.9,False,,,0.0,,False,1.4,0,,False,[],,False,216.0,216.0,True
bc1pxm76n49f6uf0ujm23gcd7c5xpv2rlrpt5mu6rsczlwfmmz5t0rfqwh3ktg,bitcoin,BTC,10.85,0.0,BTC,705250.0,216,0,0,1,1,1.0,0.0,0.0,True,0.282675,0.2683968267440393,False,False,,1.4,,0,[],[],0,False,False,,,83.9,False,,,0.0,,False,1.4,0,,False,[],,False,216.0,216.0,True
bc1prrzmsw9pjff0zrqnju3atmcaayulmh9lzflxhr6kr0j5vtuvqt0qwrg5k3,bitcoin,BTC,10.85,0.0,BTC,705250.0,216,0,0,1,1,1.0,0.0,0.0,True,0.282675,0.2683968267440393,False,False,,1.4,,0,[],[],0,False,False,,,83.9,False,,,0.0,,False,1.4,0,,False,[],,False,216.0,216.0,True
bc1qptvtat8yzzeu5t8fh0fu2xz3lz5y72ezfh7dkm,bitcoin,BTC,10.85,0.0,BTC,705250.0,216,0,0,1,1,1.0,0.0,0.0,True,0.282675,0.2683968267440393,False,False,,1.4,,0,[],[],0,False,False,,,83.9,False,,,0.0,,False,1.4,0,,False,[],,False,216.0,216.0,True
bc1qqlwpp907welc6enmt4lcuv70y473wtru75anqx,bitcoin,BTC,10.85,0.0,BTC,705250.0,216,0,0,1,1,1.0,0.0,0.0,True,0.282675,0.2683968267440393,False,False,,1.4,,0,[],[],0,False,False,,,83.9,False,,,0.0,,False,1.4,0,,False,[],,False,216.0,216.0,True
bc1pwn9mz29peux3fqneeuqeecvqqegj9rn50trzuw9qw0rvcxsrs84sl3sq97,bitcoin,BTC,10.85,0.0,BTC,705250.0,216,0,0,1,1,1.0,0.0,0.0,True,0.282675,0.2683968267440393,False,False,,1.4,,0,[],[],0,False,False,,,83.9,False,,,0.0,,False,1.4,0,,False,[],,False,216.0,216.0,True
bc1p5c2hckd08095ld23dxr8qadcqsg263dtj78anp4g2fjz6x7kksfq75caw7,bitcoin,BTC,10.85,0.0,BTC,705250.0,216,0,0,1,1,1.0,0.0,0.0,True,0.282675,0.2683968267440393,False,False,,1.4,,0,[],[],0,False,False,,,83.9,False,,,0.0,,False,1.4,0,,False,[],,False,216.0,216.0,True
bc1p0e276wq3u57j0wnuzaw8ajjaa425d82p98jnyc62xpgh9v7v0ansh386wf,bitcoin,BTC,0.73338858,0.0,BTC,47670.257699999995,207,0,0,1,1,1.0,0.0,0.0,True,0.26625,0.2679545324171347,False,False,,1.4,,0,[],[],0,False,False,,,81.6,False,,,0.0,,False,1.4,0,,False,[],,False,207.0,207.0,True
bc1pla9hlfa0su035p74asjl4jg9ek2rq5m55w6xys699jx40fvar2xqgzt2g3,bitcoin,BTC,0.70150212,0.0,BTC,45597.637800000004,198,0,0,1,1,1.0,0.0,0.0,True,0.239775,0.26799529443069636,False,False,,1.4,,0,[],[],0,False,False,,,78.0,False,,,0.0,,False,1.4,0,,False,[],,False,198.0,198.0,True
bc1pwn50hyzcgnaqtdmdz6y3dy5s5eyq97eewuwxlmwh2zjqypfpc82s8z3en9,bitcoin,BTC,0.70150212,0.0,BTC,45597.637800000004,198,0,0,1,1,1.0,0.0,0.0,True,0.239775,0.26799529443069636,False,False,,1.4,,0,[],[],0,False,False,,,78.0,False,,,0.0,,False,1.4,0,,False,[],,False,198.0,198.0,True
bc1ptqvtj4qqd24v2ppdyf8snj0fymda9l6nsww6tdxlpwgayvtalpdsvanc9f,bitcoin,BTC,0.70150212,0.0,BTC,45597.637800000004,198,0,0,1,1,1.0,0.0,0.0,True,0.239775,0.26799529443069636,False,False,,1.4,,0,[],[],0,False,False,,,78.0,False,,,0.0,,False,1.4,0,,False,[],,False,198.0,198.0,True
bc1qylsf7zqrxpsqwfu5errmqsycn44e50qgk089pn,bitcoin,BTC,0.70150212,0.0,BTC,45597.637800000004,198,0,0,1,1,1.0,0.0,0.0,True,0.239775,0.26799529443069636,False,False,,1.4,,0,[],[],0,False,False,,,78.0,False,,,0.0,,False,1.4,0,,False,[],,False,198.0,198.0,True
bc1p03nmuf0wlxc82pzgrfyfyqrp9dn3x7y2d3xmxd0a2flvh28usshsn3vx5s,bitcoin,BTC,0.70150212,0.0,BTC,45597.637800000004,198,0,0,1,1,1.0,0.0,0.0,True,0.239775,0.26799529443069636,False,False,,1.4,,0,[],[],0,False,False,,,78.0,False,,,0.0,,False,1.4,0,,False,[],,False,198.0,198.0,True
bc1ph55uy8rsx75z7x60zfswmwzvlcwec2mrhdlap5sea46sdzhat53sg7ynpm,bitcoin,BTC,0.70150212,0.0,BTC,45597.637800000004,198,0,0,1,1,1.0,0.0,0.0,True,0.239775,0.26799529443069636,False,False,,1.4,,0,[],[],0,False,False,,,78.0,False,,,0.0,,False,1.4,0,,False,[],,False,198.0,198.0,True
bc1pp5xvtw97acazgvn0y6tlgtm3570cp66ulxk0c2gmnch33xckatjqynyxz4,bitcoin,BTC,6.15408678,0.0,BTC,400015.6407,193,0,0,1,1,1.0,0.0,0.0,True,0.224175,0.2685789285608102,False,False,,1.4,,0,[],[],0,False,False,,,75.9,False,,,0.0,,False,1.4,0,,False,[],,False,193.0,193.0,True
bc1p6phnuflchlud4t6h8mm0exf7qg2dx6x23cg2es6r6772msvdlzesflr562,bitcoin,BTC,2.91761109,0.0,BTC,189644.72084999998,183,0,0,1,1,1.0,0.0,0.0,True,0.195,0.2679087676646701,False,False,,1.4,,0,[],[],0,False,False,,,71.9,False,,,0.0,,False,1.4,0,,False,[],,False,183.0,183.0,True
bc1qxlnpwxa6hz5dx92gsuckw3jkapq8yl0usfqqa0,bitcoin,BTC,2.90166786,0.0,BTC,188608.4109,182,0,0,1,1,1.0,0.0,0.0,True,0.189225,0.2682580792499846,False,False,,1.4,,0,[],[],0,False,False,,,71.1,False,,,0.0,,False,1.4,0,,False,[],,False,182.0,182.0,True
bc1pf4tzeah5st4349x3y695chm0t6v4keq9vl8dzwrdmdfclfwld74qkexs70,bitcoin,BTC,1.1160261,0.0,BTC,72541.6965,210,0,0,1,1,1.0,0.0,0.0,True,0.27097499999999997,0.2690303431064707,False,False,,1.3,,0,[],[],0,False,False,,,82.3,False,,,0.0,,False,1.3,0,,False,[],,False,210.0,210.0,True
bc1p4h45pxhysxyesdacv0fyl62lxf8x97num5p4qqpz0c7rqm8cg6wspjdfzg,bitcoin,BTC,1.1160261,0.0,BTC,72541.6965,210,0,0,1,1,1.0,0.0,0.0,True,0.27097499999999997,0.2690303431064707,False,False,,1.3,,0,[],[],0,False,False,,,82.3,False,,,0.0,,False,1.3,0,,False,[],,False,210.0,210.0,True
bc1pxk93hux85qdaj9jd6dkdwt0jk5sq9932j2plzrm09v8xk3w0d6ksm330fv,bitcoin,BTC,1.1160261,0.0,BTC,72541.6965,210,0,0,1,1,1.0,0.0,0.0,True,0.27097499999999997,0.2690303431064707,False,False,,1.3,,0,[],[],0,False,False,,,82.3,False,,,0.0,,False,1.3,0,,False,[],,False,210.0,210.0,True
bc1pw2m77wcn0np7wjyu2y9zpz6fydm6jw65k2ty3n6g4zne5w6sz8aq9rzc82,bitcoin,BTC,10.25,0.0,BTC,666250.0,205,0,0,1,1,1.0,0.0,0.0,True,0.253875,0.2690677189910068,False,False,,1.3,,0,[],[],0,False,False,,,79.9,False,,,0.0,,False,1.3,0,,False,[],,False,205.0,205.0,True
bc1p43d7cnzrjqu26j4pjrugfdp3p80dacwz9gdad4hk3g42wqzcwglqpvdpph,bitcoin,BTC,10.25,0.0,BTC,666250.0,205,0,0,1,1,1.0,0.0,0.0,True,0.253875,0.2690677189910068,False,False,,1.3,,0,[],[],0,False,False,,,79.9,False,,,0.0,,False,1.3,0,,False,[],,False,205.0,205.0,True
bc1p24wpzyu8d35urdxfvzxstpn53twlsx2d7xh34s2vd78wlcax4zzsvkluwq,bitcoin,BTC,10.25,0.0,BTC,666250.0,205,0,0,1,1,1.0,0.0,0.0,True,0.253875,0.2690677189910068,False,False,,1.3,,0,[],[],0,False,False,,,79.9,False,,,0.0,,False,1.3,0,,False,[],,False,205.0,205.0,True
bc1p400t7tlyh7729uu5rf0zl8ug5cr4wk4rqy6wpf5seyldx7pyclhs3yltjc,bitcoin,BTC,10.25,0.0,BTC,666250.0,205,0,0,1,1,1.0,0.0,0.0,True,0.253875,0.2690677189910068,False,False,,1.3,,0,[],[],0,False,False,,,79.9,False,,,0.0,,False,1.3,0,,False,[],,False,205.0,205.0,True
bc1pwd0as7nj39vdz8tfxrx8qqn43kcuhutjghqr6p06y5h46vhaqyqsm55qzh,bitcoin,BTC,10.25,0.0,BTC,666250.0,205,0,0,1,1,1.0,0.0,0.0,True,0.253875,0.2690677189910068,False,False,,1.3,,0,[],[],0,False,False,,,79.9,False,,,0.0,,False,1.3,0,,False,[],,False,205.0,205.0,True
bc1pnnd3ezryh08fp73n50lwxdqandmhdy93lx5yefedr9ruk9wzsmksvdqyl5,bitcoin,BTC,9.565938,0.0,BTC,621785.97,200,0,0,1,1,1.0,0.0,0.0,True,0.247875,0.26931360621700234,False,False,,1.3,,0,[],[],0,False,False,,,79.1,False,,,0.0,,False,1.3,0,,False,[],,False,200.0,200.0,True
bc1pru7p559xpf283d8235u5mx6mvwl39h67zz7qnulg2qx2cumyseesqyreue,bitcoin,BTC,9.565938,0.0,BTC,621785.97,200,0,0,1,1,1.0,0.0,0.0,True,0.247875,0.26931360621700234,False,False,,1.3,,0,[],[],0,False,False,,,79.1,False,,,0.0,,False,1.3,0,,False,[],,False,200.0,200.0,True
bc1pcxa8hfckpwf6a9p498nwwz725h7cf4kz8jh7up23knr2zwq9pmzq40e0as,bitcoin,BTC,9.565938,0.0,BTC,621785.97,200,0,0,1,1,1.0,0.0,0.0,True,0.247875,0.26931360621700234,False,False,,1.3,,0,[],[],0,False,False,,,79.1,False,,,0.0,,False,1.3,0,,False,[],,False,200.0,200.0,True
bc1pm63ympzelj7x7sun0z8thjk06j8cu6gl228sheh759yft7alzresga83j9,bitcoin,BTC,9.565938,0.0,BTC,621785.97,200,0,0,1,1,1.0,0.0,0.0,True,0.247875,0.26931360621700234,False,False,,1.3,,0,[],[],0,False,False,,,79.1,False,,,0.0,,False,1.3,0,,False,[],,False,200.0,200.0,True
bc1q69e5v8yunvrckszlw8xtm9zx22rag57g9cu4q9,bitcoin,BTC,1.01505231,0.0,BTC,65978.40015,191,0,0,1,1,1.0,0.0,0.0,True,0.21,0.2692552722434663,False,False,,1.3,,0,[],[],0,False,False,,,73.9,False,,,0.0,,False,1.3,0,,False,[],,False,191.0,191.0,True
bc1q0p5lmtmfflclxpw64x3ehkufg0sagvfg6kstsm,bitcoin,BTC,1.01505231,0.0,BTC,65978.40015,191,0,0,1,1,1.0,0.0,0.0,True,0.21,0.2692552722434663,False,False,,1.3,,0,[],[],0,False,False,,,73.9,False,,,0.0,,False,1.3,0,,False,[],,False,191.0,191.0,True
bc1qkkkq3wdk90fseml2nq4hvadu2u656tyf96395d,bitcoin,BTC,1.01505231,0.0,BTC,65978.40015,191,0,0,1,1,1.0,0.0,0.0,True,0.21,0.2692552722434663,False,False,,1.3,,0,[],[],0,False,False,,,73.9,False,,,0.0,,False,1.3,0,,False,[],,False,191.0,191.0,True
bc1pklnqnaqem8uc8x8w3wg2uc6dscumtx6rg9s8fttt47gvlycjud5qmfctua,bitcoin,BTC,1.01505231,0.0,BTC,65978.40015,191,0,0,1,1,1.0,0.0,0.0,True,0.21,0.2692552722434663,False,False,,1.3,,0,[],[],0,False,False,,,73.9,False,,,0.0,,False,1.3,0,,False,[],,False,191.0,191.0,True
bc1p4j26r7at0pd0p6gm056fq6nrexwu0ed22nf36xrhj04zupst9atqx53dt6,bitcoin,BTC,3.83778816,0.0,BTC,249456.2304,183,0,0,1,1,1.0,0.0,0.0,True,0.195,0.2693252633347197,False,False,,1.3,,0,[],[],0,False,False,,,71.9,False,,,0.0,,False,1.3,0,,False,[],,False,183.0,183.0,True
bc1pl8qlvx7n7lau53kl4wm99739ews3u2lj2adc474r8myxer0n267qdmqvmv,bitcoin,BTC,3.83778816,0.0,BTC,249456.2304,183,0,0,1,1,1.0,0.0,0.0,True,0.195,0.2693252633347197,False,False,,1.3,,0,[],[],0,False,False,,,71.9,False,,,0.0,,False,1.3,0,,False,[],,False,183.0,183.0,True
bc1pg5fvjlyxhf8rdtpzsrq3yucnvnddpdx3p0ma6azqjq0tw5gq9wvqtuwzwu,bitcoin,BTC,3.83778816,0.0,BTC,249456.2304,183,0,0,1,1,1.0,0.0,0.0,True,0.195,0.2693252633347197,False,False,,1.3,,0,[],[],0,False,False,,,71.9,False,,,0.0,,False,1.3,0,,False,[],,False,183.0,183.0,True
bc1p8s6s9ndaxnwsrh2r4yd8v9ktd32r2gvfhpmt2mk0zn88xnnc4qesswq7y3,bitcoin,BTC,3.81681664,0.0,BTC,248093.0816,182,0,0,1,1,1.0,0.0,0.0,True,0.189225,0.2690617254294561,False,False,,1.3,,0,[],[],0,False,False,,,71.1,False,,,0.0,,False,1.3,0,,False,[],,False,182.0,182.0,True
bc1pwa3q9du60zdh7echvvdn9gzh8c3peses9xn7v6dzvmtztu8jtrsslsd243,bitcoin,BTC,3.81681664,0.0,BTC,248093.0816,182,0,0,1,1,1.0,0.0,0.0,True,0.189225,0.2690617254294561,False,False,,1.3,,0,[],[],0,False,False,,,71.1,False,,,0.0,,False,1.3,0,,False,[],,False,182.0,182.0,True
bc1p4wc58vzcx2w76e766p7p4nsl980zyzuyzzqmse23skhzs05k0xsslnm2kt,bitcoin,BTC,3.81681664,0.0,BTC,248093.0816,182,0,0,1,1,1.0,0.0,0.0,True,0.189225,0.2690617254294561,False,False,,1.3,,0,[],[],0,False,False,,,71.1,False,,,0.0,,False,1.3,0,,False,[],,False,182.0,182.0,True
bc1p3cutcjmpa5l5vl6leusvda356zzgx7538kvjsshrnva8a0tjs87sxwh509,bitcoin,BTC,3.81681664,0.0,BTC,248093.0816,182,0,0,1,1,1.0,0.0,0.0,True,0.189225,0.2690617254294561,False,False,,1.3,,0,[],[],0,False,False,,,71.1,False,,,0.0,,False,1.3,0,,False,[],,False,182.0,182.0,True
bc1p2zgq0sg29sew3zc8t3pqzy0zwxxv3xk2g74jvaa9xst7l6ae5v8su4xnw2,bitcoin,BTC,3.81681664,0.0,BTC,248093.0816,182,0,0,1,1,1.0,0.0,0.0,True,0.189225,0.2690617254294561,False,False,,1.3,,0,[],[],0,False,False,,,71.1,False,,,0.0,,False,1.3,0,,False,[],,False,182.0,182.0,True
bc1prnf7a7ttmltyrvsn4n40wmgc4qwg5wgeqdjfzhrdwqeak0jt8gpsskj2dy,bitcoin,BTC,2.32771158,0.0,BTC,151301.25269999998,219,0,0,1,1,1.0,0.0,0.0,True,0.296775,0.26980676354894145,False,False,,1.2,,0,[],[],0,False,False,,,85.8,False,,,0.0,,False,1.2,0,,False,[],,False,219.0,219.0,True
bc1pl9glhnppkr82wf420a2phc0djtp03gft454utp52a04p0728vm2sdxrdnd,bitcoin,BTC,2.32771158,0.0,BTC,151301.25269999998,219,0,0,1,1,1.0,0.0,0.0,True,0.296775,0.26980676354894145,False,False,,1.2,,0,[],[],0,False,False,,,85.8,False,,,0.0,,False,1.2,0,,False,[],,False,219.0,219.0,True
bc1pka4d4y8d9mpy03gz4eqtq7upudkytsvpsdymg9lz3efkw34fltmsf443mp,bitcoin,BTC,2.32771158,0.0,BTC,151301.25269999998,219,0,0,1,1,1.0,0.0,0.0,True,0.296775,0.26980676354894145,False,False,,1.2,,0,[],[],0,False,False,,,85.8,False,,,0.0,,False,1.2,0,,False,[],,False,219.0,219.0,True
bc1pau98mcx2mssfqtr8ctfwcnrzpa9f3nlxe832p7y79dgfu0f90p4qkffvkc,bitcoin,BTC,2.32771158,0.0,BTC,151301.25269999998,219,0,0,1,1,1.0,0.0,0.0,True,0.296775,0.26980676354894145,False,False,,1.2,,0,[],[],0,False,False,,,85.8,False,,,0.0,,False,1.2,0,,False,[],,False,219.0,219.0,True
bc1prrletxn6r53mmnx577x69urc2trcsflcmlekfnqd2frt32awtepqz3wjtd,bitcoin,BTC,2.32771158,0.0,BTC,151301.25269999998,219,0,0,1,1,1.0,0.0,0.0,True,0.296775,0.26980676354894145,False,False,,1.2,,0,[],[],0,False,False,,,85.8,False,,,0.0,,False,1.2,0,,False,[],,False,219.0,219.0,True
bc1pdd36u4a84z0jmeeefe6ldzgk3pxr2x0jh0e0xra93perpduzwwyqsctqhm,bitcoin,BTC,2.32771158,0.0,BTC,151301.25269999998,219,0,0,1,1,1.0,0.0,0.0,True,0.296775,0.26980676354894145,False,False,,1.2,,0,[],[],0,False,False,,,85.8,False,,,0.0,,False,1.2,0,,False,[],,False,219.0,219.0,True
bc1pm6d9jdr6rdpasy3pmgp4p469ww3jpyhxfwk2dhk7hfvw0zt4dpnslgaxj8,bitcoin,BTC,2.32771158,0.0,BTC,151301.25269999998,219,0,0,1,1,1.0,0.0,0.0,True,0.296775,0.26980676354894145,False,False,,1.2,,0,[],[],0,False,False,,,85.8,False,,,0.0,,False,1.2,0,,False,[],,False,219.0,219.0,True
bc1pxdc97hlx33uyp07eu4vy69xkdr8a3zkz88nakd740uzctfutduxqpq6e5u,bitcoin,BTC,2.32771158,0.0,BTC,151301.25269999998,219,0,0,1,1,1.0,0.0,0.0,True,0.296775,0.26980676354894145,False,False,,1.2,,0,[],[],0,False,False,,,85.8,False,,,0.0,,False,1.2,0,,False,[],,False,219.0,219.0,True
bc1pktj5nwz94y07nhhuqrf2ghprnu8kcrzhk29creclk66rvsk059wsuf8nzw,bitcoin,BTC,1.15322697,0.0,BTC,74959.75305,217,0,0,1,1,1.0,0.0,0.0,True,0.291,0.26960171293729085,False,False,,1.2,,0,[],[],0,False,False,,,85.0,False,,,0.0,,False,1.2,0,,False,[],,False,217.0,217.0,True
bc1p7vky9vwfyy8lunqn2v2hsfmquxecch0r5n202lapv7a9a4zhqffq3rz2ts,bitcoin,BTC,1.13770496,0.0,BTC,73950.8224,216,0,0,1,1,1.0,0.0,0.0,True,0.282675,0.26946728392324326,False,False,,1.2,,0,[],[],0,False,False,,,83.9,False,,,0.0,,False,1.2,0,,False,[],,False,216.0,216.0,True
bc1p48p76m6m8mkc92k739xj3v5m8zs9gxjnv8qemqxr9d3qwrkagvhs00wzs7,bitcoin,BTC,1.13770496,0.0,BTC,73950.8224,216,0,0,1,1,1.0,0.0,0.0,True,0.282675,0.26946728392324326,False,False,,1.2,,0,[],[],0,False,False,,,83.9,False,,,0.0,,False,1.2,0,,False,[],,False,216.0,216.0,True
bc1qhc95gruhe6nex82ddv3z034au3vrs7qavvlxtt,bitcoin,BTC,1.062882,0.0,BTC,69087.33,200,0,0,1,1,1.0,0.0,0.0,True,0.247875,0.2696888651713424,False,False,,1.2,,0,[],[],0,False,False,,,79.1,False,,,0.0,,False,1.2,0,,False,[],,False,200.0,200.0,True
bc1pevz67203hdaej9lvkf3ty38yt52nyxh6nxq8gs65qtv3lrrwypes8fdln6,bitcoin,BTC,1.062882,0.0,BTC,69087.33,200,0,0,1,1,1.0,0.0,0.0,True,0.247875,0.2696888651713424,False,False,,1.2,,0,[],[],0,False,False,,,79.1,False,,,0.0,,False,1.2,0,,False,[],,False,200.0,200.0,True
bc1qv7svhh44g5ujcn00tge25j5aq3ll7eydml2kg9,bitcoin,BTC,1.062882,0.0,BTC,69087.33,200,0,0,1,1,1.0,0.0,0.0,True,0.247875,0.2696888651713424,False,False,,1.2,,0,[],[],0,False,False,,,79.1,False,,,0.0,,False,1.2,0,,False,[],,False,200.0,200.0,True
bc1pqnylnz9y30ls06tmf6cths009wvncwetfl6vxduv367rhxwm45wsj34jzu,bitcoin,BTC,9.65,0.0,BTC,627250.0,193,0,0,1,1,1.0,0.0,0.0,True,0.224175,0.26967203166765713,False,False,,1.2,,0,[],[],0,False,False,,,75.9,False,,,0.0,,False,1.2,0,,False,[],,False,193.0,193.0,True
bc1q5rpljmaqumynw2rrvl7897puc034x06g32anus,bitcoin,BTC,9.65,0.0,BTC,627250.0,193,0,0,1,1,1.0,0.0,0.0,True,0.224175,0.26967203166765713,False,False,,1.2,,0,[],[],0,False,False,,,75.9,False,,,0.0,,False,1.2,0,,False,[],,False,193.0,193.0,True
bc1qal0t9z2n4h9xu625vmaqc72ap5h04cl974lzcp,bitcoin,BTC,1.02568113,0.0,BTC,66669.27345,193,0,0,1,1,1.0,0.0,0.0,True,0.224175,0.2699258094447777,False,False,,1.2,,0,[],[],0,False,False,,,75.9,False,,,0.0,,False,1.2,0,,False,[],,False,193.0,193.0,True
bc1p0hanwy8ukjma55szz6fv9x3wps63rk26wxctfsuu5azyjqmt4u9ssrlkp3,bitcoin,BTC,9.6,0.0,BTC,624000.0,192,0,0,1,1,1.0,0.0,0.0,True,0.21697499999999997,0.2695880749124666,False,False,,1.2,,0,[],[],0,False,False,,,74.9,False,,,0.0,,False,1.2,0,,False,[],,False,192.0,192.0,True
bc1p0r2wpek05tzhgfwmwk489qde7cn4cehmxcw7dzjf270ph4vdfqys9s3yy5,bitcoin,BTC,9.6,0.0,BTC,624000.0,192,0,0,1,1,1.0,0.0,0.0,True,0.21697499999999997,0.2695880749124666,False,False,,1.2,,0,[],[],0,False,False,,,74.9,False,,,0.0,,False,1.2,0,,False,[],,False,192.0,192.0,True
bc1pa6trwfug6pmus88amet8vz3nrxz9mgdv4zntxvlydstd58xjxk6qz7emrm,bitcoin,BTC,1.9663317,0.0,BTC,127811.5605,185,0,0,1,1,1.0,0.0,0.0,True,0.20077499999999998,0.2698025336929825,False,False,,1.2,,0,[],[],0,False,False,,,72.6,False,,,0.0,,False,1.2,0,,False,[],,False,185.0,185.0,True
bc1ptg8k3pu4mqd3qq50v2xyef9salkja9v2p4eadqaencqv6j5wsjjsst49ey,bitcoin,BTC,1.9663317,0.0,BTC,127811.5605,185,0,0,1,1,1.0,0.0,0.0,True,0.20077499999999998,0.2698025336929825,False,False,,1.2,,0,[],[],0,False,False,,,72.6,False,,,0.0,,False,1.2,0,,False,[],,False,185.0,185.0,True
bc1prfwhcrzuu9kxkkslf5wtge62fsvp6ludw66warhaycxg3049sa8snykwpa,bitcoin,BTC,1.9663317,0.0,BTC,127811.5605,185,0,0,1,1,1.0,0.0,0.0,True,0.20077499999999998,0.2698025336929825,False,False,,1.2,,0,[],[],0,False,False,,,72.6,False,,,0.0,,False,1.2,0,,False,[],,False,185.0,185.0,True
bc1pu2kqhkzxtpvv7w5n64nr32a48vg9z29fchxpvma8uy38vlt7njzske5pkm,bitcoin,BTC,1.9663317,0.0,BTC,127811.5605,185,0,0,1,1,1.0,0.0,0.0,True,0.20077499999999998,0.2698025336929825,False,False,,1.2,,0,[],[],0,False,False,,,72.6,False,,,0.0,,False,1.2,0,,False,[],,False,185.0,185.0,True
bc1plfa4fqhutpr4k62vw6scy7jxpnwuhy4fpq98qnk4rzmltlpqx0fq4yu2uf,bitcoin,BTC,1.9663317,0.0,BTC,127811.5605,185,0,0,1,1,1.0,0.0,0.0,True,0.20077499999999998,0.2698025336929825,False,False,,1.2,,0,[],[],0,False,False,,,72.6,False,,,0.0,,False,1.2,0,,False,[],,False,185.0,185.0,True
bc1pnq2eg8sjgrt4gffh6xa9tpsgjuktnfz2hqjqnyxxpd9tcszkc3qsxgyjff,bitcoin,BTC,1.9663317,0.0,BTC,127811.5605,185,0,0,1,1,1.0,0.0,0.0,True,0.20077499999999998,0.2698025336929825,False,False,,1.2,,0,[],[],0,False,False,,,72.6,False,,,0.0,,False,1.2,0,,False,[],,False,185.0,185.0,True
bc1p9p89sn5w8gegf7hxhg4knsumpsdkvu5c3ydzt4jfqpx3adgkm0as5dmjf0,bitcoin,BTC,1.9663317,0.0,BTC,127811.5605,185,0,0,1,1,1.0,0.0,0.0,True,0.20077499999999998,0.2698025336929825,False,False,,1.2,,0,[],[],0,False,False,,,72.6,False,,,0.0,,False,1.2,0,,False,[],,False,185.0,185.0,True
bc1p53cm8tupj92epuv53xzpte47w2akf6lln4herj702zmr8cezhewqxxsfh7,bitcoin,BTC,1.9663317,0.0,BTC,127811.5605,185,0,0,1,1,1.0,0.0,0.0,True,0.20077499999999998,0.2698025336929825,False,False,,1.2,,0,[],[],0,False,False,,,72.6,False,,,0.0,,False,1.2,0,,False,[],,False,185.0,185.0,True
bc1pn40jktdw6w5wgdq7a4upltkwgqxte73en272mwtnc7hc3p5er0sq98qz6c,bitcoin,BTC,5.8989951,0.0,BTC,383434.68149999995,185,0,0,1,1,1.0,0.0,0.0,True,0.20077499999999998,0.26987327185502746,False,False,,1.2,,0,[],[],0,False,False,,,72.6,False,,,0.0,,False,1.2,0,,False,[],,False,185.0,185.0,True
bc1p48n2shgzzv26graex5al75jj46k7mqv8lc88q9maxuy9lnu75vaszv64j6,bitcoin,BTC,1.9663317,0.0,BTC,127811.5605,185,0,0,1,1,1.0,0.0,0.0,True,0.20077499999999998,0.2698025336929825,False,False,,1.2,,0,[],[],0,False,False,,,72.6,False,,,0.0,,False,1.2,0,,False,[],,False,185.0,185.0,True
bc1p7ygl76hask5vsxue2erc86ew6mqj9v8usljwngvnjgzts2hd2wmqzulwc2,bitcoin,BTC,1.9663317,0.0,BTC,127811.5605,185,0,0,1,1,1.0,0.0,0.0,True,0.20077499999999998,0.2698025336929825,False,False,,1.2,,0,[],[],0,False,False,,,72.6,False,,,0.0,,False,1.2,0,,False,[],,False,185.0,185.0,True
bc1peaja082lk4r4gsy7atat67qhyegkq0ccnw3zzx2p85dm7rx4ne4sw24wrn,bitcoin,BTC,1.9663317,0.0,BTC,127811.5605,185,0,0,1,1,1.0,0.0,0.0,True,0.20077499999999998,0.2698025336929825,False,False,,1.2,,0,[],[],0,False,False,,,72.6,False,,,0.0,,False,1.2,0,,False,[],,False,185.0,185.0,True
bc1p9kn2qf48jnx6ujeamxnq5c29kqdulcx4elzyvp5qgnvvx33tuwlq7rp7q5,bitcoin,BTC,1.9663317,0.0,BTC,127811.5605,185,0,0,1,1,1.0,0.0,0.0,True,0.20077499999999998,0.2698025336929825,False,False,,1.2,,0,[],[],0,False,False,,,72.6,False,,,0.0,,False,1.2,0,,False,[],,False,185.0,185.0,True
bc1pn4xlrdjfpr4xc44wurxrppeqgygk5nhy80l4vzpnps6u42nuefyqrn2hvn,bitcoin,BTC,1.9663317,0.0,BTC,127811.5605,185,0,0,1,1,1.0,0.0,0.0,True,0.20077499999999998,0.2698025336929825,False,False,,1.2,,0,[],[],0,False,False,,,72.6,False,,,0.0,,False,1.2,0,,False,[],,False,185.0,185.0,True
bc1pzfzrkcx4p758qfw0uxn6q7jcrhn66dwadmlzufax3szdz3wwwl6sahgduh,bitcoin,BTC,1.9663317,0.0,BTC,127811.5605,185,0,0,1,1,1.0,0.0,0.0,True,0.20077499999999998,0.2698025336929825,False,False,,1.2,,0,[],[],0,False,False,,,72.6,False,,,0.0,,False,1.2,0,,False,[],,False,185.0,185.0,True
bc1qqzp3tzm7qf97wz6nz5sh0ytsm64e7awqvk8ann,bitcoin,BTC,5.8989951,0.0,BTC,383434.68149999995,185,0,0,1,1,1.0,0.0,0.0,True,0.20077499999999998,0.26987327185502746,False,False,,1.2,,0,[],[],0,False,False,,,72.6,False,,,0.0,,False,1.2,0,,False,[],,False,185.0,185.0,True
bc1pa5hsdg4gcqfmedj6wakgz4r3nhvscsae2ju2laygrxvh56prhy7shleqwa,bitcoin,BTC,5.8989951,0.0,BTC,383434.68149999995,185,0,0,1,1,1.0,0.0,0.0,True,0.20077499999999998,0.26987327185502746,False,False,,1.2,,0,[],[],0,False,False,,,72.6,False,,,0.0,,False,1.2,0,,False,[],,False,185.0,185.0,True
bc1p4h8n8qx69m8uszej9jsplx44upvp69x9xqtc0lytp84g5cyk6k0sr6ku0s,bitcoin,BTC,1.9663317,0.0,BTC,127811.5605,185,0,0,1,1,1.0,0.0,0.0,True,0.20077499999999998,0.2698025336929825,False,False,,1.2,,0,[],[],0,False,False,,,72.6,False,,,0.0,,False,1.2,0,,False,[],,False,185.0,185.0,True
bc1phkdekdr2ryy5088sjg2jllh7uv233ayludq2w942g7s057qva8esthzl45,bitcoin,BTC,1.9663317,0.0,BTC,127811.5605,185,0,0,1,1,1.0,0.0,0.0,True,0.20077499999999998,0.2698025336929825,False,False,,1.2,,0,[],[],0,False,False,,,72.6,False,,,0.0,,False,1.2,0,,False,[],,False,185.0,185.0,True
bc1pgdlpxhxywx8ng9pf7rnhpzc4jdxxwgsd7mszzkwqfj4sg8pte4mszdsqjw,bitcoin,BTC,1.9663317,0.0,BTC,127811.5605,185,0,0,1,1,1.0,0.0,0.0,True,0.20077499999999998,0.2698025336929825,False,False,,1.2,,0,[],[],0,False,False,,,72.6,False,,,0.0,,False,1.2,0,,False,[],,False,185.0,185.0,True
bc1p72svpk7pr2vfkgfuvq7vra82f0y8njsudv04yaadly6dz30d8ttqazgzgm,bitcoin,BTC,1.9663317,0.0,BTC,127811.5605,185,0,0,1,1,1.0,0.0,0.0,True,0.20077499999999998,0.2698025336929825,False,False,,1.2,,0,[],[],0,False,False,,,72.6,False,,,0.0,,False,1.2,0,,False,[],,False,185.0,185.0,True
bc1pzqh6d86ew9a30acw222jmykh2a5k0ssy5y4k3x9wf2skq6jgkapqjgsd26,bitcoin,BTC,1.9663317,0.0,BTC,127811.5605,185,0,0,1,1,1.0,0.0,0.0,True,0.20077499999999998,0.2698025336929825,False,False,,1.2,,0,[],[],0,False,False,,,72.6,False,,,0.0,,False,1.2,0,,False,[],,False,185.0,185.0,True
bc1pwsgkc7rll0th6sfxg98drpat68w20pgkflcmt6mer6v278nm7vnqfkn85g,bitcoin,BTC,1.9663317,0.0,BTC,127811.5605,185,0,0,1,1,1.0,0.0,0.0,True,0.20077499999999998,0.2698025336929825,False,False,,1.2,,0,[],[],0,False,False,,,72.6,False,,,0.0,,False,1.2,0,,False,[],,False,185.0,185.0,True
bc1pakpyy3zam36wtcdmf94yurg78rpkscxgp6ngs8ajl9k42aszlt3s83vkuf,bitcoin,BTC,1.9663317,0.0,BTC,127811.5605,185,0,0,1,1,1.0,0.0,0.0,True,0.20077499999999998,0.2698025336929825,False,False,,1.2,,0,[],[],0,False,False,,,72.6,False,,,0.0,,False,1.2,0,,False,[],,False,185.0,185.0,True
bc1pm6gq0phavf8wn8rcvu4ml4adld3r0sxlkp09ee0pl6wct002rhsqvy4np6,bitcoin,BTC,4.59276288,0.0,BTC,298529.5872,219,0,0,1,1,1.0,0.0,0.0,True,0.296775,0.2701655554157486,False,False,,1.1,,0,[],[],0,False,False,,,85.8,False,,,0.0,,False,1.1,0,,False,[],,False,219.0,219.0,True
bc1p6xjgpppgyhfrevljjzrac8m8kkfhn9049unpc493ujmf3j4rcwqsahhy6t,bitcoin,BTC,1.15322697,0.0,BTC,74959.75305,217,0,0,1,1,1.0,0.0,0.0,True,0.291,0.2702081097051406,False,False,,1.1,,0,[],[],0,False,False,,,85.0,False,,,0.0,,False,1.1,0,,False,[],,False,217.0,217.0,True
bc1pue374lkrjwd2a47dpm4x6ht097cvzj04jfzjn5kjlaxz83kdsf9s3hv6ph,bitcoin,BTC,1.15322697,0.0,BTC,74959.75305,216,0,0,1,1,1.0,0.0,0.0,True,0.282675,0.27068489216930064,False,False,,1.1,,0,[],[],0,False,False,,,83.9,False,,,0.0,,False,1.1,0,,False,[],,False,216.0,216.0,True
bc1plysdf794ue8ale6wssz0jwv2qjveere4x3d0x2cym7t935xsz0dsm0r627,bitcoin,BTC,1.15322697,0.0,BTC,74959.75305,216,0,0,1,1,1.0,0.0,0.0,True,0.282675,0.27068489216930064,False,False,,1.1,,0,[],[],0,False,False,,,83.9,False,,,0.0,,False,1.1,0,,False,[],,False,216.0,216.0,True
bc1pm2mhf3x49e46gskk2ad9mjln9p37f390a87x55juyh2g495vm3fqvfd3w3,bitcoin,BTC,1.15322697,0.0,BTC,74959.75305,216,0,0,1,1,1.0,0.0,0.0,True,0.282675,0.27068489216930064,False,False,,1.1,,0,[],[],0,False,False,,,83.9,False,,,0.0,,False,1.1,0,,False,[],,False,216.0,216.0,True
bc1pe6ss9xvr5adfr8dfumdawyrlk32ayedex5alu799ngugxracuarsae3qhf,bitcoin,BTC,1.14259815,0.0,BTC,74268.87975,215,0,0,1,1,1.0,0.0,0.0,True,0.2763,0.27035541542837793,False,False,,1.1,,0,[],[],0,False,False,,,83.0,False,,,0.0,,False,1.1,0,,False,[],,False,215.0,215.0,True
bc1qffup2kljenv2zwteyjcmv9k2qvfpafj3p683k8,bitcoin,BTC,1.14259815,0.0,BTC,74268.87975,215,0,0,1,1,1.0,0.0,0.0,True,0.2763,0.27035541542837793,False,False,,1.1,,0,[],[],0,False,False,,,83.0,False,,,0.0,,False,1.1,0,,False,[],,False,215.0,215.0,True
bc1pq8dxxjuygfwplfwdlqcjgzh7zhwqws3xzuh8hp6d4jt0pve24jzql6fvvz,bitcoin,BTC,1.14259815,0.0,BTC,74268.87975,215,0,0,1,1,1.0,0.0,0.0,True,0.2763,0.27035541542837793,False,False,,1.1,,0,[],[],0,False,False,,,83.0,False,,,0.0,,False,1.1,0,,False,[],,False,215.0,215.0,True
bc1pqvwvkypeacgzjycg52ue8vmn0t26ej9wakh6dkva3fpzsdu9r9fstp0n2m,bitcoin,BTC,6.8555889,0.0,BTC,445613.2785,215,0,0,1,1,1.0,0.0,0.0,True,0.2763,0.27051253362046496,False,False,,1.1,,0,[],[],0,False,False,,,83.0,False,,,0.0,,False,1.1,0,,False,[],,False,215.0,215.0,True
bc1pqyt8kj64pyzhtztam8gsjhk0da8sc95dsucc055m7wmte7z4fuyshem236,bitcoin,BTC,1.14259815,0.0,BTC,74268.87975,215,0,0,1,1,1.0,0.0,0.0,True,0.2763,0.27035541542837793,False,False,,1.1,,0,[],[],0,False,False,,,83.0,False,,,0.0,,False,1.1,0,,False,[],,False,215.0,215.0,True
bc1p4l5uwflczxa6p286w8kljd3k3fxmy5x04e02ygw7jl62nhsm37yshjfhru,bitcoin,BTC,1.14259815,0.0,BTC,74268.87975,215,0,0,1,1,1.0,0.0,0.0,True,0.2763,0.27035541542837793,False,False,,1.1,,0,[],[],0,False,False,,,83.0,False,,,0.0,,False,1.1,0,,False,[],,False,215.0,215.0,True
bc1pg7r3k3vd9qa6wr4xfwmghdydrhlxh5znvdu4lcncplqhqhz3wqls2ele4e,bitcoin,BTC,1.14259815,0.0,BTC,74268.87975,215,0,0,1,1,1.0,0.0,0.0,True,0.2763,0.27035541542837793,False,False,,1.1,,0,[],[],0,False,False,,,83.0,False,,,0.0,,False,1.1,0,,False,[],,False,215.0,215.0,True
bc1pjmlvw4qdf9crs0ewe7x4gl3vk9pc6n2jxmx9gy9zm6vg46k9jq6q6k0j9j,bitcoin,BTC,6.8555889,0.0,BTC,445613.2785,215,0,0,1,1,1.0,0.0,0.0,True,0.2763,0.27051253362046496,False,False,,1.1,,0,[],[],0,False,False,,,83.0,False,,,0.0,,False,1.1,0,,False,[],,False,215.0,215.0,True
bc1pv57prq5a9vkeauudmsqyumsnysl788wq39uk9vj7yw0p8t5x9uasvjqyps,bitcoin,BTC,6.8555889,0.0,BTC,445613.2785,215,0,0,1,1,1.0,0.0,0.0,True,0.2763,0.27051253362046496,False,False,,1.1,,0,[],[],0,False,False,,,83.0,False,,,0.0,,False,1.1,0,,False,[],,False,215.0,215.0,True
bc1prad39lxlft0tz4udvn0p5n0auw9ref03myl2dcpymz50vyuxcjlsad5nxc,bitcoin,BTC,6.8555889,0.0,BTC,445613.2785,215,0,0,1,1,1.0,0.0,0.0,True,0.2763,0.27051253362046496,False,False,,1.1,,0,[],[],0,False,False,,,83.0,False,,,0.0,,False,1.1,0,,False,[],,False,215.0,215.0,True
bc1p8k0q7g9cpqefej7gyd04j7h6f7x6df2yykzr6h77quuquhx03trqaqhy9x,bitcoin,BTC,6.8555889,0.0,BTC,445613.2785,215,0,0,1,1,1.0,0.0,0.0,True,0.2763,0.27051253362046496,False,False,,1.1,,0,[],[],0,False,False,,,83.0,False,,,0.0,,False,1.1,0,,False,[],,False,215.0,215.0,True
bc1pc43aypnse9tq8h203m87n47u7vs4l5lepy8ea7j877e0pxx3g5qqa2amul,bitcoin,BTC,1.1160261,0.0,BTC,72541.6965,210,0,0,1,1,1.0,0.0,0.0,True,0.27097499999999997,0.27079851421606166,False,False,,1.1,,0,[],[],0,False,False,,,82.3,False,,,0.0,,False,1.1,0,,False,[],,False,210.0,210.0,True
bc1pcer5l9dmhgrc93kzqhp2gwm6sxww0zzk5xk6mmwthjtu99vytg3qp2fy86,bitcoin,BTC,10.3,0.0,BTC,669500.0,206,0,0,1,1,1.0,0.0,0.0,True,0.25987499999999997,0.2707839217546502,False,False,,1.1,,0,[],[],0,False,False,,,80.8,False,,,0.0,,False,1.1,0,,False,[],,False,206.0,206.0,True
bc1ps7gy8vhr95ny78e6zazf0d23yez0awdnjpkkn5sgry0r4hq8h2us6gv5at,bitcoin,BTC,1.06954752,0.0,BTC,69520.5888,204,0,0,1,1,1.0,0.0,0.0,True,0.25117500000000004,0.2702828254667335,False,False,,1.1,,0,[],[],0,False,False,,,79.6,False,,,0.0,,False,1.1,0,,False,[],,False,204.0,204.0,True
bc1pn7355ejzau8c8x2u9nfnzcp9axsdv2wvyunfc3ntefcm8qq9t54qlgh662,bitcoin,BTC,1.03099554,0.0,BTC,67014.7101,194,0,0,1,1,1.0,0.0,0.0,True,0.2301,0.27075831916028326,False,False,,1.1,,0,[],[],0,False,False,,,76.7,False,,,0.0,,False,1.1,0,,False,[],,False,194.0,194.0,True
bc1p8gwuvvuxutky3y4u2fpfn6pncu8263x7fn2ah5r2d2cj7vz8q4cspeer66,bitcoin,BTC,1.00663296,0.0,BTC,65431.1424,192,0,0,1,1,1.0,0.0,0.0,True,0.21697499999999997,0.27067645452047706,False,False,,1.1,,0,[],[],0,False,False,,,74.9,False,,,0.0,,False,1.1,0,,False,[],,False,192.0,192.0,True
bc1pd6wvyy4hc6qat5e7eklc57y8juav49rcyl23cc2a49kmlemt6qdqp52qs3,bitcoin,BTC,1.00663296,0.0,BTC,65431.1424,192,0,0,1,1,1.0,0.0,0.0,True,0.21697499999999997,0.27067645452047706,False,False,,1.1,,0,[],[],0,False,False,,,74.9,False,,,0.0,,False,1.1,0,,False,[],,False,192.0,192.0,True
bc1p4jp0x96slhkct3xxddv6ty8dtpy4cusw5jr2ugq8sgvaqehnca5qhgvht7,bitcoin,BTC,1.00663296,0.0,BTC,65431.1424,192,0,0,1,1,1.0,0.0,0.0,True,0.21697499999999997,0.27067645452047706,False,False,,1.1,,0,[],[],0,False,False,,,74.9,False,,,0.0,,False,1.1,0,,False,[],,False,192.0,192.0,True
bc1p2flcqx3djsqa5rcgmscmv300rrexfvlphywkclktntcvez2j4nvskf6gdj,bitcoin,BTC,1.00663296,0.0,BTC,65431.1424,192,0,0,1,1,1.0,0.0,0.0,True,0.21697499999999997,0.27067645452047706,False,False,,1.1,,0,[],[],0,False,False,,,74.9,False,,,0.0,,False,1.1,0,,False,[],,False,192.0,192.0,True
bc1paeja9hm3zmdm674gw20xr0kw5txttyq7xsv4tg2fqrajsd7jst7srf0gjf,bitcoin,BTC,1.01505231,0.0,BTC,65978.40015,191,0,0,1,1,1.0,0.0,0.0,True,0.21,0.2702041004575136,False,False,,1.1,,0,[],[],0,False,False,,,73.9,False,,,0.0,,False,1.1,0,,False,[],,False,191.0,191.0,True
bc1qnswl94lnydrr2lszattgedxkwp32s9jg9nur3z,bitcoin,BTC,9.55,0.0,BTC,620750.0,191,0,0,1,1,1.0,0.0,0.0,True,0.21,0.27056395082796664,False,False,,1.1,,0,[],[],0,False,False,,,73.9,False,,,0.0,,False,1.1,0,,False,[],,False,191.0,191.0,True
bc1pk6amqjmx87j999pc6j2mwy7kwl7lgll8wp48t559j49drwfy846swd9wn8,bitcoin,BTC,9.55,0.0,BTC,620750.0,191,0,0,1,1,1.0,0.0,0.0,True,0.21,0.27056395082796664,False,False,,1.1,,0,[],[],0,False,False,,,73.9,False,,,0.0,,False,1.1,0,,False,[],,False,191.0,191.0,True
bc1p65uaq85h52ldt7pfwmk8p7t7g2x9jvnvh2ssrkpzlm9mzshuxxtsah9q9v,bitcoin,BTC,9.55,0.0,BTC,620750.0,191,0,0,1,1,1.0,0.0,0.0,True,0.21,0.27056395082796664,False,False,,1.1,,0,[],[],0,False,False,,,73.9,False,,,0.0,,False,1.1,0,,False,[],,False,191.0,191.0,True
bc1q7kv4sx67hz0e0sh4dkgdjcncm6gguvmcg7wgpn,bitcoin,BTC,9.55,0.0,BTC,620750.0,191,0,0,1,1,1.0,0.0,0.0,True,0.21,0.27056395082796664,False,False,,1.1,,0,[],[],0,False,False,,,73.9,False,,,0.0,,False,1.1,0,,False,[],,False,191.0,191.0,True
bc1ph7a8395kpgnf6azc4j6wjd87mtnc7kttrt5ff2xdxyy34acw43vsn42wdc,bitcoin,BTC,9.55,0.0,BTC,620750.0,191,0,0,1,1,1.0,0.0,0.0,True,0.21,0.27056395082796664,False,False,,1.1,,0,[],[],0,False,False,,,73.9,False,,,0.0,,False,1.1,0,,False,[],,False,191.0,191.0,True
bc1q892kae569xhge3lvh84g4k827gt00nr4v7eprn,bitcoin,BTC,1.01505231,0.0,BTC,65978.40015,191,0,0,1,1,1.0,0.0,0.0,True,0.21,0.2702041004575136,False,False,,1.1,,0,[],[],0,False,False,,,73.9,False,,,0.0,,False,1.1,0,,False,[],,False,191.0,191.0,True
bc1qtqf70awhj9ckye80jnexuy7g0583shfuuvlysh,bitcoin,BTC,9.55,0.0,BTC,620750.0,191,0,0,1,1,1.0,0.0,0.0,True,0.21,0.27056395082796664,False,False,,1.1,,0,[],[],0,False,False,,,73.9,False,,,0.0,,False,1.1,0,,False,[],,False,191.0,191.0,True
bc1q827j2wfqtztdc9cr76uhgszchysrgxujjy3nal,bitcoin,BTC,9.55,0.0,BTC,620750.0,191,0,0,1,1,1.0,0.0,0.0,True,0.21,0.27056395082796664,False,False,,1.1,,0,[],[],0,False,False,,,73.9,False,,,0.0,,False,1.1,0,,False,[],,False,191.0,191.0,True
bc1qy2hlzg7sfs5xwqtc8vjgmkultxz63ffdvyzttt,bitcoin,BTC,1.01505231,0.0,BTC,65978.40015,191,0,0,1,1,1.0,0.0,0.0,True,0.21,0.2702041004575136,False,False,,1.1,,0,[],[],0,False,False,,,73.9,False,,,0.0,,False,1.1,0,,False,[],,False,191.0,191.0,True
bc1pag8nvwxg8ze3r0ent0lvpu5shkrt3vvg5mu2ravkh4p7k5qvslpq3337tj,bitcoin,BTC,6.91936182,0.0,BTC,449758.5183,217,0,0,1,1,1.0,0.0,0.0,True,0.291,0.27104335915093664,False,False,,1.0,,0,[],[],0,False,False,,,85.0,False,,,0.0,,False,1.0,0,,False,[],,False,217.0,217.0,True
bc1pu3xxzm3fng5ykj3lz96h7kmytujna3fs6mgf2r8gjqxrs6v5qzas9evv5n,bitcoin,BTC,6.91936182,0.0,BTC,449758.5183,217,0,0,1,1,1.0,0.0,0.0,True,0.291,0.2714283107988978,False,False,,1.0,,0,[],[],0,False,False,,,85.0,False,,,0.0,,False,1.0,0,,False,[],,False,217.0,217.0,True
bc1qkx56ss8yvn5gder38pwfqrzdml4x2n7lnkc0ua,bitcoin,BTC,6.91936182,0.0,BTC,449758.5183,217,0,0,1,1,1.0,0.0,0.0,True,0.291,0.27104335915093664,False,False,,1.0,,0,[],[],0,False,False,,,85.0,False,,,0.0,,False,1.0,0,,False,[],,False,217.0,217.0,True
bc1papf2cegrq558dpgwfyxhl3k4n7wncc74vljxhtcdncg05v6haq6q7f79zn,bitcoin,BTC,6.91936182,0.0,BTC,449758.5183,217,0,0,1,1,1.0,0.0,0.0,True,0.291,0.2714283107988978,False,False,,1.0,,0,[],[],0,False,False,,,85.0,False,,,0.0,,False,1.0,0,,False,[],,False,217.0,217.0,True
bc1psuq0k70lvzwmxx0k2n2qnydjxmxvlxru58kc92h9gweaqnragews8lw4l0,bitcoin,BTC,6.91936182,0.0,BTC,449758.5183,217,0,0,1,1,1.0,0.0,0.0,True,0.291,0.27104335915093664,False,False,,1.0,,0,[],[],0,False,False,,,85.0,False,,,0.0,,False,1.0,0,,False,[],,False,217.0,217.0,True
bc1pcazq3aj44vmyt4r3j6gpev05s7j0e8xhnn95alks57levj6e2pyszljdu7,bitcoin,BTC,1.08003328,0.0,BTC,70202.16320000001,206,0,0,1,1,1.0,0.0,0.0,True,0.25987499999999997,0.27142212896999246,False,False,,1.0,,0,[],[],0,False,False,,,80.8,False,,,0.0,,False,1.0,0,,False,[],,False,206.0,206.0,True
bc1p2yz9rkqlxdtnr3g8vhv84t4l2gupnpq52548m5ktre9peqyec2vq0xpfwx,bitcoin,BTC,1.08003328,0.0,BTC,70202.16320000001,206,0,0,1,1,1.0,0.0,0.0,True,0.25987499999999997,0.27142212896999246,False,False,,1.0,,0,[],[],0,False,False,,,80.8,False,,,0.0,,False,1.0,0,,False,[],,False,206.0,206.0,True
bc1qp7c0n26d7ycfrtz89ekjwc6k9ml63ke62lppcc,bitcoin,BTC,1.08003328,0.0,BTC,70202.16320000001,206,0,0,1,1,1.0,0.0,0.0,True,0.25987499999999997,0.27142212896999246,False,False,,1.0,,0,[],[],0,False,False,,,80.8,False,,,0.0,,False,1.0,0,,False,[],,False,206.0,206.0,True
bc1plta48zg79s34ymkx30s3xjartna7xfezcwe4v43mfcgtqnhw2glq0tge5h,bitcoin,BTC,1.08003328,0.0,BTC,70202.16320000001,206,0,0,1,1,1.0,0.0,0.0,True,0.25987499999999997,0.27142212896999246,False,False,,1.0,,0,[],[],0,False,False,,,80.8,False,,,0.0,,False,1.0,0,,False,[],,False,206.0,206.0,True
bc1pnrnz7qxqgjay9nghsx9rhcgjn9wsmazqn3yd4cw73sywmnnxxdyscfx67y,bitcoin,BTC,1.08003328,0.0,BTC,70202.16320000001,206,0,0,1,1,1.0,0.0,0.0,True,0.25987499999999997,0.27142212896999246,False,False,,1.0,,0,[],[],0,False,False,,,80.8,False,,,0.0,,False,1.0,0,,False,[],,False,206.0,206.0,True
bc1pksxp3zymvst2kkycepr7jlf4x0msxartrflw9tlreps8978sll8q3etfx8,bitcoin,BTC,1.08003328,0.0,BTC,70202.16320000001,206,0,0,1,1,1.0,0.0,0.0,True,0.25987499999999997,0.27142212896999246,False,False,,1.0,,0,[],[],0,False,False,,,80.8,False,,,0.0,,False,1.0,0,,False,[],,False,206.0,206.0,True
bc1pyxx50gxfm9hf5qgu8jnashew6ltst0y3cskk3cysfv0y0at9q95q3m3ugr,bitcoin,BTC,1.08003328,0.0,BTC,70202.16320000001,206,0,0,1,1,1.0,0.0,0.0,True,0.25987499999999997,0.27142212896999246,False,False,,1.0,,0,[],[],0,False,False,,,80.8,False,,,0.0,,False,1.0,0,,False,[],,False,206.0,206.0,True
bc1pthwxnal02730d2d2xfz90ml0f9we7j6xeluqgjg667fysv7plg9qsc9d5u,bitcoin,BTC,1.08003328,0.0,BTC,70202.16320000001,206,0,0,1,1,1.0,0.0,0.0,True,0.25987499999999997,0.27142212896999246,False,False,,1.0,,0,[],[],0,False,False,,,80.8,False,,,0.0,,False,1.0,0,,False,[],,False,206.0,206.0,True
bc1pcadm9h85jnukjvgwggszd2l3dnejz22c949et8w3mn9ejk32uejsc5cc3x,bitcoin,BTC,1.08003328,0.0,BTC,70202.16320000001,206,0,0,1,1,1.0,0.0,0.0,True,0.25987499999999997,0.27142212896999246,False,False,,1.0,,0,[],[],0,False,False,,,80.8,False,,,0.0,,False,1.0,0,,False,[],,False,206.0,206.0,True
bc1pdzu79pktt0eyjakd6sed4fdq5ztk8eep7qfd8xaw2dp7mpanwwxsx086m8,bitcoin,BTC,1.08003328,0.0,BTC,70202.16320000001,206,0,0,1,1,1.0,0.0,0.0,True,0.25987499999999997,0.27142212896999246,False,False,,1.0,,0,[],[],0,False,False,,,80.8,False,,,0.0,,False,1.0,0,,False,[],,False,206.0,206.0,True
bc1p7pna6dgnq98q2fxtryg934aq00h3lysz300f8mdq8e4rav4fhyvs8z8n0s,bitcoin,BTC,1.08945405,0.0,BTC,70814.51325,205,0,0,1,1,1.0,0.0,0.0,True,0.253875,0.270964034867745,False,False,,1.0,,0,[],[],0,False,False,,,79.9,False,,,0.0,,False,1.0,0,,False,[],,False,205.0,205.0,True
bc1pc9ht7jn8t5c724d5zv67ey2ntj497d60lqg8gdv7juq9ua8gygrs5ggaju,bitcoin,BTC,1.08945405,0.0,BTC,70814.51325,205,0,0,1,1,1.0,0.0,0.0,True,0.253875,0.270964034867745,False,False,,1.0,,0,[],[],0,False,False,,,79.9,False,,,0.0,,False,1.0,0,,False,[],,False,205.0,205.0,True
bc1qcshgyfchfnj7v5369grupzvwmnpthd2f7vq505,bitcoin,BTC,9.9,0.0,BTC,643500.0,198,0,0,1,1,1.0,0.0,0.0,True,0.239775,0.2714969892761522,False,False,,1.0,,0,[],[],0,False,False,,,78.0,False,,,0.0,,False,1.0,0,,False,[],,False,198.0,198.0,True
bc1ph04ud3amseek8qs5yucyw80c2fypfer2ezy4dcrs24kwesmtqleq46jp6u,bitcoin,BTC,9.9,0.0,BTC,643500.0,198,0,0,1,1,1.0,0.0,0.0,True,0.239775,0.2714969892761522,False,False,,1.0,,0,[],[],0,False,False,,,78.0,False,,,0.0,,False,1.0,0,,False,[],,False,198.0,198.0,True
bc1pm2m58lswwsttna3mltdspv0gdc89gaq8wm47scs7794g0l2ffgns8s3edf,bitcoin,BTC,9.9,0.0,BTC,643500.0,198,0,0,1,1,1.0,0.0,0.0,True,0.239775,0.2714969892761522,False,False,,1.0,,0,[],[],0,False,False,,,78.0,False,,,0.0,,False,1.0,0,,False,[],,False,198.0,198.0,True
bc1p6gzv6tjn8p5ac0z422macnun738u6wzw8lye8atay6lkrr6dysuqvmvla8,bitcoin,BTC,9.9,0.0,BTC,643500.0,198,0,0,1,1,1.0,0.0,0.0,True,0.239775,0.2714969892761522,False,False,,1.0,,0,[],[],0,False,False,,,78.0,False,,,0.0,,False,1.0,0,,False,[],,False,198.0,198.0,True
bc1q74mzn40h5t3rj20zmece40nu5cl4773tzxfevf,bitcoin,BTC,9.9,0.0,BTC,643500.0,198,0,0,1,1,1.0,0.0,0.0,True,0.239775,0.2714969892761522,False,False,,1.0,,0,[],[],0,False,False,,,78.0,False,,,0.0,,False,1.0,0,,False,[],,False,198.0,198.0,True
bc1pfs85g6ttfaknpzvfq6wlgrav75m0tlfuwlu2f208ys0e5nyc76vqacajts,bitcoin,BTC,9.9,0.0,BTC,643500.0,198,0,0,1,1,1.0,0.0,0.0,True,0.239775,0.2714969892761522,False,False,,1.0,,0,[],[],0,False,False,,,78.0,False,,,0.0,,False,1.0,0,,False,[],,False,198.0,198.0,True
bc1qt0dzsl7vx6ceqdk8nz9akdc0x3hrcl3p9wy0fs,bitcoin,BTC,9.9,0.0,BTC,643500.0,198,0,0,1,1,1.0,0.0,0.0,True,0.239775,0.2714969892761522,False,False,,1.0,,0,[],[],0,False,False,,,78.0,False,,,0.0,,False,1.0,0,,False,[],,False,198.0,198.0,True
bc1pzsf4f8ptj95dnq2s2rw6cxhpts6whgakpsmvl5zhqf8ywqmf295s2ljwr3,bitcoin,BTC,6.09031386,0.0,BTC,395870.4009,191,0,0,1,1,1.0,0.0,0.0,True,0.21,0.2708495212267163,False,False,,1.0,,0,[],[],0,False,False,,,73.9,False,,,0.0,,False,1.0,0,,False,[],,False,191.0,191.0,True
bc1qqtr7aef6wqrw7m8s3cn8nn9w5vhwmguhdz6xj4,bitcoin,BTC,6.91936182,0.0,BTC,449758.5183,216,0,0,1,1,1.0,0.0,0.0,True,0.282675,0.27173625944854346,False,False,,0.9,,0,[],[],0,False,False,,,83.9,False,,,0.0,,False,0.9,0,,False,[],,False,216.0,216.0,True
bc1q5rucef596mfahteefh8mta6dngk76mzw8umz0u,bitcoin,BTC,6.91936182,0.0,BTC,449758.5183,216,0,0,1,1,1.0,0.0,0.0,True,0.282675,0.27173625944854346,False,False,,0.9,,0,[],[],0,False,False,,,83.9,False,,,0.0,,False,0.9,0,,False,[],,False,216.0,216.0,True
bc1pwzp3rr2ex0cwch926g2naqplngt305zng44mnjw0gykn4l2u330q3hee04,bitcoin,BTC,6.91936182,0.0,BTC,449758.5183,216,0,0,1,1,1.0,0.0,0.0,True,0.282675,0.27173625944854346,False,False,,0.9,,0,[],[],0,False,False,,,83.9,False,,,0.0,,False,0.9,0,,False,[],,False,216.0,216.0,True
bc1qega84ppnmlgs3zmzmala0ukhksuf4h8wxvr9jt,bitcoin,BTC,6.91936182,0.0,BTC,449758.5183,216,0,0,1,1,1.0,0.0,0.0,True,0.282675,0.27173625944854346,False,False,,0.9,,0,[],[],0,False,False,,,83.9,False,,,0.0,,False,0.9,0,,False,[],,False,216.0,216.0,True
bc1qfp5rfuygmd6q39guv25u3uuvdwdujqjv0pzau7,bitcoin,BTC,6.91936182,0.0,BTC,449758.5183,216,0,0,1,1,1.0,0.0,0.0,True,0.282675,0.27173625944854346,False,False,,0.9,,0,[],[],0,False,False,,,83.9,False,,,0.0,,False,0.9,0,,False,[],,False,216.0,216.0,True
bc1qrsssvrvcc7l96almtjny64g9eeeaskpxfnzwmj,bitcoin,BTC,6.91936182,0.0,BTC,449758.5183,216,0,0,1,1,1.0,0.0,0.0,True,0.282675,0.27173625944854346,False,False,,0.9,,0,[],[],0,False,False,,,83.9,False,,,0.0,,False,0.9,0,,False,[],,False,216.0,216.0,True
bc1puryq2r30zgwqtvvcwg33nwml22wh4xl0meh3uc05jm8ey94zvv0sarp8q5,bitcoin,BTC,4.4040192,0.0,BTC,286261.24799999996,210,0,0,1,1,1.0,0.0,0.0,True,0.27097499999999997,0.2718792161763576,False,False,,0.9,,0,[],[],0,False,False,,,82.3,False,,,0.0,,False,0.9,0,,False,[],,False,210.0,210.0,True
bc1p8psavz2wd20wl80neqpvnwhmaw2qdr8dj56yp9e07axqzl8tw3jsy6s9hy,bitcoin,BTC,4.4040192,0.0,BTC,286261.24799999996,210,0,0,1,1,1.0,0.0,0.0,True,0.27097499999999997,0.2718792161763576,False,False,,0.9,,0,[],[],0,False,False,,,82.3,False,,,0.0,,False,0.9,0,,False,[],,False,210.0,210.0,True
bc1pfqutd9rmkr5xyg8eysxk3h2xwrmtysk2v8ff5yn98ddnmvc5f6ws4qgdxl,bitcoin,BTC,4.4040192,0.0,BTC,286261.24799999996,210,0,0,1,1,1.0,0.0,0.0,True,0.27097499999999997,0.2718792161763576,False,False,,0.9,,0,[],[],0,False,False,,,82.3,False,,,0.0,,False,0.9,0,,False,[],,False,210.0,210.0,True
bc1qxvp9puj2ntj7dk0hq86q6vghg2d6npaj6manws,bitcoin,BTC,1.10008287,0.0,BTC,71505.38655000001,207,0,0,1,1,1.0,0.0,0.0,True,0.26625,0.2722542733279443,False,False,,0.9,,0,[],[],0,False,False,,,81.6,False,,,0.0,,False,0.9,0,,False,[],,False,207.0,207.0,True
bc1p5l27rfdh6456xa08s87zxrwux383aa5uyn0eqmxe8yvqd3hc6gmqsafg3v,bitcoin,BTC,1.05225318,0.0,BTC,68396.4567,198,0,0,1,1,1.0,0.0,0.0,True,0.239775,0.2719183304586125,False,False,,0.9,,0,[],[],0,False,False,,,78.0,False,,,0.0,,False,0.9,0,,False,[],,False,198.0,198.0,True
bc1qu05ht9kej87nm77ctrwfftawguz66p5lxa0p6h,bitcoin,BTC,1.05225318,0.0,BTC,68396.4567,198,0,0,1,1,1.0,0.0,0.0,True,0.239775,0.2719183304586125,False,False,,0.9,,0,[],[],0,False,False,,,78.0,False,,,0.0,,False,0.9,0,,False,[],,False,198.0,198.0,True
bc1q7603d6xw46s0drssta0ppl60yq8anknnc0t4rc,bitcoin,BTC,1.05225318,0.0,BTC,68396.4567,198,0,0,1,1,1.0,0.0,0.0,True,0.239775,0.2719183304586125,False,False,,0.9,,0,[],[],0,False,False,,,78.0,False,,,0.0,,False,0.9,0,,False,[],,False,198.0,198.0,True
bc1qhmhmccrtnt3x8xefgpk8qvjzgrv7ud44z0rs5t,bitcoin,BTC,1.05225318,0.0,BTC,68396.4567,198,0,0,1,1,1.0,0.0,0.0,True,0.239775,0.2719183304586125,False,False,,0.9,,0,[],[],0,False,False,,,78.0,False,,,0.0,,False,0.9,0,,False,[],,False,198.0,198.0,True
bc1q6rprgdgag8wjg45wwcjkd5e6n0qvldp906efxf,bitcoin,BTC,1.05225318,0.0,BTC,68396.4567,198,0,0,1,1,1.0,0.0,0.0,True,0.239775,0.2719183304586125,False,False,,0.9,,0,[],[],0,False,False,,,78.0,False,,,0.0,,False,0.9,0,,False,[],,False,198.0,198.0,True
bc1ps6wq7rmxpfaqzmx0r37c7zsz594u2hvn2t05k6mv3dqju93u06ns5elanu,bitcoin,BTC,1.05225318,0.0,BTC,68396.4567,198,0,0,1,1,1.0,0.0,0.0,True,0.239775,0.2719183304586125,False,False,,0.9,,0,[],[],0,False,False,,,78.0,False,,,0.0,,False,0.9,0,,False,[],,False,198.0,198.0,True
bc1p4j00k4emtnj5ctjtvekyd4rtlseg4mq5c6kay0z0yh27pd7nj2hsv93xzf,bitcoin,BTC,6.57356002,0.0,BTC,427281.4013,194,0,0,1,1,1.0,0.0,0.0,True,0.2301,0.2716051355821917,False,False,,0.9,,0,[],[],0,False,False,,,76.7,False,,,0.0,,False,0.9,0,,False,[],,False,194.0,194.0,True
bc1p2cd4xcu3gx0e0w56kr8r39h26s0lm075ypjjmrf63s64djvqkfqqxhmptu,bitcoin,BTC,4.04750336,0.0,BTC,263087.7184,193,0,0,1,1,1.0,0.0,0.0,True,0.224175,0.2719442365589256,False,False,,0.9,,0,[],[],0,False,False,,,75.9,False,,,0.0,,False,0.9,0,,False,[],,False,193.0,193.0,True
bc1pua7elx37y2aajluaxck88r6uv7q6affgge96l3w90g8el2kxk6xq56reqp,bitcoin,BTC,4.04750336,0.0,BTC,263087.7184,193,0,0,1,1,1.0,0.0,0.0,True,0.224175,0.2719442365589256,False,False,,0.9,,0,[],[],0,False,False,,,75.9,False,,,0.0,,False,0.9,0,,False,[],,False,193.0,193.0,True
bc1pklnnthv20572q0pj96g70aqvvt2guz0c89rt4zu6nc6klu86eufqqlqmpp,bitcoin,BTC,1.01187584,0.0,BTC,65771.9296,193,0,0,1,1,1.0,0.0,0.0,True,0.224175,0.2719626453321698,False,False,,0.9,,0,[],[],0,False,False,,,75.9,False,,,0.0,,False,0.9,0,,False,[],,False,193.0,193.0,True
bc1py7965j7c4t084xnq4sgxvptqe4eeccf6s7mvkh7eenpj5aw2k8es6glntv,bitcoin,BTC,1.01187584,0.0,BTC,65771.9296,193,0,0,1,1,1.0,0.0,0.0,True,0.224175,0.2719626453321698,False,False,,0.9,,0,[],[],0,False,False,,,75.9,False,,,0.0,,False,0.9,0,,False,[],,False,193.0,193.0,True
bc1p76v2xspul62nelrquf3xmdvgkt0wxa46vpzppmdukejlmn5zrqusgmqc6d,bitcoin,BTC,2.30645394,0.0,BTC,149919.5061,217,0,0,1,1,1.0,0.0,0.0,True,0.291,0.2730298206647999,False,False,,0.8,,0,[],[],0,False,False,,,85.0,False,,,0.0,,False,0.8,0,,False,[],,False,217.0,217.0,True
bc1pq5h9ztca9np53wkgue0000j093fp36z4kf3x0q57j65dmtd6vn2qfudqzr,bitcoin,BTC,2.30645394,0.0,BTC,149919.5061,217,0,0,1,1,1.0,0.0,0.0,True,0.291,0.2730298206647999,False,False,,0.8,,0,[],[],0,False,False,,,85.0,False,,,0.0,,False,0.8,0,,False,[],,False,217.0,217.0,True
bc1plwmv55fcvpx2kxhsxty739g3hhvgr5k2z0zzf7dnrq8qgtm57gyqjxa6hl,bitcoin,BTC,2.30645394,0.0,BTC,149919.5061,217,0,0,1,1,1.0,0.0,0.0,True,0.291,0.2730298206647999,False,False,,0.8,,0,[],[],0,False,False,,,85.0,False,,,0.0,,False,0.8,0,,False,[],,False,217.0,217.0,True
bc1pkl2xvhympyrzkvahtx7w4d9n7309almjl7u2skz3gq872ykqascqqxfs3q,bitcoin,BTC,2.30645394,0.0,BTC,149919.5061,217,0,0,1,1,1.0,0.0,0.0,True,0.291,0.2730298206647999,False,False,,0.8,,0,[],[],0,False,False,,,85.0,False,,,0.0,,False,0.8,0,,False,[],,False,217.0,217.0,True
bc1peuj02ztp5m27yemcm90mcpcd4yqfmgq6qh7nsnyehhxx2skum72qe6j9ac,bitcoin,BTC,4.55081984,0.0,BTC,295803.2896,217,0,0,1,1,1.0,0.0,0.0,True,0.291,0.27286278888987836,False,False,,0.8,,0,[],[],0,False,False,,,85.0,False,,,0.0,,False,0.8,0,,False,[],,False,217.0,217.0,True
bc1pgc6rledv78n0rj6mcrg8ql4y6tupkwctpdumgju02hxatnseexnssq04d5,bitcoin,BTC,4.55081984,0.0,BTC,295803.2896,217,0,0,1,1,1.0,0.0,0.0,True,0.291,0.27286278888987836,False,False,,0.8,,0,[],[],0,False,False,,,85.0,False,,,0.0,,False,0.8,0,,False,[],,False,217.0,217.0,True
bc1pqg45s75yp5vatyxwcf5k5xqltgn46v86e9a6xqjr45266r4pwwqqs6ut7j,bitcoin,BTC,4.55081984,0.0,BTC,295803.2896,217,0,0,1,1,1.0,0.0,0.0,True,0.291,0.27286278888987836,False,False,,0.8,,0,[],[],0,False,False,,,85.0,False,,,0.0,,False,0.8,0,,False,[],,False,217.0,217.0,True
bc1parpgjeqyu0f2px7mdhpav7av63he36lfhdlqamu5elce8mazu78sp466wa,bitcoin,BTC,4.55081984,0.0,BTC,295803.2896,217,0,0,1,1,1.0,0.0,0.0,True,0.291,0.27286278888987836,False,False,,0.8,,0,[],[],0,False,False,,,85.0,False,,,0.0,,False,0.8,0,,False,[],,False,217.0,217.0,True
bc1pwka6fzynwxcamau2a8feupwcp4mnmcmmgcfan4u5v8xx5aytekfqndxxf9,bitcoin,BTC,4.55081984,0.0,BTC,295803.2896,217,0,0,1,1,1.0,0.0,0.0,True,0.291,0.27286278888987836,False,False,,0.8,,0,[],[],0,False,False,,,85.0,False,,,0.0,,False,0.8,0,,False,[],,False,217.0,217.0,True
bc1p4dmyn6ldd785evz65cwewn5rjrsfyejfwyqa2say5784qwlsccmqylc7dm,bitcoin,BTC,2.30645394,0.0,BTC,149919.5061,217,0,0,1,1,1.0,0.0,0.0,True,0.291,0.2730298206647999,False,False,,0.8,,0,[],[],0,False,False,,,85.0,False,,,0.0,,False,0.8,0,,False,[],,False,217.0,217.0,True
bc1pphe9tjr08wjacgqq0efzjfmkfps3hycmvlqzjk9ysltzl525c9rqfwsk4c,bitcoin,BTC,2.30645394,0.0,BTC,149919.5061,217,0,0,1,1,1.0,0.0,0.0,True,0.291,0.2730298206647999,False,False,,0.8,,0,[],[],0,False,False,,,85.0,False,,,0.0,,False,0.8,0,,False,[],,False,217.0,217.0,True
bc1pqp2gwnrcyq9qggx7zfr39pz3wwf5300wz3lgplegl6squfjerwpss8gzxl,bitcoin,BTC,6.6961566,0.0,BTC,435250.179,210,0,0,1,1,1.0,0.0,0.0,True,0.27097499999999997,0.2723400675529789,False,False,,0.8,,0,[],[],0,False,False,,,82.3,False,,,0.0,,False,0.8,0,,False,[],,False,210.0,210.0,True
bc1pjvzeutst8umcqehfeh922naltvgvr0afk9hl06n3xdxnsv3yr5cqta8gnl,bitcoin,BTC,6.6961566,0.0,BTC,435250.179,210,0,0,1,1,1.0,0.0,0.0,True,0.27097499999999997,0.2723400675529789,False,False,,0.8,,0,[],[],0,False,False,,,82.3,False,,,0.0,,False,0.8,0,,False,[],,False,210.0,210.0,True
bc1p6xdz24y3u0dqdkwku5twa39msf93rc9sdrsa2766eyxm5zl9rzkqmpxrhq,bitcoin,BTC,6.6961566,0.0,BTC,435250.179,210,0,0,1,1,1.0,0.0,0.0,True,0.27097499999999997,0.2723400675529789,False,False,,0.8,,0,[],[],0,False,False,,,82.3,False,,,0.0,,False,0.8,0,,False,[],,False,210.0,210.0,True
bc1plrxrwt7t7k9cgsknp75d6tpdnh42e4w8y9sya6ay9lzlj282cd4qn2rzcp,bitcoin,BTC,6.50483784,0.0,BTC,422814.4596,204,0,0,1,1,1.0,0.0,0.0,True,0.25117500000000004,0.2727102626884225,False,False,,0.8,,0,[],[],0,False,False,,,79.6,False,,,0.0,,False,0.8,0,,False,[],,False,204.0,204.0,True
bc1qq729vqygxgyln3nx40l0pned8ya6mr8ksdkpa5,bitcoin,BTC,1.03809024,0.0,BTC,67475.8656,198,0,0,1,1,1.0,0.0,0.0,True,0.239775,0.27291766895062014,False,False,,0.8,,0,[],[],0,False,False,,,78.0,False,,,0.0,,False,0.8,0,,False,[],,False,198.0,198.0,True
bc1qd6434tlra2jx9evfrcjzxf7gfj2ec67680lqk4,bitcoin,BTC,1.03809024,0.0,BTC,67475.8656,198,0,0,1,1,1.0,0.0,0.0,True,0.239775,0.27291766895062014,False,False,,0.8,,0,[],[],0,False,False,,,78.0,False,,,0.0,,False,0.8,0,,False,[],,False,198.0,198.0,True
bc1pwen8m72qmyh88xl7vq0uge72kmjsx4z0awcs689whf8022qkpmrshtzfa7,bitcoin,BTC,6.18597324,0.0,BTC,402088.2606,194,0,0,1,1,1.0,0.0,0.0,True,0.2301,0.27233893987305147,False,False,,0.8,,0,[],[],0,False,False,,,76.7,False,,,0.0,,False,0.8,0,,False,[],,False,194.0,194.0,True
bc1pg0rkme8cnxepf7ngv7755mf2pe0907x4hqx0uqt6w56ml0wwg33sg68d5k,bitcoin,BTC,6.18597324,0.0,BTC,402088.2606,194,0,0,1,1,1.0,0.0,0.0,True,0.2301,0.27233893987305147,False,False,,0.8,,0,[],[],0,False,False,,,76.7,False,,,0.0,,False,0.8,0,,False,[],,False,194.0,194.0,True
bc1pfg2pmk7n9a29nsxfaerhy8w8yeek4vck7qu2ry04e5p68lkpvylqmn6fa5,bitcoin,BTC,6.18597324,0.0,BTC,402088.2606,194,0,0,1,1,1.0,0.0,0.0,True,0.2301,0.27233893987305147,False,False,,0.8,,0,[],[],0,False,False,,,76.7,False,,,0.0,,False,0.8,0,,False,[],,False,194.0,194.0,True
bc1qhc829jx66q8xg5ax03vfq9qfnqjp57dvr0h4dk,bitcoin,BTC,1.02568113,0.0,BTC,66669.27345,193,0,0,1,1,1.0,0.0,0.0,True,0.224175,0.27259522071011766,False,False,,0.8,,0,[],[],0,False,False,,,75.9,False,,,0.0,,False,0.8,0,,False,[],,False,193.0,193.0,True
bc1p7dp94kk92jwtl3zl3cnmwtqa4n2x3hjkthanvfgwqyf57ex0yqfsj3pt62,bitcoin,BTC,1.02568113,0.0,BTC,66669.27345,193,0,0,1,1,1.0,0.0,0.0,True,0.224175,0.27259522071011766,False,False,,0.8,,0,[],[],0,False,False,,,75.9,False,,,0.0,,False,0.8,0,,False,[],,False,193.0,193.0,True
bc1q9sxw8upx6x7ta7qph0lpwzkllhp7hkdadht2xn,bitcoin,BTC,1.02568113,0.0,BTC,66669.27345,193,0,0,1,1,1.0,0.0,0.0,True,0.224175,0.2723921564038562,False,False,,0.8,,0,[],[],0,False,False,,,75.9,False,,,0.0,,False,0.8,0,,False,[],,False,193.0,193.0,True
bc1p5lqaqnlpevjt0cqxxe6l6pukc6kl25z3vs45u6hvt7dsandrdf2qyzhmhz,bitcoin,BTC,1.02568113,0.0,BTC,66669.27345,193,0,0,1,1,1.0,0.0,0.0,True,0.224175,0.27259522071011766,False,False,,0.8,,0,[],[],0,False,False,,,75.9,False,,,0.0,,False,0.8,0,,False,[],,False,193.0,193.0,True
bc1pgjnldskq5rk0y33uxde39g3tfjcf9qg0mhedm9t7xr0k5tfec3qqzprp59,bitcoin,BTC,2.30645394,0.0,BTC,149919.5061,217,0,0,1,1,1.0,0.0,0.0,True,0.291,0.27375111536354285,False,False,,0.7,,0,[],[],0,False,False,,,85.0,False,,,0.0,,False,0.7,0,,False,[],,False,217.0,217.0,True
bc1phlj5fjnarw4dn7mlrs30suuak6haxhypxv8g8j2hah0fesqds3jqtlp8gp,bitcoin,BTC,4.55081984,0.0,BTC,295803.2896,217,0,0,1,1,1.0,0.0,0.0,True,0.291,0.27377465826182484,False,False,,0.7,,0,[],[],0,False,False,,,85.0,False,,,0.0,,False,0.7,0,,False,[],,False,217.0,217.0,True
bc1pgv6xtq93wxynuvm9zuhj0jwvzwr0sq0qvn6g85dqjrc4pg0h3uls8kla73,bitcoin,BTC,4.55081984,0.0,BTC,295803.2896,217,0,0,1,1,1.0,0.0,0.0,True,0.291,0.27377465826182484,False,False,,0.7,,0,[],[],0,False,False,,,85.0,False,,,0.0,,False,0.7,0,,False,[],,False,217.0,217.0,True
bc1pdw0acs8gdvz6sezxywmkfzgslnlqlk8fzjxrzzew3yatm534l97qdcjyx4,bitcoin,BTC,2.30645394,0.0,BTC,149919.5061,217,0,0,1,1,1.0,0.0,0.0,True,0.291,0.27375111536354285,False,False,,0.7,,0,[],[],0,False,False,,,85.0,False,,,0.0,,False,0.7,0,,False,[],,False,217.0,217.0,True
bc1plrzz272upencg3gu5yk6qxzkq4mpmx2cdf4czzyr83da596lynwsw9rhtn,bitcoin,BTC,4.55081984,0.0,BTC,295803.2896,217,0,0,1,1,1.0,0.0,0.0,True,0.291,0.27377465826182484,False,False,,0.7,,0,[],[],0,False,False,,,85.0,False,,,0.0,,False,0.7,0,,False,[],,False,217.0,217.0,True
bc1pcvn3hfdgrknk2kau2clqs6g6t6fvsurs8a3wkhux9ftxas7ce5dqt80m7h,bitcoin,BTC,2.30645394,0.0,BTC,149919.5061,217,0,0,1,1,1.0,0.0,0.0,True,0.291,0.27375111536354285,False,False,,0.7,,0,[],[],0,False,False,,,85.0,False,,,0.0,,False,0.7,0,,False,[],,False,217.0,217.0,True
bc1pqut43lna8v4m50kyj6fj7kn5yxv3z23q6s28xv86zl6vwjts483qjkn5cp,bitcoin,BTC,2.30645394,0.0,BTC,149919.5061,217,0,0,1,1,1.0,0.0,0.0,True,0.291,0.27375111536354285,False,False,,0.7,,0,[],[],0,False,False,,,85.0,False,,,0.0,,False,0.7,0,,False,[],,False,217.0,217.0,True
bc1pnnmnay2ehf9hym8plh2ezuvkthv62taxm4esx27s6qh2g2vm8zqqk0v48h,bitcoin,BTC,2.30645394,0.0,BTC,149919.5061,217,0,0,1,1,1.0,0.0,0.0,True,0.291,0.27375111536354285,False,False,,0.7,,0,[],[],0,False,False,,,85.0,False,,,0.0,,False,0.7,0,,False,[],,False,217.0,217.0,True
bc1pvx4qpkx067yzkc5wzapdm4mkx944e6ge9e8gsm8yquqqfta9qutqudyeah,bitcoin,BTC,4.5088768,0.0,BTC,293076.992,215,0,0,1,1,1.0,0.0,0.0,True,0.2763,0.27321863673034213,False,False,,0.7,,0,[],[],0,False,False,,,83.0,False,,,0.0,,False,0.7,0,,False,[],,False,215.0,215.0,True
bc1pcnqc8ydwln4lxtm2fsqky9zy2lv77v66n9dtu5y9mq0wcmw5c68s8pcm74,bitcoin,BTC,4.5088768,0.0,BTC,293076.992,215,0,0,1,1,1.0,0.0,0.0,True,0.2763,0.27321863673034213,False,False,,0.7,,0,[],[],0,False,False,,,83.0,False,,,0.0,,False,0.7,0,,False,[],,False,215.0,215.0,True
bc1pra0q3kd76g8437ndj436htln794wvr3r8zxjudrt47suu8escpjqd8nakj,bitcoin,BTC,4.5088768,0.0,BTC,293076.992,215,0,0,1,1,1.0,0.0,0.0,True,0.2763,0.27321863673034213,False,False,,0.7,,0,[],[],0,False,False,,,83.0,False,,,0.0,,False,0.7,0,,False,[],,False,215.0,215.0,True
bc1p396g3s5mt3ys4llfkv9mnuwf9trn0vvgjv7rew25utrqwajlksus3kfnl9,bitcoin,BTC,4.5088768,0.0,BTC,293076.992,215,0,0,1,1,1.0,0.0,0.0,True,0.2763,0.27321863673034213,False,False,,0.7,,0,[],[],0,False,False,,,83.0,False,,,0.0,,False,0.7,0,,False,[],,False,215.0,215.0,True
bc1pex7w0dz79qeg6aatvmvpzjlk4lvu05gzy025ws3s5ywaxf5ytdeqxac00l,bitcoin,BTC,2.2320522,0.0,BTC,145083.393,210,0,0,1,1,1.0,0.0,0.0,True,0.27097499999999997,0.2733058462843823,False,False,,0.7,,0,[],[],0,False,False,,,82.3,False,,,0.0,,False,0.7,0,,False,[],,False,210.0,210.0,True
bc1pp8kvra2s4zzg7ez2577zd6e5k04wyeyae0vhlsrkvd8nd660w8csxa09cf,bitcoin,BTC,2.1789081,0.0,BTC,141629.0265,205,0,0,1,1,1.0,0.0,0.0,True,0.253875,0.27351588931289605,False,False,,0.7,,0,[],[],0,False,False,,,79.9,False,,,0.0,,False,0.7,0,,False,[],,False,205.0,205.0,True
bc1p9jf0hna2kppk0cx5uc4k5jwnzewupyrtw2j5q8z3eeeel8wtrhhq2eh6eq,bitcoin,BTC,2.1789081,0.0,BTC,141629.0265,205,0,0,1,1,1.0,0.0,0.0,True,0.253875,0.27351588931289605,False,False,,0.7,,0,[],[],0,False,False,,,79.9,False,,,0.0,,False,0.7,0,,False,[],,False,205.0,205.0,True
bc1qk8ee5veht5j27kef2fup53aj8p26w22778ja99,bitcoin,BTC,3.25241892,0.0,BTC,211407.2298,204,0,0,1,1,1.0,0.0,0.0,True,0.25117500000000004,0.27333987146126226,False,False,,0.7,,0,[],[],0,False,False,,,79.6,False,,,0.0,,False,0.7,0,,False,[],,False,204.0,204.0,True
bc1pk359cpl234adqe5h02q5e5ftpz7km652c95azx2vtsdavj8alftsvlnvyn,bitcoin,BTC,2.16827928,0.0,BTC,140938.1532,204,0,0,1,1,1.0,0.0,0.0,True,0.25117500000000004,0.27329296133051756,False,False,,0.7,,0,[],[],0,False,False,,,79.6,False,,,0.0,,False,0.7,0,,False,[],,False,204.0,204.0,True
bc1ppmka5726dz4yrwxrktsxlwrymxef58607vfyp4paa6qeqcpy9pcqrr7hvy,bitcoin,BTC,2.16827928,0.0,BTC,140938.1532,204,0,0,1,1,1.0,0.0,0.0,True,0.25117500000000004,0.27329296133051756,False,False,,0.7,,0,[],[],0,False,False,,,79.6,False,,,0.0,,False,0.7,0,,False,[],,False,204.0,204.0,True
bc1qqpe95lk28peth6ppcw9r3hj290pkjq7nmrs6sq,bitcoin,BTC,3.25241892,0.0,BTC,211407.2298,204,0,0,1,1,1.0,0.0,0.0,True,0.25117500000000004,0.27333987146126226,False,False,,0.7,,0,[],[],0,False,False,,,79.6,False,,,0.0,,False,0.7,0,,False,[],,False,204.0,204.0,True
bc1pgqhqfgadrk366a9l3pzumsd032fauvflrrz59w7dl0k92xdken0sm8uage,bitcoin,BTC,6.377292,0.0,BTC,414523.98,200,0,0,1,1,1.0,0.0,0.0,True,0.247875,0.27359017721417955,False,False,,0.7,,0,[],[],0,False,False,,,79.1,False,,,0.0,,False,0.7,0,,False,[],,False,200.0,200.0,True
bc1p8wqk2pr6me9zdejwuauf3aqtyxc7u2209nqql029g6sdnwlafmnqnun03h,bitcoin,BTC,6.377292,0.0,BTC,414523.98,200,0,0,1,1,1.0,0.0,0.0,True,0.247875,0.27359017721417955,False,False,,0.7,,0,[],[],0,False,False,,,79.1,False,,,0.0,,False,0.7,0,,False,[],,False,200.0,200.0,True
bc1pwral5tase8nqjcnhennfm0m89hqlvsrt0k4kylg2a2vf7nlaxv3qx6cjk5,bitcoin,BTC,9.65,0.0,BTC,627250.0,193,0,0,1,1,1.0,0.0,0.0,True,0.224175,0.27317921362916503,False,False,,0.7,,0,[],[],0,False,False,,,75.9,False,,,0.0,,False,0.7,0,,False,[],,False,193.0,193.0,True
bc1pv769rd805p7fmgv8x4v5974lrmhd37t5xt7r0vcphs8w7hce9qpsm7cjf0,bitcoin,BTC,9.65,0.0,BTC,627250.0,193,0,0,1,1,1.0,0.0,0.0,True,0.224175,0.27317921362916503,False,False,,0.7,,0,[],[],0,False,False,,,75.9,False,,,0.0,,False,0.7,0,,False,[],,False,193.0,193.0,True
bc1p9d2y4pmfk9z87lpnxltahnzg2ldsg3ly0hvpkrl4jr93h2sz5k4qmelf73,bitcoin,BTC,9.65,0.0,BTC,627250.0,193,0,0,1,1,1.0,0.0,0.0,True,0.224175,0.27317921362916503,False,False,,0.7,,0,[],[],0,False,False,,,75.9,False,,,0.0,,False,0.7,0,,False,[],,False,193.0,193.0,True
bc1pewamf4y0w0wted8nuywtw8ujpz4xlt4v5eaqcl4wzpfaz3lxws7qd2xp2w,bitcoin,BTC,9.65,0.0,BTC,627250.0,193,0,0,1,1,1.0,0.0,0.0,True,0.224175,0.27317921362916503,False,False,,0.7,,0,[],[],0,False,False,,,75.9,False,,,0.0,,False,0.7,0,,False,[],,False,193.0,193.0,True
bc1prjs6nfkjf535l256mfk6z3ynnfykqgx6tvsjljysa8pdnj4he8hsc9ej5z,bitcoin,BTC,9.65,0.0,BTC,627250.0,193,0,0,1,1,1.0,0.0,0.0,True,0.224175,0.27317921362916503,False,False,,0.7,,0,[],[],0,False,False,,,75.9,False,,,0.0,,False,0.7,0,,False,[],,False,193.0,193.0,True
bc1pvtww4mwr6c4fmx9p4d82jfjxmxlcytz4r79g5eec7l0usngkg2gqcd6x7r,bitcoin,BTC,9.65,0.0,BTC,627250.0,193,0,0,1,1,1.0,0.0,0.0,True,0.224175,0.27317921362916503,False,False,,0.7,,0,[],[],0,False,False,,,75.9,False,,,0.0,,False,0.7,0,,False,[],,False,193.0,193.0,True
bc1p934nluvws2xd27uzvktx6apkzemc8sdxhmln06s5jyqxaslpt3yq73vdqf,bitcoin,BTC,4.55081984,0.0,BTC,295803.2896,216,0,0,1,1,1.0,0.0,0.0,True,0.282675,0.2743770772950977,False,False,,0.6,,0,[],[],0,False,False,,,83.9,False,,,0.0,,False,0.6,0,,False,[],,False,216.0,216.0,True
bc1pf8ggx6atxwpttl4w0956xj5ju43pev3qw9euhfcu3aqgmkwqukusag65ym,bitcoin,BTC,4.55081984,0.0,BTC,295803.2896,216,0,0,1,1,1.0,0.0,0.0,True,0.282675,0.2743770772950977,False,False,,0.6,,0,[],[],0,False,False,,,83.9,False,,,0.0,,False,0.6,0,,False,[],,False,216.0,216.0,True
bc1p8gl25u75yk2025shux3tkdmd6thxwu7ww4l3kftzhlffzjagsgssm5ma2n,bitcoin,BTC,3.45968091,0.0,BTC,224879.25915,216,0,0,1,1,1.0,0.0,0.0,True,0.282675,0.27386591624754963,False,False,,0.6,,0,[],[],0,False,False,,,83.9,False,,,0.0,,False,0.6,0,,False,[],,False,216.0,216.0,True
bc1p5alduw9vp9lpptqt8fm3vt3cwxadj3acmjqn0uncqeujsa20dg3q8nghze,bitcoin,BTC,4.55081984,0.0,BTC,295803.2896,216,0,0,1,1,1.0,0.0,0.0,True,0.282675,0.2743770772950977,False,False,,0.6,,0,[],[],0,False,False,,,83.9,False,,,0.0,,False,0.6,0,,False,[],,False,216.0,216.0,True
bc1pw0emf7pse2ake5whxk2hh5vtze8a0rz4txmumlgsnp2jpym5smusj85z3j,bitcoin,BTC,4.55081984,0.0,BTC,295803.2896,216,0,0,1,1,1.0,0.0,0.0,True,0.282675,0.2743770772950977,False,False,,0.6,,0,[],[],0,False,False,,,83.9,False,,,0.0,,False,0.6,0,,False,[],,False,216.0,216.0,True
bc1qx6f8rrp5g87ejatt0sfspr2wcfsrl9t4cst752,bitcoin,BTC,4.55081984,0.0,BTC,295803.2896,216,0,0,1,1,1.0,0.0,0.0,True,0.282675,0.2743770772950977,False,False,,0.6,,0,[],[],0,False,False,,,83.9,False,,,0.0,,False,0.6,0,,False,[],,False,216.0,216.0,True
bc1p7ykh5rhhstf9q0pk5yld5p4ky7y9e6d6n88f8lkq37dm69pfr4qsh385a4,bitcoin,BTC,4.55081984,0.0,BTC,295803.2896,216,0,0,1,1,1.0,0.0,0.0,True,0.282675,0.2743770772950977,False,False,,0.6,,0,[],[],0,False,False,,,83.9,False,,,0.0,,False,0.6,0,,False,[],,False,216.0,216.0,True
bc1pglhka5ny5u0kwcesfqmagjw3j7w903txpqnccavgrqfk4gjjtaqszkv0ag,bitcoin,BTC,4.55081984,0.0,BTC,295803.2896,216,0,0,1,1,1.0,0.0,0.0,True,0.282675,0.2743770772950977,False,False,,0.6,,0,[],[],0,False,False,,,83.9,False,,,0.0,,False,0.6,0,,False,[],,False,216.0,216.0,True
bc1p2azuldlxcftyk6khmr6kmmyjsemjk7j9jmwpjwts0psss7r6a5qsr7hhh7,bitcoin,BTC,3.45968091,0.0,BTC,224879.25915,216,0,0,1,1,1.0,0.0,0.0,True,0.282675,0.27386591624754963,False,False,,0.6,,0,[],[],0,False,False,,,83.9,False,,,0.0,,False,0.6,0,,False,[],,False,216.0,216.0,True
bc1pqfe359wznjpegnxd744qg22z8qu4trn5n3ahem4tv8f4k3m02s9s8vm2nm,bitcoin,BTC,2.2851963,0.0,BTC,148537.7595,215,0,0,1,1,1.0,0.0,0.0,True,0.2763,0.27416851786874613,False,False,,0.6,,0,[],[],0,False,False,,,83.0,False,,,0.0,,False,0.6,0,,False,[],,False,215.0,215.0,True
bc1pvnlhfkm4gttpsrf8k3rh5ew422upncl5tpppek566cxreerzux8sfawxfm,bitcoin,BTC,2.2851963,0.0,BTC,148537.7595,215,0,0,1,1,1.0,0.0,0.0,True,0.2763,0.27416851786874613,False,False,,0.6,,0,[],[],0,False,False,,,83.0,False,,,0.0,,False,0.6,0,,False,[],,False,215.0,215.0,True
bc1pj6pmzx2y3hqwttvrvq2ha9c94yvycg8y390x0htueg67dz4ns5eqn5pk49,bitcoin,BTC,2.2851963,0.0,BTC,148537.7595,215,0,0,1,1,1.0,0.0,0.0,True,0.2763,0.27416851786874613,False,False,,0.6,,0,[],[],0,False,False,,,83.0,False,,,0.0,,False,0.6,0,,False,[],,False,215.0,215.0,True
bc1pxgn5zs32f4n7g72lvp3zq2fv6xdd9a3dlh6s823z4djc6edp6njszvckfh,bitcoin,BTC,2.2851963,0.0,BTC,148537.7595,215,0,0,1,1,1.0,0.0,0.0,True,0.2763,0.27416851786874613,False,False,,0.6,,0,[],[],0,False,False,,,83.0,False,,,0.0,,False,0.6,0,,False,[],,False,215.0,215.0,True
bc1p48rewg687fduqmuxw6hw56nk4e5xg2utg35sykrhykukqaug94ns92xw77,bitcoin,BTC,6.60049722,0.0,BTC,429032.31930000003,207,0,0,1,1,1.0,0.0,0.0,True,0.26625,0.27424235034262545,False,False,,0.6,,0,[],[],0,False,False,,,81.6,False,,,0.0,,False,0.6,0,,False,[],,False,207.0,207.0,True
bc1phr4qmf7ng92k7mv4ln8ccfajv34fvxlm254wwmvytffxywe4wepqfkkjpj,bitcoin,BTC,6.56861076,0.0,BTC,426959.69940000004,206,0,0,1,1,1.0,0.0,0.0,True,0.25987499999999997,0.27378653590503094,False,False,,0.6,,0,[],[],0,False,False,,,80.8,False,,,0.0,,False,0.6,0,,False,[],,False,206.0,206.0,True
bc1pag2dh0dqct8xq7lym4ttjn4089ejcrkptkaqv466ud6q3q686pesn7jpvu,bitcoin,BTC,6.56861076,0.0,BTC,426959.69940000004,206,0,0,1,1,1.0,0.0,0.0,True,0.25987499999999997,0.27378653590503094,False,False,,0.6,,0,[],[],0,False,False,,,80.8,False,,,0.0,,False,0.6,0,,False,[],,False,206.0,206.0,True
bc1pqs6vgj6x0ntvujecyu78fafhw7jp8phr5js3206y7h0qwh06slqq48sa4k,bitcoin,BTC,6.56861076,0.0,BTC,426959.69940000004,206,0,0,1,1,1.0,0.0,0.0,True,0.25987499999999997,0.27378653590503094,False,False,,0.6,,0,[],[],0,False,False,,,80.8,False,,,0.0,,False,0.6,0,,False,[],,False,206.0,206.0,True
bc1pc08mm4eyk80mdd6e6ejprac4qn9s72vuqjudn329xzyn379zvcvqmm9ezk,bitcoin,BTC,6.56861076,0.0,BTC,426959.69940000004,206,0,0,1,1,1.0,0.0,0.0,True,0.25987499999999997,0.27378653590503094,False,False,,0.6,,0,[],[],0,False,False,,,80.8,False,,,0.0,,False,0.6,0,,False,[],,False,206.0,206.0,True
bc1qtcc5ff5rgtj4tv9frf7js6dxe7lveeqf9z2cwy,bitcoin,BTC,6.56861076,0.0,BTC,426959.69940000004,206,0,0,1,1,1.0,0.0,0.0,True,0.25987499999999997,0.27378653590503094,False,False,,0.6,,0,[],[],0,False,False,,,80.8,False,,,0.0,,False,0.6,0,,False,[],,False,206.0,206.0,True
bc1pzcrsnney5k9puejmwlf3yg5n9cq2fuxeadza6gwpvvqjgmn4tm3q75k2h9,bitcoin,BTC,6.56861076,0.0,BTC,426959.69940000004,206,0,0,1,1,1.0,0.0,0.0,True,0.25987499999999997,0.27378653590503094,False,False,,0.6,,0,[],[],0,False,False,,,80.8,False,,,0.0,,False,0.6,0,,False,[],,False,206.0,206.0,True
bc1pdladr26902lklc0rv7m97rd9czwpsnlvsh3jamgafwz9d3a76sgsqh7ezj,bitcoin,BTC,2.125764,0.0,BTC,138174.66,200,0,0,1,1,1.0,0.0,0.0,True,0.247875,0.27431505102312415,False,False,,0.6,,0,[],[],0,False,False,,,79.1,False,,,0.0,,False,0.6,0,,False,[],,False,200.0,200.0,True
bc1ptygtezp9q4pqm0wm8jst40v4aml277zpkehwzzqdvpkgux8u4z5q3w8r5g,bitcoin,BTC,2.125764,0.0,BTC,138174.66,200,0,0,1,1,1.0,0.0,0.0,True,0.247875,0.27431505102312415,False,False,,0.6,,0,[],[],0,False,False,,,79.1,False,,,0.0,,False,0.6,0,,False,[],,False,200.0,200.0,True
bc1p2668ggjfqy47khwj26x8yygmmnl5t7pk3ms8wgnljy890qw4yhfsufjch2,bitcoin,BTC,4.06847488,0.0,BTC,264450.86720000004,194,0,0,1,1,1.0,0.0,0.0,True,0.2301,0.27440788510516567,False,False,,0.6,,0,[],[],0,False,False,,,76.7,False,,,0.0,,False,0.6,0,,False,[],,False,194.0,194.0,True
bc1p9fg0wrwe9084f3tx84hedyt8fjn4zpq7xjzh4j5c225mqgm5scqqpx553z,bitcoin,BTC,4.00556032,0.0,BTC,260361.4208,191,0,0,1,1,1.0,0.0,0.0,True,0.21,0.27395760012945924,False,False,,0.6,,0,[],[],0,False,False,,,73.9,False,,,0.0,,False,0.6,0,,False,[],,False,191.0,191.0,True
bc1p5rp8wj886mzc9t7h3q06ctxyga35schkqnmfz5nt2ylal5tjhchsgtyvlp,bitcoin,BTC,2.30645394,0.0,BTC,149919.5061,216,0,0,1,1,1.0,0.0,0.0,True,0.282675,0.27518762608841024,False,False,,0.5,,0,[],[],0,False,False,,,83.9,False,,,0.0,,False,0.5,0,,False,[],,False,216.0,216.0,True
bc1pxzez9qdd4d236a67005k7wsvze02fjga4lu3zmlujpa6je4q59vs86h9wq,bitcoin,BTC,2.30645394,0.0,BTC,149919.5061,216,0,0,1,1,1.0,0.0,0.0,True,0.282675,0.27518762608841024,False,False,,0.5,,0,[],[],0,False,False,,,83.9,False,,,0.0,,False,0.5,0,,False,[],,False,216.0,216.0,True
bc1pw0cg05zekt3fcr9dgyrnvxqpnu4j0ey44uuclq9jctfemruykdlsdu8u50,bitcoin,BTC,2.30645394,0.0,BTC,149919.5061,216,0,0,1,1,1.0,0.0,0.0,True,0.282675,0.27518762608841024,False,False,,0.5,,0,[],[],0,False,False,,,83.9,False,,,0.0,,False,0.5,0,,False,[],,False,216.0,216.0,True
bc1pj7nw7xvfgs6mhj9mrcn4wty3xf4t7sgtq354n4snd5sgsgtzngrqfwzr46,bitcoin,BTC,2.30645394,0.0,BTC,149919.5061,216,0,0,1,1,1.0,0.0,0.0,True,0.282675,0.27518762608841024,False,False,,0.5,,0,[],[],0,False,False,,,83.9,False,,,0.0,,False,0.5,0,,False,[],,False,216.0,216.0,True
bc1q4qp76t0h9ufc2r0fsj9rsau32nfc3qqwffs0lv,bitcoin,BTC,3.30024861,0.0,BTC,214516.15965000002,207,0,0,1,1,1.0,0.0,0.0,True,0.26625,0.274622139274529,False,False,,0.5,,0,[],[],0,False,False,,,81.6,False,,,0.0,,False,0.5,0,,False,[],,False,207.0,207.0,True
bc1qhkznet6t6jlmap836fdhw3s8rkj57x2rfrksza,bitcoin,BTC,3.30024861,0.0,BTC,214516.15965000002,207,0,0,1,1,1.0,0.0,0.0,True,0.26625,0.274622139274529,False,False,,0.5,,0,[],[],0,False,False,,,81.6,False,,,0.0,,False,0.5,0,,False,[],,False,207.0,207.0,True
bc1pljaznusnz4yx0ce4wnjzu0j9d8lnmfhce8c3tj2fq84dl539n40qx4233d,bitcoin,BTC,3.30024861,0.0,BTC,214516.15965000002,207,0,0,1,1,1.0,0.0,0.0,True,0.26625,0.274622139274529,False,False,,0.5,,0,[],[],0,False,False,,,81.6,False,,,0.0,,False,0.5,0,,False,[],,False,207.0,207.0,True
bc1q9255mgqkphgalgnr6y7f7hplxykvhe0jqag5mx,bitcoin,BTC,3.30024861,0.0,BTC,214516.15965000002,207,0,0,1,1,1.0,0.0,0.0,True,0.26625,0.274622139274529,False,False,,0.5,,0,[],[],0,False,False,,,81.6,False,,,0.0,,False,0.5,0,,False,[],,False,207.0,207.0,True
bc1qvcshfvthdsdxhmy8nkxap0tm06djer26gp5fc2,bitcoin,BTC,3.30024861,0.0,BTC,214516.15965000002,207,0,0,1,1,1.0,0.0,0.0,True,0.26625,0.274622139274529,False,False,,0.5,,0,[],[],0,False,False,,,81.6,False,,,0.0,,False,0.5,0,,False,[],,False,207.0,207.0,True
bc1pjyvvhf32g4nl0q59p6h650jtqp9lgz2sgqzuv02s3xed0kfe0x0syuuehd,bitcoin,BTC,3.28430538,0.0,BTC,213479.84970000002,206,0,0,1,1,1.0,0.0,0.0,True,0.25987499999999997,0.2748667189194266,False,False,,0.5,,0,[],[],0,False,False,,,80.8,False,,,0.0,,False,0.5,0,,False,[],,False,206.0,206.0,True
bc1qen3yghnn0vlxrqqgtjjv6amsn0frjx80snq4xg,bitcoin,BTC,3.28430538,0.0,BTC,213479.84970000002,206,0,0,1,1,1.0,0.0,0.0,True,0.25987499999999997,0.2748667189194266,False,False,,0.5,,0,[],[],0,False,False,,,80.8,False,,,0.0,,False,0.5,0,,False,[],,False,206.0,206.0,True
bc1pe9rcwevw0jdg5mn2ntr9lyjj00c0782n86p9fdk8ycu5zsdyc5mqcrras3,bitcoin,BTC,3.28430538,0.0,BTC,213479.84970000002,206,0,0,1,1,1.0,0.0,0.0,True,0.25987499999999997,0.2748667189194266,False,False,,0.5,,0,[],[],0,False,False,,,80.8,False,,,0.0,,False,0.5,0,,False,[],,False,206.0,206.0,True
bc1pmmddefa7pv6n5nhw75avuw0nd2exrqmhan5mcmhzcppegwzh7sfqa35rx5,bitcoin,BTC,3.28430538,0.0,BTC,213479.84970000002,206,0,0,1,1,1.0,0.0,0.0,True,0.25987499999999997,0.2748667189194266,False,False,,0.5,,0,[],[],0,False,False,,,80.8,False,,,0.0,,False,0.5,0,,False,[],,False,206.0,206.0,True
bc1plsgsmxj83ufjxuag4p7k27z5jw2me832fj077smp9hpq3tv2c2us5g6794,bitcoin,BTC,3.28430538,0.0,BTC,213479.84970000002,206,0,0,1,1,1.0,0.0,0.0,True,0.25987499999999997,0.2748667189194266,False,False,,0.5,,0,[],[],0,False,False,,,80.8,False,,,0.0,,False,0.5,0,,False,[],,False,206.0,206.0,True
bc1pdh0h52gphcs3wtpthnjdz4ef534utqkfamtt6g6raduz4f3849as9mqg59,bitcoin,BTC,3.28430538,0.0,BTC,213479.84970000002,206,0,0,1,1,1.0,0.0,0.0,True,0.25987499999999997,0.2748667189194266,False,False,,0.5,,0,[],[],0,False,False,,,80.8,False,,,0.0,,False,0.5,0,,False,[],,False,206.0,206.0,True
bc1pe6hn4znvklqyhh270zhd7s9076fslkxmee46afrap0dhh202nq8q9r8gs5,bitcoin,BTC,3.28430538,0.0,BTC,213479.84970000002,206,0,0,1,1,1.0,0.0,0.0,True,0.25987499999999997,0.2748667189194266,False,False,,0.5,,0,[],[],0,False,False,,,80.8,False,,,0.0,,False,0.5,0,,False,[],,False,206.0,206.0,True
bc1pxlleavcvffl4vnp5uh9ngpkekpqm9xp4nmknaqc3jpad7yjn6acq6zefdl,bitcoin,BTC,4.2991616,0.0,BTC,279445.50399999996,205,0,0,1,1,1.0,0.0,0.0,True,0.253875,0.27503575924267165,False,False,,0.5,,0,[],[],0,False,False,,,79.9,False,,,0.0,,False,0.5,0,,False,[],,False,205.0,205.0,True
bc1pvr4gdscahrf6zgtnvryxvlpf8gs6y8rcz9x2dwuuetnz9hcqplfqzmsj03,bitcoin,BTC,4.2991616,0.0,BTC,279445.50399999996,205,0,0,1,1,1.0,0.0,0.0,True,0.253875,0.27503575924267165,False,False,,0.5,,0,[],[],0,False,False,,,79.9,False,,,0.0,,False,0.5,0,,False,[],,False,205.0,205.0,True
bc1pjmrkxc6642895ry27mf3gtz6g4dussf55vurlzq3pxv03utw9laq0tw07d,bitcoin,BTC,4.27819008,0.0,BTC,278082.3552,204,0,0,1,1,1.0,0.0,0.0,True,0.25117500000000004,0.27459948281829194,False,False,,0.5,,0,[],[],0,False,False,,,79.6,False,,,0.0,,False,0.5,0,,False,[],,False,204.0,204.0,True
bc1plrsa5ff5u8jss4clndpc7ylczvpjcqmln8mfjdhk4ep8hh7ukzeqfkupds,bitcoin,BTC,4.27819008,0.0,BTC,278082.3552,204,0,0,1,1,1.0,0.0,0.0,True,0.25117500000000004,0.27459948281829194,False,False,,0.5,,0,[],[],0,False,False,,,79.6,False,,,0.0,,False,0.5,0,,False,[],,False,204.0,204.0,True
bc1p8uqrdhj2ddju6ku9akxmp0e9gz8hl82euexwgjh7nlwd9420etyqd8kecu,bitcoin,BTC,4.194304,0.0,BTC,272629.76,200,0,0,1,1,1.0,0.0,0.0,True,0.247875,0.27471471824942717,False,False,,0.5,,0,[],[],0,False,False,,,79.1,False,,,0.0,,False,0.5,0,,False,[],,False,200.0,200.0,True
bc1p04ulgqun4nfapyacycnd4k3g68lw6da45uymjnn4g8ep27s2jhzs93ra8t,bitcoin,BTC,4.194304,0.0,BTC,272629.76,200,0,0,1,1,1.0,0.0,0.0,True,0.247875,0.27471471824942717,False,False,,0.5,,0,[],[],0,False,False,,,79.1,False,,,0.0,,False,0.5,0,,False,[],,False,200.0,200.0,True
bc1pw527te8g3ytv7px2n4n2qlumff8hsst9z3pw4ehqp6pmhhfuz0ks70qg3w,bitcoin,BTC,2.06199108,0.0,BTC,134029.4202,194,0,0,1,1,1.0,0.0,0.0,True,0.2301,0.2750531383630705,False,False,,0.5,,0,[],[],0,False,False,,,76.7,False,,,0.0,,False,0.5,0,,False,[],,False,194.0,194.0,True
bc1q2r0km7ytt9cqj9r9fgtrt568l80l46255wvpys,bitcoin,BTC,3.09298662,0.0,BTC,201044.1303,194,0,0,1,1,1.0,0.0,0.0,True,0.2301,0.27462229296340845,False,False,,0.5,,0,[],[],0,False,False,,,76.7,False,,,0.0,,False,0.5,0,,False,[],,False,194.0,194.0,True
bc1per0xxxp5swc24y77l9lx05xt2yyqppcv30rtue3ysxg7eg50g6asvnusa4,bitcoin,BTC,2.05136226,0.0,BTC,133338.5469,193,0,0,1,1,1.0,0.0,0.0,True,0.224175,0.2748208586026423,False,False,,0.5,,0,[],[],0,False,False,,,75.9,False,,,0.0,,False,0.5,0,,False,[],,False,193.0,193.0,True
bc1plasuw0d53m8qgk9lpzutnqvf4ls7rnqe4l2x00yhfm4e6fs37xhqk62ell,bitcoin,BTC,2.05136226,0.0,BTC,133338.5469,193,0,0,1,1,1.0,0.0,0.0,True,0.224175,0.2748208586026423,False,False,,0.5,,0,[],[],0,False,False,,,75.9,False,,,0.0,,False,0.5,0,,False,[],,False,193.0,193.0,True
bc1pnzu40a29e9kw67j6apz7aj88ca6hqezg0w8d7zjj04kffdmvyxfsp4925e,bitcoin,BTC,2.05136226,0.0,BTC,133338.5469,193,0,0,1,1,1.0,0.0,0.0,True,0.224175,0.2748208586026423,False,False,,0.5,,0,[],[],0,False,False,,,75.9,False,,,0.0,,False,0.5,0,,False,[],,False,193.0,193.0,True
bc1pw509wle29tz73elskvy5tp8k69qwnw4rek3z5723hcff9nz5tkaqw24dps,bitcoin,BTC,2.05136226,0.0,BTC,133338.5469,193,0,0,1,1,1.0,0.0,0.0,True,0.224175,0.2748208586026423,False,False,,0.5,,0,[],[],0,False,False,,,75.9,False,,,0.0,,False,0.5,0,,False,[],,False,193.0,193.0,True
bc1p8kffv4pwclh26ddj02fng0fkydjhgsl2vukfdxf8s2sv4kpwszwsuas33l,bitcoin,BTC,4.02653184,0.0,BTC,261724.5696,192,0,0,1,1,1.0,0.0,0.0,True,0.21697499999999997,0.27511311862369575,False,False,,0.5,,0,[],[],0,False,False,,,74.9,False,,,0.0,,False,0.5,0,,False,[],,False,192.0,192.0,True
bc1pn6d4g7cf2gsrx2swfhec8gxcmvesyzq6tv9s0enxkpkeeyw0xt5spl58nz,bitcoin,BTC,4.02653184,0.0,BTC,261724.5696,192,0,0,1,1,1.0,0.0,0.0,True,0.21697499999999997,0.27511311862369575,False,False,,0.5,,0,[],[],0,False,False,,,74.9,False,,,0.0,,False,0.5,0,,False,[],,False,192.0,192.0,True
bc1p5vpzk943luwef4uq5wchfw9gjkyt5jprk6czu05c9vsqfrgx8lcsjk3hww,bitcoin,BTC,4.02653184,0.0,BTC,261724.5696,192,0,0,1,1,1.0,0.0,0.0,True,0.21697499999999997,0.27511311862369575,False,False,,0.5,,0,[],[],0,False,False,,,74.9,False,,,0.0,,False,0.5,0,,False,[],,False,192.0,192.0,True
bc1ppc275sh0ft3gjsyqayeaau8ncxlww4j6jegzrvwqfupe5uyeznjqrgdhrt,bitcoin,BTC,6.09031386,0.0,BTC,395870.4009,191,0,0,1,1,1.0,0.0,0.0,True,0.21,0.27478936533089743,False,False,,0.5,,0,[],[],0,False,False,,,73.9,False,,,0.0,,False,0.5,0,,False,[],,False,191.0,191.0,True
bc1pgk2350kuvf5uzm964utxplcwysnpna0qvxgkz0gm6at672ddemrqaq0d40,bitcoin,BTC,6.09031386,0.0,BTC,395870.4009,191,0,0,1,1,1.0,0.0,0.0,True,0.21,0.27478936533089743,False,False,,0.5,,0,[],[],0,False,False,,,73.9,False,,,0.0,,False,0.5,0,,False,[],,False,191.0,191.0,True
bc1p3m8d8vkam6t0gpzfs2vdch8aaza8gtyzszjcgfnxlr7uz4acguyqf0mvkm,bitcoin,BTC,2.03010462,0.0,BTC,131956.8003,191,0,0,1,1,1.0,0.0,0.0,True,0.21,0.2745313319339417,False,False,,0.5,,0,[],[],0,False,False,,,73.9,False,,,0.0,,False,0.5,0,,False,[],,False,191.0,191.0,True
bc1psjpaykw35wg53lmtppkhlapphvy42hx897w8h687rt8lxlyp00ks8c7kfq,bitcoin,BTC,6.09031386,0.0,BTC,395870.4009,191,0,0,1,1,1.0,0.0,0.0,True,0.21,0.27478936533089743,False,False,,0.5,,0,[],[],0,False,False,,,73.9,False,,,0.0,,False,0.5,0,,False,[],,False,191.0,191.0,True
bc1pd0wq82785tkzfct49wpnpxqd2v00q6zegp9x3syl9wcy0papkqxqjhhq43,bitcoin,BTC,6.09031386,0.0,BTC,395870.4009,191,0,0,1,1,1.0,0.0,0.0,True,0.21,0.27478936533089743,False,False,,0.5,,0,[],[],0,False,False,,,73.9,False,,,0.0,,False,0.5,0,,False,[],,False,191.0,191.0,True
bc1pkcenjfnk4lnk4wwdccscxxhu9yvlm8d8pqrlcdnwdfu4xsm2clhscnykyv,bitcoin,BTC,6.09031386,0.0,BTC,395870.4009,191,0,0,1,1,1.0,0.0,0.0,True,0.21,0.27478936533089743,False,False,,0.5,,0,[],[],0,False,False,,,73.9,False,,,0.0,,False,0.5,0,,False,[],,False,191.0,191.0,True
bc1palr6g8e6wws658jqknky3wmtlagw57tjpj9u0m3w9un40lggu6hscnrtyu,bitcoin,BTC,6.09031386,0.0,BTC,395870.4009,191,0,0,1,1,1.0,0.0,0.0,True,0.21,0.27478936533089743,False,False,,0.5,,0,[],[],0,False,False,,,73.9,False,,,0.0,,False,0.5,0,,False,[],,False,191.0,191.0,True
bc1pztsrjlh4g7gffz3vl45zawkmmypng60n5svh6anwc5hcvzcgwals0u0z7w,bitcoin,BTC,6.09031386,0.0,BTC,395870.4009,191,0,0,1,1,1.0,0.0,0.0,True,0.21,0.27478936533089743,False,False,,0.5,,0,[],[],0,False,False,,,73.9,False,,,0.0,,False,0.5,0,,False,[],,False,191.0,191.0,True
bc1puq0gflvnnz0h8c9mr36ayxgkx3x7lrm722ljw0arjzvjn8y463csz5dcks,bitcoin,BTC,2.18953692,0.0,BTC,142319.8998,206,0,0,1,1,1.0,0.0,0.0,True,0.25987499999999997,0.2753529688062944,False,False,,0.4,,0,[],[],0,False,False,,,80.8,False,,,0.0,,False,0.4,0,,False,[],,False,206.0,206.0,True
bc1pa48e4ultgzgk86umtctfrh4eymkpcphwjd8yxv82pv7ssqehwczsy89zsx,bitcoin,BTC,2.18953692,0.0,BTC,142319.8998,206,0,0,1,1,1.0,0.0,0.0,True,0.25987499999999997,0.2753529688062944,False,False,,0.4,,0,[],[],0,False,False,,,80.8,False,,,0.0,,False,0.4,0,,False,[],,False,206.0,206.0,True
bc1prsh8mlx3e6kux4yrc4vpr35z28gpwf7avgf8x5q9f889wjrfvk3qmhgegp,bitcoin,BTC,6.31351908,0.0,BTC,410378.7402,198,0,0,1,1,1.0,0.0,0.0,True,0.239775,0.2758876228214003,False,False,,0.4,,0,[],[],0,False,False,,,78.0,False,,,0.0,,False,0.4,0,,False,[],,False,198.0,198.0,True
bc1pp3u3k4uvp83m42x9ygxp2p5y9hxlnwhd9vtzgfrxde7d4kaz4ggq8z8wnv,bitcoin,BTC,6.31351908,0.0,BTC,410378.7402,198,0,0,1,1,1.0,0.0,0.0,True,0.239775,0.2758876228214003,False,False,,0.4,,0,[],[],0,False,False,,,78.0,False,,,0.0,,False,0.4,0,,False,[],,False,198.0,198.0,True
bc1pe7t4mnr79wwxdhavhuxlxnpc6ws4w3js36lgpxte44njlxu2ucqqwf8m8g,bitcoin,BTC,6.31351908,0.0,BTC,410378.7402,198,0,0,1,1,1.0,0.0,0.0,True,0.239775,0.2758876228214003,False,False,,0.4,,0,[],[],0,False,False,,,78.0,False,,,0.0,,False,0.4,0,,False,[],,False,198.0,198.0,True
bc1pwm27aesxpmgjkpsrghhft8frdgz3ajsrdv4xyjt7x4h8d2dwqyjs6dhr7t,bitcoin,BTC,6.31351908,0.0,BTC,410378.7402,198,0,0,1,1,1.0,0.0,0.0,True,0.239775,0.2758876228214003,False,False,,0.4,,0,[],[],0,False,False,,,78.0,False,,,0.0,,False,0.4,0,,False,[],,False,198.0,198.0,True
bc1pnejskqs6xd60kv6djeszdzt0rsqtrke5mlj6uvrh7yy70xly03nsy7k0vz,bitcoin,BTC,6.31351908,0.0,BTC,410378.7402,198,0,0,1,1,1.0,0.0,0.0,True,0.239775,0.2758876228214003,False,False,,0.4,,0,[],[],0,False,False,,,78.0,False,,,0.0,,False,0.4,0,,False,[],,False,198.0,198.0,True
bc1pxhxwnx9sxy7uj6kc6c34gdgfnfx9v8n04h4pn02pujqg5zgme3nq2cd9eu,bitcoin,BTC,6.31351908,0.0,BTC,410378.7402,198,0,0,1,1,1.0,0.0,0.0,True,0.239775,0.2758876228214003,False,False,,0.4,,0,[],[],0,False,False,,,78.0,False,,,0.0,,False,0.4,0,,False,[],,False,198.0,198.0,True
bc1pje7qy6ae8t0mcsugrfgkxvywl7r9rykzv9up2pg6s5cz8zlkdxcq5q72sd,bitcoin,BTC,6.31351908,0.0,BTC,410378.7402,198,0,0,1,1,1.0,0.0,0.0,True,0.239775,0.2758876228214003,False,False,,0.4,,0,[],[],0,False,False,,,78.0,False,,,0.0,,False,0.4,0,,False,[],,False,198.0,198.0,True
bc1p7e2cnpx8nvdyk3la6dlq0ufpjwz0nfqth7wpegducw4n5ty03z8s2z35cc,bitcoin,BTC,2.04073344,0.0,BTC,132647.67359999998,192,0,0,1,1,1.0,0.0,0.0,True,0.21697499999999997,0.27542106137014366,False,False,,0.4,,0,[],[],0,False,False,,,74.9,False,,,0.0,,False,0.4,0,,False,[],,False,192.0,192.0,True
bc1pcxwzqvuu2nqxajth4h8ll0a3aq0aep48yy55slqkwfxzwppmfqksaktw5a,bitcoin,BTC,2.04073344,0.0,BTC,132647.67359999998,192,0,0,1,1,1.0,0.0,0.0,True,0.21697499999999997,0.27542106137014366,False,False,,0.4,,0,[],[],0,False,False,,,74.9,False,,,0.0,,False,0.4,0,,False,[],,False,192.0,192.0,True
bc1plpdk02g7dnr0md3wdnd5m0v2r0t8gpvrdmyyg4yeylrs9xak2rsq25frtq,bitcoin,BTC,2.04073344,0.0,BTC,132647.67359999998,192,0,0,1,1,1.0,0.0,0.0,True,0.21697499999999997,0.27542106137014366,False,False,,0.4,,0,[],[],0,False,False,,,74.9,False,,,0.0,,False,0.4,0,,False,[],,False,192.0,192.0,True
bc1qzw4nk7tqef69cfpatjcpgq87chl427hnktvu63,bitcoin,BTC,3.06110016,0.0,BTC,198971.5104,192,0,0,1,1,1.0,0.0,0.0,True,0.21697499999999997,0.2752866341640085,False,False,,0.4,,0,[],[],0,False,False,,,74.9,False,,,0.0,,False,0.4,0,,False,[],,False,192.0,192.0,True
bc1p3l77vfm5t85cc93ucdsfcrk5gwvdllpkjkznwjyxxd9qsaj0tq0sdg2439,bitcoin,BTC,2.04073344,0.0,BTC,132647.67359999998,192,0,0,1,1,1.0,0.0,0.0,True,0.21697499999999997,0.27542106137014366,False,False,,0.4,,0,[],[],0,False,False,,,74.9,False,,,0.0,,False,0.4,0,,False,[],,False,192.0,192.0,True
bc1pf2ju0d0k505k3f0u9jaejzj6vfv576kmpqrv7f5lf5rych5rplcq4ttdug,bitcoin,BTC,2.04073344,0.0,BTC,132647.67359999998,192,0,0,1,1,1.0,0.0,0.0,True,0.21697499999999997,0.27542106137014366,False,False,,0.4,,0,[],[],0,False,False,,,74.9,False,,,0.0,,False,0.4,0,,False,[],,False,192.0,192.0,True
bc1pe4cslyfy74mxl36n4gagh89jnf49qpgsr9x7pp8awa4wc85vc8qsy4pcxh,bitcoin,BTC,4.00556032,0.0,BTC,260361.4208,191,0,0,1,1,1.0,0.0,0.0,True,0.21,0.2758373500196741,False,False,,0.4,,0,[],[],0,False,False,,,73.9,False,,,0.0,,False,0.4,0,,False,[],,False,191.0,191.0,True
bc1pe7lzg2zlyqa57ydt9sf2kzcxcwf9mhwds4q2htaqh8mpw6tdtrns05kzjn,bitcoin,BTC,4.00556032,0.0,BTC,260361.4208,191,0,0,1,1,1.0,0.0,0.0,True,0.21,0.2758373500196741,False,False,,0.4,,0,[],[],0,False,False,,,73.9,False,,,0.0,,False,0.4,0,,False,[],,False,191.0,191.0,True
bc1p8yju7svmggkw3hd8r40v5nmlk6y8kzhhsxhnhtqtkyxs7mtsnnhsfalrft,bitcoin,BTC,4.00556032,0.0,BTC,260361.4208,191,0,0,1,1,1.0,0.0,0.0,True,0.21,0.2758373500196741,False,False,,0.4,,0,[],[],0,False,False,,,73.9,False,,,0.0,,False,0.4,0,,False,[],,False,191.0,191.0,True
bc1pv9jvf88czy9yj4l3yzq2l6urqaxn8w7cfd43g0uphgexqkwt3pjqjkpvnm,bitcoin,BTC,4.00556032,0.0,BTC,260361.4208,191,0,0,1,1,1.0,0.0,0.0,True,0.21,0.2758373500196741,False,False,,0.4,,0,[],[],0,False,False,,,73.9,False,,,0.0,,False,0.4,0,,False,[],,False,191.0,191.0,True
bc1p7rex04fk4rm4vvg05s9t2970m8qr58uz62g6y06lm2a5r3ygx3aq22yvm7,bitcoin,BTC,4.00556032,0.0,BTC,260361.4208,191,0,0,1,1,1.0,0.0,0.0,True,0.21,0.2758373500196741,False,False,,0.4,,0,[],[],0,False,False,,,73.9,False,,,0.0,,False,0.4,0,,False,[],,False,191.0,191.0,True
bc1p6hcv0e0pw9zk9380fuyf58675djneelvychfrzssj0cr96zhx8sqj823vu,bitcoin,BTC,4.00556032,0.0,BTC,260361.4208,191,0,0,1,1,1.0,0.0,0.0,True,0.21,0.2758373500196741,False,False,,0.4,,0,[],[],0,False,False,,,73.9,False,,,0.0,,False,0.4,0,,False,[],,False,191.0,191.0,True
bc1psj235gdtgytfhc9msa8yy5sn6zezxtxvkg4td88ueexax8sgy6vsywayvd,bitcoin,BTC,4.00556032,0.0,BTC,260361.4208,191,0,0,1,1,1.0,0.0,0.0,True,0.21,0.2758373500196741,False,False,,0.4,,0,[],[],0,False,False,,,73.9,False,,,0.0,,False,0.4,0,,False,[],,False,191.0,191.0,True
bc1pmscs3t0nenrm877hrkm9zuasrd3a4w5f9xm9yg8zn3gwxnw5z8hsg9kx4l,bitcoin,BTC,4.34110464,0.0,BTC,282171.8016,207,0,0,1,1,1.0,0.0,0.0,True,0.26625,0.27660009119927115,False,False,,0.3,,0,[],[],0,False,False,,,81.6,False,,,0.0,,False,0.3,0,,False,[],,False,207.0,207.0,True
bc1pge6l3snrhjdz2326vfnfk3epuhyy93z7u8q8c95e8am8lhk4x2mqaumsc6,bitcoin,BTC,4.34110464,0.0,BTC,282171.8016,207,0,0,1,1,1.0,0.0,0.0,True,0.26625,0.27660009119927115,False,False,,0.3,,0,[],[],0,False,False,,,81.6,False,,,0.0,,False,0.3,0,,False,[],,False,207.0,207.0,True
bc1px8fjn5nqw33tqrgdmzme565yctyqj4k7wzpe95urwpwdlgpdazdsqy8533,bitcoin,BTC,4.34110464,0.0,BTC,282171.8016,207,0,0,1,1,1.0,0.0,0.0,True,0.26625,0.27660009119927115,False,False,,0.3,,0,[],[],0,False,False,,,81.6,False,,,0.0,,False,0.3,0,,False,[],,False,207.0,207.0,True
bc1pxpxwz4fs0t86y5pnns53xaxxre968rvvxhvlu2sz3tjnx0ysz67q72d047,bitcoin,BTC,4.34110464,0.0,BTC,282171.8016,207,0,0,1,1,1.0,0.0,0.0,True,0.26625,0.27660009119927115,False,False,,0.3,,0,[],[],0,False,False,,,81.6,False,,,0.0,,False,0.3,0,,False,[],,False,207.0,207.0,True
bc1pcnfrke4uhd5s8nd5p2cfvnhvx2vek2kshx0j3745jujhe552ty2qmttfkk,bitcoin,BTC,4.34110464,0.0,BTC,282171.8016,207,0,0,1,1,1.0,0.0,0.0,True,0.26625,0.27660009119927115,False,False,,0.3,,0,[],[],0,False,False,,,81.6,False,,,0.0,,False,0.3,0,,False,[],,False,207.0,207.0,True
bc1pqt57ju2mmsmwwcya6zrkq02an404dyhjmfxwxk59nv3vm7vmwhvsjr40dt,bitcoin,BTC,4.32013312,0.0,BTC,280808.65280000004,206,0,0,1,1,1.0,0.0,0.0,True,0.25987499999999997,0.27627296095709314,False,False,,0.3,,0,[],[],0,False,False,,,80.8,False,,,0.0,,False,0.3,0,,False,[],,False,206.0,206.0,True
bc1pf0xcy55r2c94zjk03zznpt044dpmemc5ej0q796ry4s2pzqgcx9s3m9yrp,bitcoin,BTC,4.32013312,0.0,BTC,280808.65280000004,206,0,0,1,1,1.0,0.0,0.0,True,0.25987499999999997,0.27627296095709314,False,False,,0.3,,0,[],[],0,False,False,,,80.8,False,,,0.0,,False,0.3,0,,False,[],,False,206.0,206.0,True
bc1p2mqza9q9y03u7f5lanwgycugemykmxzu4kt6fjg6j0an9jlkpq9sgufd7r,bitcoin,BTC,4.32013312,0.0,BTC,280808.65280000004,206,0,0,1,1,1.0,0.0,0.0,True,0.25987499999999997,0.27627296095709314,False,False,,0.3,,0,[],[],0,False,False,,,80.8,False,,,0.0,,False,0.3,0,,False,[],,False,206.0,206.0,True
bc1palx8lg3yjzxknuk9qfk6xxpmslntthm0l9pcfghh0wftckp7yx6qf0wdec,bitcoin,BTC,4.32013312,0.0,BTC,280808.65280000004,206,0,0,1,1,1.0,0.0,0.0,True,0.25987499999999997,0.27627296095709314,False,False,,0.3,,0,[],[],0,False,False,,,80.8,False,,,0.0,,False,0.3,0,,False,[],,False,206.0,206.0,True
bc1pkqpueymv3ll4psechft9v203l6em772wy4h4crcjlml98e72fppskmw6sq,bitcoin,BTC,4.32013312,0.0,BTC,280808.65280000004,206,0,0,1,1,1.0,0.0,0.0,True,0.25987499999999997,0.27627296095709314,False,False,,0.3,,0,[],[],0,False,False,,,80.8,False,,,0.0,,False,0.3,0,,False,[],,False,206.0,206.0,True
bc1pnff3q33fekavht57n0g95qffrslanrmjawj98lxj745cc975mfjqhew7cf,bitcoin,BTC,4.32013312,0.0,BTC,280808.65280000004,206,0,0,1,1,1.0,0.0,0.0,True,0.25987499999999997,0.27627296095709314,False,False,,0.3,,0,[],[],0,False,False,,,80.8,False,,,0.0,,False,0.3,0,,False,[],,False,206.0,206.0,True
bc1p2w0hjhsq6ey03esjrz25p6p5ptjudusuwap4hmx7t44lecqzlrvsv8t4xy,bitcoin,BTC,4.32013312,0.0,BTC,280808.65280000004,206,0,0,1,1,1.0,0.0,0.0,True,0.25987499999999997,0.27627296095709314,False,False,,0.3,,0,[],[],0,False,False,,,80.8,False,,,0.0,,False,0.3,0,,False,[],,False,206.0,206.0,True
bc1p7nlzy8ctnntdstg49ud6wralylpdu64ljlglyr3nn3gpj4y0htfs64lmz0,bitcoin,BTC,4.32013312,0.0,BTC,280808.65280000004,206,0,0,1,1,1.0,0.0,0.0,True,0.25987499999999997,0.27627296095709314,False,False,,0.3,,0,[],[],0,False,False,,,80.8,False,,,0.0,,False,0.3,0,,False,[],,False,206.0,206.0,True
bc1psd0ekeceqxmeh0f4hqturmr8y48y90d2t2w9yvar29tythgtcsksw9nlmm,bitcoin,BTC,4.32013312,0.0,BTC,280808.65280000004,206,0,0,1,1,1.0,0.0,0.0,True,0.25987499999999997,0.27627296095709314,False,False,,0.3,,0,[],[],0,False,False,,,80.8,False,,,0.0,,False,0.3,0,,False,[],,False,206.0,206.0,True
bc1p38j9eyye95vapadrzknk67mgcnzt0srxtfgdttq9nrxul84dh3ps9j928r,bitcoin,BTC,4.32013312,0.0,BTC,280808.65280000004,206,0,0,1,1,1.0,0.0,0.0,True,0.25987499999999997,0.27627296095709314,False,False,,0.3,,0,[],[],0,False,False,,,80.8,False,,,0.0,,False,0.3,0,,False,[],,False,206.0,206.0,True
bc1pzhjmmy7af6gkm64zal86yu4j7sk0dgdauzrsf04evzh3cm7wx6hqlwjeda,bitcoin,BTC,4.32013312,0.0,BTC,280808.65280000004,206,0,0,1,1,1.0,0.0,0.0,True,0.25987499999999997,0.27627296095709314,False,False,,0.3,,0,[],[],0,False,False,,,80.8,False,,,0.0,,False,0.3,0,,False,[],,False,206.0,206.0,True
bc1pxy5dznjgmryumv3345zlaj7s4evs0unwm3g5gtk8y0wcq8r69fksjturph,bitcoin,BTC,2.10450636,0.0,BTC,136792.9134,198,0,0,1,1,1.0,0.0,0.0,True,0.239775,0.2760324480888694,False,False,,0.3,,0,[],[],0,False,False,,,78.0,False,,,0.0,,False,0.3,0,,False,[],,False,198.0,198.0,True
bc1pj085c42guat9q8x6rzfxdcvrccxc4vq57ulm87pcw20nql4jxe2qufg0el,bitcoin,BTC,2.10450636,0.0,BTC,136792.9134,198,0,0,1,1,1.0,0.0,0.0,True,0.239775,0.2760324480888694,False,False,,0.3,,0,[],[],0,False,False,,,78.0,False,,,0.0,,False,0.3,0,,False,[],,False,198.0,198.0,True
bc1p5sgnvdmdgmp9e39yta4tu9reze6wadnsv7zr8cge8q09l7j423ts9dyv9x,bitcoin,BTC,2.10450636,0.0,BTC,136792.9134,198,0,0,1,1,1.0,0.0,0.0,True,0.239775,0.2760324480888694,False,False,,0.3,,0,[],[],0,False,False,,,78.0,False,,,0.0,,False,0.3,0,,False,[],,False,198.0,198.0,True
bc1perdgnz9wtd0z5zc7wxvt23phs07dqm09rwtwp7wsdl830yex0aqqsgtk5c,bitcoin,BTC,2.10450636,0.0,BTC,136792.9134,198,0,0,1,1,1.0,0.0,0.0,True,0.239775,0.2760324480888694,False,False,,0.3,,0,[],[],0,False,False,,,78.0,False,,,0.0,,False,0.3,0,,False,[],,False,198.0,198.0,True
bc1pnthy6rlcrg6pzzpeykdt6gs8f3nh724nukkfe9vy49cq48xagcvqsvfruf,bitcoin,BTC,2.10450636,0.0,BTC,136792.9134,198,0,0,1,1,1.0,0.0,0.0,True,0.239775,0.2760324480888694,False,False,,0.3,,0,[],[],0,False,False,,,78.0,False,,,0.0,,False,0.3,0,,False,[],,False,198.0,198.0,True
bc1pxg6y4sd8cfc02ffalps9dplvj8crfylfqm7hysjvqzfn77cjyvfqwzk08s,bitcoin,BTC,3.15675954,0.0,BTC,205189.3701,198,0,0,1,1,1.0,0.0,0.0,True,0.239775,0.2761320266116863,False,False,,0.3,,0,[],[],0,False,False,,,78.0,False,,,0.0,,False,0.3,0,,False,[],,False,198.0,198.0,True
bc1p3wdrgg2x6c0swzp5mv474a9ztspsfnmrfpfd5wufm2l7fyzfjewswyf0l9,bitcoin,BTC,2.10450636,0.0,BTC,136792.9134,198,0,0,1,1,1.0,0.0,0.0,True,0.239775,0.2760324480888694,False,False,,0.3,,0,[],[],0,False,False,,,78.0,False,,,0.0,,False,0.3,0,,False,[],,False,198.0,198.0,True
bc1pnp0ufrq5v9ya0mdwxj3styxwu6f872pksjwh997hdwmjx880zwms0jp7us,bitcoin,BTC,2.10450636,0.0,BTC,136792.9134,198,0,0,1,1,1.0,0.0,0.0,True,0.239775,0.2760324480888694,False,False,,0.3,,0,[],[],0,False,False,,,78.0,False,,,0.0,,False,0.3,0,,False,[],,False,198.0,198.0,True
bc1pmt345lm0qjq6cfrqclt6wkxspxr3r8s4rmfnhmm5fcugqnrzf6mqpkg37g,bitcoin,BTC,2.10450636,0.0,BTC,136792.9134,198,0,0,1,1,1.0,0.0,0.0,True,0.239775,0.2760324480888694,False,False,,0.3,,0,[],[],0,False,False,,,78.0,False,,,0.0,,False,0.3,0,,False,[],,False,198.0,198.0,True
bc1pljdekxeflutu8j5vylxlxcna4f3akcdmqrytfymtdh7npq7sjreqtm5td3,bitcoin,BTC,2.10450636,0.0,BTC,136792.9134,198,0,0,1,1,1.0,0.0,0.0,True,0.239775,0.2760324480888694,False,False,,0.3,,0,[],[],0,False,False,,,78.0,False,,,0.0,,False,0.3,0,,False,[],,False,198.0,198.0,True
bc1p8csrxqu7yqsw4ep3lsvtrggdqqkcu6phehl75auvk6gv3fyuj0zq9g9u3c,bitcoin,BTC,2.10450636,0.0,BTC,136792.9134,198,0,0,1,1,1.0,0.0,0.0,True,0.239775,0.2760324480888694,False,False,,0.3,,0,[],[],0,False,False,,,78.0,False,,,0.0,,False,0.3,0,,False,[],,False,198.0,198.0,True
bc1p2yaz94d4s3kw3djzx0skd83va29uyycw0fvhv2l4jcfpfmduwfrq0je3gq,bitcoin,BTC,6.15408678,0.0,BTC,400015.6407,193,0,0,1,1,1.0,0.0,0.0,True,0.224175,0.2766815234781763,False,False,,0.3,,0,[],[],0,False,False,,,75.9,False,,,0.0,,False,0.3,0,,False,[],,False,193.0,193.0,True
bc1pzd8ngxw8cn64tyu8sw6vk97zg8tt33c5hyyerzfhtnlqns8g9n8sqsqu5r,bitcoin,BTC,6.15408678,0.0,BTC,400015.6407,193,0,0,1,1,1.0,0.0,0.0,True,0.224175,0.2766815234781763,False,False,,0.3,,0,[],[],0,False,False,,,75.9,False,,,0.0,,False,0.3,0,,False,[],,False,193.0,193.0,True
bc1q6ryqrvncd43y57h2peywc20dq2jee6ky7y4lrf,bitcoin,BTC,3.07704339,0.0,BTC,200007.82035,193,0,0,1,1,1.0,0.0,0.0,True,0.224175,0.2759979792091583,False,False,,0.3,,0,[],[],0,False,False,,,75.9,False,,,0.0,,False,0.3,0,,False,[],,False,193.0,193.0,True
bc1pe7jeh6w5k8wdshqf9ds6wxqqfalu8kuf5zdjqdyakcnnxfv6vz4sztafct,bitcoin,BTC,6.15408678,0.0,BTC,400015.6407,193,0,0,1,1,1.0,0.0,0.0,True,0.224175,0.2766815234781763,False,False,,0.3,,0,[],[],0,False,False,,,75.9,False,,,0.0,,False,0.3,0,,False,[],,False,193.0,193.0,True
bc1qhu5zdhj0rerjjsemytlc9fk225uvdtp8etej99,bitcoin,BTC,3.07704339,0.0,BTC,200007.82035,193,0,0,1,1,1.0,0.0,0.0,True,0.224175,0.2759979792091583,False,False,,0.3,,0,[],[],0,False,False,,,75.9,False,,,0.0,,False,0.3,0,,False,[],,False,193.0,193.0,True
bc1qsrwn8nxnegpzcxe45w6upjuertcr7s6rgrtq2e,bitcoin,BTC,3.07704339,0.0,BTC,200007.82035,193,0,0,1,1,1.0,0.0,0.0,True,0.224175,0.2759979792091583,False,False,,0.3,,0,[],[],0,False,False,,,75.9,False,,,0.0,,False,0.3,0,,False,[],,False,193.0,193.0,True
bc1py8t0luqecxgx3q2exwvlsm2jm5px39p7t3ynlkx2s0kplhhtru3qtc3mzz,bitcoin,BTC,6.15408678,0.0,BTC,400015.6407,193,0,0,1,1,1.0,0.0,0.0,True,0.224175,0.2766815234781763,False,False,,0.3,,0,[],[],0,False,False,,,75.9,False,,,0.0,,False,0.3,0,,False,[],,False,193.0,193.0,True
bc1qv2t2jrkw25ckhlm7ejyjhn3axknwjucrxf32z2,bitcoin,BTC,3.07704339,0.0,BTC,200007.82035,193,0,0,1,1,1.0,0.0,0.0,True,0.224175,0.2759979792091583,False,False,,0.3,,0,[],[],0,False,False,,,75.9,False,,,0.0,,False,0.3,0,,False,[],,False,193.0,193.0,True
bc1q0jqwygsquldr993zm5gat5pjjav7wz9fel9v2r,bitcoin,BTC,3.07704339,0.0,BTC,200007.82035,193,0,0,1,1,1.0,0.0,0.0,True,0.224175,0.2759979792091583,False,False,,0.3,,0,[],[],0,False,False,,,75.9,False,,,0.0,,False,0.3,0,,False,[],,False,193.0,193.0,True
bc1psfamzt26kjrapxtzvekz4wkv0vznuhle9yrs89qtjp3np4g20hvsea35u5,bitcoin,BTC,4.15236096,0.0,BTC,269903.4624,198,0,0,1,1,1.0,0.0,0.0,True,0.239775,0.2773185496692961,False,False,,0.2,,0,[],[],0,False,False,,,78.0,False,,,0.0,,False,0.2,0,,False,[],,False,198.0,198.0,True
bc1p99kr0gy2q7qxmwlp90kj55xmvxqsey8nqxda6seehuj9dlhwp64qqf0y8e,bitcoin,BTC,4.15236096,0.0,BTC,269903.4624,198,0,0,1,1,1.0,0.0,0.0,True,0.239775,0.2773185496692961,False,False,,0.2,,0,[],[],0,False,False,,,78.0,False,,,0.0,,False,0.2,0,,False,[],,False,198.0,198.0,True
bc1p6a972la2zxqmvd4mnek8u6hvskgnx6psmxuveeg73je26nq4jssq6lq7sk,bitcoin,BTC,4.04750336,0.0,BTC,263087.7184,193,0,0,1,1,1.0,0.0,0.0,True,0.224175,0.277459657568715,False,False,,0.2,,0,[],[],0,False,False,,,75.9,False,,,0.0,,False,0.2,0,,False,[],,False,193.0,193.0,True
bc1p620p7kwx5syf5qkerfuslsz9weshcmhrk7z3dfhe8qcucnt9g4gsufjsdl,bitcoin,BTC,4.04750336,0.0,BTC,263087.7184,193,0,0,1,1,1.0,0.0,0.0,True,0.224175,0.277459657568715,False,False,,0.2,,0,[],[],0,False,False,,,75.9,False,,,0.0,,False,0.2,0,,False,[],,False,193.0,193.0,True
bc1p68tps0j75d9psydecu9jp6mz8cu7644r89fhcnxyx9eddfcrlvhsvuz5s3,bitcoin,BTC,4.04750336,0.0,BTC,263087.7184,193,0,0,1,1,1.0,0.0,0.0,True,0.224175,0.277459657568715,False,False,,0.2,,0,[],[],0,False,False,,,75.9,False,,,0.0,,False,0.2,0,,False,[],,False,193.0,193.0,True
bc1pw6h06ahxc4xhsuqqrveycxnf2mtyyjz89adahma7zr0ajv8qw84qmmr0q2,bitcoin,BTC,4.04750336,0.0,BTC,263087.7184,193,0,0,1,1,1.0,0.0,0.0,True,0.224175,0.277459657568715,False,False,,0.2,,0,[],[],0,False,False,,,75.9,False,,,0.0,,False,0.2,0,,False,[],,False,193.0,193.0,True
bc1pzruplllvew3eery898jeqn3httdsp4aheuszyzznqjtyt765f7dqjtarz3,bitcoin,BTC,4.04750336,0.0,BTC,263087.7184,193,0,0,1,1,1.0,0.0,0.0,True,0.224175,0.277459657568715,False,False,,0.2,,0,[],[],0,False,False,,,75.9,False,,,0.0,,False,0.2,0,,False,[],,False,193.0,193.0,True
