wallet,chain,asset,raw_value_in,raw_value_out,value_unit,value_in_usd_est,distinct_senders,distinct_recipients,out_cnt,active_days,hours_of_day_active,night_share,round100_share,pass_through,is_accumulator,informal_score,anomaly_score,is_anomaly,is_sanctioned,hops_to_sanctioned,risk_score,attributability,risk_attribution_score,risk_tags,risk_categories,risk_source_count,is_known_risk,confirmed,label_name,label_tags,campaign_terror_score,is_top_campaign_lead,anchor_exchange,anchor_exchange_addr,anchor_usdt,anchor_links,has_exchange_anchor,actionability,components_bridged,total_bridged_size,is_bridge_wallet,country_codes,country_source,hits_interesting_country,funnel_ratio_recipients,funnel_ratio_out_cnt,is_single_recipient
0x6c2c1922e27b85dab12128195fe71a0cb66cb5fd,tron,USDT,1383264.957751,1249880.0,USDT,1383264.957751,2260,3,12,7,9,0.007886435331230283,0.44203470031545744,0.9035723727377105,False,0.9488943642378265,-0.11037287453667499,True,False,,78.1,,0,[],[],0,False,False,,,41.1,False,,,0.0,,False,78.1,0,,False,[],,False,753.33,188.33,False
0x87d8c775f404fb7ea7c4408de6147d892d63ecca,tron,USDT,1179101.107949,1140000.0,USDT,1179101.107949,4536,4,5,6,23,0.2877891897499741,0.06567071272953626,0.9668382060830941,False,0.6962314511444933,-0.13449393467574322,True,False,,76.0,,0,[],[],0,False,False,,,70.3,False,,,0.0,,False,76.0,0,,False,[],,False,1134.0,907.2,False
0x2d6e4c55851f9350818ff93322036cb327d88979,tron,USDT,1201075.4887350001,1198737.5465000002,USDT,1201075.4887350001,2359,1,22,8,24,0.24265165728580362,0.12914321450906815,0.9980534593729306,False,0.6801792111787863,-0.13576145855524635,True,False,,75.8,,0,[],[],0,False,False,,,89.5,False,,,0.0,,False,75.8,0,,False,[],,False,2359.0,107.23,True
0x28f27d331cf4d6d064b9b6c7859f4e5b4d9bdc7f,tron,USDT,1175889.803868001,1150953.96,USDT,1175889.803868001,3555,2,9,6,6,0.533530042918455,0.0034871244635193135,0.9787940640475182,False,0.6637902086516759,-0.12596971835729753,True,False,,73.7,,0,[],[],0,False,False,,,64.8,False,,,0.0,,False,73.7,0,,False,[],,False,1777.5,395.0,False
0x2be2c7075598fe00f40f82812e0c0d0b36c5fb63,tron,USDT,676097.9377199999,0.0,USDT,676097.9377199999,824,0,0,8,6,0.0,0.10720562390158173,0.0,True,0.5172040729741196,-0.14325746744427215,True,False,,73.1,,0,[],[],0,False,False,,,83.1,False,,,0.0,,False,73.1,0,,False,[],,False,824.0,824.0,True
0x9af8c193a0b7ec216ecdf63b9421ffdc72a999d2,tron,USDT,623961.8181929999,622000.0,USDT,623961.8181929999,1920,1,1,6,23,0.2129342965256278,0.3202614379084967,0.9968558682025106,False,0.7442587425840744,-0.10846329957289036,True,False,,72.7,,0,[],[],0,False,False,,,91.1,True,,,0.0,,False,72.7,0,,False,[],,False,1920.0,1920.0,True
0x73a25bf6d4bcd7e8881780a7f6f70dcd96c2fa97,tron,USDT,1210538.3133320003,1490000.0,USDT,1210538.3133320003,1384,1,5,8,13,0.0,0.1005719733079123,1.230857366173552,False,0.7688688322383486,-0.10161379673805726,True,False,,72.1,,0,[],[],0,False,False,,,86.8,False,,,0.0,,False,72.1,0,,False,[],,False,1384.0,276.8,True
0x88a4f1f15052a64bda4d9c0108bfe771f9e0d5bc,tron,USDT,527990.95853,380493.0,USDT,527990.95853,2248,1,10,8,24,0.0851278600269179,0.2076043068640646,0.7206430221065627,False,0.6601659400174092,-0.11526254579084316,True,False,,71.7,,0,[],[],0,False,False,,,92.2,True,,,0.0,,False,71.7,0,,False,[],,False,2248.0,224.8,True
0xc93b59594d1800be4b4d80dfe6068229cae2af4b,tron,USDT,910819.6295890001,875000.0,USDT,910819.6295890001,2409,1,14,8,24,0.09855072463768116,0.015734989648033125,0.9606731910189908,False,0.6233607731210659,-0.11924380655646061,True,False,,71.5,,0,[],[],0,False,False,,,90.6,False,,,0.0,,False,71.5,0,,False,[],,False,2409.0,172.07,True
0x58dde87af8875f5a589e3ad518112046d1ca7ca1,tron,USDT,274497.78053600003,274497.77999999997,USDT,274497.78053600003,1374,9,21,8,4,0.9992727272727273,0.28363636363636363,0.9999999980473429,False,0.7344929991852004,-0.10135464189975563,True,False,,71.2,,0,[],[],0,False,False,,,69.5,False,,,0.0,,False,71.2,2,140002.0,True,[],,False,152.67,65.43,False
0x20276073f25118fe777ba0acc0a4c0e541a5ffcb,tron,USDT,581359.3198249999,590000.0,USDT,581359.3198249999,2099,1,12,8,21,0.058823529411764705,0.005385252692626346,1.0148628909528812,False,0.6156952198577903,-0.11225962679096013,True,False,,70.1,,0,[],[],0,False,False,,,85.7,False,,,0.0,,False,70.1,0,,False,[],,False,2099.0,174.92,True
0xc66bc261c088fb8ec7f8d18452f1b39c2b20cf1a,tron,USDT,503102.45852999954,503102.45853,USDT,503102.45852999954,1247,1,7,7,1,0.0,0.18428874734607217,1.0000000000000009,False,0.8578065337293168,-0.0737560429378682,True,False,,69.4,,0,[],[],0,False,False,,,89.0,False,,,0.0,,False,69.4,0,,False,[],,False,1247.0,178.14,True
0xd4b13bad3b585c1786a86c9527909fdb879f685c,tron,USDT,1090564.1462970006,1102000.0,USDT,1090564.1462970006,1447,1,13,8,24,0.7882845188284519,0.05913528591352859,1.0104861816169455,False,0.6477542698284989,-0.0970386300088073,True,False,,68.2,,0,[],[],0,False,False,,,91.2,True,,,0.0,,False,68.2,0,,False,[],,False,1447.0,111.31,True
0x640f5ed908b54bca5517c46e33704b2fa553d291,tron,USDT,14316.75,12702.849999999999,USDT,14316.75,57,20,25,8,18,0.24358974358974358,0.0,0.8872719017933538,False,0.4847517923230322,-0.12026259431229969,True,False,,68.2,,0,[],[],0,False,False,,,35.4,False,,,0.0,,False,68.2,0,,False,[],,False,2.85,2.28,False
0xe65b1448e8e7bf9dc799945cf18c8394104b3537,tron,USDT,334074.59169700014,339994.491815,USDT,334074.59169700014,1489,1,25,8,24,0.14372061786433848,0.001343183344526528,1.0177202944046972,False,0.6121538622051869,-0.09602964587774931,True,False,,67.2,,0,[],[],0,False,False,,,94.4,True,,,0.0,,False,67.2,0,,False,[],,False,1489.0,59.56,True
0xf04fab638509c87cc7ca00e52830dac5d0b3025b,tron,USDT,1037899.101013,0.0,USDT,1037899.101013,525,0,0,8,24,0.20149253731343283,0.1460554371002132,0.0,True,0.38527789563003817,-0.11827811510548913,True,False,,65.4,,0,[],[],0,False,False,,,63.9,False,,,0.0,,False,65.4,0,,False,[],,False,525.0,525.0,True
0x7b160f8bd4331024b6f1175259d2ca7f78599e44,tron,USDT,1174830.0344689998,1310973.72,USDT,1174830.0344689998,1401,2,2,8,24,0.20628122769450394,0.009992862241256246,1.1158837291664359,False,0.6510913916295894,-0.07811813170488335,True,False,,65.0,,0,[],[],0,False,False,,,49.1,False,,,0.0,,False,65.0,0,,False,[],,False,700.5,700.5,False
0xc35c44e36594571dd86de3e60f7dfed17473d67d,tron,USDT,1352981.7028660006,1290460.4773209998,USDT,1352981.7028660006,807,6,14,8,24,0.049641478212906785,0.09873138444567016,0.9537900435663225,False,0.7036769734990092,-0.06429589306833006,True,False,,63.9,,0,[],[],0,False,False,,,67.8,False,,,0.0,,False,63.9,0,,False,[],,False,134.5,57.64,False
0x970775693b164145e6ce9d092f97555cfe89e6f9,tron,USDT,1011385.7804180006,1003239.34516,USDT,1011385.7804180006,1146,1,7,8,24,0.18452075858534084,0.06406970784213224,0.9919452740826218,False,0.6487921095471141,-0.06678728796343958,True,False,,63.0,,0,[],[],0,False,False,,,93.8,True,,,0.0,,False,63.0,0,,False,[],,False,1146.0,163.71,True
0x0d443683833d220942df0afa51926477dfff0fc9,tron,USDT,1322078.6103770002,1414952.821342,USDT,1322078.6103770002,111,3,8,8,24,0.1806282722513089,0.2591623036649215,1.0702486298742222,False,0.67687093588345,-0.061257400037440624,True,False,,62.7,,0,[],[],0,False,False,,,28.8,False,,,0.0,,False,62.7,0,,False,[],,False,37.0,13.88,False
0x82294040a3afe657c758fc6bde7b1b547c8928d5,tron,USDT,1616857.8958460002,1000000.0,USDT,1616857.8958460002,633,1,1,8,6,0.12396694214876033,0.11044327573253193,0.6184835430307021,False,0.7411553424627377,-0.05045991990771803,True,False,,62.4,,0,[],[],0,False,False,,,71.9,False,,,0.0,,False,62.4,0,,False,[],,False,633.0,633.0,True
0x5a579f5c464e04f8f93f6123362a8fb73d871702,tron,USDT,837540.6312499997,0.0,USDT,837540.6312499997,285,0,0,8,24,0.18886198547215496,0.25907990314769974,0.0,True,0.4138311412812897,-0.09414254472713857,True,False,,61.9,,0,[],[],0,False,False,,,62.3,False,,,0.0,,False,61.9,0,,False,[],,False,285.0,285.0,True
0xfc45a33869b7d3058cd5baf43159f86fd2bd3e10,tron,USDT,1697093.1919129998,2251543.60996,USDT,1697093.1919129998,861,1,7,8,24,0.23338607594936708,0.30933544303797467,1.3267059350005475,False,0.6761946636575061,-0.05361005380041073,True,False,,61.3,,0,[],[],0,False,False,,,64.4,False,,,0.0,,False,61.3,0,,False,[],,False,861.0,123.0,True
0xb8f9986ae1e980bad567f5fc4acbab0459048b54,tron,USDT,918934.28791,942294.608302,USDT,918934.28791,385,16,18,3,4,0.0025974025974025974,0.6337662337662338,1.0254210999625775,False,0.9212840447508023,-0.016326680634663138,True,False,,60.9,,0,[],[],0,False,False,,,39.8,False,,,0.0,,False,60.9,0,,False,[],,False,24.06,21.39,False
0xd9fcd35ebcf3f404fcb4693deb325497636d947f,tron,USDT,100959.49780000003,0.0,USDT,100959.49780000003,387,0,0,8,24,0.15503875968992248,0.0015503875968992248,0.0,True,0.306936784047518,-0.10309879350356432,True,False,,60.8,,0,[],[],0,False,False,,,93.6,True,,,0.0,,False,60.8,0,,False,[],,False,387.0,387.0,True
0x2e12580d01afe8d94b24ef667f5b764c6b30d544,tron,USDT,778688.7020980001,0.0,USDT,778688.7020980001,291,0,0,5,24,0.07962529274004684,0.12412177985948478,0.0,True,0.3618370810352142,-0.09385052465231347,True,False,,60.5,,0,[],[],0,False,False,,,89.7,False,,,0.0,,False,60.5,0,,False,[],,False,291.0,291.0,True
0x108828aeda605e33435d7abbd987b178434fe7eb,tron,USDT,1686070.1128309988,2135306.362973,USDT,1686070.1128309988,913,1,3,8,24,0.23548740416210295,0.002190580503833516,1.2664398394368725,False,0.5614977767032067,-0.06053857063495205,True,False,,59.7,,0,[],[],0,False,False,,,64.4,False,,,0.0,,False,59.7,0,,False,[],,False,913.0,304.33,True
0xc123813581db091b091ce9cd2a3c153ab5e7bcc2,tron,USDT,288477.583026,190106.0,USDT,288477.583026,949,1,2,6,10,0.0,0.032520325203252036,0.6589974791312158,False,0.7213412862377832,-0.03471281989137298,True,False,,59.1,,0,[],[],0,False,False,,,87.6,False,,,0.0,,False,59.1,0,,False,[],,False,949.0,474.5,True
0x5040e917ec134f9ba9b551fb1d67992de1c7d582,tron,USDT,130329.676228,0.0,USDT,130329.676228,370,0,0,7,2,1.0,0.005405405405405406,0.0,True,0.3090793381417055,-0.0924288236156392,True,False,,59.0,,0,[],[],0,False,False,,,84.7,False,,,0.0,,False,59.0,0,,False,[],,False,370.0,370.0,True
0x96e74e1cd5edecfc7f90372b024e092d2b2eb644,tron,USDT,10527.077902,0.0,USDT,10527.077902,212,0,0,4,4,0.0,0.0,0.0,True,0.4313746287653797,-0.07370776356661968,True,False,,58.7,,0,[],[],0,False,False,,,91.9,True,,,0.0,,False,58.7,0,,False,[],,False,212.0,212.0,True
0x79a2212a60a6dc8addd71e1b9cf6fbb19e890aac,tron,USDT,1614071.269119,1615809.2600000002,USDT,1614071.269119,324,12,19,7,7,0.0,0.6963350785340314,1.0010767745602391,False,0.9244558372814184,-0.0032874340115919276,True,False,,58.7,,0,[],[],0,False,False,,,39.3,False,,,0.0,,False,58.7,0,,False,[],,False,27.0,17.05,False
0x46eaa135aa6f49a0c7d6778070d1a2c10ba55070,tron,USDT,429170.36970999994,0.0,USDT,429170.36970999994,290,0,0,7,24,0.24573378839590443,0.2935153583617747,0.0,True,0.422422571064913,-0.07209638544558339,True,False,,58.2,,0,[],[],0,False,False,,,62.5,False,,,0.0,,False,58.2,0,,False,[],,False,290.0,290.0,True
0x1272d9e230c786601def6d384c80a81e127b3962,tron,USDT,1030900.0,680000.0,USDT,1030900.0,58,4,4,6,12,0.15789473684210525,1.0,0.6596178096808614,False,0.6854025606633679,-0.033432922468296766,True,False,,58.0,,0,[],[],0,False,False,,,7.4,False,,,0.0,,False,58.0,0,,False,[],,False,14.5,14.5,False
0x49c0094aa91ea01f08f1f2bb8d77cb38452d0543,tron,USDT,30606.490511,0.0,USDT,30606.490511,292,0,0,7,24,0.2054794520547945,0.10616438356164383,0.0,True,0.35345778532032246,-0.07777327999942674,True,False,,57.5,,0,[],[],0,False,False,,,89.1,False,,,0.0,,False,57.5,0,,False,[],,False,292.0,292.0,True
0x6abe932eb7abd2a8f346194aa100e690556f46aa,tron,USDT,191418.66999999998,182380.27,USDT,191418.66999999998,51,17,24,8,12,0.21621621621621623,0.2972972972972973,0.9527820353155729,False,0.5914685835586598,-0.042721253304723206,True,False,,57.3,,0,[],[],0,False,False,,,1.4,False,,,0.0,,False,57.3,0,,False,[],,False,3.0,2.12,False
0x58e6148ae1913c0fad31a3e2dceabf37128c1225,tron,USDT,238536.60847299997,237998.37799999997,USDT,238536.60847299997,54,23,25,8,12,0.0,0.40476190476190477,0.9977436148000699,False,0.643057420456832,-0.03376911348797762,True,False,,57.0,,0,[],[],0,False,False,,,4.3,False,,,0.0,,False,57.0,0,,False,[],,False,2.35,2.16,False
0x9259d17e1fe53a41c301fa17b3d48ddad9ad41b1,tron,USDT,114941.78999999995,0.0,USDT,114941.78999999995,217,0,0,8,24,0.12147505422993492,0.019522776572668113,0.0,True,0.30924904539669074,-0.07937522395294516,True,False,,56.7,,0,[],[],0,False,False,,,87.7,False,,,0.0,,False,56.7,0,,False,[],,False,217.0,217.0,True
0x21a729ca446b45b056ddf8ba71db64859b906d05,tron,USDT,447466.4606979999,474068.88069799996,USDT,447466.4606979999,72,3,4,8,24,0.22888283378746593,0.22888283378746593,1.0594512043617819,False,0.5749362334594214,-0.040854382997087435,True,False,,56.6,,0,[],[],0,False,False,,,15.6,False,,,0.0,,False,56.6,0,,False,[],,False,24.0,18.0,False
0xd1fc584ed96ed22a10e26eeff3bd7da50f0e5978,tron,USDT,206514.0,140000.0,USDT,206514.0,664,1,1,5,6,0.2262210796915167,0.017994858611825194,0.6779201410073893,False,0.7150706637551477,-0.020525052539118627,True,False,,56.5,,0,[],[],0,False,False,,,93.8,True,,,0.0,,False,56.5,0,,False,[],,False,664.0,664.0,True
0xbea04d7de0aaac1ef1a56c16d0af9d55e6a8d053,tron,USDT,1146493.4200000002,1164104.81,USDT,1146493.4200000002,344,12,21,8,24,0.21434707903780068,0.000859106529209622,1.0153610912132405,False,0.6017432251175555,-0.03680000149599738,True,False,,56.5,,0,[],[],0,False,False,,,64.6,False,,,0.0,,False,56.5,0,,False,[],,False,28.67,16.38,False
0x17a1e86e1af71ef9a644b3e458332eb3a9f982ea,tron,USDT,656610.091815,684133.0,USDT,656610.091815,54,15,16,6,14,0.0,0.07462686567164178,1.041916669463488,False,0.5300341459545659,-0.04630727001626378,True,False,,56.4,,0,[],[],0,False,False,,,4.3,False,,,0.0,,False,56.4,0,,False,[],,False,3.6,3.38,False
0x3919242d093bc98f781bb7dea04ea440fcbcb764,tron,USDT,1311886.4202999999,1326272.1099999999,USDT,1311886.4202999999,51,17,19,8,14,0.2222222222222222,0.20833333333333334,1.010965651810551,False,0.5750448840630065,-0.03995104661332183,True,False,,56.4,,0,[],[],0,False,False,,,1.4,False,,,0.0,,False,56.4,0,,False,[],,False,3.0,2.68,False
0xdc0254b78bf8f0412cc5fe01859f4d3a76b27e56,tron,USDT,634168.9194849997,595000.0,USDT,634168.9194849997,945,2,12,8,24,0.19138220481253498,0.013430330162283156,0.938235826005462,False,0.6641639237925222,-0.02520122865258556,True,False,,56.0,,0,[],[],0,False,False,,,67.3,False,,,0.0,,False,56.0,0,,False,[],,False,472.5,78.75,False
0xe6607d5b06d6777a00abcadc56c5e3e878d326ce,tron,USDT,677926.3376469999,0.0,USDT,677926.3376469999,228,0,0,5,22,0.0873015873015873,0.3253968253968254,0.0,True,0.42339838778107763,-0.05914463810725101,True,False,,56.0,,0,[],[],0,False,False,,,61.5,False,,,0.0,,False,56.0,0,,False,[],,False,228.0,228.0,True
0xd85c52e6bd9536a81f2b5e82f2769ba588dd7db0,tron,USDT,1783348.741,719186.11,USDT,1783348.741,419,14,14,6,24,0.06082036775106082,0.5643564356435643,0.4032784465907221,True,0.5545631988641775,-0.0404092198307775,True,False,,56.0,,0,[],[],0,False,False,,,40.0,False,,,0.0,,False,56.0,0,,False,[],,False,29.93,29.93,False
0xb00da0113218a9f68b41644a877705b8bc6d5972,tron,USDT,1332550.8831629998,1320000.0,USDT,1332550.8831629998,624,2,23,8,24,0.3424778761061947,0.3991150442477876,0.9905813103862807,False,0.8040348025948633,-0.00473663122888468,True,False,,55.9,,0,[],[],0,False,False,,,49.4,False,,,0.0,,False,55.9,0,,False,[],,False,312.0,27.13,False
0xd78591a7e37d61f93357277c6042877969a81bb8,tron,USDT,651985.488147,0.0,USDT,651985.488147,240,0,0,6,24,0.34172661870503596,0.1618705035971223,0.0,True,0.3768773865082732,-0.06474607117865394,True,False,,55.8,,0,[],[],0,False,False,,,61.8,False,,,0.0,,False,55.8,0,,False,[],,False,240.0,240.0,True
0x5e05e4bec3eb32d5c6f6370482033e6aaf7f5863,tron,USDT,230185.009,261000.0,USDT,230185.009,118,8,8,8,24,0.14945652173913043,0.38858695652173914,1.1338705380244811,False,0.6565733679996858,-0.02501161366568827,True,False,,55.8,,0,[],[],0,False,False,,,57.3,False,,,0.0,,False,55.8,0,,False,[],,False,14.75,14.75,False
0xada806bbcb97e621adcfc6432d011e54b3a96607,tron,USDT,36099.453848,27453.600000000002,USDT,36099.453848,68,19,21,8,17,0.14736842105263157,0.15789473684210525,0.7604990401127911,False,0.599257211501557,-0.03333356612303828,True,False,,55.8,,0,[],[],0,False,False,,,35.9,False,,,0.0,,False,55.8,0,,False,[],,False,3.58,3.24,False
0xf18b36b8ec9e56717b9382f86776930bedc122e4,tron,USDT,1386101.297132,1300000.0,USDT,1386101.297132,663,1,13,8,24,0.18714555765595464,0.29111531190926276,0.9378823919217496,False,0.722239185215067,-0.015250207660779114,True,False,,55.7,,0,[],[],0,False,False,,,73.3,False,,,0.0,,False,55.7,0,,False,[],,False,663.0,51.0,True
0xf5401c593cfb2170f1904e921d8fe28ef58e91ad,tron,USDT,180561.936888,0.0,USDT,180561.936888,281,0,0,2,24,0.10320284697508897,0.05693950177935943,0.0,True,0.33264743317776835,-0.07051782174584231,True,False,,55.7,,0,[],[],0,False,False,,,92.8,True,,,0.0,,False,55.7,0,,False,[],,False,281.0,281.0,True
0x0e7f45caafa8af0aceb98c59285a9b07d35bda28,tron,USDT,757131.988192,737872.3055779999,USDT,757131.988192,56,18,25,7,15,0.0379746835443038,0.17721518987341772,0.974562318176529,False,0.5951882379246567,-0.031951252708114386,True,False,,55.5,,0,[],[],0,False,False,,,6.0,False,,,0.0,,False,55.5,0,,False,[],,False,3.11,2.24,False
0xcb5ef57224b8dbef0ee2dc301e1a7f1957ae04e6,tron,USDT,1111399.585836,1059072.3859620001,USDT,1111399.585836,773,1,21,8,24,0.1388888888888889,0.12037037037037036,0.952917743950175,False,0.6636849488748886,-0.0215625474210146,True,False,,55.4,,0,[],[],0,False,False,,,73.1,False,,,0.0,,False,55.4,0,,False,[],,False,773.0,36.81,True
0x25b09523df1703cbf05de8190d19a1386c9eb669,tron,USDT,1841962.4750619999,2304557.0,USDT,1841962.4750619999,538,1,14,7,3,0.0,0.35507246376811596,1.2511422090303057,False,0.8460167851773923,0.004718945441077094,False,False,,55.3,,0,[],[],0,False,False,,,63.9,False,,,0.0,,False,55.3,0,,False,[],,False,538.0,38.43,True
0x654c6c03e9fa4241603ff596b44c00dab4a25656,tron,USDT,302742.39334199997,310090.255743,USDT,302742.39334199997,70,4,5,8,24,0.17366946778711484,0.23529411764705882,1.0242710058538098,False,0.5770083359527001,-0.030977195617743813,True,False,,54.9,,0,[],[],0,False,False,,,14.7,False,,,0.0,,False,54.9,0,,False,[],,False,17.5,14.0,False
0xaf9ab145695d75717726313bafaab75571f8926e,tron,USDT,1307160.0,1317160.0,USDT,1307160.0,104,2,5,6,15,0.11851851851851852,0.9814814814814815,1.0076501728939073,False,0.8888815055145576,0.014124389847455232,False,False,,54.8,,0,[],[],0,False,False,,,26.4,False,,,0.0,,False,54.8,0,,False,[],,False,52.0,20.8,False
0xd99f58152e5883636677674e2378a44dbae66089,tron,USDT,493580.21513799985,468000.0,USDT,493580.21513799985,730,1,6,8,24,0.18864908073541167,0.403277378097522,0.9481741480848298,False,0.7480141253318578,-0.005254958732374471,True,False,,54.6,,0,[],[],0,False,False,,,90.7,False,,,0.0,,False,54.6,0,,False,[],,False,730.0,121.67,True
0x2e6536e372cb2c6c5329c349d61cffdc0b89a15b,tron,USDT,39082.38,0.0,USDT,39082.38,246,0,0,8,22,0.13,0.02,0.0,True,0.3146796775562155,-0.06500263920424454,True,False,,54.3,,0,[],[],0,False,False,,,91.0,False,,,0.0,,False,54.3,0,,False,[],,False,246.0,246.0,True
0x250dd6d2807b771136070af545a3618db699f9b6,tron,USDT,663100.0,663100.0,USDT,663100.0,55,6,18,7,13,0.0,1.0,1.0,False,0.73731438268986,-0.00498758677252964,True,False,,54.3,,0,[],[],0,False,False,,,5.2,False,,,0.0,,False,54.3,0,,False,[],,False,9.17,3.06,False
0x48086a4b9932d81220b0051356e9f13bb7b5d848,tron,USDT,100000.03002499999,99997.50809999998,USDT,100000.03002499999,66,23,23,1,1,0.0,0.10606060606060606,0.999974780757572,False,0.6110471411324223,-0.02248629404568725,True,False,,54.2,,0,[],[],0,False,False,,,12.5,False,,,0.0,,False,54.2,0,,False,[],,False,2.87,2.87,False
0x373baa05219b065c58f3cd307217805362365ab2,tron,USDT,244042.38059500002,186000.0,USDT,244042.38059500002,967,2,12,8,24,0.0998439937597504,0.21996879875195008,0.7621627011935925,False,0.7209306310321,-0.00625556862079657,True,False,,54.1,,0,[],[],0,False,False,,,71.8,False,,,0.0,,False,54.1,0,,False,[],,False,483.5,80.58,False
0x0b4ef2f02f6c7f1e8ffa35f7c4c6583d8c214430,tron,USDT,196868.93100000013,204098.0,USDT,196868.93100000013,280,2,23,8,24,0.1918819188191882,0.0,1.0367202125966737,False,0.6331947780152432,-0.0184021281699821,True,False,,54.1,,0,[],[],0,False,False,,,68.8,False,,,0.0,,False,54.1,0,,False,[],,False,140.0,12.17,False
0xc56ad3bfd2ac0ae3b1c6f35059a169c86acab888,tron,USDT,218016.685901,0.0,USDT,218016.685901,225,0,0,7,24,0.11071428571428571,0.14285714285714285,0.0,True,0.3651675859142978,-0.05607005472772053,True,False,,54.0,,0,[],[],0,False,False,,,87.9,False,,,0.0,,False,54.0,0,,False,[],,False,225.0,225.0,True
0x0c7dce0cf4599607a1ad53e20bc62e2cb473966a,tron,USDT,367513.43009400036,367513.430094,USDT,367513.43009400036,913,2,9,2,14,0.23027027027027028,0.03567567567567568,0.999999999999999,False,0.8402418328383537,0.012204620784694753,False,False,,53.9,,0,[],[],0,False,False,,,71.2,False,,,0.0,,False,53.9,0,,False,[],,False,456.5,101.44,False
0x9a00d4685c4b3ca75906d10eb7fe57c290e516e0,tron,USDT,502016.2453600001,514405.492611,USDT,502016.2453600001,550,9,16,6,9,0.007272727272727273,0.0,1.024678976757247,False,0.7475673866595816,-0.0011253092787774088,True,False,,53.9,,0,[],[],0,False,False,,,40.4,False,,,0.0,,False,53.9,0,,False,[],,False,61.11,34.38,False
0xace0c29acec42546744b8a7aeb1037338e65da7f,tron,USDT,682842.838979,0.0,USDT,682842.838979,57,0,0,5,14,0.11904761904761904,0.14285714285714285,0.0,True,0.28803563852354686,-0.06646139051495303,True,False,,53.9,,0,[],[],0,False,False,,,30.3,False,,,0.0,,False,53.9,0,,False,[],,False,57.0,57.0,True
0x7bba792bccebb458ea8c42dcbfac3c66dcf561ec,tron,USDT,23077.87713899999,0.0,USDT,23077.87713899999,227,0,0,8,23,0.11403508771929824,0.0,0.0,True,0.28481120067882904,-0.06460830801235473,True,False,,53.5,,0,[],[],0,False,False,,,91.3,True,,,0.0,,False,53.5,0,,False,[],,False,227.0,227.0,True
0xeafec0217504c844fc5ef57de8c53ed942eda210,tron,USDT,188380.74000000002,210512.27000000002,USDT,188380.74000000002,72,4,7,8,24,0.18406593406593408,0.25,1.1174829762320713,False,0.569015072127366,-0.024043629127536326,True,False,,53.5,,0,[],[],0,False,False,,,15.6,False,,,0.0,,False,53.5,0,,False,[],,False,18.0,10.29,False
0x9396fe9ede57883d491aa13fea4dfdcdf1739027,tron,USDT,747779.6432639987,790000.0,USDT,747779.6432639987,396,1,12,7,7,0.0,0.18552036199095023,1.0564609602793047,False,0.8393866369640797,0.016172190067098247,False,False,,53.2,,0,[],[],0,False,False,,,72.3,False,,,0.0,,False,53.2,0,,False,[],,False,396.0,33.0,True
0x72dc100fa1b5478650b323c3bdb9a0d92b60485b,tron,USDT,237518.4,239363.8,USDT,237518.4,51,11,25,8,17,0.14754098360655737,0.29508196721311475,1.0077695033311103,False,0.5984673127406511,-0.018504139640581174,True,False,,53.2,,0,[],[],0,False,False,,,5.3,False,,,0.0,,False,53.2,0,,False,[],,False,4.64,2.04,False
0x451db2d64985ef44ea7ab7b35769bbd2337553d9,tron,USDT,158100.23466899997,0.0,USDT,158100.23466899997,220,0,0,7,20,0.1762114537444934,0.09251101321585903,0.0,True,0.3381841323716589,-0.05422879909041234,True,False,,53.0,,0,[],[],0,False,False,,,61.3,False,,,0.0,,False,53.0,0,,False,[],,False,220.0,220.0,True
0x5ebbb245a008b962bd0eaac4d1261d9dc60163d1,tron,USDT,527277.319389,0.0,USDT,527277.319389,184,0,0,7,24,0.09905660377358491,0.39622641509433965,0.0,True,0.4249045396690708,-0.0416973766888149,True,False,,53.0,,0,[],[],0,False,False,,,59.9,False,,,0.0,,False,53.0,0,,False,[],,False,184.0,184.0,True
0x8358201b4339c47e29289093199b88576bd589e7,tron,USDT,65243.242930000015,58000.0,USDT,65243.242930000015,577,1,1,8,24,0.1967741935483871,0.0064516129032258064,0.8889809487586118,False,0.592645574562923,-0.016842859961986534,True,False,,52.8,,0,[],[],0,False,False,,,94.3,True,,,0.0,,False,52.8,0,,False,[],,False,577.0,577.0,True
0x8713173887299b893e17d98a473444cf19b28779,tron,USDT,295473.14780000004,417741.0,USDT,295473.14780000004,592,4,5,8,24,0.19726858877086495,0.17450682852807284,1.413803599786877,False,0.6677484018075801,-0.00507429555240646,True,False,,52.6,,0,[],[],0,False,False,,,71.3,False,,,0.0,,False,52.6,2,141104.0,True,[],,False,148.0,118.4,False
0xa78c9083c22e289011347d9b2de454e0500df9db,tron,USDT,196890.96,219766.98,USDT,196890.96,73,3,6,8,24,0.2198952879581152,0.28534031413612565,1.1161862383118049,False,0.5802417510648347,-0.017521047291490288,True,False,,52.6,,0,[],[],0,False,False,,,16.1,False,,,0.0,,False,52.6,0,,False,[],,False,24.33,12.17,False
0x7bfcb78b795f613a24b983842fe52e9ad854944c,tron,USDT,30672.0,36803.0839,USDT,30672.0,123,22,24,8,24,0.22302158273381295,0.6834532374100719,1.1998918851069378,False,0.6782863662963893,-0.0034685892169604715,True,False,,52.6,,0,[],[],0,False,False,,,58.2,False,,,0.0,,False,52.6,0,,False,[],,False,5.59,5.12,False
0x61f54c8b3cd31238040639b8827a6950e1baeedf,tron,USDT,495251.57284299994,0.0,USDT,495251.57284299994,194,0,0,5,24,0.10372340425531915,0.09574468085106383,0.0,True,0.3322868052609249,-0.052359667125656095,True,False,,52.5,,0,[],[],0,False,False,,,80.6,False,,,0.0,,False,52.5,0,,False,[],,False,194.0,194.0,True
0xd55c775d40a3c5f37a48792fb07d12a70edd7b4a,tron,USDT,868778.5302020003,858359.10451,USDT,868778.5302020003,75,16,25,8,18,0.00847457627118644,0.15254237288135594,0.9880068103322285,False,0.6643599534962293,-0.004085840981097877,True,False,,52.3,,0,[],[],0,False,False,,,16.9,False,,,0.0,,False,52.3,0,,False,[],,False,4.69,3.0,False
0x4b11cc1037739203de63204805696037ee7bdb1c,tron,USDT,500181.99000000005,495253.99,USDT,500181.99000000005,57,18,24,8,22,0.22304832713754646,0.8475836431226765,0.9901475860816179,False,0.540138129859514,-0.019528367659561785,True,False,,51.9,,0,[],[],0,False,False,,,6.7,False,,,0.0,,False,51.9,0,,False,[],,False,3.17,2.38,False
0x814bd9ffb396137eeae0f49af16c011699ce3b7c,tron,USDT,50916.89000000001,42379.0983,USDT,50916.89000000001,216,15,24,8,24,0.23558897243107768,0.3333333333333333,0.8323190654417423,False,0.6884833294226717,0.0022235431332239264,False,False,,51.8,,0,[],[],0,False,False,,,68.5,False,,,0.0,,False,51.8,0,,False,[],,False,14.4,9.0,False
0x9ebc8a880f6813b200a14e619d68aea84793c510,tron,USDT,163131.25,161180.0,USDT,163131.25,56,18,24,8,19,0.11764705882352941,0.16176470588235295,0.9880387724608253,False,0.43973758054222867,-0.031644622489442886,True,False,,51.6,,0,[],[],0,False,False,,,6.0,False,,,0.0,,False,51.6,0,,False,[],,False,3.11,2.33,False
0xd7e4e75b93992c799b647e83f77aff052b008579,tron,USDT,444240.54982399987,444240.549824,USDT,444240.54982399987,833,1,16,1,16,0.6754285714285714,0.05028571428571429,1.0000000000000002,False,0.6452694102672888,-0.002235615584822326,True,False,,51.5,,0,[],[],0,False,False,,,94.0,True,,,0.0,,False,51.5,0,,False,[],,False,833.0,52.06,True
0x0619fbbc8ac97e2c056aa9ca5553c5fc990726be,tron,USDT,1597450.8,1379001.0,USDT,1597450.8,61,7,15,8,22,0.2755102040816326,0.8775510204081632,0.8632509996552006,False,0.5370328897910317,-0.016587314966776234,True,False,,51.4,,0,[],[],0,False,False,,,9.6,False,,,0.0,,False,51.4,0,,False,[],,False,8.71,4.07,False
0x26bf55b0e70abc6131937e07b2e951dcb27d68b4,tron,USDT,1177337.648239,953034.19,USDT,1177337.648239,648,1,3,8,20,0.023943661971830985,0.14366197183098592,0.8094824721060254,False,0.6473016704924821,0.00026294144123317764,False,False,,51.2,,0,[],[],0,False,False,,,86.8,False,,,0.0,,False,51.2,0,,False,[],,False,648.0,216.0,True
0xf46ab5fd4e1485de2b6a9f33df46b09c89688e0d,tron,USDT,107589.28992100003,0.0,USDT,107589.28992100003,173,0,0,8,24,0.27896995708154504,0.3905579399141631,0.0,True,0.42117098005939757,-0.032284260224553774,True,False,,51.2,,0,[],[],0,False,False,,,77.2,False,,,0.0,,False,51.2,0,,False,[],,False,173.0,173.0,True
0x3f0c3780f170389b068a429ae18d33e36f5b68cc,tron,USDT,755130.2212260002,745012.435886,USDT,755130.2212260002,414,6,25,8,24,0.06823821339950373,0.4305210918114144,0.986601270806546,False,0.8055722694349622,0.022573821728777754,False,False,,51.2,,0,[],[],0,False,False,,,53.3,False,,,0.0,,False,51.2,0,,False,[],,False,69.0,16.56,False
0x4f9d00d0c0b7be06a454ee218112d3744aea71ea,tron,USDT,1442588.148064,1380000.0,USDT,1442588.148064,480,1,6,8,24,0.14532019704433496,0.5845648604269293,0.9566139870565308,False,0.7679031962233553,0.017523862699373338,False,False,,51.1,,0,[],[],0,False,False,,,63.7,False,,,0.0,,False,51.1,0,,False,[],,False,480.0,80.0,True
0x5ca9d4614e5426212ded35fb40951c1dc47926d1,tron,USDT,46131.47380400001,0.0,USDT,46131.47380400001,202,0,0,7,21,0.35944700460829493,0.004608294930875576,0.0,True,0.28932965634280866,-0.05019621093753068,True,False,,51.1,,0,[],[],0,False,False,,,85.6,False,,,0.0,,False,51.1,0,,False,[],,False,202.0,202.0,True
0x3054a4e75754f022e51057274a7da91925de322e,tron,USDT,1227315.3100320003,1270000.0,USDT,1227315.3100320003,416,4,11,8,24,0.24931356397583745,0.37397034596375617,1.0347789110256327,False,0.790477395563223,0.020877290596668208,False,False,,51.1,,0,[],[],0,False,False,,,48.0,False,,,0.0,,False,51.1,0,,False,[],,False,104.0,37.82,False
0xb601a8a0e6cf3fc218949187d9c4437ea2bf44cb,tron,USDT,1097107.1399970006,1188000.0,USDT,1097107.1399970006,680,3,8,8,23,0.06167400881057269,0.16005873715124816,1.0828477517731294,False,0.7272361348384161,0.014373974647741039,False,False,,50.7,,0,[],[],0,False,False,,,40.7,False,,,0.0,,False,50.7,0,,False,[],,False,226.67,85.0,False
0x6a9db7bea6ca48b21faa1cce26c76915027cc477,tron,USDT,1008757.55,552465.84,USDT,1008757.55,98,22,25,2,12,0.5634920634920635,0.8253968253968254,0.5476695961284255,False,0.575146986684319,-0.007184523502819062,True,False,,50.7,,0,[],[],0,False,False,,,23.8,False,,,0.0,,False,50.7,0,,False,[],,False,4.45,3.92,False
0xd931eb0dbc0fb38039437f4bbcedaebe12713017,tron,USDT,59723.947400000005,0.0,USDT,59723.947400000005,142,0,0,8,24,0.2019704433497537,0.3793103448275862,0.0,True,0.4031820110309715,-0.03088066346545637,True,False,,50.5,,0,[],[],0,False,False,,,81.5,False,,,0.0,,False,50.5,0,,False,[],,False,142.0,142.0,True
0x5e1d2eb15156f3f4359c1812bf15c2402bdfc93c,tron,USDT,1201987.895498,1317000.0,USDT,1201987.895498,391,4,14,8,24,0.3118811881188119,0.32838283828382836,1.095684910748913,False,0.7683683212019358,0.02103189230641589,False,False,,50.5,,0,[],[],0,False,False,,,57.6,False,,,0.0,,False,50.5,0,,False,[],,False,97.75,27.93,False
0x659e770ea0cc53ac782efea27c6037ce13acd0ce,tron,USDT,1970608.9384,2050000.0,USDT,1970608.9384,59,2,3,6,14,0.0,0.5416666666666666,1.0402875781454946,False,0.7311024334587246,0.017790357973443305,False,False,,50.2,,0,[],[],0,False,False,,,8.2,False,,,0.0,,False,50.2,0,,False,[],,False,29.5,19.67,False
0x1f29ea4264e7d45552cf209f26c2124199ba1ebd,tron,USDT,572100.0,555211.0,USDT,572100.0,63,14,22,8,24,0.3114754098360656,1.0,0.9704789372487327,False,0.5723944722185204,-0.005037877100923294,True,False,,50.2,,0,[],[],0,False,False,,,10.8,False,,,0.0,,False,50.2,0,,False,[],,False,4.5,2.86,False
0xb0dc56b5e9445624e3f86eea9b2f4f9fb84837b3,tron,USDT,418660.6579719999,407400.0,USDT,418660.6579719999,641,2,22,8,19,0.16415662650602408,0.6234939759036144,0.9731031379290647,False,0.8265043781161482,0.032625907452923486,False,False,,50.0,,0,[],[],0,False,False,,,40.6,False,,,0.0,,False,50.0,0,,False,[],,False,320.5,29.14,False
0x7cda431af99bdfb1eb93f1d67a3facd55fc82358,tron,USDT,68569.10998399998,65086.557874,USDT,68569.10998399998,69,11,11,2,15,0.046875,0.2421875,0.9492110644164318,False,0.6703046651531209,0.010825563221673384,False,False,,49.9,,0,[],[],0,False,False,,,39.0,False,,,0.0,,False,49.9,0,,False,[],,False,6.27,6.27,False
0xb79b051bfff97f0eb0c20727dcc7b5c77b7e7fff,tron,USDT,1232250.0,1222942.0,USDT,1232250.0,77,15,24,8,20,0.15333333333333332,0.26,0.9924463379995943,False,0.558247434761565,-0.0053682472322419406,True,False,,49.9,,0,[],[],0,False,False,,,17.6,False,,,0.0,,False,49.9,0,,False,[],,False,5.13,3.21,False
0xb3aca448c2120439ce5c3435dc7796b95b00e019,tron,USDT,772680.91698,736538.1400000001,USDT,772680.91698,57,15,23,8,16,0.15384615384615385,0.3956043956043956,0.9532241884253299,False,0.6495756819786596,0.007892863167736075,False,False,,49.9,,0,[],[],0,False,False,,,6.7,False,,,0.0,,False,49.9,0,,False,[],,False,3.8,2.48,False
0x4d9461b699808af40a6dfd4761a203d642c45e15,tron,USDT,747292.4086199998,762000.0,USDT,747292.4086199998,611,2,20,8,24,0.18638199653779572,0.17311021350259664,1.0196811732734716,False,0.7455546435803503,0.021853325195193563,False,False,,49.8,,0,[],[],0,False,False,,,62.6,False,,,0.0,,False,49.8,0,,False,[],,False,305.5,30.55,False
0x22530df2704ca6350fbd2be223a78138a2d38f18,tron,USDT,274769.40813799994,0.0,USDT,274769.40813799994,149,0,0,8,24,0.09494949494949495,0.050505050505050504,0.0,True,0.2985999151463725,-0.0417730212916253,True,False,,49.8,,0,[],[],0,False,False,,,71.3,False,,,0.0,,False,49.8,0,,False,[],,False,149.0,149.0,True
0x4735d24abb7ccbd8724c026a590016d3bcabf9e0,tron,USDT,555478.208357,563880.0,USDT,555478.208357,392,5,5,8,24,0.18900804289544235,0.3485254691689008,1.0151253307809336,False,0.7889774794526381,0.02814176928187373,False,False,,49.8,,0,[],[],0,False,False,,,66.4,False,,,0.0,,False,49.8,0,,False,[],,False,78.4,78.4,False
0xe0f61e4718335bf45f83ed643177f3171d515fc2,tron,USDT,141275.39554400003,141275.39554399997,USDT,141275.39554400003,51,15,16,2,14,0.23529411764705882,0.5686274509803921,0.9999999999999996,False,0.6429147221043698,0.007574365619989032,False,False,,49.8,,0,[],[],0,False,False,,,1.4,False,,,0.0,,False,49.8,0,,False,[],,False,3.4,3.19,False
0xded04dc16db5f622a30acbad9677564fd4ff7946,tron,USDT,750471.2404830001,710710.1219,USDT,750471.2404830001,56,10,18,7,18,0.08333333333333333,0.4642857142857143,0.9470184646150998,False,0.6552713212641316,0.012701020205006297,False,False,,49.2,,0,[],[],0,False,False,,,6.0,False,,,0.0,,False,49.2,0,,False,[],,False,5.6,3.11,False
0xabf863f79cb83924cfb97083357cd8244aa97eee,tron,USDT,339463.300367,342700.0,USDT,339463.300367,623,4,20,8,24,0.053763440860215055,0.006144393241167435,1.009534755684932,False,0.6635364090666623,0.014221068230100609,False,False,,49.1,,0,[],[],0,False,False,,,45.2,False,,,0.0,,False,49.1,0,,False,[],,False,155.75,31.15,False
0x3122b5166500c9cd0c412504548a94725899aab8,tron,USDT,1750683.705785,1741413.0,USDT,1750683.705785,387,4,15,8,18,0.2627840909090909,0.2585227272727273,0.9947045227219711,False,0.7700058175694261,0.030760118092768796,False,False,,48.9,,0,[],[],0,False,False,,,39.8,False,,,0.0,,False,48.9,0,,False,[],,False,96.75,25.8,False
0x05a2f2e1156c94261d99e1b0f4be588a566958dd,tron,USDT,306735.2,263496.6,USDT,306735.2,77,14,20,8,18,0.0989010989010989,0.03296703296703297,0.8590360675918511,False,0.5919599500478568,0.0050622042301091685,False,False,,48.9,,0,[],[],0,False,False,,,17.6,False,,,0.0,,False,48.9,0,,False,[],,False,5.5,3.85,False
0xf7f374fab036318e0a5102c92e73b4a62c658ef1,tron,USDT,1424296.138613,921308.02,USDT,1424296.138613,320,9,18,4,7,0.0,0.023017902813299233,0.6468514482509115,False,0.7025777567694016,0.021551804151049514,False,False,,48.8,,0,[],[],0,False,False,,,39.3,False,,,0.0,,False,48.8,0,,False,[],,False,35.56,17.78,False
0x1340fd86a0b2713be93191e961317edcaf8309ea,tron,USDT,1628377.230608,1633000.0,USDT,1628377.230608,500,1,20,8,22,0.2969374167776298,0.022636484687083888,1.0028388811296962,False,0.6293855542789398,0.011600396858674644,False,False,,48.7,,0,[],[],0,False,False,,,63.8,False,,,0.0,,False,48.7,0,,False,[],,False,500.0,25.0,True
0x164105a2f1a3229ab4e1803f0d3780f787f1ecd3,tron,USDT,652407.794372,665000.0,USDT,652407.794372,597,2,17,8,24,0.18149253731343284,0.17432835820895523,1.0193011268973589,False,0.7466064695717375,0.028601185312311372,False,False,,48.7,,0,[],[],0,False,False,,,62.5,False,,,0.0,,False,48.7,0,,False,[],,False,298.5,35.12,False
0x7cfa58092c599462444bbd5fbedb12fddc7e0650,tron,USDT,105184.751,105184.75,USDT,105184.751,505,5,13,7,2,1.0,0.1306930693069307,0.9999999904929184,False,0.7253075924982443,0.025743259764810955,False,False,,48.6,,0,[],[],0,False,False,,,69.7,False,,,0.0,,False,48.6,0,,False,[],,False,101.0,38.85,False
0x09777788873ac1b82541b8fcedeb1b8887d11a8e,tron,USDT,1664532.3527760005,1672992.0,USDT,1664532.3527760005,360,6,6,8,24,0.0440771349862259,0.3608815426997245,1.0050822966642199,False,0.7911133667172197,0.03515087291314811,False,False,,48.6,,0,[],[],0,False,False,,,39.7,False,,,0.0,,False,48.6,0,,False,[],,False,60.0,60.0,False
0x6371ebbbdb3eba24fbffcdc75f8f107a4710b194,tron,USDT,836065.9043,837684.272883,USDT,836065.9043,104,18,22,7,15,0.043859649122807015,0.03508771929824561,1.001935694990881,False,0.6845725555287648,0.02160223992577892,False,False,,48.3,,0,[],[],0,False,False,,,26.4,False,,,0.0,,False,48.3,0,,False,[],,False,5.78,4.73,False
0xcc1aa1e65e2e86131d2c13b4d1eb648619d9ef2f,tron,USDT,464083.243414,464083.243414,USDT,464083.243414,481,1,2,2,3,0.0,0.10334788937409024,1.0,False,0.8102036487059823,0.04028533600267181,False,False,,48.2,,0,[],[],0,False,False,,,63.7,False,,,0.0,,False,48.2,0,,False,[],,False,481.0,240.5,True
0x978b34b41aec63248b34e5db28008eba8cad99a5,tron,USDT,178062.38999999996,177493.0,USDT,178062.38999999996,218,6,16,8,24,0.22448979591836735,0.3673469387755102,0.99680230058689,False,0.7784652543473313,0.03594464898757299,False,False,,48.2,,0,[],[],0,False,False,,,64.2,False,,,0.0,,False,48.2,0,,False,[],,False,36.33,13.62,False
0x48099773cce87e6a6a158c9ca1b618ad3213602b,tron,USDT,85837.64660000001,0.0,USDT,85837.64660000001,166,0,0,8,24,0.16796875,0.0859375,0.0,True,0.32011030971574034,-0.028207577262648553,True,False,,48.0,,0,[],[],0,False,False,,,89.1,False,,,0.0,,False,48.0,0,,False,[],,False,166.0,166.0,True
0x20d9b23fa1c9f55215aaf76e5b72e20cc15d1d01,tron,USDT,1007596.3099999999,1002304.11,USDT,1007596.3099999999,101,16,17,1,11,0.07801418439716312,0.8297872340425532,0.9947476981133446,False,0.824766255787285,0.04423107981489749,False,False,,47.9,,0,[],[],0,False,False,,,25.2,False,,,0.0,,False,47.9,0,,False,[],,False,6.31,5.94,False
0x6c57912a2a05e0695c95e9030125e9c83b2bf660,tron,USDT,357604.289635,340824.0,USDT,357604.289635,52,18,23,8,20,0.060240963855421686,0.18072289156626506,0.9530758155833999,False,0.41528635531014624,-0.013988284588367761,True,False,,47.9,,0,[],[],0,False,False,,,2.3,False,,,0.0,,False,47.9,0,,False,[],,False,2.89,2.26,False
0x38a61b7af8413b799516a70283a06b3a2abbe8e1,tron,USDT,469400.0,440100.0,USDT,469400.0,57,6,16,8,12,0.44660194174757284,1.0,0.9375798892202812,False,0.5860310393629362,0.011118834265738675,False,False,,47.7,,0,[],[],0,False,False,,,6.7,False,,,0.0,,False,47.7,0,,False,[],,False,9.5,3.56,False
0xf93914fa39e093f6fa82bbacec1462ac0c868fec,tron,USDT,31590.14,24660.0,USDT,31590.14,58,16,23,8,17,0.11538461538461539,0.1452991452991453,0.7806233210742339,False,0.5508637393103071,0.006317566809906139,False,False,,47.7,,0,[],[],0,False,False,,,36.1,False,,,0.0,,False,47.7,2,141343.0,True,[],,False,3.62,2.52,False
0x21b91f5dbec41ade3cf11a47c88356fe14c3ffd9,tron,USDT,1425373.756247,1390000.0,USDT,1425373.756247,310,3,24,8,24,0.06585365853658537,0.4951219512195122,0.9751828205816424,False,0.8059614686559976,0.043164285010044656,False,False,,47.6,,0,[],[],0,False,False,,,39.2,False,,,0.0,,False,47.6,0,,False,[],,False,103.33,12.92,False
0x88552414c10ce14e2d5b21105bf5525378e5e4c5,tron,USDT,586132.818421,0.0,USDT,586132.818421,121,0,0,8,20,0.2777777777777778,0.6851851851851852,0.0,True,0.41603733559609674,-0.011997470515351494,True,False,,47.5,,0,[],[],0,False,False,,,54.9,False,,,0.0,,False,47.5,0,,False,[],,False,121.0,121.0,True
0xe1bfec8a05098ed7e9c285c2f2eb09094fe74aea,tron,USDT,197576.80929799992,193760.22,USDT,197576.80929799992,395,4,23,5,15,0.21892542101042503,0.0,0.9806830097542295,False,0.7952032120484276,0.04250384844136279,False,False,,47.4,,0,[],[],0,False,False,,,68.6,False,,,0.0,,False,47.4,0,,False,[],,False,98.75,17.17,False
0x4a16eaeb5d048214fc43332d63db26e1677f8291,tron,USDT,1981538.6208759996,1780000.0,USDT,1981538.6208759996,171,4,25,8,24,0.12447257383966245,0.379746835443038,0.8982918532332702,False,0.7481140346262892,0.036062296738811894,False,False,,47.4,,0,[],[],0,False,False,,,35.9,False,,,0.0,,False,47.4,0,,False,[],,False,42.75,6.84,False
0x1486acca46e636224f0b0efc22e49778392fc117,tron,USDT,14156.63,12211.405999999999,USDT,14156.63,63,12,20,8,15,0.12195121951219512,0.036585365853658534,0.8625927215728602,False,0.5445168472420222,0.007419430741523847,False,False,,47.3,,0,[],[],0,False,False,,,41.4,False,,,0.0,,False,47.3,0,,False,[],,False,5.25,3.15,False
0xa786414128ec1be01850fb8bc02a5c44f2502992,tron,USDT,38910.72103300001,0.0,USDT,38910.72103300001,121,0,0,8,23,0.20253164556962025,0.012658227848101266,0.0,True,0.25608824777259226,-0.03319385238826389,True,False,,47.2,,0,[],[],0,False,False,,,83.3,False,,,0.0,,False,47.2,0,,False,[],,False,121.0,121.0,True
0xba40d128ab6eab7c3f072d8458e0187b9833ff9c,tron,USDT,18251.759999999995,14154.605493999998,USDT,18251.759999999995,51,14,18,7,18,0.11320754716981132,0.0,0.7755200317120103,False,0.4236445239495298,-0.00920457009297071,True,False,,47.2,,0,[],[],0,False,False,,,27.6,False,,,0.0,,False,47.2,0,,False,[],,False,3.64,2.83,False
0x67184e644622d3b20b660215d945f48f424f9cbf,tron,USDT,105989.425783,105989.7,USDT,105989.425783,509,1,10,7,6,0.10243055555555555,0.03993055555555555,1.000002587210922,False,0.7881836149294745,0.04377083066179288,False,False,,47.0,,0,[],[],0,False,False,,,85.9,False,,,0.0,,False,47.0,0,,False,[],,False,509.0,50.9,True
0xaba3735a644b81d45bcf1d6165a7a2bf151fade7,tron,USDT,184412.51688500002,16904.371,USDT,184412.51688500002,57,4,4,8,18,0.0,0.5164835164835165,0.09166607172625704,True,0.4449984667847932,-0.004641057342381849,True,False,,47.0,,0,[],[],0,False,False,,,6.7,False,,,0.0,,False,47.0,3,141330.0,True,[],,False,14.25,14.25,False
0x761bd41b8b641ab806a1e8301483d45ede2f25aa,tron,USDT,998683.33,0.0,USDT,998683.33,87,0,0,1,14,0.0,0.7904761904761904,0.0,True,0.490560033941451,0.002053540065294568,False,False,,46.9,,0,[],[],0,False,False,,,44.1,False,,,0.0,,False,46.9,0,,False,[],,False,87.0,87.0,True
0x0dc13a002c77660392640df2140877aab4d5fafc,tron,USDT,29348.06,22129.0,USDT,29348.06,65,4,4,7,16,0.07142857142857142,0.05714285714285714,0.754019175373091,False,0.5880333641369857,0.016076460920786517,False,False,,46.9,,0,[],[],0,False,False,,,31.6,False,,,0.0,,False,46.9,0,,False,[],,False,16.25,16.25,False
0xe98e907389c1c31822ab7c68f8332b0d4abf32eb,tron,USDT,1644407.604926,1654512.0,USDT,1644407.604926,391,4,10,8,24,0.12060301507537688,0.18341708542713567,1.0061447022281649,False,0.748177084161919,0.03970325505375982,False,False,,46.8,,0,[],[],0,False,False,,,39.9,False,,,0.0,,False,46.8,2,140990.0,True,[],,False,97.75,39.1,False
0xdd6f2101a37b82a8c09f7d093f63b10a71cc4c8c,tron,USDT,359192.07999999996,326343.93000000005,USDT,359192.07999999996,123,14,22,8,24,0.1391509433962264,0.42452830188679247,0.9085499045524614,False,0.6789310246101105,0.029714646779951392,False,False,,46.8,,0,[],[],0,False,False,,,31.7,False,,,0.0,,False,46.8,0,,False,[],,False,8.79,5.59,False
0x06c86c3ea69445a4193339d89b54658663d9cc90,tron,USDT,637365.7118169998,712846.5118619999,USDT,637365.7118169998,104,17,25,8,22,0.04054054054054054,0.46396396396396394,1.1184262012304045,False,0.6404216753245597,0.023895012483683087,False,False,,46.8,,0,[],[],0,False,False,,,26.4,False,,,0.0,,False,46.8,0,,False,[],,False,6.12,4.16,False
0xf16bfa7e280e778df7fb0511ad0eaf1fbc1f49ab,tron,USDT,1313803.2982140002,1189264.432,USDT,1313803.2982140002,74,15,19,7,11,0.0,0.2830188679245283,0.9052073728363297,False,0.6865569603542833,0.030753230646927365,False,False,,46.8,,0,[],[],0,False,False,,,16.4,False,,,0.0,,False,46.8,0,,False,[],,False,4.93,3.89,False
0xe55f482e49b31c3d22e40547145f456097de6f67,tron,USDT,413719.17910399986,413719.17910400004,USDT,413719.17910399986,578,1,9,1,10,0.0,0.03361344537815126,1.0000000000000004,False,0.7865294866355536,0.045901410430365774,False,False,,46.6,,0,[],[],0,False,False,,,94.8,True,,,0.0,,False,46.6,0,,False,[],,False,578.0,64.22,True
0x5fc804c6362731f2d71b822d1978ab339403e293,tron,USDT,136275.77026300004,0.0,USDT,136275.77026300004,138,0,0,8,22,0.22,0.17333333333333334,0.0,True,0.3481120067882902,-0.016154874387433904,True,False,,46.6,,0,[],[],0,False,False,,,70.2,False,,,0.0,,False,46.6,0,,False,[],,False,138.0,138.0,True
0x655a21d977be3d167c26ce6e9929c0136a34ec2f,tron,USDT,10050.734493,0.0,USDT,10050.734493,117,0,0,8,23,0.1282051282051282,0.08547008547008547,0.0,True,0.28302927450148496,-0.025819864477562793,True,False,,46.6,,0,[],[],0,False,False,,,84.9,False,,,0.0,,False,46.6,0,,False,[],,False,117.0,117.0,True
0xdddf179b834378b24eff0323d36938115586d13c,tron,USDT,463327.28,605374.0,USDT,463327.28,59,3,20,8,24,0.14795918367346939,0.9489795918367347,1.3065796600623214,False,0.5451117302700983,0.012187556185696669,False,False,,46.5,,0,[],[],0,False,False,,,8.2,False,,,0.0,,False,46.5,0,,False,[],,False,19.67,2.95,False
0xd542942456cae0af4e9e5c8fdf9cc210cc4617d9,tron,USDT,13559.514898,8377.07,USDT,13559.514898,112,12,12,8,16,0.17419354838709677,0.03225806451612903,0.6178001250793714,False,0.6266359690124802,0.023937742978189624,False,False,,46.5,,0,[],[],0,False,False,,,59.6,False,,,0.0,,False,46.5,0,,False,[],,False,9.33,9.33,False
0xc6502aa2a30e2066816f40c759a820f530012355,tron,USDT,653259.0590590001,792810.9897190001,USDT,653259.0590590001,547,2,10,8,24,0.20969405293915436,0.0,1.2136241797565277,False,0.6096510656184866,0.021885233441479413,False,False,,46.4,,0,[],[],0,False,False,,,65.4,False,,,0.0,,False,46.4,0,,False,[],,False,273.5,54.7,False
0xead78a4448d06c04469f6b04b3fc2fb162bfe828,tron,USDT,34571.05,33178.65,USDT,34571.05,156,2,5,8,24,0.141643059490085,0.0,0.9597235258981142,False,0.604800029744748,0.021270474931858407,False,False,,46.4,,0,[],[],0,False,False,,,65.6,False,,,0.0,,False,46.4,0,,False,[],,False,78.0,31.2,False
0x79e3b25dd8965039904f31c2e2102efdd3b99a7c,tron,USDT,335726.57420000003,323703.23,USDT,335726.57420000003,54,17,22,8,21,0.17346938775510204,0.8571428571428571,0.9641870941296489,False,0.517954092563732,0.009168717410680483,False,False,,46.4,,0,[],[],0,False,False,,,4.3,False,,,0.0,,False,46.4,0,,False,[],,False,3.18,2.45,False
0xc901f5b73281c8241d08484208b05ed2577e8224,tron,USDT,143540.34263600004,50200.0,USDT,143540.34263600004,642,1,3,5,24,0.11996572407883462,0.19365895458440446,0.34972746391793685,True,0.4782187214641134,0.0038283389127986567,False,False,,46.3,,0,[],[],0,False,False,,,90.6,False,,,0.0,,False,46.3,0,,False,[],,False,642.0,214.0,True
0xe03028d0c58c144180e7dd71bec8cc09edf0e99f,tron,USDT,722237.2793280003,630000.0,USDT,722237.2793280003,499,2,4,8,24,0.2150858849887976,0.09410007468259896,0.8722895065541041,False,0.6811825512896075,0.0330115693492502,False,False,,46.3,,0,[],[],0,False,False,,,58.1,False,,,0.0,,False,46.3,0,,False,[],,False,249.5,124.75,False
0x7877695b2d263a882721ddc2b592786acb2ccf5a,tron,USDT,1439834.546141,1439834.546141,USDT,1439834.546141,331,4,20,2,18,0.029239766081871343,0.2046783625730994,1.0,False,0.902503182011031,0.06412677921423343,False,False,,46.3,,0,[],[],0,False,False,,,55.1,False,,,0.0,,False,46.3,0,,False,[],,False,82.75,16.55,False
0xa6727250946a4091e48322d1bd825c7575e4763d,tron,USDT,75830.726854,45197.528999999995,USDT,75830.726854,76,21,21,8,11,0.0,0.3431372549019608,0.5960318577325607,False,0.6450230877111282,0.027801914909330372,False,False,,46.3,,0,[],[],0,False,False,,,21.7,False,,,0.0,,False,46.3,0,,False,[],,False,3.62,3.62,False
0x46bf8dd442a724e8ea29ab35adccafc3cf996afe,tron,USDT,310689.25,454617.49,USDT,310689.25,62,21,23,8,19,0.10344827586206896,0.4224137931034483,1.463254650748296,False,0.4476969697230604,-0.0006044662664645983,True,False,,46.3,,0,[],[],0,False,False,,,10.2,False,,,0.0,,False,46.3,0,,False,[],,False,2.95,2.7,False
0xb676c2bd50652ea8c90d3339101b314d19cd9611,tron,USDT,402451.30194400024,328800.0,USDT,402451.30194400024,632,2,11,8,24,0.2534031413612565,0.218848167539267,0.8169932571015796,False,0.729181426133935,0.04015923802265298,False,False,,46.2,,0,[],[],0,False,False,,,67.2,False,,,0.0,,False,46.2,0,,False,[],,False,316.0,57.45,False
0xd77e3244e89012b35950ec6920e0892519effe38,tron,USDT,395432.048082,385555.0,USDT,395432.048082,391,8,18,8,24,0.07752808988764046,0.0022471910112359553,0.9750221355858547,False,0.6029382412877267,0.021990432639077073,False,False,,46.2,,0,[],[],0,False,False,,,65.7,False,,,0.0,,False,46.2,0,,False,[],,False,48.88,21.72,False
0x8fad8824e29aab04df1cdf35fd4814dc0b0a0bca,tron,USDT,25317.0,20606.274,USDT,25317.0,63,15,25,8,18,0.21333333333333335,0.14666666666666667,0.8139303234980448,False,0.5833630693665585,0.019348619614137252,False,False,,46.2,,0,[],[],0,False,False,,,20.5,False,,,0.0,,False,46.2,0,,False,[],,False,4.2,2.52,False
0x67bd73118e2d53b7bd8ae6a9445cbb6488f6a1e2,tron,USDT,1150306.6203780002,1150306.620378,USDT,1150306.6203780002,580,1,9,2,12,0.355,0.03333333333333333,0.9999999999999998,False,0.6365719134492999,0.027885964383461026,False,False,,46.0,,0,[],[],0,False,False,,,94.2,True,,,0.0,,False,46.0,2,140845.0,True,[],,False,580.0,64.44,True
0xc3bc962d982e179e838c7018f95f9168845312c2,tron,USDT,23866.35338700001,0.0,USDT,23866.35338700001,117,0,0,1,1,0.0,0.06837606837606838,0.0,True,0.42721680101824355,-0.0019052334332999576,True,False,,46.0,,0,[],[],0,False,False,,,80.7,False,,,0.0,,False,46.0,0,,False,[],,False,117.0,117.0,True
0x34b14d9066ac466ebb106b87937c9cde2674e4d2,tron,USDT,1362141.394706,1408182.0,USDT,1362141.394706,521,1,13,8,15,0.36416184971098264,0.02601156069364162,1.033800166027505,False,0.6257813329379016,0.026944759305411514,False,False,,45.9,,0,[],[],0,False,False,,,63.8,False,,,0.0,,False,45.9,0,,False,[],,False,521.0,40.08,True
0x9fd3da3d448ebcbaf487040af1a9c6e5cdadc29f,tron,USDT,1151188.0439400005,1096699.9075860002,USDT,1151188.0439400005,488,1,17,8,24,0.12121212121212122,0.2878787878787879,0.9526679097816966,False,0.720868753784935,0.04096141986567847,False,False,,45.9,,0,[],[],0,False,False,,,75.9,False,,,0.0,,False,45.9,0,,False,[],,False,488.0,28.71,True
0x702f23f0f910e192e7aafd6f6b77e4c68806782c,tron,USDT,1683134.4699999997,1500000.0,USDT,1683134.4699999997,165,1,1,8,24,0.2468354430379747,0.9082278481012658,0.8911943916162565,False,0.7327361205803579,0.04241847648586805,False,False,,45.9,,0,[],[],0,False,False,,,59.1,False,,,0.0,,False,45.9,2,141350.0,True,[],,False,165.0,165.0,True
0x6a397585823421c24c3c2a8336bcbbe49ec8f447,tron,USDT,10708.0,0.0,USDT,10708.0,89,0,0,8,18,0.15463917525773196,0.41237113402061853,0.0,True,0.4673313534153585,0.004489490821862341,False,False,,45.9,,0,[],[],0,False,False,,,75.6,False,,,0.0,,False,45.9,0,,False,[],,False,89.0,89.0,True
0x100153984881887cd0402ec64ec25a02a183aa12,tron,USDT,499507.81,409367.28,USDT,499507.81,67,1,6,7,18,0.019230769230769232,0.9519230769230769,0.819541300064958,False,0.7072260368479513,0.0384873241470578,False,False,,45.9,,0,[],[],0,False,False,,,36.8,False,,,0.0,,False,45.9,0,,False,[],,False,67.0,11.17,True
0xc6f62c5dfad00fe1f04249102c7a0b8e81dd974c,tron,USDT,95698.94436400004,0.0,USDT,95698.94436400004,130,0,0,8,24,0.04375,0.21875,0.0,True,0.3590581247348324,-0.01015250322877459,True,False,,45.8,,0,[],[],0,False,False,,,80.0,False,,,0.0,,False,45.8,0,,False,[],,False,130.0,130.0,True
0x7392f31ac05b1ea6103c16ddbb1109b0785da2f9,tron,USDT,46690.292341,78028.55,USDT,46690.292341,105,16,25,8,18,0.12080536912751678,0.10738255033557047,1.6711942908843396,False,0.5812893556542733,0.021640950943838444,False,False,,45.8,,0,[],[],0,False,False,,,41.5,False,,,0.0,,False,45.8,0,,False,[],,False,6.56,4.2,False
0x6ccefb9bef40a48b1be70c70f8102c5d9c6de84e,tron,USDT,115251.707984,110408.32,USDT,115251.707984,51,16,17,8,17,0.16483516483516483,0.23076923076923078,0.9579755643649778,False,0.5754941370562794,0.020471372609862093,False,False,,45.8,,0,[],[],0,False,False,,,11.1,False,,,0.0,,False,45.8,0,,False,[],,False,3.19,3.0,False
0xaf725303909f6e0d0590d9a5580193ffc502c536,tron,USDT,145847.758784,237798.0,USDT,145847.758784,670,1,5,4,24,0.13006029285099052,0.18949181739879414,1.630453576953335,False,0.5817582451523963,0.021961661097466223,False,False,,45.7,,0,[],[],0,False,False,,,90.7,False,,,0.0,,False,45.7,0,,False,[],,False,670.0,134.0,True
0xd92243c9c40663eac6ceae6f7c285d02facf9932,tron,USDT,445412.38123999996,488751.20707899996,USDT,445412.38123999996,693,2,9,8,6,0.997716894977169,0.04452054794520548,1.0973004515912814,False,0.6732212843105091,0.03474951547199412,False,False,,45.7,,0,[],[],0,False,False,,,68.7,False,,,0.0,,False,45.7,0,,False,[],,False,346.5,77.0,False
0x6121eb5c7f516d157f9299f553cad3a558f27e6e,tron,USDT,96210.206,101000.0,USDT,96210.206,53,5,7,8,24,0.18226600985221675,0.11330049261083744,1.0497846766901215,False,0.4367762000035115,0.0016212435726881136,False,False,,45.7,,0,[],[],0,False,False,,,25.7,False,,,0.0,,False,45.7,0,,False,[],,False,10.6,7.57,False
0x095312bbb075f7de022423d0023c0b9bede7f60e,tron,USDT,1534543.1600000001,1565267.91,USDT,1534543.1600000001,62,11,15,8,22,0.25,0.25,1.020022082663351,False,0.49917759449830135,0.010484784465712327,False,False,,45.7,,0,[],[],0,False,False,,,10.2,False,,,0.0,,False,45.7,2,141326.0,True,[],,False,5.64,4.13,False
0xd1f5c7c13aaa792cb7a6ad72c89715c9ac1dfea1,tron,USDT,173354.744979,94822.99,USDT,173354.744979,59,22,23,8,20,0.34285714285714286,0.8071428571428572,0.5469881427905925,False,0.460649219563634,0.005282266528593871,False,False,,45.6,,0,[],[],0,False,False,,,8.2,False,,,0.0,,False,45.6,2,141317.0,True,[],,False,2.68,2.57,False
0x437eb5b3bed319e1c603cbecb8303e1b4aff636c,tron,USDT,302570.17999999993,13217.810000000001,USDT,302570.17999999993,198,12,14,8,16,0.015151515151515152,0.601010101010101,0.043685104725125275,True,0.6130221291334,0.027758476730015413,False,False,,45.5,,0,[],[],0,False,False,,,37.0,False,,,0.0,,False,45.5,0,,False,[],,False,16.5,14.14,False
0x9f5e952dd02cb21eb91f7bbded5fdcc8b36c13c9,tron,USDT,367729.47240200004,418927.218564,USDT,367729.47240200004,69,16,24,7,17,0.014492753623188406,0.11594202898550725,1.1392266598257068,False,0.5999230176318039,0.0257045801756417,False,False,,45.5,,0,[],[],0,False,False,,,14.3,False,,,0.0,,False,45.5,0,,False,[],,False,4.31,2.88,False
0x0f5af8c0719b76bee971bd0e9e41b45b9c19c59e,tron,USDT,427813.63999999996,473552.74,USDT,427813.63999999996,362,8,18,7,14,0.5066803699897225,0.050359712230215826,1.1069136084581128,False,0.6158255939638717,0.02860176265405545,False,False,,45.4,,0,[],[],0,False,False,,,68.5,False,,,0.0,,False,45.4,0,,False,[],,False,45.25,20.11,False
0xb992bb96430d10899fe663a69e18cbe6c40c37dd,tron,USDT,1295823.27,1203566.0,USDT,1295823.27,173,9,22,8,24,0.25227963525835867,0.9209726443768997,0.9288041261984745,False,0.7439279868858553,0.04666724211465634,False,False,,45.4,,0,[],[],0,False,False,,,36.0,False,,,0.0,,False,45.4,0,,False,[],,False,19.22,7.86,False
0xa34616e95de110abc5668c57d6db1cd00a317d5d,tron,USDT,362334.0834,297638.0,USDT,362334.0834,191,13,19,5,8,0.225130890052356,0.3507853403141361,0.8214463216021041,False,0.8327873551138022,0.05964068950562362,False,False,,45.4,,0,[],[],0,False,False,,,36.7,False,,,0.0,,False,45.4,0,,False,[],,False,14.69,10.05,False
0x9a8a38f4fc1367728593c6bcb5ddf62fd85dcd34,tron,USDT,16022.888205999998,14567.8,USDT,16022.888205999998,100,17,17,8,23,0.15841584158415842,0.039603960396039604,0.909186896438863,False,0.5067631323637166,0.013804250277677399,False,False,,45.3,,0,[],[],0,False,False,,,53.3,False,,,0.0,,False,45.3,0,,False,[],,False,5.88,5.88,False
0xec39b1f057cadac52b6bcf1a3901c33f3b38248d,tron,USDT,1589528.6508089998,1623374.0,USDT,1589528.6508089998,482,1,12,8,23,0.3988439306358382,0.06502890173410404,1.02129269527402,False,0.6411381516537238,0.03328164291813562,False,False,,45.2,,0,[],[],0,False,False,,,63.7,False,,,0.0,,False,45.2,0,,False,[],,False,482.0,40.17,True
0xddc23ad6af8b2323725b8a0330c5a75a8fd02a47,tron,USDT,999570.091,0.0,USDT,999570.091,98,0,0,2,20,0.1810344827586207,0.7844827586206896,0.0,True,0.3642554094187527,-0.006165734672575529,True,False,,45.2,,0,[],[],0,False,False,,,47.4,False,,,0.0,,False,45.2,0,,False,[],,False,98.0,98.0,True
0x60478b37ef3bf579c7f6c145118142c87e7fed04,tron,USDT,13867.13,12832.090000000002,USDT,13867.13,72,16,17,8,19,0.23622047244094488,0.28346456692913385,0.9253601862822374,False,0.5347962629670966,0.018268936195985797,False,False,,45.2,,0,[],[],0,False,False,,,45.1,False,,,0.0,,False,45.2,0,,False,[],,False,4.5,4.24,False
0x26919cec0ab839c6fb8cf99260582e0a916084a1,tron,USDT,226820.661218,220000.0,USDT,226820.661218,467,2,20,8,18,0.09513742071881606,0.3403805496828753,0.9699292772476111,False,0.9356065597346305,0.07594623933516437,False,False,,45.1,,0,[],[],0,False,False,,,40.1,False,,,0.0,,False,45.1,0,,False,[],,False,233.5,23.35,False
0x70df8d43b4786212b63cdeb61b10ca89b4b66c6a,tron,USDT,76461.63009600002,78000.64,USDT,76461.63009600002,238,2,15,8,24,0.20273972602739726,0.0027397260273972603,1.020127872006753,False,0.641922664885879,0.0337502758228857,False,False,,45.1,,0,[],[],0,False,False,,,67.8,False,,,0.0,,False,45.1,0,,False,[],,False,119.0,15.87,False
0x1212777ad383a2453833faaa84d48bd118766096,tron,USDT,1847085.687545,1769603.59,USDT,1847085.687545,115,8,22,8,14,0.2,0.4774193548387097,0.9580517037907521,False,0.833273471857005,0.06108581677220104,False,False,,45.1,,0,[],[],0,False,False,,,30.0,False,,,0.0,,False,45.1,2,141274.0,True,[],,False,14.38,5.23,False
0xbd87bdee21cd81b1679cb891c5f1ae7bd2c9527f,tron,USDT,64359.42,0.0,USDT,64359.42,145,0,0,8,22,0.21910112359550563,0.12921348314606743,0.0,True,0.32955027577428936,-0.009705679108479526,True,False,,45.0,,0,[],[],0,False,False,,,77.5,False,,,0.0,,False,45.0,0,,False,[],,False,145.0,145.0,True
0x1b746bfebec1a0859f5487794c281dd07b4e7d7b,tron,USDT,261977.99028400003,261900.0,USDT,261977.99028400003,461,1,16,7,10,0.0,0.33540372670807456,0.9997023021517362,False,0.890458067558052,0.07040145735095316,False,False,,44.9,,0,[],[],0,False,False,,,63.6,False,,,0.0,,False,44.9,0,,False,[],,False,461.0,28.81,True
0xb8ad8dd3d3becf82d29ce61818463b0bca7b3aae,tron,USDT,11171.836053,3947.0,USDT,11171.836053,51,17,19,7,13,0.03225806451612903,0.12903225806451613,0.35329913375698907,True,0.31183504949217,-0.010700142083674202,True,False,,44.7,,0,[],[],0,False,False,,,31.8,False,,,0.0,,False,44.7,0,,False,[],,False,3.0,2.68,False
0xbc828ab113a1d12d16a78f3a09966386c19affea,tron,USDT,514804.5661849998,482701.14503200003,USDT,514804.5661849998,630,1,7,8,21,0.0536231884057971,0.007246376811594203,0.9376395951751074,False,0.6046683517885216,0.0316421589488578,False,False,,44.6,,0,[],[],0,False,False,,,64.1,False,,,0.0,,False,44.6,0,,False,[],,False,630.0,90.0,True
0xdea7ba1b6265fcb597c6763a065fb8a0207b954d,tron,USDT,134991.74169700034,130312.141876,USDT,134991.74169700034,495,2,4,2,3,0.0,0.009345794392523364,0.9653341770231836,False,0.8114800725705257,0.06073353382612595,False,False,,44.6,,0,[],[],0,False,False,,,57.7,False,,,0.0,,False,44.6,0,,False,[],,False,247.5,123.75,False
0x8e7b1311e57b060d9c67c23501a1d2c6baec3ac5,tron,USDT,34005.2,0.0,USDT,34005.2,120,0,0,8,19,0.17803030303030304,0.08712121212121213,0.0,True,0.28803563852354686,-0.013844185832105227,True,False,,44.6,,0,[],[],0,False,False,,,85.5,False,,,0.0,,False,44.6,0,,False,[],,False,120.0,120.0,True
0x9305075726306bdb28d7df71f22c3afafc671a08,tron,USDT,575023.630817,597977.8300000001,USDT,575023.630817,55,8,21,6,15,0.3055555555555556,0.5277777777777778,1.0399187058632469,False,0.5080748078303206,0.017742320223809616,False,False,,44.6,,0,[],[],0,False,False,,,5.2,False,,,0.0,,False,44.6,0,,False,[],,False,6.88,2.62,False
0x35643fa12f6fb62dba932d4473551950daac37fa,tron,USDT,363418.92999999993,363950.08,USDT,363418.92999999993,73,13,25,8,13,0.2396694214876033,0.4132231404958678,1.001461536414738,False,0.7303822790556185,0.04926548262515462,False,False,,44.6,,0,[],[],0,False,False,,,16.1,False,,,0.0,,False,44.6,0,,False,[],,False,5.62,2.92,False
0xaedb021236debb0da38243ed6e7029ed1a29f149,tron,USDT,17605.811627,14503.237273,USDT,17605.811627,52,12,25,8,16,0.057692307692307696,0.0,0.8237755566325645,False,0.4399778520986809,0.008246192041737044,False,False,,44.6,,0,[],[],0,False,False,,,19.0,False,,,0.0,,False,44.6,0,,False,[],,False,4.33,2.08,False
0x32e89ec230dbbd5e454ee675efe1475081fe327c,tron,USDT,999008.39,0.0,USDT,999008.39,93,0,0,2,20,0.25,0.71875,0.0,True,0.35163343232923205,-0.004192873737054792,True,False,,44.5,,0,[],[],0,False,False,,,45.9,False,,,0.0,,False,44.5,0,,False,[],,False,93.0,93.0,True
0xe92ed531b162709f4825de847074613e24a62e5c,tron,USDT,49587.86,0.0,USDT,49587.86,61,0,0,8,16,0.07964601769911504,0.08849557522123894,0.0,True,0.281417055579126,-0.013855241172771482,True,False,,44.5,,0,[],[],0,False,False,,,56.6,False,,,0.0,,False,44.5,0,,False,[],,False,61.0,61.0,True
0xd4e55a8709254eb7ca0f492b859fef00b1d12a89,tron,USDT,46957.19,80236.1,USDT,46957.19,56,15,17,8,21,0.04032258064516129,0.024193548387096774,1.7087074418209438,False,0.2398877012836687,-0.019942276208131604,True,False,,44.5,,0,[],[],0,False,False,,,27.1,False,,,0.0,,False,44.5,2,141343.0,True,[],,False,3.73,3.29,False
0x34830584e21c3261c0578f60084648d697ac83c2,tron,USDT,13919.39642,0.0,USDT,13919.39642,105,0,0,1,1,0.0,0.01904761904761905,0.0,True,0.3797624098430208,0.0003706619722062543,False,False,,44.4,,0,[],[],0,False,False,,,75.6,False,,,0.0,,False,44.4,0,,False,[],,False,105.0,105.0,True
0x46eb08863b1f47769ae8966d08b024b3dbd25812,tron,USDT,745795.656,0.0,USDT,745795.656,119,0,0,2,22,0.26640926640926643,0.0,0.0,True,0.2340899448451421,-0.01931376911444982,True,False,,44.3,,0,[],[],0,False,False,,,54.5,False,,,0.0,,False,44.3,0,,False,[],,False,119.0,119.0,True
0x9a4eb4042c301910e14705cb159e484bd4d0546a,tron,USDT,28519.700999999997,28650.0,USDT,28519.700999999997,354,3,3,8,21,0.32346723044397463,0.014799154334038054,1.0045687365375957,False,0.668135892064564,0.04246412886520634,False,False,,44.3,,0,[],[],0,False,False,,,69.7,False,,,0.0,,False,44.3,0,,False,[],,False,118.0,118.0,False
0xdcd5c89b8c16187e5727297160c60a6472ff1ecc,tron,USDT,29464.904964999994,30000.0,USDT,29464.904964999994,156,1,1,8,22,0.035,0.015,1.018160419510452,False,0.5813700374385969,0.030559906063517328,False,False,,44.2,,0,[],[],0,False,False,,,86.4,False,,,0.0,,False,44.2,5,141233.0,True,[],,False,156.0,156.0,True
0x8024ff22166d95467cf44e76e891ec6c2a8a36a1,tron,USDT,230182.34840999992,117014.0,USDT,230182.34840999992,339,10,14,1,3,0.0,0.0029498525073746312,0.5083534893456518,False,0.6572073970630208,0.04124700523470537,False,False,,44.2,,0,[],[],0,False,False,,,50.2,False,,,0.0,,False,44.2,0,,False,[],,False,33.9,24.21,False
0x306ae4e919bd18c351d5600af1c8ee51436ca758,tron,USDT,1075488.3906799997,958392.26,USDT,1075488.3906799997,81,14,20,8,24,0.23415977961432508,0.8705234159779615,0.8911228315482204,False,0.6089203660550833,0.034199398774556466,False,False,,44.2,,0,[],[],0,False,False,,,18.8,False,,,0.0,,False,44.2,0,,False,[],,False,5.79,4.05,False
0xf5c5ddad0e71d2456a6c33b095b9c6351403160c,tron,USDT,1742095.6229309998,1699000.1,USDT,1742095.6229309998,339,3,9,8,24,0.22202797202797203,0.27972027972027974,0.975262251759468,False,0.7676023018580455,0.05774874991401907,False,False,,44.1,,0,[],[],0,False,False,,,39.5,False,,,0.0,,False,44.1,2,141045.0,True,[],,False,113.0,37.67,False
0x3adaf3c42c46acb92ab857fe6a80725f4cf6bdaf,tron,USDT,1838774.0888880002,1887000.0,USDT,1838774.0888880002,226,4,9,8,24,0.2471655328798186,0.9183673469387755,1.0262272083359432,False,0.8169013551083736,0.06458458617255725,False,False,,44.1,,0,[],[],0,False,False,,,37.9,False,,,0.0,,False,44.1,0,,False,[],,False,56.5,25.11,False
0x2246b1948a3e95592f87669a6ec08c21b9e36f43,tron,USDT,876460.934804,767397.8923,USDT,876460.934804,99,11,18,8,24,0.07110091743119266,0.9506880733944955,0.8755642856707705,False,0.6489142996458215,0.04123197945063328,False,False,,44.0,,0,[],[],0,False,False,,,24.3,False,,,0.0,,False,44.0,0,,False,[],,False,9.0,5.5,False
0x164332e3e2deb2e064df1c7f0d0eb50a0e11477d,tron,USDT,82042.74407100001,93644.0,USDT,82042.74407100001,142,17,18,8,22,0.14414414414414414,0.05855855855855856,1.1414050207652762,False,0.5688339725121973,0.03012895099945323,False,False,,44.0,,0,[],[],0,False,False,,,55.7,False,,,0.0,,False,44.0,0,,False,[],,False,8.35,7.89,False
0x0fd39c24dd174ece70e02a9f88b783d823b140a2,tron,USDT,1006994.91,467148.17000000004,USDT,1006994.91,80,22,23,2,11,0.6,0.8818181818181818,0.463903208805693,True,0.42169451532923363,0.008915867656703491,False,False,,44.0,,0,[],[],0,False,False,,,18.4,False,,,0.0,,False,44.0,0,,False,[],,False,3.64,3.48,False
0x997acad3e5595591ac5d4f545568246767604661,tron,USDT,34647.120462,0.0,USDT,34647.120462,138,0,0,8,24,0.20212765957446807,0.02127659574468085,0.0,True,0.2794229953330505,-0.010625366016577154,True,False,,43.9,,0,[],[],0,False,False,,,84.9,False,,,0.0,,False,43.9,2,141306.0,True,[],,False,138.0,138.0,True
0xb29395f7101a7b1e3cd645d627d3e0cd1377e004,tron,USDT,531461.4680799999,531461.46808,USDT,531461.4680799999,441,1,15,1,12,0.002242152466367713,0.14573991031390135,1.0000000000000002,False,0.8330292745014849,0.06852393642370247,False,False,,43.8,,0,[],[],0,False,False,,,85.8,False,,,0.0,,False,43.8,0,,False,[],,False,441.0,29.4,True
0x3eafd80df5a3bf967cf00f2effd434846ea5dd2b,tron,USDT,14932.5,0.0,USDT,14932.5,98,0,0,8,22,0.35,0.38571428571428573,0.0,True,0.33158676283411115,-0.0029532938727123703,True,False,,43.8,,0,[],[],0,False,False,,,73.8,False,,,0.0,,False,43.8,0,,False,[],,False,98.0,98.0,True
0x360035651762044b09a8439c15239421bdf690db,tron,USDT,71008.870472,69259.7,USDT,71008.870472,185,2,10,8,24,0.19844357976653695,0.0,0.9753668737388278,False,0.618429335715097,0.03817025878555258,False,False,,43.8,,0,[],[],0,False,False,,,67.3,False,,,0.0,,False,43.8,0,,False,[],,False,92.5,18.5,False
0xbb43c25604954e478a08a7c4faa5a1d003c33aec,tron,USDT,14722.0,0.0,USDT,14722.0,80,0,0,8,20,0.4214876033057851,0.38016528925619836,0.0,True,0.2912388629613916,-0.008729549758599409,True,False,,43.8,,0,[],[],0,False,False,,,70.6,False,,,0.0,,False,43.8,0,,False,[],,False,80.0,80.0,True
0xd8022094eae203d5c326ad7f3c21cd5e670b21ab,tron,USDT,998836.85,0.0,USDT,998836.85,87,0,0,2,19,0.29,0.81,0.0,True,0.3412812897751379,-0.0006403071031659824,True,False,,43.7,,0,[],[],0,False,False,,,44.1,False,,,0.0,,False,43.7,0,,False,[],,False,87.0,87.0,True
0xb6b74467d1a5e3cea958a019d2a67e6c77478519,tron,USDT,257466.15982199996,224028.564,USDT,257466.15982199996,66,13,21,8,19,0.21505376344086022,0.3924731182795699,0.8701281914286634,False,0.5249378147812779,0.025526653037147073,False,False,,43.7,,0,[],[],0,False,False,,,12.5,False,,,0.0,,False,43.7,0,,False,[],,False,5.08,3.14,False
0x6a6734098f444d9c20c70685c68e002ebbaf0b7f,tron,USDT,1483325.96637,1327550.29,USDT,1483325.96637,465,2,7,8,24,0.2616033755274262,0.3459915611814346,0.8949821685174064,False,0.772017222842217,0.06099640771045706,False,False,,43.6,,0,[],[],0,False,False,,,53.3,False,,,0.0,,False,43.6,0,,False,[],,False,232.5,66.43,False
0xa103e89e47dff419cf333545e8c8ea95483f6350,tron,USDT,999578.1892999999,0.0,USDT,999578.1892999999,89,0,0,2,19,0.08771929824561403,0.8157894736842105,0.0,True,0.34584217225286384,0.00015111656661614958,False,False,,43.6,,0,[],[],0,False,False,,,44.7,False,,,0.0,,False,43.6,0,,False,[],,False,89.0,89.0,True
0xfd6a3bf6d32524db0a8757c70c7f081271f44526,tron,USDT,87094.15175499998,85733.417755,USDT,87094.15175499998,65,16,19,8,12,0.0,0.27906976744186046,0.9843762873559204,False,0.6686189995161566,0.046290784384312555,False,False,,43.6,,0,[],[],0,False,False,,,11.9,False,,,0.0,,False,43.6,0,,False,[],,False,4.06,3.42,False
0xcc941acb9be51e9309b370d51dbee4de6450f278,tron,USDT,1936883.421,1899980.0,USDT,1936883.421,208,3,4,8,24,0.13238770685579196,0.8676122931442081,0.9809470097168022,False,0.8126722190837932,0.06771944063792928,False,False,,43.5,,0,[],[],0,False,False,,,37.4,False,,,0.0,,False,43.5,0,,False,[],,False,69.33,52.0,False
0x41fe1c970a14461eff47633731dee485fe358b23,tron,USDT,207791.53521699997,212218.78999999998,USDT,207791.53521699997,102,14,24,8,23,0.05612244897959184,0.413265306122449,1.0213062326065234,False,0.6459721009542999,0.04363131243573304,False,False,,43.5,,0,[],[],0,False,False,,,25.6,False,,,0.0,,False,43.5,2,141269.0,True,[],,False,7.29,4.25,False
0x981d1e8f4f3743c626c2b1ba477ae392b2495642,tron,USDT,1984870.1751379997,1500000.0,USDT,1984870.1751379997,309,1,2,8,24,0.2087378640776699,0.308252427184466,0.7557169324163537,False,0.6804603147819555,0.04896598127311336,False,False,,43.4,,0,[],[],0,False,False,,,62.7,False,,,0.0,,False,43.4,0,,False,[],,False,309.0,154.5,True
0xf25250420e326e1bf50fa9057ff4d824c7e00488,tron,USDT,23131.010000000002,0.0,USDT,23131.010000000002,125,0,0,8,24,0.21621621621621623,0.016216216216216217,0.0,True,0.2655282138311413,-0.009874212085795642,True,False,,43.4,,0,[],[],0,False,False,,,86.4,False,,,0.0,,False,43.4,0,,False,[],,False,125.0,125.0,True
0x09bdef4976491d096fc138d127af62cf17368e7c,tron,USDT,1343234.6209730003,1331400.0,USDT,1343234.6209730003,298,1,6,8,24,0.2465753424657534,0.0660024906600249,0.9911894610306965,False,0.6355310614891261,0.043328479500402084,False,False,,43.3,,0,[],[],0,False,False,,,62.5,False,,,0.0,,False,43.3,3,141149.0,True,[],,False,298.0,49.67,True
0x0fbb72d75c1a24d32dac174082bfa494eafa964a,tron,USDT,114462.198737,161901.34,USDT,114462.198737,376,7,16,8,24,0.15414258188824662,0.2023121387283237,1.4144524724009626,False,0.621776455031899,0.04160229838706686,False,False,,43.3,,0,[],[],0,False,False,,,70.3,False,,,0.0,,False,43.3,0,,False,[],,False,53.71,23.5,False
0xc681df379ce1950a73a5b1211628954bb2d9f296,tron,USDT,522676.6500000003,0.0,USDT,522676.6500000003,126,0,0,8,22,0.27218934911242604,0.005917159763313609,0.0,True,0.2545184556639796,-0.010152209930931133,True,False,,43.2,,0,[],[],0,False,False,,,55.7,False,,,0.0,,False,43.2,0,,False,[],,False,126.0,126.0,True
0x87a98cd31babe53ca5cf0c00b0b6f9e4bb2d4669,tron,USDT,22904.045809000036,0.0,USDT,22904.045809000036,105,0,0,1,1,0.0,0.0761904761904762,0.0,True,0.4028850233347475,0.0108346918555291,False,False,,43.2,,0,[],[],0,False,False,,,76.8,False,,,0.0,,False,43.2,0,,False,[],,False,105.0,105.0,True
0xcb230672903edb9d9be91f2622faf91be31fc761,tron,USDT,956494.2410500001,949200.0,USDT,956494.2410500001,114,9,10,8,23,0.1507537688442211,0.3316582914572864,0.9923739833059604,False,0.6625604988249595,0.04799272502667662,False,False,,43.2,,0,[],[],0,False,False,,,29.7,False,,,0.0,,False,43.2,2,141284.0,True,[],,False,12.67,11.4,False
0xe8206790d836469b6b6b9ed15fbb1be475d164b0,tron,USDT,30244.79,33460.06,USDT,30244.79,129,13,14,8,21,0.15337423312883436,0.049079754601226995,1.1063082269706617,False,0.5641435306771447,0.03398869092817414,False,False,,43.2,,0,[],[],0,False,False,,,60.4,False,,,0.0,,False,43.2,0,,False,[],,False,9.92,9.21,False
0xec74f3ad6d7b6f4cee9bb6eb6611b250a67eb8bd,tron,USDT,121792.0,115161.0,USDT,121792.0,62,9,13,8,22,0.19736842105263158,0.5,0.9455547162375197,False,0.5394715711643474,0.029969243956666447,False,False,,43.2,,0,[],[],0,False,False,,,10.2,False,,,0.0,,False,43.2,0,,False,[],,False,6.89,4.77,False
0x1f3cfb5694dcb5850bdb0d1baa9e80f09641bc11,tron,USDT,356490.69,356600.0,USDT,356490.69,53,8,14,7,13,0.0,0.959349593495935,1.000306627923439,False,0.6713217885434412,0.04925070647809693,False,False,,43.2,,0,[],[],0,False,False,,,3.4,False,,,0.0,,False,43.2,0,,False,[],,False,6.62,3.79,False
0xa1349e0b953403446e82a6706e589e54b8201c63,tron,USDT,359120.0515,363117.76,USDT,359120.0515,260,10,20,8,24,0.25663716814159293,0.22787610619469026,1.011131955688083,False,0.7010404735208476,0.05404267753731906,False,False,,43.1,,0,[],[],0,False,False,,,60.6,False,,,0.0,,False,43.1,0,,False,[],,False,26.0,13.0,False
0xc8fc73bfbfd6dea80ecbed35c40eb5876594d83a,tron,USDT,215205.702598,215205.859371,USDT,215205.702598,160,8,25,7,14,0.13896987366375121,0.0,1.0000007284797665,False,0.7147007452671353,0.0559737501369027,False,False,,43.1,,0,[],[],0,False,False,,,63.9,False,,,0.0,,False,43.1,0,,False,[],,False,20.0,6.4,False
0x74d973a7469d5c52f1a8c021795fae70eaecbf96,tron,USDT,50000.033579999996,49998.3793,USDT,50000.033579999996,50,13,13,1,1,1.0,0.44,0.9999669144222204,False,0.47203411262564055,0.021301602831688693,False,False,,43.1,,0,[],[],0,False,False,,,0.5,False,,,0.0,,False,43.1,0,,False,[],,False,3.85,3.85,False
0xad30f2bc639c46cb7c314f8fdca61dc3e9d4b208,tron,USDT,623971.4717989999,647000.0,USDT,623971.4717989999,405,4,8,5,24,0.23209876543209876,0.43950617283950616,1.0369063799256808,False,0.8019738364459202,0.06904005372210797,False,False,,43.0,,0,[],[],0,False,False,,,40.0,False,,,0.0,,False,43.0,0,,False,[],,False,101.25,50.62,False
0x63e6f6ccc1bff88410ef8d0c5fbd479064e62ae4,tron,USDT,95931.02817599999,114887.16745899999,USDT,95931.02817599999,93,10,11,4,24,0.125,0.26785714285714285,1.197601752461384,False,0.5556005659269001,0.03363400608779732,False,False,,43.0,,0,[],[],0,False,False,,,44.4,False,,,0.0,,False,43.0,0,,False,[],,False,9.3,8.45,False
0x5f26d67037ff12dc991129fafefc1b41186b5b4c,tron,USDT,34711.0,0.0,USDT,34711.0,132,0,0,8,21,0.13414634146341464,0.024390243902439025,0.0,True,0.27802291047942296,-0.005084578851506705,True,False,,42.9,,0,[],[],0,False,False,,,72.0,False,,,0.0,,False,42.9,0,,False,[],,False,132.0,132.0,True
0xd43088b33e8d5b864e5ed10fa7b1cda3b70856f3,tron,USDT,396371.03,379154.15,USDT,396371.03,145,12,25,5,7,0.0,0.11678832116788321,0.9565637276770707,False,0.7643717188065214,0.06372555650938483,False,False,,42.9,,0,[],[],0,False,False,,,34.1,False,,,0.0,,False,42.9,2,141225.0,True,[],,False,12.08,5.8,False
0xa094be609b8aeda4fa00d9ac29ef73e4a229bb51,tron,USDT,999489.2799999999,0.0,USDT,999489.2799999999,82,0,0,2,18,0.28431372549019607,0.7843137254901961,0.0,True,0.3292532880780653,0.0026453434353466143,False,False,,42.8,,0,[],[],0,False,False,,,42.6,False,,,0.0,,False,42.8,0,,False,[],,False,82.0,82.0,True
0xc2dfe7798d742527479c7c573a2e5ffc8418aac9,tron,USDT,174725.50932499996,169111.756934,USDT,174725.50932499996,80,14,25,8,18,0.0375,0.225,0.9678710200205625,False,0.6997685188110705,0.05530296398759432,False,False,,42.8,,0,[],[],0,False,False,,,36.1,False,,,0.0,,False,42.8,0,,False,[],,False,5.71,3.2,False
0xa9ea09545027d5f023e66c69accc4cebee82c0c1,tron,USDT,29648.456800000004,33332.9,USDT,29648.456800000004,56,5,6,8,15,0.09722222222222222,0.05555555555555555,1.1242709940977433,False,0.5689514863734934,0.037284874922955735,False,False,,42.7,,0,[],[],0,False,False,,,21.9,False,,,0.0,,False,42.7,0,,False,[],,False,11.2,9.33,False
0x67c78194382b347359976a518271469ab1ba1b73,tron,USDT,24605.877877,0.0,USDT,24605.877877,118,0,0,7,19,0.20394736842105263,0.06578947368421052,0.0,True,0.2776622825625796,-0.0036741382942148126,True,False,,42.6,,0,[],[],0,False,False,,,80.8,False,,,0.0,,False,42.6,0,,False,[],,False,118.0,118.0,True
0x1ec30e808391d96a85828d1b40aad31f02021635,tron,USDT,10166.836,0.0,USDT,10166.836,53,0,0,3,8,0.01818181818181818,0.01818181818181818,0.0,True,0.20799745439117523,-0.013612453325613338,True,False,,42.6,,0,[],[],0,False,False,,,57.6,False,,,0.0,,False,42.6,0,,False,[],,False,53.0,53.0,True
0xd66559ed5c8050b4f8d21eeeada07957dba4cace,tron,USDT,27515.2,0.0,USDT,27515.2,51,0,0,6,15,0.22807017543859648,0.8596491228070176,0.0,True,0.3539456936784048,0.007432612108123959,False,False,,42.6,,0,[],[],0,False,False,,,42.6,False,,,0.0,,False,42.6,0,,False,[],,False,51.0,51.0,True
0x67944bdcb2128abe1a7dda416565acb1abb220a5,tron,USDT,243838.93153099995,1309865.1600000001,USDT,243838.93153099995,352,8,17,6,24,0.20826306913996628,0.25042158516020235,5.371845881113834,False,0.5177344081459482,0.030691931742732326,False,False,,42.6,,0,[],[],0,False,False,,,67.9,False,,,0.0,,False,42.6,0,,False,[],,False,44.0,20.71,False
0x4a5a11d7721b384be778119a79f357589c422941,tron,USDT,419799.99715599994,587067.8721830001,USDT,419799.99715599994,51,16,25,8,24,0.3546099290780142,0.3333333333333333,1.3984465844692289,False,0.3786051251935535,0.010532761182669659,False,False,,42.6,,0,[],[],0,False,False,,,1.4,False,,,0.0,,False,42.6,0,,False,[],,False,3.19,2.04,False
0x2bbf5f334f17b642710954f4e771c6d1a4061446,tron,USDT,1335548.3860000002,2000000.0,USDT,1335548.3860000002,344,1,2,8,23,0.1420863309352518,0.1474820143884892,1.497512198708164,False,0.5808327320869628,0.040898782926034216,False,False,,42.4,,0,[],[],0,False,False,,,63.1,False,,,0.0,,False,42.4,0,,False,[],,False,344.0,172.0,True
0xb0ee0eb5252676eb22b2ce3d6dcbf57113aa77bd,tron,USDT,32501.295599999998,32494.9883,USDT,32501.295599999998,237,3,24,8,14,0.0,0.0,0.9998059369670175,False,0.7862997533670989,0.06977720294527306,False,False,,42.4,,0,[],[],0,False,False,,,68.3,False,,,0.0,,False,42.4,0,,False,[],,False,79.0,9.88,False
0x6bea8169434f18218ce56a33531e770a57cf44b8,tron,USDT,42990.427967999996,38033.899999999994,USDT,42990.427967999996,78,15,22,8,18,0.16483516483516483,0.21978021978021978,0.8847062427085071,False,0.6777897848166272,0.054277386892929935,False,False,,42.4,,0,[],[],0,False,False,,,32.9,False,,,0.0,,False,42.4,0,,False,[],,False,5.2,3.55,False
0x49ceced311489a6d7545ac555887d8a290634506,tron,USDT,100000.028421,99993.25,USDT,100000.028421,63,14,14,1,1,0.0,0.20634920634920634,0.999932215809265,False,0.6450012925466642,0.0497036461988869,False,False,,42.4,,0,[],[],0,False,False,,,10.8,False,,,0.0,,False,42.4,0,,False,[],,False,4.5,4.5,False
0xca2885f900b91f849383646774019489b3c75031,tron,USDT,962929.3,1000437.3900000001,USDT,962929.3,51,13,14,8,19,0.14960629921259844,0.7874015748031497,1.0389520705206499,False,0.49327025623952725,0.028070156207131047,False,False,,42.4,,0,[],[],0,False,False,,,1.4,False,,,0.0,,False,42.4,0,,False,[],,False,3.92,3.64,False
0x6eca4a68accbfc3bbea6b1da13dc74e51cb718f6,tron,USDT,893065.1428549998,1300000.0,USDT,893065.1428549998,413,1,2,8,24,0.15061295971978983,0.1295971978984238,1.455660889242736,False,0.5812903932163659,0.041572479034777454,False,False,,42.3,,0,[],[],0,False,False,,,82.6,False,,,0.0,,False,42.3,0,,False,[],,False,413.0,206.5,True
0x27a3b43d7d330f75fd611d45e400d73fc33ad78e,tron,USDT,392514.870066,392514.87006600003,USDT,392514.870066,418,4,8,1,14,0.0,0.03981264637002342,1.0000000000000002,False,0.8360627916843445,0.07763653692666733,False,False,,42.3,,0,[],[],0,False,False,,,70.5,False,,,0.0,,False,42.3,0,,False,[],,False,104.5,52.25,False
0xca6bc3bdede275538595065c8e386aeaf3211ed5,tron,USDT,19819.570484,0.0,USDT,19819.570484,76,0,0,1,1,0.0,0.25,0.0,True,0.40460330929147226,0.016296497684920475,False,False,,42.3,,0,[],[],0,False,False,,,67.3,False,,,0.0,,False,42.3,0,,False,[],,False,76.0,76.0,True
0x65f079b4feb6bc9a7ba29f5e99a7cb75c2a6b0b6,tron,USDT,947788.52676,923145.5700000001,USDT,947788.52676,170,4,23,8,20,0.26424050632911394,0.19145569620253164,0.9739995198673258,False,0.717922517465192,0.06075126893132238,False,False,,42.3,,0,[],[],0,False,False,,,41.7,False,,,0.0,,False,42.3,0,,False,[],,False,42.5,7.39,False
0x7968e3ea687159846189a74f4057657bb85184cc,tron,USDT,1218650.7657090004,1165827.01,USDT,1218650.7657090004,220,6,13,8,24,0.25139664804469275,0.15921787709497207,0.9566539018434309,False,0.7135412173648678,0.060096842662988925,False,False,,42.3,,0,[],[],0,False,False,,,64.4,False,,,0.0,,False,42.3,0,,False,[],,False,36.67,16.92,False
0x92e32f2ed87452e4a28863ccf7b644aedfd48edc,tron,USDT,10328.5,0.0,USDT,10328.5,58,0,0,8,17,0.18309859154929578,0.07042253521126761,0.0,True,0.2590581247348324,-0.004069992673784162,True,False,,42.2,,0,[],[],0,False,False,,,60.1,False,,,0.0,,False,42.2,0,,False,[],,False,58.0,58.0,True
0x982238401d893e178da688adcbcb4403a991dbae,tron,USDT,816520.53,766500.0,USDT,816520.53,63,2,7,8,20,0.09482758620689655,0.10344827586206896,0.9387394092834384,False,0.4841840295019995,0.028341926744165247,False,False,,42.1,,0,[],[],0,False,False,,,10.8,False,,,0.0,,False,42.1,0,,False,[],,False,31.5,9.0,False
0x337be16af548510edb7b61d7dbbe712f3ba24ce0,tron,USDT,508924.461703,517063.79,USDT,508924.461703,89,16,21,8,19,0.25984251968503935,0.30708661417322836,1.0159931952764927,False,0.5942769655267973,0.04444081067682237,False,False,,42.1,,0,[],[],0,False,False,,,21.1,False,,,0.0,,False,42.1,2,141302.0,True,[],,False,5.56,4.24,False
0xc168b57d3361b8d693c5fa2abcceac63f4ea5bb5,tron,USDT,17275.78,0.0,USDT,17275.78,122,0,0,8,23,0.16167664670658682,0.0,0.0,True,0.23759015697921082,-0.006117589753478536,True,False,,42.0,,0,[],[],0,False,False,,,85.9,False,,,0.0,,False,42.0,0,,False,[],,False,122.0,122.0,True
0x2caf7034b3af95d303ede08f565416a1ae5cd0dd,tron,USDT,172528.69308799997,0.0,USDT,172528.69308799997,67,0,0,8,21,0.13333333333333333,0.6196078431372549,0.0,True,0.2824565125159101,0.0007119552536903884,False,False,,42.0,,0,[],[],0,False,False,,,45.6,False,,,0.0,,False,42.0,0,,False,[],,False,67.0,67.0,True
0xc1e358b69d303493c8537eb740da65cc89f32858,tron,USDT,215510.25172599996,216289.588726,USDT,215510.25172599996,132,15,25,4,21,0.09090909090909091,0.29545454545454547,1.0036162409618958,False,0.6795907102293434,0.057141563851096644,False,False,,42.0,,0,[],[],0,False,False,,,33.0,False,,,0.0,,False,42.0,0,,False,[],,False,8.8,5.28,False
0x1af410fa9e3fc9035e3dc0691c5edd42f3ef9728,tron,USDT,234270.77601600005,251535.974,USDT,234270.77601600005,53,15,20,7,10,0.0,0.21052631578947367,1.073697617251333,False,0.5774327294135433,0.04274463554316987,False,False,,42.0,,0,[],[],0,False,False,,,3.4,False,,,0.0,,False,42.0,0,,False,[],,False,3.53,2.65,False
0x423f9aadfef82d38ca39d6fca77a5a43a9bbb2b7,tron,USDT,176374.24743,0.0,USDT,176374.24743,74,0,0,8,15,0.19,0.67,0.0,True,0.4567246499787866,0.025869787966463664,False,False,,41.9,,0,[],[],0,False,False,,,40.0,False,,,0.0,,False,41.9,0,,False,[],,False,74.0,74.0,True
0x78b7669ec2e5c5c3fc8562dbd9e2021cc95928bc,tron,USDT,215291.645112,197801.04,USDT,215291.645112,223,6,25,3,13,0.18157894736842106,0.0013157894736842105,0.9187585514389054,False,0.7763906581028002,0.07139568604670715,False,False,,41.9,,0,[],[],0,False,False,,,66.6,False,,,0.0,,False,41.9,0,,False,[],,False,37.17,8.92,False
0x293fd7dea8ea5ea4446f01ece20c10045a9d6869,tron,USDT,61284.699238999994,61184.723372,USDT,61284.699238999994,50,15,15,4,9,0.7777777777777778,0.0,0.9983686651278143,False,0.31146838724703085,0.004875110016122952,False,False,,41.9,,0,[],[],0,False,False,,,0.5,False,,,0.0,,False,41.9,0,,False,[],,False,3.33,3.33,False
0x8cb2803c9c1648784a12cdf718debcee43bfa523,tron,USDT,69055.87704899999,65685.0,USDT,69055.87704899999,58,15,17,7,11,0.3728813559322034,0.0,0.9511862394187229,False,0.3524985970564217,0.011312877576135416,False,False,,41.8,,0,[],[],0,False,False,,,18.4,False,,,0.0,,False,41.8,2,141322.0,True,[],,False,3.87,3.41,False
0xd5bcf322ff53c7db2b216c627f614c620d632e10,tron,USDT,100453.042695,104345.0,USDT,100453.042695,55,17,19,8,22,0.06666666666666667,0.3,1.0387440459799404,False,0.4716953995439356,0.028486175472682618,False,False,,41.8,,0,[],[],0,False,False,,,27.3,False,,,0.0,,False,41.8,0,,False,[],,False,3.24,2.89,False
0x4d664c96ac29995825fca1a6f17a58da04d2130a,tron,USDT,303643.3077,299296.0,USDT,303643.3077,59,5,6,8,20,0.15,0.45,0.9856828469794725,False,0.5767080585770571,0.04429121011097048,False,False,,41.7,,0,[],[],0,False,False,,,8.2,False,,,0.0,,False,41.7,0,,False,[],,False,11.8,9.83,False
0x25fdad781a6903cad2c53e851ff4cdcbc0930810,tron,USDT,67660.14000000001,69600.0,USDT,67660.14000000001,353,1,7,8,24,0.22294022617124395,0.32148626817447495,1.028670647149119,False,0.7290982846558783,0.0664202731511675,False,False,,41.6,,0,[],[],0,False,False,,,92.6,True,,,0.0,,False,41.6,0,,False,[],,False,353.0,50.43,True
0xfeef2cc65220a76352252930fa26786af0dab9ff,tron,USDT,252620.42647100007,89479.65,USDT,252620.42647100007,134,23,25,8,22,0.1471698113207547,0.03018867924528302,0.3542059177477952,True,0.35304313518299135,0.012727422095296537,False,False,,41.6,,0,[],[],0,False,False,,,45.4,False,,,0.0,,False,41.6,0,,False,[],,False,5.83,5.36,False
0xa16fb8de6440c5a1a486bef364f6f70e79292f19,tron,USDT,11636.0,0.0,USDT,11636.0,90,0,0,8,22,0.25210084033613445,0.3697478991596639,0.0,True,0.31156130674586335,0.007715295396569788,False,False,,41.5,,0,[],[],0,False,False,,,72.4,False,,,0.0,,False,41.5,0,,False,[],,False,90.0,90.0,True
0x042fbc64bad46ab00a94b67521cf02203b46fce1,tron,USDT,812066.414287,813581.314287,USDT,812066.414287,50,5,12,8,18,0.04040404040404041,0.43434343434343436,1.0018654878139863,False,0.6707766690897272,0.05873980540836243,False,False,,41.5,,0,[],[],0,False,False,,,0.5,False,,,0.0,,False,41.5,0,,False,[],,False,10.0,4.17,False
0x29063b7f62e77bd0f07c3b3bf4fb18f4549341bc,tron,USDT,72613.475995,0.0,USDT,72613.475995,123,0,0,5,23,0.18045112781954886,0.12030075187969924,0.0,True,0.3068095036062792,0.007288797419296222,False,False,,41.4,,0,[],[],0,False,False,,,80.5,False,,,0.0,,False,41.4,0,,False,[],,False,123.0,123.0,True
0x244b8db3c9893e35c101bc8ef5d0823d33046537,tron,USDT,652241.754945,600450.0,USDT,652241.754945,265,3,4,8,24,0.25933609958506226,0.5435684647302904,0.9205942358759792,False,0.7947679774255141,0.07678440333053371,False,False,,41.4,,0,[],[],0,False,False,,,43.0,False,,,0.0,,False,41.4,2,141134.0,True,[],,False,88.33,66.25,False
0x4f234b1fef1843d9d84fc4a5d02ed94d9bb011e2,tron,USDT,1365574.28,1389000.0,USDT,1365574.28,157,4,18,8,24,0.20735785953177258,0.9297658862876255,1.0171544824350383,False,0.7979479749597468,0.07745312876492688,False,False,,41.4,,0,[],[],0,False,False,,,35.0,False,,,0.0,,False,41.4,0,,False,[],,False,39.25,8.72,False
0xe144b243597d3c07999ac7cae53f686cee91c0d0,tron,USDT,779467.5358160001,792070.744,USDT,779467.5358160001,52,5,15,8,16,0.012048192771084338,0.40963855421686746,1.0161689969176277,False,0.6764225434251295,0.059957204290293664,False,False,,41.4,,0,[],[],0,False,False,,,2.3,False,,,0.0,,False,41.4,0,,False,[],,False,10.4,3.47,False
0x908f7e2fe9573aba68b73653c3d5d07b66a72460,tron,USDT,13497.299973999998,0.0,USDT,13497.299973999998,102,0,0,8,21,0.06796116504854369,0.1650485436893204,0.0,True,0.28616885871871023,0.005040806444931212,False,False,,41.3,,0,[],[],0,False,False,,,75.1,False,,,0.0,,False,41.3,0,,False,[],,False,102.0,102.0,True
0xc909ee20ae00e3558cd427ab2c3dee30854cbfd3,tron,USDT,27612.4,0.0,USDT,27612.4,59,0,0,4,24,0.1834862385321101,0.0,0.0,True,0.0680526092490454,-0.02618432366496526,True,False,,41.3,,0,[],[],0,False,False,,,58.2,False,,,0.0,,False,41.3,0,,False,[],,False,59.0,59.0,True
0x16aae1cc8c1d064f81a3dad4bfddbfc244bdaf7c,tron,USDT,1295161.4899999998,886683.75,USDT,1295161.4899999998,218,9,11,8,24,0.07333333333333333,0.6622222222222223,0.6846125034183962,False,0.6986959414982741,0.06390475082173114,False,False,,41.3,,0,[],[],0,False,False,,,37.7,False,,,0.0,,False,41.3,0,,False,[],,False,24.22,19.82,False
0x270d4d160656f774f8bf20908bd4be979b9e4352,tron,USDT,1863272.2446729997,1214633.3199999998,USDT,1863272.2446729997,156,11,13,6,24,0.1614457831325301,0.12530120481927712,0.6518818296534897,False,0.563999615824631,0.04476699581310972,False,False,,41.3,,0,[],[],0,False,False,,,34.9,False,,,0.0,,False,41.3,0,,False,[],,False,14.18,12.0,False
0xc855c73d7028c461619742b1501d5188a401ede5,tron,USDT,116918.630461,248435.0,USDT,116918.630461,134,16,19,8,18,0.14814814814814814,0.4126984126984127,2.1248538322801287,False,0.6548154433602037,0.05767024850297625,False,False,,41.3,,0,[],[],0,False,False,,,42.0,False,,,0.0,,False,41.3,0,,False,[],,False,8.38,7.05,False
0xd1db9349ceecaa7dfb1f3d8dc0d76357a83da497,tron,USDT,126872.96999999999,119478.5,USDT,126872.96999999999,52,16,22,8,23,0.11363636363636363,0.14772727272727273,0.9417175305346759,False,0.3975713380967527,0.021104525628358184,False,False,,41.3,,0,[],[],0,False,False,,,2.3,False,,,0.0,,False,41.3,0,,False,[],,False,3.25,2.36,False
0x305844711a63341326dc881e9accefcf812cac30,tron,USDT,823900.525643,720000.0,USDT,823900.525643,475,1,7,8,24,0.23265895953757226,0.12861271676300579,0.8738919051399894,False,0.6480494883678367,0.0570626392151129,False,False,,41.2,,0,[],[],0,False,False,,,63.7,False,,,0.0,,False,41.2,0,,False,[],,False,475.0,67.86,True
0x3a66698e321851a8807f990cd7ef84e4195eb99c,tron,USDT,202641.709133,182414.0,USDT,202641.709133,318,1,16,8,24,0.18888888888888888,0.48703703703703705,0.9001799322580529,False,0.7406214764813093,0.07041533423019297,False,False,,41.2,,0,[],[],0,False,False,,,86.4,False,,,0.0,,False,41.2,0,,False,[],,False,318.0,19.88,True
0x7abd111c68ae2903f392933682d51288e8337bbf,tron,USDT,24307.252738000003,0.0,USDT,24307.252738000003,68,0,0,1,2,0.0,0.23529411764705882,0.0,True,0.3754985150615189,0.01842877170552737,False,False,,41.2,,0,[],[],0,False,False,,,55.0,False,,,0.0,,False,41.2,0,,False,[],,False,68.0,68.0,True
0x39c787bc79dded43ec888b94ff08ca6d37d58dfc,tron,USDT,1011778.6399999999,1011778.64,USDT,1011778.6399999999,81,10,10,1,8,0.0,0.8288288288288288,1.0000000000000002,False,0.7788290199406025,0.07585235637222215,False,False,,41.2,,0,[],[],0,False,False,,,18.8,False,,,0.0,,False,41.2,0,,False,[],,False,8.1,8.1,False
0x07063a7528ae65d99bd0dcb211b86b1829f56991,tron,USDT,108123.44806400003,110213.8,USDT,108123.44806400003,52,9,13,8,17,0.3150684931506849,0.3698630136986301,1.0193330121581274,False,0.4681953407164441,0.031480302363436574,False,False,,41.2,,0,[],[],0,False,False,,,2.3,False,,,0.0,,False,41.2,0,,False,[],,False,5.78,4.0,False
0xc1499584c981257ecdef37576143bcb8a93cf372,tron,USDT,212971.20734700002,210396.83299999998,USDT,212971.20734700002,57,13,17,4,11,0.0,0.4430379746835443,0.9879121014569564,False,0.6655077490991979,0.05931782058481461,False,False,,41.2,,0,[],[],0,False,False,,,6.7,False,,,0.0,,False,41.2,0,,False,[],,False,4.38,3.35,False
0x72819fc53de6705f38ec696940aafef76b6f5d51,tron,USDT,160199.53757400002,0.0,USDT,160199.53757400002,82,0,0,1,3,0.0,0.09411764705882353,0.0,True,0.3523546881629189,0.015727133511548086,False,False,,41.1,,0,[],[],0,False,False,,,42.6,False,,,0.0,,False,41.1,0,,False,[],,False,82.0,82.0,True
0x3cb82df886a81110b970b88f06381339b2135c2e,tron,USDT,50236.32,32993.56,USDT,50236.32,86,20,21,8,20,0.05555555555555555,0.009259259259259259,0.6567670561856441,False,0.4037759823020418,0.02275522598611457,False,False,,41.1,,0,[],[],0,False,False,,,43.9,False,,,0.0,,False,41.1,0,,False,[],,False,4.3,4.1,False
0xedc00176289b2ba2bef4c71c3a5b60de103d18de,tron,USDT,923650.203133,907282.132,USDT,923650.203133,85,13,24,8,22,0.0918918918918919,0.5459459459459459,0.9822789286707458,False,0.6221452214575264,0.054572425715545825,False,False,,41.0,,0,[],[],0,False,False,,,19.9,False,,,0.0,,False,41.0,0,,False,[],,False,6.54,3.54,False
0x9a7e04f21df56f690b916671bd43ec4927ff4f6d,tron,USDT,222020.49391699999,0.0,USDT,222020.49391699999,56,0,0,4,9,0.15714285714285714,0.18571428571428572,0.0,True,0.3039244802715316,0.010028194931089085,False,False,,40.9,,0,[],[],0,False,False,,,29.6,False,,,0.0,,False,40.9,0,,False,[],,False,56.0,56.0,True
0x477efcb48e6ee37bd4f723defabe9a4356fc2920,tron,USDT,12070.720000000001,7909.5,USDT,12070.720000000001,61,5,6,7,17,0.11842105263157894,0.13157894736842105,0.655263314864399,False,0.5832164304739406,0.04949009136300386,False,False,,40.9,,0,[],[],0,False,False,,,36.1,False,,,0.0,,False,40.9,0,,False,[],,False,12.2,10.17,False
0x190360f4669adca8442d1702a000fdca6c040880,tron,USDT,160618.72,162960.0,USDT,160618.72,57,10,14,8,16,0.14285714285714285,0.34065934065934067,1.014576632163424,False,0.645578521679322,0.05913071691865007,False,False,,40.8,,0,[],[],0,False,False,,,6.7,False,,,0.0,,False,40.8,0,,False,[],,False,5.7,4.07,False
0x3956f976c0b88dd3f027d18b582bf0f9aff51f17,tron,USDT,80881.849,68780.24,USDT,80881.849,74,9,10,8,16,0.03409090909090909,0.045454545454545456,0.8503791746897379,False,0.5860283169065518,0.0523736855232127,False,False,,40.5,,0,[],[],0,False,False,,,28.1,False,,,0.0,,False,40.5,0,,False,[],,False,8.22,7.4,False
0xbfd1d90e14e6dd626689cbf116d99fcadc9a6aa0,tron,USDT,186566.488702,140000.0,USDT,186566.488702,287,1,1,8,24,0.21804511278195488,0.013157894736842105,0.7504027168760196,False,0.5614085026454627,0.049183260398434014,False,False,,40.4,,0,[],[],0,False,False,,,88.8,False,,,0.0,,False,40.4,2,141223.0,True,[],,False,287.0,287.0,True
0x3a1f3628d945ac12f9d1c19e4da416a25c5691dd,tron,USDT,12563.376801,0.0,USDT,12563.376801,104,0,0,8,21,0.057692307692307696,0.0,0.0,True,0.20067882901994058,-0.001835571500185651,True,False,,40.4,,0,[],[],0,False,False,,,74.6,False,,,0.0,,False,40.4,0,,False,[],,False,104.0,104.0,True
0x27eb8166f4ebd23c9a85e5f24ef9ebedc90fec33,tron,USDT,192982.928044,0.0,USDT,192982.928044,90,0,0,8,22,0.24175824175824176,0.32967032967032966,0.0,True,0.303839626644039,0.012444706459942667,False,False,,40.4,,0,[],[],0,False,False,,,49.4,False,,,0.0,,False,40.4,0,,False,[],,False,90.0,90.0,True
0x3b51a3eff49050257e512d7ee86d0f823c3686aa,tron,USDT,112046.48355699994,112046.993557,USDT,112046.48355699994,165,8,20,7,13,0.18613138686131386,0.0,1.0000045516823364,False,0.7173092296720182,0.07124172881001789,False,False,,40.4,,0,[],[],0,False,False,,,64.3,False,,,0.0,,False,40.4,0,,False,[],,False,20.62,8.25,False
0x1dc34c670c54270a146fe09b19172b9bf3c9261e,tron,USDT,51290.90068400001,13734.2,USDT,51290.90068400001,202,10,18,8,24,0.17727272727272728,0.24545454545454545,0.26777069259546715,True,0.4514115844249059,0.033907252113697384,False,False,,40.4,,0,[],[],0,False,False,,,68.0,False,,,0.0,,False,40.4,0,,False,[],,False,20.2,11.22,False
0x44afdb6ad70cbfcca23530151c9df1c4c843b6f5,tron,USDT,443800.0,443252.0,USDT,443800.0,58,10,25,8,10,0.1,1.0,0.9987652095538531,False,0.7032320406379662,0.06965450860787137,False,False,,40.4,,0,[],[],0,False,False,,,7.4,False,,,0.0,,False,40.4,0,,False,[],,False,5.8,2.32,False
0x1810489be4430526d49dd5de091198697352025c,tron,USDT,560818.804806,560818.8048060001,USDT,560818.804806,367,1,14,1,18,0.021108179419525065,0.12401055408970976,1.0000000000000002,False,0.8175859142978361,0.08721485268718021,False,False,,40.2,,0,[],[],0,False,False,,,91.9,True,,,0.0,,False,40.2,0,,False,[],,False,367.0,26.21,True
0xf1e16b18e9bacbd78f0f4bc736271a4d2a67ac21,tron,USDT,1519385.187366,1458886.0,USDT,1519385.187366,217,5,16,8,24,0.18806509945750452,0.596745027124774,0.960181797302578,False,0.8013066182640795,0.08469622699753954,False,False,,40.2,,0,[],[],0,False,False,,,37.7,False,,,0.0,,False,40.2,0,,False,[],,False,43.4,13.56,False
0x9a30f8d09f81e2b6aa7fd9c08826c331f2efea05,tron,USDT,50000.129446,49993.0939,USDT,50000.129446,98,16,16,1,1,1.0,0.30612244897959184,0.9998592894442884,False,0.6167092359117682,0.05832670809790591,False,False,,40.2,,0,[],[],0,False,False,,,28.2,False,,,0.0,,False,40.2,0,,False,[],,False,6.12,6.12,False
0x51d3efe10e81237c509c51d6c1097e006e3d57bb,tron,USDT,23571.0,0.0,USDT,23571.0,90,0,0,8,18,0.013157894736842105,0.039473684210526314,0.0,True,0.35086974968179885,0.02125860182750061,False,False,,40.1,,0,[],[],0,False,False,,,72.4,False,,,0.0,,False,40.1,0,,False,[],,False,90.0,90.0,True
0x9d34390af0cf109f95ac08658a0fec788e702620,tron,USDT,11360.837932,8773.217,USDT,11360.837932,68,8,12,8,18,0.2,0.08,0.7722332676966138,False,0.563632058715394,0.05132502840172226,False,False,,40.1,,0,[],[],0,False,False,,,43.1,False,,,0.0,,False,40.1,0,,False,[],,False,8.5,5.67,False
0xb2498300d28fbecdfbd09a875b4f4715200978e8,tron,USDT,154590.83633700002,0.0,USDT,154590.83633700002,95,0,0,8,22,0.2079207920792079,0.21782178217821782,0.0,True,0.2862961391599491,0.01211720715505471,False,False,,40.0,,0,[],[],0,False,False,,,54.3,False,,,0.0,,False,40.0,0,,False,[],,False,95.0,95.0,True
0xc94e33ca3d149dfa7852b5a1bcab0f847a5b50c0,tron,USDT,58565.660825,0.0,USDT,58565.660825,87,0,0,1,11,0.0,0.29,0.0,True,0.43786593126856177,0.03416468897961977,False,False,,40.0,,0,[],[],0,False,False,,,61.7,False,,,0.0,,False,40.0,0,,False,[],,False,87.0,87.0,True
0x4044ecdba8f0216d79ff8cec14a8d6f4f839f0aa,tron,USDT,238485.61,401730.0,USDT,238485.61,50,1,1,8,20,0.10377358490566038,0.03773584905660377,1.6845041510051697,False,0.21019293305734535,0.0013739203117388854,False,False,,40.0,,0,[],[],0,False,False,,,24.0,False,,,0.0,,False,40.0,0,,False,[],,False,50.0,50.0,True
0x8b11b97ceb85b12f7d50386965f7d4cb75b2aee6,tron,USDT,23851.669755,25525.399999999998,USDT,23851.669755,52,13,17,8,16,0.2647058823529412,0.1323529411764706,1.0701724559409154,False,0.38556245408122725,0.026568138984695344,False,False,,40.0,,0,[],[],0,False,False,,,28.4,False,,,0.0,,False,40.0,0,,False,[],,False,4.0,3.06,False
0x2639ba31527ae428b81fba6d37ea9f594e9c5b8a,tron,USDT,182603.31,177900.0,USDT,182603.31,319,1,12,8,24,0.244140625,0.482421875,0.9742430189244653,False,0.7547976916083975,0.07955951285245394,False,False,,39.9,,0,[],[],0,False,False,,,89.3,False,,,0.0,,False,39.9,0,,False,[],,False,319.0,26.58,True
0x842e38f808b72ef5a4e27049566bda142293d8eb,tron,USDT,281725.0103470001,274473.0,USDT,281725.0103470001,230,8,8,8,24,0.22635135135135134,0.008445945945945946,0.9742585497181532,False,0.5959548071010341,0.057290833258532514,False,False,,39.9,,0,[],[],0,False,False,,,60.9,False,,,0.0,,False,39.9,0,,False,[],,False,28.75,28.75,False
0xeb5e25a6b458dd99d7b682b277fd345b47909d9c,tron,USDT,183664.0,362239.0,USDT,183664.0,232,15,19,7,4,0.8575063613231552,0.017811704834605598,1.9722917937102535,False,0.4161483446945212,0.03155955536890731,False,False,,39.9,,0,[],[],0,False,False,,,55.9,False,,,0.0,,False,39.9,0,,False,[],,False,15.47,12.21,False
0x66d85555671f0c3b4e05a468a6658b6c31b9e4d9,tron,USDT,1006079.4098479998,963620.0,USDT,1006079.4098479998,437,1,7,8,23,0.37860780984719866,0.0,0.9577971585220946,False,0.5916442853319115,0.05730459949238298,False,False,,39.8,,0,[],[],0,False,False,,,63.6,False,,,0.0,,False,39.8,0,,False,[],,False,437.0,62.43,True
0x09d3e97cca29e1218afde15a9fc5fab7f24e76a1,tron,USDT,138837.869445,127114.76999999997,USDT,138837.869445,147,14,21,8,24,0.1925133689839572,0.0106951871657754,0.9155626667863549,False,0.5588019690806482,0.05224091325799529,False,False,,39.8,,0,[],[],0,False,False,,,65.1,False,,,0.0,,False,39.8,0,,False,[],,False,10.5,7.0,False
0xf251ae4add7eba3735c8dc3a6ae76f0c400e79b6,tron,USDT,121267.03723799999,119934.66,USDT,121267.03723799999,90,17,23,8,14,0.5177664974619289,0.04568527918781726,0.9890128655870016,False,0.5008360903002599,0.04406975960126325,False,False,,39.8,,0,[],[],0,False,False,,,39.4,False,,,0.0,,False,39.8,0,,False,[],,False,5.29,3.91,False
0x66784d4f6a9aef553b1f64139e53ec4e4ca6a3b7,tron,USDT,56261.643145,47033.0,USDT,56261.643145,104,17,22,8,17,0.37037037037037035,0.030864197530864196,0.8359691855921176,False,0.5006261663504982,0.044590625800097095,False,False,,39.7,,0,[],[],0,False,False,,,51.3,False,,,0.0,,False,39.7,0,,False,[],,False,6.12,4.73,False
0x8dc09ff8135444cdc3180d9f6f103c0b15d1b55b,tron,USDT,138761.36171199998,141635.0,USDT,138761.36171199998,50,12,21,8,15,0.0,0.2840909090909091,1.0207092107813431,False,0.5855696555102566,0.05681304032286999,False,False,,39.7,,0,[],[],0,False,False,,,4.9,False,,,0.0,,False,39.7,0,,False,[],,False,4.17,2.38,False
0xdc433caccd630272d643d1fa3c3210b69d9b31df,tron,USDT,157942.567244,155659.13587600001,USDT,157942.567244,341,7,19,8,24,0.2697947214076246,0.10850439882697947,0.9855426475088733,False,0.655572678844159,0.06756280874228915,False,False,,39.6,,0,[],[],0,False,False,,,65.3,False,,,0.0,,False,39.6,0,,False,[],,False,48.71,17.95,False
0xb01fae5191b58bd351e55aee9809952d6e6fc7a1,tron,USDT,443994.2399999999,563180.0,USDT,443994.2399999999,144,3,4,7,23,0.28095238095238095,0.7095238095238096,1.26843987885969,False,0.7326293767948843,0.07867124828442507,False,False,,39.5,,0,[],[],0,False,False,,,51.6,False,,,0.0,,False,39.5,0,,False,[],,False,48.0,36.0,False
0x1c9bb67657a38f70e3057f8731c5f4ee950ff719,tron,USDT,19000.120927999997,18998.420999,USDT,19000.120927999997,98,10,10,1,1,1.0,0.5204081632653061,0.9999105306220715,False,0.6514246177917881,0.06749979444730381,False,False,,39.5,,0,[],[],0,False,False,,,41.5,False,,,0.0,,False,39.5,0,,False,[],,False,9.8,9.8,False
0x0149d31163a9955faf5194a4a39b06eeecb20e09,tron,USDT,13977.0,14070.0,USDT,13977.0,79,9,19,8,20,0.3689839572192513,0.20320855614973263,1.0066537883666022,False,0.5462509139431412,0.05231904901643708,False,False,,39.5,,0,[],[],0,False,False,,,48.2,False,,,0.0,,False,39.5,0,,False,[],,False,8.78,4.16,False
0x778070431a7a4b291beb1352c4c4c1d3308efc8b,tron,USDT,452090.03241900005,394963.621189,USDT,452090.03241900005,328,1,3,8,18,0.05919661733615222,0.16913319238900634,0.8736393038255378,False,0.8135696087498339,0.09102552952097315,False,False,,39.4,,0,[],[],0,False,False,,,62.9,False,,,0.0,,False,39.4,0,,False,[],,False,328.0,109.33,True
0xc342c4203dea23ee06e537506b2fe4f341e88ec8,tron,USDT,63035.258634000005,0.0,USDT,63035.258634000005,62,0,0,1,9,0.0,0.30864197530864196,0.0,True,0.36845566397963514,0.027245343060614546,False,False,,39.4,,0,[],[],0,False,False,,,43.1,False,,,0.0,,False,39.4,0,,False,[],,False,62.0,62.0,True
0xc923181c191cf949292e3a4e28cd32510970c709,tron,USDT,788050.8712000002,777049.0028,USDT,788050.8712000002,183,8,24,6,9,0.0,0.00597609561752988,0.9860391393473785,False,0.7315947604108418,0.07905495134677937,False,False,,39.4,,0,[],[],0,False,False,,,52.5,False,,,0.0,,False,39.4,0,,False,[],,False,22.88,7.62,False
0x28588ae1384afa3524dda5da9772444cf3da053d,tron,USDT,229203.20898999996,230894.17372,USDT,229203.20898999996,163,8,18,8,18,0.16730038022813687,0.5095057034220533,1.0073775787758443,False,0.8833356849236602,0.10114531340847438,False,False,,39.4,,0,[],[],0,False,False,,,44.2,False,,,0.0,,False,39.4,0,,False,[],,False,20.38,9.06,False
0x27989c9d2489ae93bf41fc3dac452c86abbbfa91,tron,USDT,23797.09,24037.0,USDT,23797.09,55,13,14,8,23,0.13793103448275862,0.09195402298850575,1.0100814847529678,False,0.39825947733875733,0.03192451454556222,False,False,,39.4,,0,[],[],0,False,False,,,36.1,False,,,0.0,,False,39.4,0,,False,[],,False,4.23,3.93,False
0xa75e89e5abe9399b27f8336a559d0b60ef1dc656,tron,USDT,1637284.7348879997,1100000.0,USDT,1637284.7348879997,203,1,5,8,24,0.27621483375959077,0.8925831202046036,0.6718440455473047,False,0.6999182363474753,0.07522982837828046,False,False,,39.3,,0,[],[],0,False,False,,,60.7,False,,,0.0,,False,39.3,0,,False,[],,False,203.0,40.6,True
0x9e7b2b4d273339f909364488f31fcdbf66a6f1fd,tron,USDT,58814.09,0.0,USDT,58814.09,93,0,0,8,19,0.25961538461538464,0.7980769230769231,0.0,True,0.35375477301654645,0.025753769617202216,False,False,,39.3,,0,[],[],0,False,False,,,54.7,False,,,0.0,,False,39.3,0,,False,[],,False,93.0,93.0,True
0xae6b02944680cb807a84424965fd97f908c36fc0,tron,USDT,1352702.368888,1489130.0,USDT,1352702.368888,144,2,6,8,24,0.17428003972194636,0.011420059582919563,1.1008556163202046,False,0.6040758007919625,0.0616700637877553,False,False,,39.3,,0,[],[],0,False,False,,,34.0,False,,,0.0,,False,39.3,0,,False,[],,False,72.0,24.0,False
0xf3d501b6dccd04edcb7521440ec54d7966d923f9,tron,USDT,142063.153212,141790.0,USDT,142063.153212,258,7,8,6,7,0.12171052631578948,0.0756578947368421,0.9980772409606284,False,0.7870358979163514,0.0878118560750954,False,False,,39.3,,0,[],[],0,False,False,,,52.4,False,,,0.0,,False,39.3,0,,False,[],,False,36.86,32.25,False
0xc106ddc7ed81870e3af4ad4c881edd9a7543c271,tron,USDT,493040.537414,493040.537414,USDT,493040.537414,115,16,17,2,15,0.39436619718309857,0.09859154929577464,1.0,False,0.5839838778107764,0.058649752855015114,False,False,,39.3,,0,[],[],0,False,False,,,52.1,False,,,0.0,,False,39.3,0,,False,[],,False,7.19,6.76,False
0x77d5584fc7a0dbf369cc0b43952a21e45a7efb31,tron,USDT,65795.0,51245.0,USDT,65795.0,66,15,18,8,16,0.13978494623655913,0.41935483870967744,0.7788585758796261,False,0.6623266578997267,0.06982679418288595,False,False,,39.3,,0,[],[],0,False,False,,,20.5,False,,,0.0,,False,39.3,0,,False,[],,False,4.4,3.67,False
0xc29a45a248fe79b3cd110c469a9f0754c300ca1c,tron,USDT,17945.694504,35489.4,USDT,17945.694504,51,13,17,8,16,0.04838709677419355,0.0,1.9775996962441105,False,0.2730205783583056,0.014593186946309511,False,False,,39.3,,0,[],[],0,False,False,,,26.2,False,,,0.0,,False,39.3,0,,False,[],,False,3.92,3.0,False
0x7cb1d2474ef2536e6893400dd5bc35b70eed0cfa,tron,USDT,1209862.799992,1163447.0,USDT,1209862.799992,323,5,17,6,7,0.7198275862068966,0.0021551724137931034,0.9616354846249452,False,0.6458909492796773,0.06841649953839152,False,False,,39.2,,0,[],[],0,False,False,,,39.3,False,,,0.0,,False,39.2,0,,False,[],,False,64.6,19.0,False
0x6883d9d2d1c6dc7c549ef182ae3753fa6926019d,tron,USDT,1004378.55,1004378.55,USDT,1004378.55,92,9,9,1,10,0.2440944881889764,0.84251968503937,1.0,False,0.8034577853203224,0.09037337136947521,False,False,,39.2,,0,[],[],0,False,False,,,22.1,False,,,0.0,,False,39.2,0,,False,[],,False,10.22,10.22,False
0x324720034267ac9220c6652629e5bcebe3e29502,tron,USDT,33529.661428,41383.665065,USDT,33529.661428,100,15,20,8,24,0.1452513966480447,0.22905027932960895,1.2342404695575384,False,0.5569066791050388,0.05538477938630049,False,False,,39.2,,0,[],[],0,False,False,,,52.9,False,,,0.0,,False,39.2,0,,False,[],,False,6.67,5.0,False
0xc64926ed23de0df495792d6a4d79dde8b56a6bc9,tron,USDT,1213772.642242,1209769.0,USDT,1213772.642242,363,1,12,8,15,0.25609756097560976,0.03861788617886179,0.9967014891400051,False,0.6326029198050905,0.06689235647652286,False,False,,39.1,,0,[],[],0,False,False,,,63.2,False,,,0.0,,False,39.1,0,,False,[],,False,363.0,30.25,True
0xef4774fd9ea39f65a4facfe6effa41bf87c0491e,tron,USDT,15547.5,0.0,USDT,15547.5,59,0,0,8,15,0.1323529411764706,0.08823529411764706,0.0,True,0.27108612643190494,0.015275961890273249,False,False,,39.1,,0,[],[],0,False,False,,,60.4,False,,,0.0,,False,39.1,0,,False,[],,False,59.0,59.0,True
0x813137706d7a8365200f4fee41dc8c03db37aea8,tron,USDT,855094.94833,1349773.33,USDT,855094.94833,64,6,12,5,15,0.0873015873015873,0.09523809523809523,1.5785069630408959,False,0.5316257181258047,0.05255527389846881,False,False,,39.1,,0,[],[],0,False,False,,,11.4,False,,,0.0,,False,39.1,0,,False,[],,False,10.67,5.33,False
0x9418980593c00625ebfdc7c028cda47d388dffad,tron,USDT,71900.09541800001,73050.30713500001,USDT,71900.09541800001,109,15,21,8,23,0.176056338028169,0.38028169014084506,1.015997360091292,False,0.6597831329881056,0.07050176277672343,False,False,,39.1,,0,[],[],0,False,False,,,46.0,False,,,0.0,,False,39.1,0,,False,[],,False,7.27,5.19,False
0x4876f17862d08cc4ad6c09b313c3b1ba44baed0e,tron,USDT,315132.56977,321087.5,USDT,315132.56977,331,4,5,8,19,0.16816816816816818,0.4444444444444444,1.0188965876626024,False,0.8023089302400718,0.09143617009820837,False,False,,39.0,,0,[],[],0,False,False,,,39.4,False,,,0.0,,False,39.0,0,,False,[],,False,82.75,66.2,False
0x11ee5da28b6116a7a1daeb376a9220a26eb0e262,tron,USDT,1580468.38,1583976.0,USDT,1580468.38,91,1,25,8,24,0.17737003058103976,0.9418960244648318,1.0022193547459646,False,0.6549019075828394,0.07095703677087323,False,False,,38.9,,0,[],[],0,False,False,,,45.3,False,,,0.0,,False,38.9,0,,False,[],,False,91.0,3.64,True
0x2f7326d9eefad4da07a22ead13484c24db3a47fc,tron,USDT,44769.688888000004,46792.125,USDT,44769.688888000004,53,6,7,8,20,0.09523809523809523,0.23809523809523808,1.0451742275238836,False,0.4911136483433353,0.04790855522135773,False,False,,38.9,,0,[],[],0,False,False,,,24.1,False,,,0.0,,False,38.9,0,,False,[],,False,8.83,7.57,False
0xddfb079e9d79472b4528832e67ce18f6a0d38e72,tron,USDT,86394.03469999996,80000.0,USDT,86394.03469999996,300,1,1,8,24,0.20857142857142857,0.35714285714285715,0.9259898588808474,False,0.7222365801766786,0.0812804537100188,False,False,,38.8,,0,[],[],0,False,False,,,89.1,False,,,0.0,,False,38.8,0,,False,[],,False,300.0,300.0,True
0x05290517f0430bbb1896b739367452d88fc8dbdb,tron,USDT,21952.0,0.0,USDT,21952.0,86,0,0,8,18,0.2830188679245283,0.36792452830188677,0.0,True,0.3016122189223589,0.021344877811164675,False,False,,38.8,,0,[],[],0,False,False,,,68.4,False,,,0.0,,False,38.8,0,,False,[],,False,86.0,86.0,True
0x941866d3993b4360252edb32e020849c1da3bd78,tron,USDT,96716.14845200001,0.0,USDT,96716.14845200001,75,0,0,2,17,0.21,0.31,0.0,True,0.4169919389053882,0.03780490791909219,False,False,,38.8,,0,[],[],0,False,False,,,49.2,False,,,0.0,,False,38.8,0,,False,[],,False,75.0,75.0,True
0xbfb612a1a96479e69b956f6d319bf0c87ab2294f,tron,USDT,415267.5899999999,0.0,USDT,415267.5899999999,53,0,0,6,18,0.032432432432432434,0.016216216216216217,0.0,True,0.20647008909630887,0.008564127120111231,False,False,,38.7,,0,[],[],0,False,False,,,26.9,False,,,0.0,,False,38.7,0,,False,[],,False,53.0,53.0,True
0x741f8a4e4b5a5d78089a197ad8d9e490fd07ba9d,tron,USDT,1147889.5,1134039.37,USDT,1147889.5,69,7,7,7,14,0.19047619047619047,0.2976190476190476,0.9879342654497668,False,0.6922198611510479,0.07754599807118123,False,False,,38.7,,0,[],[],0,False,False,,,14.3,False,,,0.0,,False,38.7,0,,False,[],,False,9.86,9.86,False
0x1fe4c2b9dcf966b75030e95994f1f9bbab7ab1ab,tron,USDT,14059.0,18291.6,USDT,14059.0,61,11,23,8,20,0.21428571428571427,0.12857142857142856,1.3010598193328116,False,0.3905092919671246,0.03459201684330726,False,False,,38.7,,0,[],[],0,False,False,,,33.8,False,,,0.0,,False,38.7,0,,False,[],,False,5.55,2.65,False
0x20fd6ec25a0506d72b674e2751dabb44558bce80,tron,USDT,417186.566032,404231.09603200003,USDT,417186.566032,293,1,7,8,24,0.2056644880174292,0.0,0.9689456203654309,False,0.5858553099025304,0.0633283595652347,False,False,,38.6,,0,[],[],0,False,False,,,91.2,True,,,0.0,,False,38.6,2,141205.0,True,[],,False,293.0,41.86,True
0x26437bdb3638c4e30ab7737fd7a5f6156e08296f,tron,USDT,45140.43,0.0,USDT,45140.43,55,0,0,8,18,0.03571428571428571,0.08928571428571429,0.0,True,0.24968179889690284,0.014923696369581907,False,False,,38.6,,0,[],[],0,False,False,,,28.7,False,,,0.0,,False,38.6,0,,False,[],,False,55.0,55.0,True
0x11b3bb964a2c66d966752439d6bbc7235258c645,tron,USDT,1736463.3571610004,1736463.357161,USDT,1736463.3571610004,120,3,18,7,15,0.2304075235109718,0.0,0.9999999999999998,False,0.7354263894781502,0.08452847723692875,False,False,,38.6,,0,[],[],0,False,False,,,31.2,False,,,0.0,,False,38.6,0,,False,[],,False,40.0,6.67,False
0xeeef8ed06d8ee401bce2b9e8d9fe617352c80b73,tron,USDT,29321.97995299999,0.0,USDT,29321.97995299999,55,0,0,8,18,0.14035087719298245,0.07017543859649122,0.0,True,0.24272380144251166,0.014911975438072766,False,False,,38.5,,0,[],[],0,False,False,,,33.9,False,,,0.0,,False,38.5,0,,False,[],,False,55.0,55.0,True
0x2c14524ac9a02cafbfbc027959517492c1ac24e4,tron,USDT,156279.27116200002,152948.83610000001,USDT,156279.27116200002,151,3,7,8,20,0.4438202247191011,0.1797752808988764,0.9786892078697522,False,0.7046898992744172,0.08059287990566238,False,False,,38.5,,0,[],[],0,False,False,,,58.5,False,,,0.0,,False,38.5,0,,False,[],,False,50.33,21.57,False
0x5be1f278dc9d2a411fba35baab97e04647841f29,tron,USDT,1879134.547207,2214724.0,USDT,1879134.547207,108,5,5,8,23,0.04498269896193772,0.698961937716263,1.17858724022279,False,0.7064123780055057,0.08080223825992289,False,False,,38.5,,0,[],[],0,False,False,,,28.0,False,,,0.0,,False,38.5,0,,False,[],,False,21.6,21.6,False
0x8fc1492181aa0eee36ae58f197df0f14806aaca6,tron,USDT,96457.449476,171000.0,USDT,96457.449476,379,2,3,6,2,0.0,0.04148471615720524,1.772802421471317,False,0.6801446493501999,0.07736495681881678,False,False,,38.4,,0,[],[],0,False,False,,,61.9,False,,,0.0,,False,38.4,2,140999.0,True,[],,False,189.5,126.33,False
0xede8f59978b95dc28ffae3aeb2dc5af60a44799e,tron,USDT,781614.9580199996,812600.0,USDT,781614.9580199996,331,1,12,8,24,0.13142857142857142,0.4185714285714286,1.0396423349656618,False,0.74404437984607,0.0871119033145627,False,False,,38.3,,0,[],[],0,False,False,,,62.9,False,,,0.0,,False,38.3,0,,False,[],,False,331.0,27.58,True
0xc7546f5f681a660ce77a5556c0919d654d09b4d9,tron,USDT,313142.00000000006,313142.0,USDT,313142.00000000006,265,1,1,1,1,0.0,0.09056603773584905,0.9999999999999998,False,0.7931268561731013,0.09433984258985828,False,False,,38.3,,0,[],[],0,False,False,,,79.3,False,,,0.0,,False,38.3,0,,False,[],,False,265.0,265.0,True
0x06144b7e6e5ac873632302943188ee93884bce22,tron,USDT,281884.020563,281884.020563,USDT,281884.020563,317,2,19,1,8,0.0,0.21806853582554517,1.0,False,0.9059821807382267,0.11012756723803363,False,False,,38.3,,0,[],[],0,False,False,,,59.5,False,,,0.0,,False,38.3,0,,False,[],,False,158.5,16.68,False
0x32b032e63c5bad21fa7965a9fb2d185f17615fbd,tron,USDT,90551.668202,85364.35,USDT,90551.668202,276,4,14,8,20,0.2033898305084746,0.3341404358353511,0.9427142723596402,False,0.768771959266158,0.09068299001229185,False,False,,38.3,,0,[],[],0,False,False,,,66.9,False,,,0.0,,False,38.3,0,,False,[],,False,69.0,19.71,False
0xb46a7b6ec7e0c1e16317d8af0bfcacb79dba69f0,tron,USDT,141153.51409899996,0.0,USDT,141153.51409899996,65,0,0,8,24,0.23104693140794225,0.3176895306859206,0.0,True,0.23218073822655916,0.014190963465082196,False,False,,38.3,,0,[],[],0,False,False,,,48.7,False,,,0.0,,False,38.3,0,,False,[],,False,65.0,65.0,True
0x3363a421069fd02db1cc81be7b7e15edc6b91cf8,tron,USDT,921903.70291,1000632.399677,USDT,921903.70291,72,1,1,6,12,0.0,0.0446685878962536,1.0853979613255613,False,0.5927846419308996,0.06631246842094463,False,False,,38.2,,0,[],[],0,False,False,,,41.0,False,,,0.0,,False,38.2,0,,False,[],,False,72.0,72.0,True
0x837290f2d31d902f45fb507bf5103ce6ae7b6a8b,tron,USDT,157761.759945,138942.0,USDT,157761.759945,307,5,6,8,24,0.18181818181818182,0.487012987012987,0.8807077206063049,False,0.7854966565523175,0.09403033564647995,False,False,,38.2,,0,[],[],0,False,False,,,65.3,False,,,0.0,,False,38.2,0,,False,[],,False,61.4,51.17,False
0x4574b744f6de12b1666b6d5f199b39b1ee5b5204,tron,USDT,711060.0800000001,709909.26,USDT,711060.0800000001,79,8,21,8,21,0.09644670050761421,0.9847715736040609,0.998381543230496,False,0.630329681577792,0.07164103084383255,False,False,,38.2,,0,[],[],0,False,False,,,18.2,False,,,0.0,,False,38.2,0,,False,[],,False,9.88,3.76,False
0x44df6684736b835033389a45dc36b9d4b203238c,tron,USDT,279074.146054,253285.6,USDT,279074.146054,63,14,24,8,19,0.29411764705882354,0.23529411764705882,0.9075924931827616,False,0.4851884180256062,0.05115273477205051,False,False,,38.2,,0,[],[],0,False,False,,,10.8,False,,,0.0,,False,38.2,0,,False,[],,False,4.5,2.62,False
0x6e163ee19b5d8c58eba90cb88b97229621b88a69,tron,USDT,101407.260654,167871.0,USDT,101407.260654,52,14,25,8,16,0.19718309859154928,0.36619718309859156,1.6554140099767929,False,0.4897487635540686,0.05181899133291834,False,False,,38.2,,0,[],[],0,False,False,,,2.3,False,,,0.0,,False,38.2,0,,False,[],,False,3.71,2.08,False
0xa68b683076870e7a537eac69844b877842475d5d,tron,USDT,1280263.5300000003,1430000.0,USDT,1280263.5300000003,216,2,10,8,24,0.1657397107897664,0.5205784204671857,1.1169575376407073,False,0.7784964856835684,0.09343101374205526,False,False,,38.1,,0,[],[],0,False,False,,,55.5,False,,,0.0,,False,38.1,0,,False,[],,False,108.0,21.6,False
0x6443caf9ab10c65572201147cf12d2ecbee2d528,tron,USDT,72205.18506700001,0.0,USDT,72205.18506700001,81,0,0,1,13,0.05,0.15,0.0,True,0.37993211709800595,0.036313964405601085,False,False,,38.1,,0,[],[],0,False,False,,,58.1,False,,,0.0,,False,38.1,0,,False,[],,False,81.0,81.0,True
0x2013d219f553b856dc4799f3ffc906303faf7b6d,tron,USDT,65851.95862,0.0,USDT,65851.95862,75,0,0,1,12,0.0,0.26,0.0,True,0.4042214679677556,0.03974454976508335,False,False,,38.1,,0,[],[],0,False,False,,,50.1,False,,,0.0,,False,38.1,0,,False,[],,False,75.0,75.0,True
0xc57c03f7a319cb05388b21147618ab286e1f2e5d,tron,USDT,272800.0,0.0,USDT,272800.0,59,0,0,8,22,0.25742574257425743,1.0,0.0,True,0.25927025880356386,0.019641342180873766,False,False,,38.1,,0,[],[],0,False,False,,,31.7,False,,,0.0,,False,38.1,0,,False,[],,False,59.0,59.0,True
0x15bb254dacc006c6f30454895dbd9d5b6e648325,tron,USDT,10014.787262000002,10011.0838,USDT,10014.787262000002,84,7,7,1,1,1.0,0.25,0.999630200632014,False,0.5720304100882186,0.0637040304231965,False,False,,38.1,,0,[],[],0,False,False,,,44.4,False,,,0.0,,False,38.1,0,,False,[],,False,12.0,12.0,False
0xbb55129b68e61d9682ef0f176bd4b660454df50c,tron,USDT,262460.22250699997,248352.0,USDT,262460.22250699997,127,11,20,8,16,0.14736842105263157,0.34210526315789475,0.9462462449652778,False,0.8247392786918253,0.10013754532506963,False,False,,38.1,,0,[],[],0,False,False,,,37.7,False,,,0.0,,False,38.1,0,,False,[],,False,11.55,6.35,False
0xe37c8d52e0f29fd68ddb5414ab0e24177177c507,tron,USDT,1848661.5440360005,2080000.0,USDT,1848661.5440360005,194,2,9,4,4,0.0035335689045936395,0.10600706713780919,1.125138350343428,False,0.8123503528417939,0.09889382010759479,False,False,,38.0,,0,[],[],0,False,False,,,36.8,False,,,0.0,,False,38.0,0,,False,[],,False,97.0,21.56,False
0xa3acf7534facf60c1ba04678a3f662857ad3a128,tron,USDT,1944160.86,1200000.0,USDT,1944160.86,150,2,2,8,24,0.09267563527653214,0.20478325859491778,0.6172328765017931,False,0.6400354594751572,0.07488574512565443,False,False,,37.9,,0,[],[],0,False,False,,,34.4,False,,,0.0,,False,37.9,0,,False,[],,False,75.0,75.0,False
0xb58c7fc1253cdc02d2cdc46770dcf69f58c6ea26,tron,USDT,55708.25779,0.0,USDT,55708.25779,72,0,0,1,12,0.0,0.23,0.0,True,0.38716588884174796,0.038736435458182505,False,False,,37.9,,0,[],[],0,False,False,,,48.6,False,,,0.0,,False,37.9,0,,False,[],,False,72.0,72.0,True
0x7781bb3aeb1762db9017b651f835addd96a20299,tron,USDT,69817.970045,0.0,USDT,69817.970045,65,0,0,1,11,0.0,0.29,0.0,True,0.3751803139584218,0.03702567486235775,False,False,,37.9,,0,[],[],0,False,False,,,44.3,False,,,0.0,,False,37.9,0,,False,[],,False,65.0,65.0,True
0xc436793510397a50ebbc0cfef18b96456c5b17fb,tron,USDT,60097.097584999996,0.0,USDT,60097.097584999996,64,0,0,7,19,0.203125,0.609375,0.0,True,0.2687102248621129,0.021898700754553135,False,False,,37.9,,0,[],[],0,False,False,,,34.9,False,,,0.0,,False,37.9,0,,False,[],,False,64.0,64.0,True
0x3c1b51e75fca7ffa72f9df1f0e5e1a8ed535f870,tron,USDT,269059.515405,246145.0,USDT,269059.515405,72,11,22,8,18,0.024096385542168676,0.3493975903614458,0.9148347704019756,False,0.698134539994693,0.08321816058553033,False,False,,37.9,,0,[],[],0,False,False,,,15.6,False,,,0.0,,False,37.9,0,,False,[],,False,6.55,3.27,False
0xe8b0ed1cfead30b0c6119265c12611b05f76b9a4,tron,USDT,648244.5,643239.0,USDT,648244.5,76,13,18,8,18,0.09615384615384616,0.10576923076923077,0.9922783764459243,False,0.643619018522108,0.07552076691035259,False,False,,37.9,,0,[],[],0,False,False,,,17.3,False,,,0.0,,False,37.9,0,,False,[],,False,5.85,4.22,False
0x96857acecb8ae5b609971a54f986c537ae798922,tron,USDT,33034.683899,0.0,USDT,33034.683899,66,0,0,5,3,0.08823529411764706,0.04411764705882353,0.0,True,0.2869961815867628,0.02486056935662695,False,False,,37.8,,0,[],[],0,False,False,,,66.5,False,,,0.0,,False,37.8,0,,False,[],,False,66.0,66.0,True
0xa4228a4fccbabebd6830c8b1f663844d0d80b0f7,tron,USDT,1678865.1414849998,1417929.6,USDT,1678865.1414849998,81,8,15,8,15,0.11570247933884298,0.39669421487603307,0.844576234840283,False,0.7156695957164656,0.08596106064198578,False,False,,37.8,,0,[],[],0,False,False,,,18.8,False,,,0.0,,False,37.8,0,,False,[],,False,10.12,5.4,False
0x335ef66ea8140cae1c463582676a8a1b0d8b87a6,tron,USDT,249179.392932,154759.0,USDT,249179.392932,90,15,17,8,11,0.0,0.17777777777777778,0.6210746329341652,False,0.6374096656619285,0.07500489080156786,False,False,,37.8,,0,[],[],0,False,False,,,21.5,False,,,0.0,,False,37.8,0,,False,[],,False,6.0,5.29,False
0x622da7459978e26379e11c9ff572150722b1b8a3,tron,USDT,84040.44000000002,89590.97,USDT,84040.44000000002,291,4,9,8,23,0.24434389140271492,0.058823529411764705,1.0660459416918806,False,0.6710504637617511,0.08014104405649591,False,False,,37.7,,0,[],[],0,False,False,,,69.8,False,,,0.0,,False,37.7,0,,False,[],,False,72.75,32.33,False
0xf25ca9a66e615b211ae973f9eec66e5fa3666e0a,tron,USDT,223876.67,234851.0,USDT,223876.67,108,2,13,8,24,0.17647058823529413,0.5721925133689839,1.049019533835303,False,0.7270649943784634,0.08837529370989111,False,False,,37.7,,0,[],[],0,False,False,,,40.7,False,,,0.0,,False,37.7,0,,False,[],,False,54.0,8.31,False
0xb4af54f2abbfc3647a844d2f5e408024b07fcc88,tron,USDT,22286.367824,16350.145,USDT,22286.367824,180,5,7,8,17,0.020618556701030927,0.030927835051546393,0.7336388382853786,False,0.751331076948548,0.09165865296075498,False,False,,37.7,,0,[],[],0,False,False,,,67.0,False,,,0.0,,False,37.7,0,,False,[],,False,36.0,25.71,False
0x6026fcc26a7d222a59ebb0741c49263aff395d3c,tron,USDT,113895.0,143445.0,USDT,113895.0,79,14,19,7,15,0.1592920353982301,0.17699115044247787,1.2594494929540365,False,0.636654861697695,0.07514854320109032,False,False,,37.7,,0,[],[],0,False,False,,,18.2,False,,,0.0,,False,37.7,0,,False,[],,False,5.64,4.16,False
0xb8b215d99760febc2faca604a2b9f3534380e07c,tron,USDT,37161.409999999996,0.0,USDT,37161.409999999996,93,0,0,7,21,0.12962962962962962,0.2777777777777778,0.0,True,0.2968604157827747,0.027400351008616153,False,False,,37.6,,0,[],[],0,False,False,,,66.2,False,,,0.0,,False,37.6,0,,False,[],,False,93.0,93.0,True
0x657a0d31c71a15dd376974da3a78df180f22ec4d,tron,USDT,10130.876800000002,10231.0258,USDT,10130.876800000002,138,2,2,1,2,0.0,0.0,1.0098855214585176,False,0.7496139012237824,0.09223907917559898,False,False,,37.6,,0,[],[],0,False,False,,,62.5,False,,,0.0,,False,37.6,0,,False,[],,False,69.0,69.0,False
0x93def33381ca9aaac8b9fd9b3dae2a386a782916,tron,USDT,10314.370875000002,0.0,USDT,10314.370875000002,59,0,0,8,23,0.15384615384615385,0.08791208791208792,0.0,True,0.12087399236317352,0.002519747709654907,False,False,,37.6,,0,[],[],0,False,False,,,62.5,False,,,0.0,,False,37.6,0,,False,[],,False,59.0,59.0,True
0xa2e1d0cb488a533733c034668e2911ae6047d76c,tron,USDT,480827.57021900004,498230.1,USDT,480827.57021900004,272,5,18,8,23,0.18669527896995708,0.6137339055793991,1.0361928700824574,False,0.8101776330263596,0.10061941278042275,False,False,,37.6,,0,[],[],0,False,False,,,38.7,False,,,0.0,,False,37.6,0,,False,[],,False,54.4,15.11,False
0x39aa3ae51908755e986ab632164a4b71d888f83b,tron,USDT,608818.3872420001,690057.2000000001,USDT,608818.3872420001,191,9,21,8,17,0.2992957746478873,0.3274647887323944,1.1334368581179337,False,0.6872286232851955,0.08348106760556817,False,False,,37.6,,0,[],[],0,False,False,,,36.7,False,,,0.0,,False,37.6,0,,False,[],,False,21.22,9.1,False
0x3399a9999188b8f26d125531761e8af3d25aa502,tron,USDT,100000.23494100002,99991.37,USDT,100000.23494100002,61,10,10,1,1,0.0,0.3442622950819672,0.9999113507982731,False,0.6702835005372533,0.08103309108395024,False,False,,37.6,,0,[],[],0,False,False,,,9.6,False,,,0.0,,False,37.6,0,,False,[],,False,6.1,6.1,False
0xd9c97fae1fe1caba26f4ee58f8974a3cbbb3fb1b,tron,USDT,127600.38781300001,127460.0,USDT,127600.38781300001,76,10,13,8,15,0.22727272727272727,0.41818181818181815,0.9988997853736483,False,0.7404036312368001,0.09124013213599452,False,False,,37.5,,0,[],[],0,False,False,,,17.3,False,,,0.0,,False,37.5,0,,False,[],,False,7.6,5.85,False
0xba2f9b898ab6f959d37d7587e5d586b9c1c45122,tron,USDT,1516336.0675399997,1450715.0,USDT,1516336.0675399997,85,7,17,7,21,0.20441988950276244,0.6132596685082873,0.9567239288540706,False,0.622295146398731,0.07512259422870848,False,False,,37.4,,0,[],[],0,False,False,,,19.9,False,,,0.0,,False,37.4,0,,False,[],,False,12.14,5.0,False
0xc2b09bc7717951b369eb8749825e9df96d185cef,tron,USDT,343268.05,0.0,USDT,343268.05,54,0,0,8,23,0.16853932584269662,0.4606741573033708,0.0,True,0.2028850233347476,0.01640449224713758,False,False,,37.2,,0,[],[],0,False,False,,,27.9,False,,,0.0,,False,37.2,0,,False,[],,False,54.0,54.0,True
0xa2e6ca909578a3e50922e162bf5fc37a1f707614,tron,USDT,1746485.3,1771200.01,USDT,1746485.3,72,3,17,8,17,0.16477272727272727,0.8522727272727273,1.0141511125229625,False,0.8043399090185301,0.10191606705485312,False,False,,37.2,,0,[],[],0,False,False,,,15.6,False,,,0.0,,False,37.2,0,,False,[],,False,24.0,4.24,False
0x1a1bcf0ba4fabccf3db412eafbd7bdb47b0392b5,tron,USDT,774094.716,681580.0,USDT,774094.716,50,6,8,7,16,0.0,0.7843137254901961,0.880486568261241,False,0.6701151329140217,0.08306585806361405,False,False,,37.2,,0,[],[],0,False,False,,,0.5,False,,,0.0,,False,37.2,0,,False,[],,False,8.33,6.25,False
0x87fa60dbc9f55169d738405d206ee314095b4fab,tron,USDT,149140.568117,148419.845629,USDT,149140.568117,91,14,22,4,22,0.13186813186813187,0.3626373626373626,0.9951674953562293,False,0.611443342092035,0.07496234939308066,False,False,,37.2,,0,[],[],0,False,False,,,21.8,False,,,0.0,,False,37.2,2,141279.0,True,[],,False,6.5,4.14,False
0x0aea7b4caf85a8d89576088a6025099eca01bd2d,tron,USDT,605991.6778099999,750322.0,USDT,605991.6778099999,58,11,14,8,18,0.12658227848101267,0.379746835443038,1.2381721193129203,False,0.6131632002358461,0.07490369705517486,False,False,,37.2,,0,[],[],0,False,False,,,7.4,False,,,0.0,,False,37.2,0,,False,[],,False,5.27,4.14,False
0x64f676ee0170e1d1d0b3a751179838258451125d,tron,USDT,127741.32000000002,0.0,USDT,127741.32000000002,80,0,0,4,24,0.2835820895522388,0.1791044776119403,0.0,True,0.24138735680950363,0.022331948255382872,False,False,,37.1,,0,[],[],0,False,False,,,68.2,False,,,0.0,,False,37.1,0,,False,[],,False,80.0,80.0,True
0xad69fee22e9fa34a5686d31101a9a202ae167aac,tron,USDT,1411086.262408,1218157.21,USDT,1411086.262408,76,6,15,8,15,0.16071428571428573,0.21428571428571427,0.8632762166653305,False,0.7171609709529219,0.09050538101341282,False,False,,37.1,,0,[],[],0,False,False,,,17.3,False,,,0.0,,False,37.1,0,,False,[],,False,12.67,5.07,False
0x3ca54f3b35ba1270d8e6b5af0d5e260aa45fd30a,tron,USDT,78203.32435,75739.2648,USDT,78203.32435,64,15,16,7,14,0.578125,0.0,0.9684916265327538,False,0.38510689552292754,0.04275554127950665,False,False,,37.1,,0,[],[],0,False,False,,,11.4,False,,,0.0,,False,37.1,0,,False,[],,False,4.27,4.0,False
0xd8b9044329eb618ee84ed747a08d3137e2ecbccc,tron,USDT,63460.27229799999,0.0,USDT,63460.27229799999,62,0,0,2,2,0.0,0.0,0.0,True,0.23268985999151465,0.022079956566729342,False,False,,37.0,,0,[],[],0,False,False,,,33.7,False,,,0.0,,False,37.0,0,,False,[],,False,62.0,62.0,True
0x97dca53864146cfdcac1aac20ebc43bad1f31392,tron,USDT,296209.09207300004,307872.452164,USDT,296209.09207300004,52,1,12,8,19,0.22413793103448276,0.1724137931034483,1.039375429057139,False,0.41327468084109664,0.04759913317471598,False,False,,37.0,,0,[],[],0,False,False,,,25.9,False,,,0.0,,False,37.0,0,,False,[],,False,52.0,4.33,True
0xa3728db0cab70fef6deb29e54d3cfa1225a1429f,tron,USDT,187312.30000000002,169014.0,USDT,187312.30000000002,50,5,9,8,17,0.1095890410958904,0.6027397260273972,0.9023112737390977,False,0.6690918686638145,0.08417693276553606,False,False,,37.0,,0,[],[],0,False,False,,,0.5,False,,,0.0,,False,37.0,0,,False,[],,False,10.0,5.56,False
0xa4d29b874b0fd72201bd4a1c658e0550f202ecee,tron,USDT,137634.57106100002,132050.0,USDT,137634.57106100002,96,13,21,8,24,0.13978494623655913,0.004301075268817204,0.9594246487786493,False,0.4794963001418139,0.05714220748579313,False,False,,37.0,,0,[],[],0,False,False,,,52.1,False,,,0.0,,False,37.0,0,,False,[],,False,7.38,4.57,False
0xa9a78b0e26070224888873166429ae6b4505aa31,tron,USDT,52314.78943199999,60760.0,USDT,52314.78943199999,343,1,7,8,24,0.22125435540069685,0.2874564459930314,1.1614306520143276,False,0.693000250589922,0.08784033264580815,False,False,,36.9,,0,[],[],0,False,False,,,94.0,True,,,0.0,,False,36.9,0,,False,[],,False,343.0,49.0,True
0x1d1112306d87b60fafc59a30de73c7e2babbf938,tron,USDT,403197.0253439999,513000.0,USDT,403197.0253439999,277,3,10,8,24,0.06968641114982578,0.429732868757259,1.272330815343487,False,0.7445368068082648,0.09585621162808294,False,False,,36.8,,0,[],[],0,False,False,,,50.0,False,,,0.0,,False,36.8,0,,False,[],,False,92.33,27.7,False
0x78b25c626e8a949dac66aa3cc034d50565500db8,tron,USDT,1871128.2138530002,2200000.0,USDT,1871128.2138530002,144,2,8,3,3,0.0,0.09467455621301775,1.1757612245447315,False,0.7764302752437903,0.10072983966703586,False,False,,36.8,,0,[],[],0,False,False,,,34.0,False,,,0.0,,False,36.8,0,,False,[],,False,72.0,18.0,False
0xb572a92eebd7da5f485b7b7dede348641d22a018,tron,USDT,19426.1632,10534.2,USDT,19426.1632,68,13,15,8,21,0.13636363636363635,0.12727272727272726,0.5422686863868209,False,0.38906468339531075,0.045315463089334096,False,False,,36.8,,0,[],[],0,False,False,,,44.7,False,,,0.0,,False,36.8,0,,False,[],,False,5.23,4.53,False
0x1a8955af78b8722fe9e75495e087c63ba8df4eba,tron,USDT,114156.80986100003,138386.0,USDT,114156.80986100003,173,12,19,8,24,0.06936416184971098,0.12716763005780346,1.2122448075458836,False,0.5996384377271406,0.07581343329442214,False,False,,36.7,,0,[],[],0,False,False,,,62.8,False,,,0.0,,False,36.7,0,,False,[],,False,14.42,9.11,False
0x8d8c5f7beef944114410175c52bccf0cfba4b143,tron,USDT,102392.41558300001,104760.0,USDT,102392.41558300001,96,10,14,8,17,0.20175438596491227,0.5,1.023122654188003,False,0.7903054649197181,0.10318318127800696,False,False,,36.7,,0,[],[],0,False,False,,,23.2,False,,,0.0,,False,36.7,2,141275.0,True,[],,False,9.6,6.86,False
0x788aef6b024896cded046bc94888ba38386b238c,tron,USDT,39321.66,22058.0,USDT,39321.66,79,15,16,8,21,0.18269230769230768,0.4230769230769231,0.5609630926059581,False,0.5106864666331984,0.06290677013073737,False,False,,36.7,,0,[],[],0,False,False,,,44.6,False,,,0.0,,False,36.7,0,,False,[],,False,5.27,4.94,False
0x2bf18d311b07bb402737ef2c2b439c6f4250c908,tron,USDT,27452.0,0.0,USDT,27452.0,74,0,0,8,17,0.2828282828282828,0.32323232323232326,0.0,True,0.2659100551548579,0.029028811510226182,False,False,,36.6,,0,[],[],0,False,False,,,57.6,False,,,0.0,,False,36.6,0,,False,[],,False,74.0,74.0,True
0xe99b073550728a2f24bace527d2810e617e89860,tron,USDT,11905.259999999998,0.0,USDT,11905.259999999998,57,0,0,8,24,0.20121951219512196,0.0,0.0,True,0.05729741196436147,-0.0007657229881932182,True,False,,36.6,,0,[],[],0,False,False,,,60.8,False,,,0.0,,False,36.6,0,,False,[],,False,57.0,57.0,True
0xab0311b1c20607df9f47ebb6d4f6cf689a19d67c,tron,USDT,13837.589999999998,17530.0,USDT,13837.589999999998,52,4,4,8,24,0.25,0.22794117647058823,1.2668390955361448,False,0.43640731877991573,0.05302197787569679,False,False,,36.6,,0,[],[],0,False,False,,,33.2,False,,,0.0,,False,36.6,0,,False,[],,False,13.0,13.0,False
0x956a12c67699846b6e97ff5b430824db048a32cb,tron,USDT,25326.897666000004,18687.1,USDT,25326.897666000004,101,10,10,8,18,0.15503875968992248,0.10852713178294573,0.7378361237304806,False,0.6516189854588665,0.08358934917195032,False,False,,36.6,,0,[],[],0,False,False,,,56.1,False,,,0.0,,False,36.6,0,,False,[],,False,10.1,10.1,False
0x65f3e2a4adaea2c5d1648939eb555783c0ac641f,tron,USDT,59163.425222999984,58080.0,USDT,59163.425222999984,346,1,6,8,24,0.2145214521452145,0.28052805280528054,0.9816875845352713,False,0.7198843985362439,0.09390409676741007,False,False,,36.5,,0,[],[],0,False,False,,,93.6,True,,,0.0,,False,36.5,0,,False,[],,False,346.0,57.67,True
0x08d597a90ace6b950abb86fce9482db4d65ec515,tron,USDT,1145488.1865109995,500000.0,USDT,1145488.1865109995,233,1,1,8,5,0.007246376811594203,0.06159420289855073,0.43649511700590443,True,0.5664886712586268,0.07207931635344977,False,False,,36.5,,0,[],[],0,False,False,,,73.8,False,,,0.0,,False,36.5,0,,False,[],,False,233.0,233.0,True
0x9f57414e6e44ed726dc67a847f4b88a49778619c,tron,USDT,459843.3871589998,589000.0,USDT,459843.3871589998,253,3,5,8,24,0.1930835734870317,0.28530259365994237,1.2808708713611268,False,0.7103934964957,0.09279211857019798,False,False,,36.5,,0,[],[],0,False,False,,,56.1,False,,,0.0,,False,36.5,0,,False,[],,False,84.33,50.6,False
0xa7c25dd4732b0b66e7e0658c4748d01c274fb216,tron,USDT,97908.954684,70000.0,USDT,97908.954684,112,2,2,4,24,0.12040133779264214,0.24414715719063546,0.7149499269594306,False,0.6317256663422468,0.08161122123323655,False,False,,36.5,,0,[],[],0,False,False,,,51.1,False,,,0.0,,False,36.5,0,,False,[],,False,56.0,56.0,False
0xaac469cfb78e42ea1edd1691da43b7d0dc8779c9,tron,USDT,23546.899988999998,0.0,USDT,23546.899988999998,55,0,0,8,21,0.16393442622950818,0.29508196721311475,0.0,True,0.177577428935087,0.0167850527399811,False,False,,36.5,,0,[],[],0,False,False,,,46.4,False,,,0.0,,False,36.5,0,,False,[],,False,55.0,55.0,True
0x3ff173e256329ba811f30f12cac79baeed09c5e3,tron,USDT,236734.24000000002,246089.0,USDT,236734.24000000002,100,2,15,8,24,0.16,0.5542857142857143,1.0395158723131896,False,0.7038066261313375,0.09205065272517149,False,False,,36.5,,0,[],[],0,False,False,,,34.0,False,,,0.0,,False,36.5,0,,False,[],,False,50.0,6.67,False
0x5cac0ae4a7f8bd16d22984de9d92c950c44e5fa3,tron,USDT,211978.73289999997,207100.0,USDT,211978.73289999997,177,6,23,3,13,0.2020497803806735,0.0,0.9769848001577521,False,0.7665891534978212,0.10104534010414068,False,False,,36.5,,0,[],[],0,False,False,,,64.8,False,,,0.0,,False,36.5,0,,False,[],,False,29.5,7.7,False
0x50a1721eeba2c767872fdd7f63973b2ea45304cf,tron,USDT,86649.40999999999,101527.8,USDT,86649.40999999999,162,12,17,8,24,0.13580246913580246,0.14814814814814814,1.1717079204578544,False,0.6158917633840336,0.07907847175381089,False,False,,36.5,,0,[],[],0,False,False,,,45.5,False,,,0.0,,False,36.5,0,,False,[],,False,13.5,9.53,False
0xe05421bdaaceb11c4409dce57ff370d98ece4fd2,tron,USDT,411197.077863,395057.233,USDT,411197.077863,68,12,20,8,13,0.0,0.2803738317757009,0.960749125585038,False,0.6777459218501429,0.08822703869223653,False,False,,36.5,,0,[],[],0,False,False,,,13.8,False,,,0.0,,False,36.5,0,,False,[],,False,5.67,3.4,False
0x5e362d1d1f92ad01ce0faeb822a620914234052f,tron,USDT,68381.62599999999,70777.06999899998,USDT,68381.62599999999,98,1,14,8,24,0.24031007751937986,0.14728682170542637,1.0350305211958546,False,0.5585645364057167,0.07192316017079398,False,False,,36.4,,0,[],[],0,False,False,,,73.8,False,,,0.0,,False,36.4,2,141371.0,True,[],,False,98.0,7.0,True
0x8db40971bd35091074e807e81eabc945d8561e48,tron,USDT,1057890.3599999999,1052773.51,USDT,1057890.3599999999,65,8,19,8,15,0.22077922077922077,0.37662337662337664,0.9951631566053784,False,0.6922867679354159,0.09060965646898189,False,False,,36.4,,0,[],[],0,False,False,,,11.9,False,,,0.0,,False,36.4,0,,False,[],,False,8.12,3.42,False
0x3490faff1101201eeb67cf38ec6a860538a4513f,tron,USDT,27784.184,23386.902343,USDT,27784.184,53,11,13,8,20,0.140625,0.109375,0.8417343602029126,False,0.3638072029697297,0.044182628034949656,False,False,,36.4,,0,[],[],0,False,False,,,32.5,False,,,0.0,,False,36.4,2,141328.0,True,[],,False,4.82,4.08,False
0x3493d0e592efe28878a8e7eb27b600b3995c8aa7,tron,USDT,34572.68,0.0,USDT,34572.68,90,0,0,8,22,0.12643678160919541,0.028735632183908046,0.0,True,0.19688162918964786,0.020936114561897146,False,False,,36.3,,0,[],[],0,False,False,,,71.5,False,,,0.0,,False,36.3,0,,False,[],,False,90.0,90.0,True
0xf299f68cff710b5277f12ada80645b7c4595ea27,tron,USDT,226447.07448900005,228818.72518,USDT,226447.07448900005,165,3,24,4,13,0.13700107874865156,0.0,1.0104733112421602,False,0.7652154777600534,0.10168986529969326,False,False,,36.3,,0,[],[],0,False,False,,,64.3,False,,,0.0,,False,36.3,0,,False,[],,False,55.0,6.88,False
0x36baa0bc3c261ca63c819c8d4edbd885c56295d0,tron,USDT,75353.18999999999,72381.0,USDT,75353.18999999999,50,2,5,5,24,0.24050632911392406,0.012658227848101266,0.9605565471083575,False,0.37342229796643184,0.046077205317476055,False,False,,36.3,,0,[],[],0,False,False,,,22.7,False,,,0.0,,False,36.3,0,,False,[],,False,25.0,10.0,False
0x3535c68aaea3cf10b714d6a5645a69c218ea9cd5,tron,USDT,1075006.0,1000106.0,USDT,1075006.0,167,1,8,8,24,0.16129032258064516,0.9959677419354839,0.9303259702736543,False,0.7448899713139586,0.09955286338401392,False,False,,36.2,,0,[],[],0,False,False,,,59.2,False,,,0.0,,False,36.2,0,,False,[],,False,167.0,20.88,True
0xc0de48014a1a82d819beedf1c32d3da2a171ea5d,tron,USDT,79857.6,0.0,USDT,79857.6,90,0,0,8,18,0.3577981651376147,0.009174311926605505,0.0,True,0.1816079762409843,0.018907814459812933,False,False,,36.2,,0,[],[],0,False,False,,,52.8,False,,,0.0,,False,36.2,2,141325.0,True,[],,False,90.0,90.0,True
0xfa2fe23e45af2a1326a45780682177106da667ca,tron,USDT,26421.258449000004,0.0,USDT,26421.258449000004,88,0,0,8,24,0.125,0.022727272727272728,0.0,True,0.18856597369537548,0.019956743332380178,False,False,,36.2,,0,[],[],0,False,False,,,65.7,False,,,0.0,,False,36.2,0,,False,[],,False,88.0,88.0,True
0x9d068d0481fe319d8db1f0b92045878ce37565ea,tron,USDT,226077.54827999993,0.0,USDT,226077.54827999993,75,0,0,8,24,0.25,0.005,0.0,True,0.1421722528638099,0.013261072008210584,False,False,,36.2,,0,[],[],0,False,False,,,40.4,False,,,0.0,,False,36.2,0,,False,[],,False,75.0,75.0,True
0x0473bc6b2e155d1570f04065cfd4ee79a9bdf844,tron,USDT,48245.36473100001,48245.503242000006,USDT,48245.36473100001,139,2,5,1,3,0.0,0.15384615384615385,1.000002870970108,False,0.8389472408250704,0.11306527428293367,False,False,,36.2,,0,[],[],0,False,False,,,60.8,False,,,0.0,,False,36.2,0,,False,[],,False,69.5,27.8,False
0xf2f57582e35d4046f9c36f770b5dfb72b5217e09,tron,USDT,186420.92591999998,198900.700571,USDT,186420.92591999998,153,6,23,5,12,0.19533169533169534,0.0,1.0669440653693327,False,0.747748225534534,0.0997333851669967,False,False,,36.2,,0,[],[],0,False,False,,,63.5,False,,,0.0,,False,36.2,0,,False,[],,False,25.5,6.65,False
0x86f6e1a2e616067c3ca7d681f2cbf6dda9764068,tron,USDT,365559.690294,283643.30000000005,USDT,365559.690294,118,12,15,5,6,0.22485207100591717,0.07100591715976332,0.7759151447247397,False,0.6850090790085882,0.09108914364362514,False,False,,36.2,,0,[],[],0,False,False,,,30.8,False,,,0.0,,False,36.2,0,,False,[],,False,9.83,7.87,False
0x8ab98b1b7c64a4adc159c76809be7b1b36cd1906,tron,USDT,380611.389685,367975.0,USDT,380611.389685,55,8,13,8,18,0.17567567567567569,0.3918918918918919,0.9667997594726262,False,0.6404961419666508,0.08430801730362769,False,False,,36.2,,0,[],[],0,False,False,,,5.2,False,,,0.0,,False,36.2,0,,False,[],,False,6.88,4.23,False
0x1ce7499628f4631f2f627af5b895c794b5eecfe9,tron,USDT,309351.8651609999,290000.0,USDT,309351.8651609999,243,2,2,8,24,0.23045267489711935,0.1934156378600823,0.9374438387467671,False,0.728727630710745,0.0974023691186564,False,False,,36.1,,0,[],[],0,False,False,,,64.7,False,,,0.0,,False,36.1,0,,False,[],,False,121.5,121.5,False
0x2b4ddae6a623b53ac96ec7bf2102e9170cd42afb,tron,USDT,1209186.0460000006,1209186.046,USDT,1209186.0460000006,151,2,15,7,15,0.18688524590163935,0.0,0.9999999999999997,False,0.7598005939753925,0.10195510283290132,False,False,,36.1,,0,[],[],0,False,False,,,34.5,False,,,0.0,,False,36.1,0,,False,[],,False,75.5,10.07,False
0xc1828906e6f7df92f19dc19d40e814c635dc45a4,tron,USDT,942865.6919330001,950376.191933,USDT,942865.6919330001,100,2,12,8,24,0.2074716477651768,0.19212808539026016,1.0079656095923932,False,0.6407912650140628,0.08516182781962844,False,False,,36.1,,0,[],[],0,False,False,,,34.1,False,,,0.0,,False,36.1,0,,False,[],,False,50.0,8.33,False
0x32320cc47615b53e21117428cff9591aaf199fed,tron,USDT,15311.73,11355.0,USDT,15311.73,152,8,9,8,19,0.28888888888888886,0.027777777777777776,0.7415883117061234,False,0.5402141409156838,0.07086299172651328,False,False,,36.1,,0,[],[],0,False,False,,,64.8,False,,,0.0,,False,36.1,0,,False,[],,False,19.0,16.89,False
0x10c902408d88fbd14a8f57dc93d8b884acf89945,tron,USDT,340202.20195,339024.760582,USDT,340202.20195,60,10,12,4,4,0.7666666666666667,0.9666666666666667,0.9965389954525543,False,0.5616964287044269,0.07394680775880352,False,False,,36.1,,0,[],[],0,False,False,,,9.0,False,,,0.0,,False,36.1,0,,False,[],,False,6.0,5.0,False
0x68bd912b9e1b2790e6b9643e2575c6ae4fa2c1a8,tron,USDT,286958.495613,285564.62,USDT,286958.495613,67,13,21,8,20,0.18421052631578946,0.45789473684210524,0.9951425880944127,False,0.5665507916960993,0.07481787205497226,False,False,,36.1,,0,[],[],0,False,False,,,13.3,False,,,0.0,,False,36.1,0,,False,[],,False,5.15,3.19,False
0xb04ad8b23acdc4b7d64382ed9be44f6bc9f46dce,tron,USDT,1394860.0250230003,1262067.49,USDT,1394860.0250230003,105,1,4,8,24,0.061894108873974646,0.21998508575689785,0.9047986660734574,False,0.5968910017764225,0.0793079148926773,False,False,,36.0,,0,[],[],0,False,False,,,50.4,False,,,0.0,,False,36.0,0,,False,[],,False,105.0,26.25,True
0x9778d2e04a75882e9ea008a484057ca9d664a67f,tron,USDT,33112.735660000006,0.0,USDT,33112.735660000006,92,0,0,8,24,0.20279720279720279,0.08391608391608392,0.0,True,0.22040729741196435,0.025936090749003604,False,False,,36.0,,0,[],[],0,False,False,,,72.2,False,,,0.0,,False,36.0,0,,False,[],,False,92.0,92.0,True
0x7e0a373c58fc38d8f6a9a00379fc5dae52d8ceff,tron,USDT,87337.94015399998,0.0,USDT,87337.94015399998,55,0,0,8,19,0.16393442622950818,0.21311475409836064,0.0,True,0.1562367416207043,0.01685786528586508,False,False,,36.0,,0,[],[],0,False,False,,,29.6,False,,,0.0,,False,36.0,0,,False,[],,False,55.0,55.0,True
0xf9cf8f28d31fd7c68a3df31603914cbcbc0a55d1,tron,USDT,1604487.6700000002,1639351.0,USDT,1604487.6700000002,106,5,6,8,24,0.09601873536299765,0.2927400468384075,1.0217286369050127,False,0.682459533543902,0.09147722736435693,False,False,,36.0,,0,[],[],0,False,False,,,27.2,False,,,0.0,,False,36.0,0,,False,[],,False,21.2,17.67,False
0x532ecdf02a34f0de5c07403df2c371e488d01ab1,tron,USDT,243981.3841,225725.261,USDT,243981.3841,102,8,15,8,24,0.28307692307692306,0.024615384615384615,0.925174114544258,False,0.509430240812967,0.0669532731105798,False,False,,36.0,,0,[],[],0,False,False,,,34.4,False,,,0.0,,False,36.0,0,,False,[],,False,12.75,6.8,False
0xaa54d4880d3cb0bf406e67fbfb53250bf31c96d3,tron,USDT,22515.61,22121.03,USDT,22515.61,64,9,24,8,19,0.2713178294573643,0.11627906976744186,0.9824752693797769,False,0.45366518539907796,0.059304175739083254,False,False,,36.0,,0,[],[],0,False,False,,,39.7,False,,,0.0,,False,36.0,0,,False,[],,False,7.11,2.67,False
0x355fda3c84610354009bc7e2fc5246e7f68d78e5,tron,USDT,107331.3,102352.5,USDT,107331.3,51,12,22,8,21,0.30973451327433627,0.05309734513274336,0.9536127858322782,False,0.3499928159700195,0.04397924779581819,False,False,,36.0,,0,[],[],0,False,False,,,1.4,False,,,0.0,,False,36.0,0,,False,[],,False,4.25,2.32,False
0xbae455cd7944ac02a48bc13a55afc3184a544aeb,tron,USDT,12307.873999999998,0.0,USDT,12307.873999999998,79,0,0,8,22,0.34782608695652173,0.0,0.0,True,0.1406661009758167,0.014772599056070645,False,False,,35.9,,0,[],[],0,False,False,,,71.9,False,,,0.0,,False,35.9,0,,False,[],,False,79.0,79.0,True
0xb581637ab025cf207c05bdda792a6e32e8a530b9,tron,USDT,42534.017863,0.0,USDT,42534.017863,55,0,0,7,13,0.0,0.11666666666666667,0.0,True,0.26211285532456513,0.03238463836495409,False,False,,35.9,,0,[],[],0,False,False,,,46.3,False,,,0.0,,False,35.9,0,,False,[],,False,55.0,55.0,True
0x5feb85e096871950f9455b7f414a8567f9332e6c,tron,USDT,129650.75339999997,122978.0,USDT,129650.75339999997,52,2,7,5,24,0.2289156626506024,0.006024096385542169,0.9485328605888381,False,0.37680882073889616,0.04874645386153087,False,False,,35.9,,0,[],[],0,False,False,,,24.5,False,,,0.0,,False,35.9,0,,False,[],,False,26.0,7.43,False
0x5ce43b37c075c3a08c6f6dd38f0e019a3085ec88,tron,USDT,827721.9883999999,824000.0,USDT,827721.9883999999,96,4,6,8,24,0.06823529411764706,0.9541176470588235,0.9955033351147351,False,0.7149895087709318,0.09661551967848753,False,False,,35.9,,0,[],[],0,False,False,,,23.2,False,,,0.0,,False,35.9,0,,False,[],,False,24.0,16.0,False
0x71632edcc1950323d3f98507385bb881d178f6d9,tron,USDT,70892.52999200001,0.0,USDT,70892.52999200001,60,0,0,8,20,0.16666666666666666,0.2361111111111111,0.0,True,0.19039032668646583,0.02243175556012722,False,False,,35.8,,0,[],[],0,False,False,,,32.5,False,,,0.0,,False,35.8,0,,False,[],,False,60.0,60.0,True
0x56f7f34f02f1ade39a3b181c0a2ac6022e3fb64c,tron,USDT,1227667.0,1275000.0,USDT,1227667.0,145,3,20,8,24,0.19285714285714287,0.925,1.0385552434006942,False,0.7868158923465901,0.10769814921915977,False,False,,35.8,,0,[],[],0,False,False,,,34.1,False,,,0.0,,False,35.8,0,,False,[],,False,48.33,7.25,False
0x29da24d9eeb15d5acc66bd38e9039f5e66f3185a,tron,USDT,91729.43000000001,90830.0,USDT,91729.43000000001,223,1,8,8,24,0.16783216783216784,0.36013986013986016,0.9901947499292211,False,0.7270376771814319,0.09990309785747215,False,False,,35.7,,0,[],[],0,False,False,,,87.9,False,,,0.0,,False,35.7,0,,False,[],,False,223.0,27.88,True
0xd06f48291f8ffffbd03e21e957f730992e1655d2,tron,USDT,1331795.0096109998,1331796.0,USDT,1331795.0096109998,180,1,5,6,5,0.4843304843304843,0.28205128205128205,1.0000007436497307,False,0.6990452479607624,0.09576496148581226,False,False,,35.7,,0,[],[],0,False,False,,,59.7,False,,,0.0,,False,35.7,0,,False,[],,False,180.0,36.0,True
0xd64929d0a5581e90c420d046402e971c326a7dc0,tron,USDT,477390.469748,471000.0,USDT,477390.469748,266,2,24,8,24,0.2964824120603015,0.2964824120603015,0.9866137467063947,False,0.7690028511656319,0.10544644893816713,False,False,,35.7,,0,[],[],0,False,False,,,38.6,False,,,0.0,,False,35.7,0,,False,[],,False,133.0,11.08,False
0xf8cdbefc6d4cfdb89ceb30a40486c3e1800914f5,tron,USDT,97391.02227,0.0,USDT,97391.02227,80,0,0,2,13,0.38,0.25,0.0,True,0.2630674586338566,0.033670439573009636,False,False,,35.7,,0,[],[],0,False,False,,,44.9,False,,,0.0,,False,35.7,0,,False,[],,False,80.0,80.0,True
0xeb38ecb6deb508c52839dfa0bcac1f9ddc70797c,tron,USDT,1846110.2535670002,1845982.1,USDT,1846110.2535670002,137,2,20,5,21,0.055900621118012424,0.2857142857142857,0.999930581845395,False,0.7292394044471443,0.09973334082086727,False,False,,35.7,,0,[],[],0,False,False,,,33.3,False,,,0.0,,False,35.7,2,141240.0,True,[],,False,68.5,6.85,False
0xe916f3f4b91734cf479c7bebe7e4004fd58d8da1,tron,USDT,320402.2,294602.0,USDT,320402.2,97,11,15,8,18,0.2064516129032258,0.535483870967742,0.9194755841252026,False,0.7841708911143914,0.10767311317779504,False,False,,35.7,,0,[],[],0,False,False,,,23.5,False,,,0.0,,False,35.7,0,,False,[],,False,8.82,6.47,False
0x4f417be8bf038b154ab001f30494c9daff2057bd,tron,USDT,50348.299999999996,47376.0,USDT,50348.299999999996,88,10,21,8,21,0.15702479338842976,0.4132231404958678,0.9409652361648756,False,0.6037424744709896,0.08194315402266111,False,False,,35.7,,0,[],[],0,False,False,,,40.5,False,,,0.0,,False,35.7,0,,False,[],,False,8.8,4.19,False
0xb9ed88b08312879a5502759f678a1e45d25c7120,tron,USDT,982439.04401,1005292.0764299999,USDT,982439.04401,50,6,17,8,12,0.1,0.3,1.0232615270731924,False,0.6404898244114117,0.08723953625756398,False,False,,35.7,,0,[],[],0,False,False,,,0.5,False,,,0.0,,False,35.7,0,,False,[],,False,8.33,2.94,False
0x775795e5c1a8925627ed9f24009fc707c70c35ce,tron,USDT,1528105.090681,1513353.0,USDT,1528105.090681,281,1,12,8,22,0.416044776119403,0.05970149253731343,0.9903461543509251,False,0.6316500539503717,0.08657728789623986,False,False,,35.6,,0,[],[],0,False,False,,,62.3,False,,,0.0,,False,35.6,0,,False,[],,False,281.0,23.42,True
0x523dbaded66c743d2ad63b80f6f3ea0f37f60d01,tron,USDT,1024404.3395559997,910000.0,USDT,1024404.3395559997,268,2,13,8,24,0.2607296137339056,0.03648068669527897,0.8883211099968737,False,0.6520172130897438,0.08953894359720671,False,False,,35.6,,0,[],[],0,False,False,,,38.6,False,,,0.0,,False,35.6,0,,False,[],,False,134.0,20.62,False
0xcb5597aed9908a5a88e4ebdbc45cdda596e8ae4b,tron,USDT,24944.627960000005,0.0,USDT,24944.627960000005,72,0,0,7,22,0.4533333333333333,0.08,0.0,True,0.17229529062367416,0.02146721472850255,False,False,,35.6,,0,[],[],0,False,False,,,62.4,False,,,0.0,,False,35.6,0,,False,[],,False,72.0,72.0,True
0x950c02b573c5497f4ba762c4775e08f44d835a8c,tron,USDT,159240.674601,178011.545,USDT,159240.674601,52,11,15,8,17,0.0958904109589041,0.1780821917808219,1.1178773604547523,False,0.5501623302000975,0.07497356944240641,False,False,,35.6,,0,[],[],0,False,False,,,19.8,False,,,0.0,,False,35.6,0,,False,[],,False,4.73,3.47,False
0x48d14467e426df809abf7854449f089614386abe,tron,USDT,11892.0,26559.0,USDT,11892.0,55,6,20,8,18,0.08333333333333333,0.05555555555555555,2.2333501513622602,False,0.3876325837929571,0.05229047657937497,False,False,,35.5,,0,[],[],0,False,False,,,36.1,False,,,0.0,,False,35.5,0,,False,[],,False,9.17,2.75,False
0x4dbfee6539022752920ec5bae3d746af1f288fcb,tron,USDT,568057.788008,661697.7,USDT,568057.788008,75,13,18,8,19,0.21212121212121213,0.4121212121212121,1.1648422290280813,False,0.5530307056581089,0.0760660326041368,False,False,,35.5,,0,[],[],0,False,False,,,16.9,False,,,0.0,,False,35.5,0,,False,[],,False,5.77,4.17,False
0x0d490878238eaee4e4fd5f38a38425a6c857bf43,tron,USDT,90925.29,0.0,USDT,90925.29,77,0,0,2,16,0.42,0.34,0.0,True,0.2775350021213407,0.03728273642672353,False,False,,35.4,,0,[],[],0,False,False,,,53.1,False,,,0.0,,False,35.4,0,,False,[],,False,77.0,77.0,True
0xaedee2b7bd268759a0b68888f7c6ae52ccd40ccb,tron,USDT,134216.69999999998,0.0,USDT,134216.69999999998,65,0,0,3,24,0.3490566037735849,0.20754716981132076,0.0,True,0.2035850657615613,0.026824996149425795,False,False,,35.4,,0,[],[],0,False,False,,,57.9,False,,,0.0,,False,35.4,0,,False,[],,False,65.0,65.0,True
0xca1b21fc0a3cc5f1256fe24e02a633d1b9679917,tron,USDT,15850.5,0.0,USDT,15850.5,61,0,0,8,20,0.19736842105263158,0.10526315789473684,0.0,True,0.1389690284259652,0.01765534888850684,False,False,,35.4,,0,[],[],0,False,False,,,62.1,False,,,0.0,,False,35.4,0,,False,[],,False,61.0,61.0,True
0xc1bc12bb7457e49c7dcf6f818011268715d8f8c4,tron,USDT,843510.573662,909152.773661,USDT,843510.573662,228,6,7,8,24,0.20315581854043394,0.23668639053254437,1.07782024558865,False,0.73666335860395,0.10257300253532403,False,False,,35.4,,0,[],[],0,False,False,,,60.2,False,,,0.0,,False,35.4,0,,False,[],,False,38.0,32.57,False
0x7224e909f2bf00b40d391647971bf1a770c57ff6,tron,USDT,248804.135567,251000.0,USDT,248804.135567,340,1,7,8,21,0.6418539325842697,0.08707865168539326,1.0088256749752003,False,0.6468984203719519,0.09078202983141459,False,False,,35.3,,0,[],[],0,False,False,,,76.8,False,,,0.0,,False,35.3,0,,False,[],,False,340.0,48.57,True
0x832c5df925b9467d2319c4434d7c17079c80b66b,tron,USDT,1649743.5069049997,1670733.0069049997,USDT,1649743.5069049997,113,2,8,8,19,0.00964630225080386,0.4919614147909968,1.0127228868682607,False,0.7367214387485371,0.10328920668769953,False,False,,35.3,,0,[],[],0,False,False,,,29.4,False,,,0.0,,False,35.3,0,,False,[],,False,56.5,14.12,False
0x1be16c605d017eb45cdea778279fc0169e88e623,tron,USDT,1194118.0127060001,1192200.0,USDT,1194118.0127060001,126,4,20,7,4,0.0,0.142433234421365,0.9983937829547904,False,0.8226740896414461,0.11557160038923919,False,False,,35.3,,0,[],[],0,False,False,,,32.2,False,,,0.0,,False,35.3,0,,False,[],,False,31.5,6.3,False
0x02a64d11a3a6f28e70335dc4327054c6b6e103cb,tron,USDT,22180.98,20262.77,USDT,22180.98,72,12,22,8,22,0.16981132075471697,0.04716981132075472,0.9135200518642549,False,0.44358648809877377,0.061425756633641415,False,False,,35.3,,0,[],[],0,False,False,,,42.1,False,,,0.0,,False,35.3,0,,False,[],,False,6.0,3.27,False
0x0adce20f338ab59ec135a14cf2e14b775690af3b,tron,USDT,166746.28652599998,169697.006831,USDT,166746.28652599998,60,11,20,8,17,0.19318181818181818,0.22727272727272727,1.017695868174791,False,0.6341782637854915,0.08875583626672823,False,False,,35.3,,0,[],[],0,False,False,,,13.4,False,,,0.0,,False,35.3,0,,False,[],,False,5.45,3.0,False
0x66306e09fe5553ea21bc10d5cb3a5cf25960c6d6,tron,USDT,58607.25,64690.0,USDT,58607.25,332,1,6,8,24,0.20666666666666667,0.27666666666666667,1.1037883538299442,False,0.7004981629209013,0.09895882037702664,False,False,,35.2,,0,[],[],0,False,False,,,93.8,True,,,0.0,,False,35.2,0,,False,[],,False,332.0,55.33,True
0x8a35c7f8d01308d116a7baf5c20d96eb86d53e93,tron,USDT,1489012.2725130003,1308433.0,USDT,1489012.2725130003,162,1,7,8,24,0.1619644723092999,0.35214211076280044,0.8787254639558898,False,0.6849517113741224,0.09674285404442778,False,False,,35.2,,0,[],[],0,False,False,,,76.5,False,,,0.0,,False,35.2,0,,False,[],,False,162.0,23.14,True
0xfed6b0520878803ed1894fbddd8cb619377850f6,tron,USDT,1546995.168641,1626788.0,USDT,1546995.168641,61,7,21,8,18,0.009615384615384616,0.11538461538461539,1.0515792375932862,False,0.5834049840468922,0.0819878872758723,False,False,,35.2,,0,[],[],0,False,False,,,9.6,False,,,0.0,,False,35.2,0,,False,[],,False,8.71,2.9,False
0x27b7737e39748c8ddb8312eeccc7b3a5bdd5963e,tron,USDT,61800.938663,27448.0,USDT,61800.938663,81,13,13,8,17,0.022099447513812154,0.011049723756906077,0.44413564896924485,True,0.4018521616139593,0.05615475517128987,False,False,,35.2,,0,[],[],0,False,False,,,31.8,False,,,0.0,,False,35.2,0,,False,[],,False,6.23,6.23,False
0x6363c5d801d6dc3353e6f00cea792d3c970b9e11,tron,USDT,78339.734655,83566.69,USDT,78339.734655,284,3,4,8,24,0.18309859154929578,0.07042253521126761,1.0667216370851775,False,0.6743731100034143,0.09574415521851704,False,False,,35.1,,0,[],[],0,False,False,,,65.5,False,,,0.0,,False,35.1,0,,False,[],,False,94.67,71.0,False
0x04aa67084b29dda89f006b26ff6b37609271628d,tron,USDT,91659.476295,0.0,USDT,91659.476295,79,0,0,4,24,0.147239263803681,0.05521472392638037,0.0,True,0.1819898175647009,0.02521103385592882,False,False,,35.1,,0,[],[],0,False,False,,,65.9,False,,,0.0,,False,35.1,0,,False,[],,False,79.0,79.0,True
0x93719e3a778c9f952981e81d496493048d35e205,tron,USDT,17031.180000000004,0.0,USDT,17031.180000000004,77,0,0,8,23,0.15306122448979592,0.0,0.0,True,0.13659312685617309,0.01913338626357275,False,False,,35.1,,0,[],[],0,False,False,,,63.2,False,,,0.0,,False,35.1,2,141321.0,True,[],,False,77.0,77.0,True
0x48186f6c9290f0c3d10436c7ad000103a9cbcf01,tron,USDT,52479.79329599996,52162.01,USDT,52479.79329599996,214,3,4,5,5,0.0,0.008849557522123894,0.9939446541984727,False,0.7967736571867459,0.11309619595409509,False,False,,35.1,,0,[],[],0,False,False,,,66.8,False,,,0.0,,False,35.1,0,,False,[],,False,71.33,53.5,False
0xdab2958fd131e9562c4b355e6be6796027b4be62,tron,USDT,92707.493961,92698.37379299999,USDT,92707.493961,72,12,22,4,5,0.1111111111111111,0.0,0.9999016242634727,False,0.5719998411870179,0.08074357210958749,False,False,,35.1,,0,[],[],0,False,False,,,15.6,False,,,0.0,,False,35.1,0,,False,[],,False,6.0,3.27,False
0x4124b447074bf829223ad94ad259f9bb3dbc1a97,tron,USDT,228571.9399,218219.12,USDT,228571.9399,52,11,16,8,16,0.06818181818181818,0.2878787878787879,0.9547065142618584,False,0.595268837854493,0.08413093019710849,False,False,,35.1,,0,[],[],0,False,False,,,2.3,False,,,0.0,,False,35.1,0,,False,[],,False,4.73,3.25,False
0x82febea7d6628eb082bef7bfaad9dd98d3ca92e4,tron,USDT,56223.882654,0.0,USDT,56223.882654,76,0,0,2,16,0.32,0.3,0.0,True,0.26745863385659735,0.03793701355210222,False,False,,35.0,,0,[],[],0,False,False,,,58.5,False,,,0.0,,False,35.0,0,,False,[],,False,76.0,76.0,True
0x8eee045ca7d8fcf7c38ac5cf95f366d9e4462bc0,tron,USDT,29664.559999999998,0.0,USDT,29664.559999999998,59,0,0,8,19,0.35064935064935066,0.22077922077922077,0.0,True,0.18065337293169284,0.02593223548591217,False,False,,35.0,,0,[],[],0,False,False,,,50.7,False,,,0.0,,False,35.0,0,,False,[],,False,59.0,59.0,True
0x925629d2a754a28f15818b15b251526ad982e207,tron,USDT,116642.51903500002,115885.944991,USDT,116642.51903500002,84,2,2,3,24,0.08917197452229299,0.2356687898089172,0.9935137370981074,False,0.6171584113992566,0.087918100992186,False,False,,35.0,,0,[],[],0,False,False,,,42.1,False,,,0.0,,False,35.0,0,,False,[],,False,42.0,42.0,False
0x98f9a20a8ca3f37b93d2f15392aef26008ee76b7,tron,USDT,285896.622722,342422.0,USDT,285896.622722,122,7,12,8,24,0.1407766990291262,0.587378640776699,1.1977126443111716,False,0.6740340515365777,0.09617463651457514,False,False,,35.0,,0,[],[],0,False,False,,,31.5,False,,,0.0,,False,35.0,0,,False,[],,False,17.43,10.17,False
0xb39b3e055e6a928801a9fa7a6990fb8b9a8f176f,tron,USDT,310500.0,306349.19999999995,USDT,310500.0,102,10,24,8,22,0.36548223350253806,1.0,0.9866318840579709,False,0.6832406746478267,0.09723421535797305,False,False,,35.0,,0,[],[],0,False,False,,,25.6,False,,,0.0,,False,35.0,0,,False,[],,False,10.2,4.25,False
0xf55c5cbea1cde8c1d8dedb8e3f3bf678d049caf7,tron,USDT,73065.0,88450.0,USDT,73065.0,54,11,24,8,18,0.036585365853658534,0.15853658536585366,1.2105659344419353,False,0.5361006442528943,0.07667011777076871,False,False,,35.0,,0,[],[],0,False,False,,,34.3,False,,,0.0,,False,35.0,0,,False,[],,False,4.91,2.25,False
0xf81166d3b39570b99a632675ea12818ebf20878f,tron,USDT,1429145.5009500002,1609263.9009500002,USDT,1429145.5009500002,178,1,8,8,18,0.23076923076923078,0.3162393162393162,1.1260322338630107,False,0.832621300363588,0.11923268452089614,False,False,,34.9,,0,[],[],0,False,False,,,59.6,False,,,0.0,,False,34.9,0,,False,[],,False,178.0,22.25,True
0xa6c6e6e170bb646523f5b183b110673b7fd6eaf5,tron,USDT,68697.042161,0.0,USDT,68697.042161,76,0,0,2,15,0.33,0.3,0.0,True,0.26745863385659735,0.03878651882331419,False,False,,34.9,,0,[],[],0,False,False,,,48.4,False,,,0.0,,False,34.9,0,,False,[],,False,76.0,76.0,True
0x770f6be5f8ccf953b1b57a31fbc5f2de1e226704,tron,USDT,1963038.0061319994,1920000.0,USDT,1963038.0061319994,151,2,11,8,23,0.32270916334661354,0.10159362549800798,0.9780758161596667,False,0.6640496138046953,0.09531034875059358,False,False,,34.9,,0,[],[],0,False,False,,,34.5,False,,,0.0,,False,34.9,0,,False,[],,False,75.5,13.73,False
0x807926ee5a7425ef21f04f2791b0c1cb5ded7d28,tron,USDT,56781.83000000001,64690.0,USDT,56781.83000000001,313,1,7,8,24,0.2082616179001721,0.31669535283993117,1.139272897685756,False,0.7028200068014148,0.10144161020012837,False,False,,34.8,,0,[],[],0,False,False,,,93.5,True,,,0.0,,False,34.8,0,,False,[],,False,313.0,44.71,True
0x292dd6e8c85a97ba274622308a77c8c87d181de7,tron,USDT,19822.070999,10500.0,USDT,19822.070999,208,2,3,8,23,0.13953488372093023,0.06976744186046512,0.5297125613428442,False,0.5831805266936856,0.08424945263801609,False,False,,34.8,,0,[],[],0,False,False,,,68.3,False,,,0.0,,False,34.8,0,,False,[],,False,104.0,69.33,False
0x597e5f7d6a359c7148e6199bbc6b4082b308ad77,tron,USDT,1464269.829547,1600000.0,USDT,1464269.829547,168,1,2,7,1,1.0,0.08240534521158129,1.092694780507081,False,0.6012107256974807,0.08734214636288251,False,False,,34.7,,0,[],[],0,False,False,,,59.3,False,,,0.0,,False,34.7,0,,False,[],,False,168.0,84.0,True
0xa4211c2c257cfeab752adf91a2e08717140090d0,tron,USDT,154456.74367599995,148747.14,USDT,154456.74367599995,188,4,5,8,19,0.203125,0.29296875,0.9630342868811423,False,0.7473586605158127,0.10855569806326537,False,False,,34.7,,0,[],[],0,False,False,,,62.6,False,,,0.0,,False,34.7,0,,False,[],,False,47.0,37.6,False
0x29ce05377332505e30c120f96ec08066130d6225,tron,USDT,159033.736172,156551.68,USDT,159033.736172,165,4,21,5,15,0.21232876712328766,0.0,0.9843928952954007,False,0.7641887190675656,0.1108532601475069,False,False,,34.7,,0,[],[],0,False,False,,,64.3,False,,,0.0,,False,34.7,0,,False,[],,False,41.25,7.86,False
0x8da85ba69441bda8d4988d94c58bf7e58d7e9370,tron,USDT,597501.6977279999,594980.0,USDT,597501.6977279999,143,7,21,8,24,0.18983957219251338,0.6256684491978609,0.9957795973842608,False,0.7323761146401954,0.10625315422357129,False,False,,34.7,,0,[],[],0,False,False,,,33.9,False,,,0.0,,False,34.7,0,,False,[],,False,20.43,6.81,False
0x6ce9a06c2c09395902f6ff80753c887da6254f34,tron,USDT,31391.7,0.0,USDT,31391.7,64,0,0,8,19,0.09615384615384616,0.3557692307692308,0.0,True,0.23549002969876964,0.035806573609442616,False,False,,34.6,,0,[],[],0,False,False,,,52.8,False,,,0.0,,False,34.6,0,,False,[],,False,64.0,64.0,True
0xfbdc4303a6ebe9914449fba6d3d154f58a21ef28,tron,USDT,62633.041867,66102.0,USDT,62633.041867,77,10,24,8,16,0.19444444444444445,0.12037037037037036,1.055385432825796,False,0.6434413690988204,0.09407436471984998,False,False,,34.6,,0,[],[],0,False,False,,,35.3,False,,,0.0,,False,34.6,0,,False,[],,False,7.7,3.21,False
0x95636bb4555c2365bf8644b834b0e731f7156f01,tron,USDT,63382.639291999985,76240.0,USDT,63382.639291999985,338,1,7,8,24,0.20783645655877342,0.3219761499148211,1.202853034389542,False,0.6930738564228976,0.10183265144053477,False,False,,34.5,,0,[],[],0,False,False,,,93.0,True,,,0.0,,False,34.5,0,,False,[],,False,338.0,48.29,True
0xab74e33d8cbf9ced90172b79426226c31ce07e0e,tron,USDT,1859952.0045369996,1859900.0,USDT,1859952.0045369996,197,1,8,8,20,0.24873096446700507,0.18781725888324874,0.9999720398500215,False,0.6799689518817564,0.09975924187829299,False,False,,34.5,,0,[],[],0,False,False,,,60.5,False,,,0.0,,False,34.5,0,,False,[],,False,197.0,24.62,True
0x52c45eacf8306cc028fe17e3430b4af2fe2fc6b4,tron,USDT,1560822.227154,1560000.0,USDT,1560822.227154,115,1,14,8,15,0.10298102981029811,0.5663956639566395,0.9994732089665975,False,0.850552257406387,0.12418076588080434,False,False,,34.5,,0,[],[],0,False,False,,,53.5,False,,,0.0,,False,34.5,0,,False,[],,False,115.0,8.21,True
0x073a7912a8e45d1125804449268f8c56921e57c4,tron,USDT,80866.37384999999,0.0,USDT,80866.37384999999,78,0,0,2,13,0.5,0.19,0.0,True,0.2421086126431905,0.03753412389051369,False,False,,34.5,,0,[],[],0,False,False,,,51.2,False,,,0.0,,False,34.5,0,,False,[],,False,78.0,78.0,True
0x961958b387afc9a51061f99a86ae5546b82fb317,tron,USDT,121532.2504559999,107214.452111,USDT,121532.2504559999,308,5,11,8,24,0.08490566037735849,0.0,0.8821893094937497,False,0.6199041325818216,0.09126315434569487,False,False,,34.5,,0,[],[],0,False,False,,,69.1,False,,,0.0,,False,34.5,0,,False,[],,False,61.6,28.0,False
0xf87ae656dcc5ac2ab0897ad1624bf7ef2e317268,tron,USDT,21800.5,0.0,USDT,21800.5,53,0,0,8,23,0.19402985074626866,0.1865671641791045,0.0,True,0.13491726771319473,0.022307993912334068,False,False,,34.5,,0,[],[],0,False,False,,,57.8,False,,,0.0,,False,34.5,0,,False,[],,False,53.0,53.0,True
0x428f390d86eea7157e17ce5823f273d84ee2e2a3,tron,USDT,42400.9292,41417.97,USDT,42400.9292,56,6,6,2,4,0.0,0.12280701754385964,0.9768175080464983,False,0.6172133106886378,0.09093323220188987,False,False,,34.5,,0,[],[],0,False,False,,,9.2,False,,,0.0,,False,34.5,0,,False,[],,False,9.33,9.33,False
0xe6ae9c99400235a22da021f630fcde94c7adb6b9,tron,USDT,199829.006078,196741.0,USDT,199829.006078,80,14,20,8,19,0.1941747572815534,0.23300970873786409,0.9845467575573356,False,0.5555219947019635,0.08229675342265969,False,False,,34.5,,0,[],[],0,False,False,,,18.4,False,,,0.0,,False,34.5,0,,False,[],,False,5.71,4.0,False
0x4ad0edfb592d945210a45e238b4460efbe07de8d,tron,USDT,306053.60961199994,293117.76,USDT,306053.60961199994,61,12,20,7,7,0.7555555555555555,0.4444444444444444,0.9577333865514627,False,0.5306854129912429,0.07879993460184398,False,False,,34.5,,0,[],[],0,False,False,,,9.6,False,,,0.0,,False,34.5,0,,False,[],,False,5.08,3.05,False
0xca2f27444ac54f497e8f2015bb6a1d3bd2ade51b,tron,USDT,74432.363999,0.0,USDT,74432.363999,75,0,0,2,14,0.37,0.27,0.0,True,0.255748833262622,0.04016931086112885,False,False,,34.4,,0,[],[],0,False,False,,,49.4,False,,,0.0,,False,34.4,0,,False,[],,False,75.0,75.0,True
0x852a96f125b7fce0ed86a1bd2d42ef8ee6edd9e2,tron,USDT,236783.99,220353.0,USDT,236783.99,220,3,9,8,24,0.18556701030927836,0.0,0.9306076817102373,False,0.619659932608488,0.09185179153589307,False,False,,34.4,,0,[],[],0,False,False,,,68.5,False,,,0.0,,False,34.4,0,,False,[],,False,73.33,24.44,False
0x0e03a6c87c12f06a21d6d78cc9c29164a0ec20b1,tron,USDT,42996.0,108.4,USDT,42996.0,168,3,3,8,23,0.21794871794871795,0.3034188034188034,0.002521164759512513,True,0.4536650305760009,0.06794876306456299,False,False,,34.4,,0,[],[],0,False,False,,,63.1,False,,,0.0,,False,34.4,0,,False,[],,False,56.0,56.0,False
0xd6111c59794198c0361c1639d9ae3be7d2db5eae,tron,USDT,147479.5,138105.07,USDT,147479.5,64,6,8,8,19,0.16842105263157894,0.17894736842105263,0.9364357080136562,False,0.5273804805929732,0.07855440212047932,False,False,,34.4,,0,[],[],0,False,False,,,11.4,False,,,0.0,,False,34.4,0,,False,[],,False,10.67,8.0,False
0xc18cb1ee37143eb20f33f6228f1f339b79900357,tron,USDT,920487.5819999999,992095.0,USDT,920487.5819999999,61,6,21,8,7,0.025,0.85,1.0777929212737605,False,0.7478058620753285,0.11034525764294295,False,False,,34.4,,0,[],[],0,False,False,,,9.6,False,,,0.0,,False,34.4,0,,False,[],,False,10.17,2.9,False
0x82da66dbd4eec870c596385faf49c7671b6f1ebd,tron,USDT,20276.16,19157.4,USDT,20276.16,54,7,7,8,20,0.3188405797101449,0.08695652173913043,0.9448238719757588,False,0.3811582406658348,0.05776292066286204,False,False,,34.4,,0,[],[],0,False,False,,,34.8,False,,,0.0,,False,34.4,0,,False,[],,False,7.71,7.71,False
0x4f0ad13b637fdfc141153dacfd4435c5ae25cd0f,tron,USDT,441999.26764,408427.62,USDT,441999.26764,64,12,14,7,22,0.09174311926605505,0.7981651376146789,0.9240459202132809,False,0.5591621751330252,0.08346690578550708,False,False,,34.4,,0,[],[],0,False,False,,,11.4,False,,,0.0,,False,34.4,2,141306.0,True,[],,False,5.33,4.57,False
0x5677ce062cad158841fca645514de8ed2618b770,tron,USDT,193278.0,183145.0,USDT,193278.0,304,2,3,8,22,0.2270168855534709,0.21575984990619138,0.9475729260443506,False,0.7432693582254166,0.11018022651559739,False,False,,34.3,,0,[],[],0,False,False,,,63.8,False,,,0.0,,False,34.3,0,,False,[],,False,152.0,101.33,False
0x897065a0d9feba1e97f0ed844dd0a97ce8b87aad,tron,USDT,752170.2000000003,704158.5799990001,USDT,752170.2000000003,106,3,4,6,21,0.14054054054054055,0.2648648648648649,0.9361692074466653,False,0.6671659585873391,0.09914388792752504,False,False,,34.3,,0,[],[],0,False,False,,,37.3,False,,,0.0,,False,34.3,0,,False,[],,False,35.33,26.5,False
0x9767fa6658b7f282979a8e733077a794b76a699f,tron,USDT,15089.588461999994,777.3,USDT,15089.588461999994,110,7,7,2,5,0.0,0.0,0.05151233925017035,True,0.37650951070111593,0.05774459069393123,False,False,,34.3,,0,[],[],0,False,False,,,57.4,False,,,0.0,,False,34.3,0,,False,[],,False,15.71,15.71,False
0xda7b0b5e40a07109bd8e39826ff0b2b61d946c12,tron,USDT,1017435.3299999998,1017435.33,USDT,1017435.3299999998,83,7,10,1,6,0.0,0.8725490196078431,1.0000000000000002,False,0.785108188375053,0.11568935327739693,False,False,,34.3,,0,[],[],0,False,False,,,19.3,False,,,0.0,,False,34.3,0,,False,[],,False,11.86,8.3,False
0x9d22406f8fe3ab5f49b92185e38481c9ad328495,tron,USDT,92168.47649400002,95796.08,USDT,92168.47649400002,105,10,25,8,19,0.19298245614035087,0.21637426900584794,1.0393583971873088,False,0.6066595042706417,0.09051498516132206,False,False,,34.3,,0,[],[],0,False,False,,,44.1,False,,,0.0,,False,34.3,0,,False,[],,False,10.5,4.2,False
0x0cbb140c800d0486e52c047337bd7ce2044445a7,tron,USDT,498081.710935,546251.8300000001,USDT,498081.710935,74,11,23,8,19,0.013986013986013986,0.8601398601398601,1.0967112785060409,False,0.5940858308494918,0.08883167450399293,False,False,,34.3,,0,[],[],0,False,False,,,16.4,False,,,0.0,,False,34.3,0,,False,[],,False,6.73,3.22,False
0x2207edca6a4e723ba698759d76f28c202d6ab151,tron,USDT,159987.99101800003,163180.689018,USDT,159987.99101800003,108,6,20,7,13,0.2015267175572519,0.0,1.0199558603097951,False,0.7080792564488598,0.10527015088720776,False,False,,34.2,,0,[],[],0,False,False,,,56.7,False,,,0.0,,False,34.2,0,,False,[],,False,18.0,5.4,False
0x43403f18e561129d0759cc56d4891f0ffd002bf6,tron,USDT,98233.88905199997,78326.7,USDT,98233.88905199997,53,13,25,8,15,0.25773195876288657,0.24742268041237114,0.7973490692050059,False,0.4118669288176664,0.06334341309507119,False,False,,34.2,,0,[],[],0,False,False,,,17.3,False,,,0.0,,False,34.2,0,,False,[],,False,4.08,2.12,False
0xca71113c03da682d80622529c06caad95b0d7ba6,tron,USDT,562197.2850000001,579791.735,USDT,562197.2850000001,232,1,11,8,24,0.2663076002393776,0.0023937761819269898,1.03129586440461,False,0.5889041703520012,0.08926476201861111,False,False,,34.1,,0,[],[],0,False,False,,,89.0,False,,,0.0,,False,34.1,0,,False,[],,False,232.0,21.09,True
0xbc548830e62d5af878f281f9cb05668b006a294a,tron,USDT,140061.71,101574.0,USDT,140061.71,200,2,7,8,24,0.16117216117216118,0.4542124542124542,0.7252089097013025,False,0.7353260415923607,0.11016612854840269,False,False,,34.1,,0,[],[],0,False,False,,,63.5,False,,,0.0,,False,34.1,0,,False,[],,False,100.0,28.57,False
0xe140fe368b7f9c2a4ad38540f9837b2a5ef3b574,tron,USDT,1218633.8267190002,1310836.81,USDT,1218633.8267190002,139,3,10,8,18,0.0033003300330033004,0.21782178217821782,1.075660941998667,False,0.8490595807983999,0.1262062565856128,False,False,,34.1,,0,[],[],0,False,False,,,33.6,False,,,0.0,,False,34.1,0,,False,[],,False,46.33,13.9,False
0x44aa71f7da82013c858b3f020c67b22724debac9,tron,USDT,421349.4289290002,313946.0,USDT,421349.4289290002,205,5,8,8,24,0.05721716514954486,0.26788036410923277,0.745096536141032,False,0.7032407751959621,0.10525256035874653,False,False,,34.1,,0,[],[],0,False,False,,,54.9,False,,,0.0,,False,34.1,0,,False,[],,False,41.0,25.62,False
0x1714b52f33c07e11703db0dcedb7734111940625,tron,USDT,103837.86000000002,112970.565,USDT,103837.86000000002,106,8,18,6,13,0.25,0.0,1.0879515910670732,False,0.6386252100004165,0.09599239450568464,False,False,,34.1,,0,[],[],0,False,False,,,55.9,False,,,0.0,,False,34.1,0,,False,[],,False,13.25,5.89,False
0x9613a36a3c8f2d3e0e30a35d568c897407bcc88c,tron,USDT,78500.760443,44865.0,USDT,78500.760443,63,9,24,7,15,0.0,0.5466666666666666,0.5715231259775734,False,0.6238082314746831,0.09391857155596761,False,False,,34.1,,0,[],[],0,False,False,,,10.8,False,,,0.0,,False,34.1,0,,False,[],,False,7.0,2.62,False
0x1632df2ac9940d6ea2b245c4ddd5b6f6f19633c2,tron,USDT,27524.015838000003,43057.66809199999,USDT,27524.015838000003,71,13,18,8,19,0.1366906474820144,0.539568345323741,1.5643672182659492,False,0.476477426096492,0.07294256321908388,False,False,,34.1,,0,[],[],0,False,False,,,41.6,False,,,0.0,,False,34.1,0,,False,[],,False,5.46,3.94,False
0xccdfbe073e9cf4809edd6395b66ffe39bf254fa6,tron,USDT,76147.14001,83689.0,USDT,76147.14001,61,13,24,8,22,0.1276595744680851,0.24468085106382978,1.099043246916556,False,0.4774548211300532,0.07329558820338,False,False,,34.1,,0,[],[],0,False,False,,,30.9,False,,,0.0,,False,34.1,0,,False,[],,False,4.69,2.54,False
0x6c82130e819f3dd5a82be24d58b9f7207126f754,tron,USDT,62944.790424000006,120424.0,USDT,62944.790424000006,275,1,1,4,5,0.8065395095367848,0.1880108991825613,1.9131686544480724,False,0.5102385644010092,0.07857583968416132,False,False,,34.0,,0,[],[],0,False,False,,,91.1,True,,,0.0,,False,34.0,0,,False,[],,False,275.0,275.0,True
0x2f9bf9d1c9644363f5724a975d761b7777ef2be2,tron,USDT,299999.99999999994,300000.0,USDT,299999.99999999994,216,1,1,1,2,0.0,0.05092592592592592,1.0000000000000002,False,0.7724013576580397,0.11563719984267457,False,False,,34.0,,0,[],[],0,False,False,,,74.3,False,,,0.0,,False,34.0,0,,False,[],,False,216.0,216.0,True
0x3f66b7764b0017dc0017868a9485578ff6f3d47d,tron,USDT,1014384.8210000001,331357.67,USDT,1014384.8210000001,89,13,13,2,8,0.0,0.8455284552845529,0.32665874246160465,True,0.5623618715300808,0.08573552933591766,False,False,,34.0,,0,[],[],0,False,False,,,21.1,False,,,0.0,,False,34.0,0,,False,[],,False,6.85,6.85,False
0x0385e52e088bf57856f4ac83cc494107b55c4ff1,tron,USDT,50000.025386000016,49998.65799900001,USDT,50000.025386000016,70,11,11,1,1,1.0,0.18571428571428572,0.9999726522738849,False,0.5169228291395458,0.07945756544371674,False,False,,34.0,,0,[],[],0,False,False,,,14.7,False,,,0.0,,False,34.0,0,,False,[],,False,6.36,6.36,False
0x207eab2c07d0a9e5b28e89b587c2bd5351b1f0c0,tron,USDT,638405.4418789999,585894.823098,USDT,638405.4418789999,308,1,13,8,24,0.12589073634204276,0.30641330166270786,0.9177472256087809,False,0.7121026907730077,0.10794187688203172,False,False,,33.9,,0,[],[],0,False,False,,,72.3,False,,,0.0,,False,33.9,0,,False,[],,False,308.0,23.69,True
0x2c797cb48b62ddf6b5c6bcc2db601dcc47035d1c,tron,USDT,1035582.749152,1450000.0,USDT,1035582.749152,262,2,7,8,24,0.23251028806584362,0.23045267489711935,1.4001778237300215,False,0.6742071166286244,0.10232819643459728,False,False,,33.9,,0,[],[],0,False,False,,,38.5,False,,,0.0,,False,33.9,0,,False,[],,False,131.0,37.43,False
0x7a1317c3ddf092abe54e10c5d51b2827bb88d05c,tron,USDT,1761474.5208000005,1679492.0,USDT,1761474.5208000005,94,2,12,8,24,0.22191011235955055,0.4241573033707865,0.9534580149573967,False,0.6716419636193962,0.10205879956800151,False,False,,33.9,,0,[],[],0,False,False,,,22.6,False,,,0.0,,False,33.9,0,,False,[],,False,47.0,7.83,False
0xf38dea882f35bbbbd0cf335b3e8b352fd9939813,tron,USDT,1094761.9175,1073038.9849999999,USDT,1094761.9175,151,5,13,8,24,0.06535947712418301,0.2984749455337691,0.980157391161718,False,0.738712852861109,0.11153467777041254,False,False,,33.9,,0,[],[],0,False,False,,,34.5,False,,,0.0,,False,33.9,0,,False,[],,False,30.2,11.62,False
0x859e8752341fac10723a722e6bcda534ca56e3ac,tron,USDT,49564.175547999985,35179.398,USDT,49564.175547999985,111,5,14,8,20,0.2986425339366516,0.01809954751131222,0.7097747034232583,False,0.5350393700440068,0.08284432003221925,False,False,,33.9,,0,[],[],0,False,False,,,57.0,False,,,0.0,,False,33.9,0,,False,[],,False,22.2,7.93,False
0xa590f22719e1caa09c00c33e9ec4c6fbd43d6c8a,tron,USDT,10000.001392000002,9991.390300000001,USDT,10000.001392000002,67,4,4,1,1,1.0,0.0,0.9991388909198663,False,0.45460079473043064,0.07100588843318989,False,False,,33.9,,0,[],[],0,False,False,,,35.3,False,,,0.0,,False,33.9,0,,False,[],,False,16.75,16.75,False
0x279a09dcd30489630a43701a71982c43a6d063cf,tron,USDT,272514.54000000004,275787.0,USDT,272514.54000000004,124,9,21,8,18,0.1507537688442211,0.10552763819095477,1.0120083867818574,False,0.7490408343110023,0.11290300736542352,False,False,,33.9,,0,[],[],0,False,False,,,31.9,False,,,0.0,,False,33.9,2,141279.0,True,[],,False,13.78,5.9,False
0xb470061bd00bfaa1d8dd9842deed592f3c92b057,tron,USDT,571158.7100000001,591780.0,USDT,571158.7100000001,75,9,18,8,24,0.16666666666666666,0.9666666666666667,1.0361043080302494,False,0.6127621676684516,0.09372605149810626,False,False,,33.9,,0,[],[],0,False,False,,,16.9,False,,,0.0,,False,33.9,0,,False,[],,False,8.33,4.17,False
0x7fea703f97cdf8d607513231f8f3310e56096863,tron,USDT,44870.99,13796.109999999999,USDT,44870.99,81,11,14,8,20,0.14960629921259844,0.08661417322834646,0.3074616806983755,True,0.25862852621180066,0.04302152007592552,False,False,,33.9,,0,[],[],0,False,False,,,43.6,False,,,0.0,,False,33.9,0,,False,[],,False,7.36,5.79,False
0x870bab9b6a71886abd60682df2cb55d812d7cd64,tron,USDT,25126.0,25779.0,USDT,25126.0,52,10,15,8,20,0.13432835820895522,0.1044776119402985,1.0259890153625726,False,0.3800588791506505,0.06077122439993565,False,False,,33.9,,0,[],[],0,False,False,,,30.6,False,,,0.0,,False,33.9,0,,False,[],,False,5.2,3.47,False
0xd095101c9d313fd33da312694d93607af06ea460,tron,USDT,787891.9520000005,777906.612,USDT,787891.9520000005,204,1,14,8,24,0.20985401459854014,0.0018248175182481751,0.9873265109833226,False,0.5855221541270845,0.09057219658403814,False,False,,33.8,,0,[],[],0,False,False,,,87.2,False,,,0.0,,False,33.8,0,,False,[],,False,204.0,14.57,True
0xff7f0491d27dde2237e7078af05d94c021b31108,tron,USDT,499298.563201,511950.563201,USDT,499298.563201,54,1,9,7,20,0.08536585365853659,0.0975609756097561,1.0253395481831313,False,0.39179250614614847,0.06251571069988193,False,False,,33.8,,0,[],[],0,False,False,,,30.0,False,,,0.0,,False,33.8,0,,False,[],,False,54.0,6.0,True
0x028985e3deb1863a7ca8f36e531bba2654865daa,tron,USDT,1137292.3900000001,1067492.3900000001,USDT,1137292.3900000001,94,4,14,8,24,0.21031746031746032,0.9841269841269841,0.9386261610349824,False,0.7004957031446292,0.10680090147298876,False,False,,33.8,,0,[],[],0,False,False,,,22.6,False,,,0.0,,False,33.8,0,,False,[],,False,23.5,6.71,False
0xb08c5005ba3c56f390850444b3c203e22f64eb34,tron,USDT,997652.65123,997652.5,USDT,997652.65123,53,3,4,1,2,0.0,0.05660377358490566,0.9999998484141752,False,0.5744166009938236,0.08889966060359339,False,False,,33.8,,0,[],[],0,False,False,,,3.4,False,,,0.0,,False,33.8,0,,False,[],,False,17.67,13.25,False
0x3dfdd89e052ba37835609333dd28615d36ab3636,tron,USDT,30904.55563000001,35433.0,USDT,30904.55563000001,234,1,3,8,24,0.2334047109207709,0.06423982869379015,1.1465299946136125,False,0.6009443192783805,0.09307395956385178,False,False,,33.7,,0,[],[],0,False,False,,,92.6,True,,,0.0,,False,33.7,0,,False,[],,False,234.0,78.0,True
0xc32275359ab3b71ac2d08a3c82d3092029b79133,tron,USDT,449437.33698200004,449437.336982,USDT,449437.33698200004,191,1,1,1,1,0.0,0.09947643979057591,0.9999999999999999,False,0.7833050487908357,0.11883879766198302,False,False,,33.7,,0,[],[],0,False,False,,,60.2,False,,,0.0,,False,33.7,0,,False,[],,False,191.0,191.0,True
0x32b03fbef136b4640d8e280135f165814472b6ab,tron,USDT,80039.110591,104722.0,USDT,80039.110591,286,3,3,8,24,0.24475524475524477,0.02097902097902098,1.308385353444638,False,0.6070331541731854,0.09410511928397769,False,False,,33.7,,0,[],[],0,False,False,,,67.9,False,,,0.0,,False,33.7,0,,False,[],,False,95.33,95.33,False
0x8584a5493786692e50a0671693f1876656274d37,tron,USDT,52147.55999999999,0.0,USDT,52147.55999999999,63,0,0,3,21,0.43137254901960786,0.1568627450980392,0.0,True,0.17460755197284683,0.03233376775362129,False,False,,33.7,,0,[],[],0,False,False,,,40.3,False,,,0.0,,False,33.7,0,,False,[],,False,63.0,63.0,True
0xac1728047175343edc32a51a2746d3546befc449,tron,USDT,36427.11899999999,0.0,USDT,36427.11899999999,56,0,0,8,24,0.1839080459770115,0.034482758620689655,0.0,True,0.08629613915994909,0.0196346671211719,False,False,,33.7,,0,[],[],0,False,False,,,56.0,False,,,0.0,,False,33.7,0,,False,[],,False,56.0,56.0,True
0xbdaf42176157a57f43cd074a7bbe53b6d7d8dd36,tron,USDT,58513.119999999995,0.0,USDT,58513.119999999995,53,0,0,8,19,0.07692307692307693,0.34615384615384615,0.0,True,0.1753075943996606,0.03253782196446309,False,False,,33.7,,0,[],[],0,False,False,,,26.9,False,,,0.0,,False,33.7,0,,False,[],,False,53.0,53.0,True
0xffc70d6ef45ebc7c955b0e3a1ec0ca64a5d3ec8f,tron,USDT,259230.78000000003,259227.007,USDT,259230.78000000003,189,4,19,7,14,0.09939759036144578,0.14457831325301204,0.999985445401198,False,0.8557247089359885,0.1291605514096627,False,False,,33.7,,0,[],[],0,False,False,,,63.2,False,,,0.0,,False,33.7,0,,False,[],,False,47.25,9.95,False
0x2380dc0ca15468e2d4e77b4d0aa79b101ae3fdeb,tron,USDT,107679.0,121198.814,USDT,107679.0,97,6,6,8,19,0.23214285714285715,0.9464285714285714,1.1255566452140158,False,0.6927291461375108,0.10632708359975296,False,False,,33.7,,0,[],[],0,False,False,,,23.5,False,,,0.0,,False,33.7,2,141312.0,True,[],,False,16.17,16.17,False
0xaf7defc4147e3b2f806b5afa26b0947372217d5c,tron,USDT,69149.361,66206.684282,USDT,69149.361,53,4,4,4,7,0.05660377358490566,0.660377358490566,0.9574446289098753,False,0.7026896046109951,0.1077101548348125,False,False,,33.7,,0,[],[],0,False,False,,,3.4,False,,,0.0,,False,33.7,0,,False,[],,False,13.25,13.25,False
0xdf083194072489534b84bc564e3d68249ce1f106,tron,USDT,518502.304,529405.09,USDT,518502.304,93,10,14,8,22,0.14545454545454545,0.9696969696969697,1.0210274591180986,False,0.6559981568823625,0.10124102336645363,False,False,,33.7,,0,[],[],0,False,False,,,22.3,False,,,0.0,,False,33.7,0,,False,[],,False,9.3,6.64,False
0x6b8fc76fac7b7cbc4e2576b45b66b8d1062f4037,tron,USDT,72895.31999999998,87852.49661,USDT,72895.31999999998,232,4,4,7,1,1.0,0.036544850498338874,1.2051870629006092,False,0.629582018900574,0.09761430960693962,False,False,,33.6,,0,[],[],0,False,False,,,66.7,False,,,0.0,,False,33.6,0,,False,[],,False,58.0,58.0,False
0xd5737a974f46dc50e7b52a5cd5edfac23bb8db77,tron,USDT,1003691.48,1003691.48,USDT,1003691.48,89,4,5,1,10,0.0,0.8660714285714286,1.0,False,0.8478786593126857,0.12882170271078403,False,False,,33.6,,0,[],[],0,False,False,,,21.1,False,,,0.0,,False,33.6,0,,False,[],,False,22.25,17.8,False
0x600978b0ec5fc0b49733e0dee6ee5f46cced14a4,tron,USDT,16136.68,9891.2,USDT,16136.68,98,6,11,8,17,0.2076923076923077,0.046153846153846156,0.6129637571049311,False,0.6430212622398237,0.09954758009589398,False,False,,33.6,,0,[],[],0,False,False,,,53.8,False,,,0.0,,False,33.6,0,,False,[],,False,16.33,8.91,False
0x50eb551f9a3b89f4242b7717483ff7debb8d80d5,tron,USDT,54036.77999999999,74021.05,USDT,54036.77999999999,86,7,8,6,23,0.11971830985915492,0.014084507042253521,1.3698271806721276,False,0.4026998163051163,0.06537353807067336,False,False,,33.6,,0,[],[],0,False,False,,,46.6,False,,,0.0,,False,33.6,0,,False,[],,False,12.29,10.75,False
0x67ea1870966b9c3c0ab5ecf8d881da1fe7e20cac,tron,USDT,140640.631955,141000.0,USDT,140640.631955,259,1,10,7,9,0.0,0.20532319391634982,1.0025552220578402,False,0.8460948104887289,0.12923271620263554,False,False,,33.5,,0,[],[],0,False,False,,,62.0,False,,,0.0,,False,33.5,0,,False,[],,False,259.0,25.9,True
0x6cf3bcb2718e76a9194e0c31139726201d98e0e0,tron,USDT,18422.043200000004,0.0,USDT,18422.043200000004,60,0,0,8,21,0.07216494845360824,0.020618556701030927,0.0,True,0.10070004242681374,0.022735692525621798,False,False,,33.5,,0,[],[],0,False,False,,,63.3,False,,,0.0,,False,33.5,0,,False,[],,False,60.0,60.0,True
0x99db058be636985d9d467140566f3972c522e849,tron,USDT,34679.985311,4902.0,USDT,34679.985311,239,4,5,8,20,0.14193548387096774,0.05161290322580645,0.14134954083862186,True,0.405210934896617,0.06622538738878153,False,False,,33.5,,0,[],[],0,False,False,,,65.9,False,,,0.0,,False,33.5,0,,False,[],,False,59.75,47.8,False
0xfd7bb12fc48c899a1123a92ccbf97966c01e0b06,tron,USDT,13665.257663999999,13668.0,USDT,13665.257663999999,124,3,4,3,24,0.10483870967741936,0.12096774193548387,1.0002006794213054,False,0.6586149341199816,0.1026707951111418,False,False,,33.5,,0,[],[],0,False,False,,,58.5,False,,,0.0,,False,33.5,0,,False,[],,False,41.33,31.0,False
0x7a0f36e240982a329536b9973820ae4939da48c7,tron,USDT,1305783.1500000001,1287826.6,USDT,1305783.1500000001,65,4,23,8,19,0.12299465240641712,0.7593582887700535,0.9862484440850687,False,0.6240634351046677,0.09736463656001088,False,False,,33.5,,0,[],[],0,False,False,,,11.9,False,,,0.0,,False,33.5,0,,False,[],,False,16.25,2.83,False
0xb3ba4cde31b9d8b861e2f33d238df0f68d6fb466,tron,USDT,37693.74,37693.73999999999,USDT,37693.74,94,8,8,7,4,0.18947368421052632,0.10526315789473684,0.9999999999999998,False,0.6835383962664403,0.1060950464257045,False,False,,33.5,,0,[],[],0,False,False,,,52.8,False,,,0.0,,False,33.5,0,,False,[],,False,11.75,11.75,False
0xa5c5cdb831283593d8fb4537b0caf4b2a94a1df1,tron,USDT,147286.772066,73454.0,USDT,147286.772066,74,10,15,8,18,0.22448979591836735,0.7188208616780045,0.4987141680794312,True,0.5585039706544946,0.08839979783073232,False,False,,33.5,,0,[],[],0,False,False,,,34.1,False,,,0.0,,False,33.5,0,,False,[],,False,7.4,4.93,False
0x77d6579952b5bbc58a9c88a8108491052ca081ce,tron,USDT,23083.415,21204.7,USDT,23083.415,59,10,11,8,19,0.2696629213483146,0.1797752808988764,0.9186119124921508,False,0.45092645547254984,0.07276038889268704,False,False,,33.5,,0,[],[],0,False,False,,,34.3,False,,,0.0,,False,33.5,0,,False,[],,False,5.9,5.36,False
0x099a8a62d06d8bd9eb91d83162c0636aa6029bb2,tron,USDT,38686.0,32054.0,USDT,38686.0,64,13,17,8,21,0.027522935779816515,0.1559633027522936,0.8285684743834979,False,0.4441820869004586,0.07219528427190697,False,False,,33.5,,0,[],[],0,False,False,,,37.0,False,,,0.0,,False,33.5,0,,False,[],,False,4.92,3.76,False
0x211a410d35f8876be5aa354e51039a98c1faf21f,tron,USDT,986821.6049979996,1002945.63,USDT,986821.6049979996,226,2,7,8,24,0.0891089108910891,0.3976897689768977,1.016339351429211,False,0.7834101101978236,0.12083251319011479,False,False,,33.4,,0,[],[],0,False,False,,,46.8,False,,,0.0,,False,33.4,0,,False,[],,False,113.0,32.29,False
0xc2113bd3b46648b8b2762aedd8858ac3fb6f9aa2,tron,USDT,133115.30999999997,135594.85,USDT,133115.30999999997,141,8,12,8,23,0.1962025316455696,0.1930379746835443,1.018627008418491,False,0.6541871990799845,0.10266902630428487,False,False,,33.4,,0,[],[],0,False,False,,,51.4,False,,,0.0,,False,33.4,0,,False,[],,False,17.62,11.75,False
0x3a417e1d78175bc805f4bc84c389bd3ea4b66de9,tron,USDT,76908.59967699998,81518.228075,USDT,76908.59967699998,99,7,18,6,12,0.14620938628158844,0.0,1.059936449465463,False,0.623354245957565,0.09776516040647842,False,False,,33.4,,0,[],[],0,False,False,,,54.3,False,,,0.0,,False,33.4,0,,False,[],,False,14.14,5.5,False
0x80ed4fe10e1d764cc789244458d84521805e0ec3,tron,USDT,995847.2960000001,882100.0,USDT,995847.2960000001,83,8,16,8,18,0.056,0.296,0.885778375402648,False,0.7083818099977973,0.1101850233652864,False,False,,33.4,,0,[],[],0,False,False,,,19.3,False,,,0.0,,False,33.4,0,,False,[],,False,10.38,5.19,False
0x73544d89ec403c11b035842202ebc8b8ea08149c,tron,USDT,418900.0,402000.0,USDT,418900.0,53,6,24,8,24,0.2222222222222222,1.0,0.9596562425399857,False,0.5658175446471572,0.08999676265682327,False,False,,33.4,,0,[],[],0,False,False,,,3.4,False,,,0.0,,False,33.4,0,,False,[],,False,8.83,2.21,False
0x6a0654dffedd0e8f9a9b9e1420668ad1321b0158,tron,USDT,47810.705015,46244.512311,USDT,47810.705015,77,12,21,8,15,0.6129032258064516,0.008064516129032258,0.9672417985991081,False,0.4450605786421805,0.07237225273601433,False,False,,33.4,,0,[],[],0,False,False,,,48.1,False,,,0.0,,False,33.4,0,,False,[],,False,6.42,3.67,False
0x60de749a37f077f1a0a12332260b46385f621971,tron,USDT,373010.72,432121.86,USDT,373010.72,67,11,18,8,16,0.24271844660194175,0.23300970873786409,1.158470351736808,False,0.6391162817951925,0.10045242058580484,False,False,,33.4,,0,[],[],0,False,False,,,13.3,False,,,0.0,,False,33.4,0,,False,[],,False,6.09,3.72,False
0xbc4e1de4ef307bf5612f2972bfdaab7f4df68dcb,tron,USDT,552384.0,560000.0,USDT,552384.0,178,1,1,1,2,0.9269662921348315,0.8258426966292135,1.013787510137875,False,0.752418569249472,0.11689116442564751,False,False,,33.3,,0,[],[],0,False,False,,,86.1,False,,,0.0,,False,33.3,0,,False,[],,False,178.0,178.0,True
0xc46a6a1fd571ed0f0bc2913fc62b0e162c348f40,tron,USDT,99917.45624599996,100170.456246,USDT,99917.45624599996,229,2,2,1,3,0.0,0.0,1.002532090082209,False,0.7849411848685816,0.12176518345245962,False,False,,33.3,,0,[],[],0,False,False,,,38.0,False,,,0.0,,False,33.3,0,,False,[],,False,114.5,114.5,False
0x641558129b8dacae0b4fd06319bdb2c83cd04e14,tron,USDT,666630.3545100002,671041.3099999999,USDT,666630.3545100002,113,5,19,8,16,0.3581395348837209,0.3767441860465116,1.0066167936400705,False,0.7192748593458086,0.11207040347627445,False,False,,33.3,,0,[],[],0,False,False,,,51.4,False,,,0.0,,False,33.3,0,,False,[],,False,22.6,5.95,False
0xc19399969dd1c6cdf406b0f579f2924134dc7bbc,tron,USDT,19530.85,23239.5,USDT,19530.85,54,3,3,7,16,0.08823529411764706,0.5441176470588235,1.1898867688810268,False,0.6734778859352923,0.10593798181299047,False,False,,33.3,,0,[],[],0,False,False,,,22.0,False,,,0.0,,False,33.3,0,,False,[],,False,18.0,18.0,False
0x5ee5efbb77232721bc763c99e87fb05f9defb442,tron,USDT,1629739.73,1615635.0,USDT,1629739.73,54,4,17,8,24,0.1346704871060172,0.5444126074498568,0.9913454094906308,False,0.5598091752371165,0.08974206245592814,False,False,,33.3,,0,[],[],0,False,False,,,4.3,False,,,0.0,,False,33.3,0,,False,[],,False,13.5,3.18,False
0x5a9413c789ccc8152b0fbc8130b2f2287c294b06,tron,USDT,86519.0,84595.080283,USDT,86519.0,70,6,16,8,19,0.21100917431192662,0.2018348623853211,0.9777630379800969,False,0.5674872703028502,0.09082982043119864,False,False,,33.3,,0,[],[],0,False,False,,,41.2,False,,,0.0,,False,33.3,0,,False,[],,False,11.67,4.38,False
0x6485ecf55ae6d3f2ef41f999995c5dc111f0d7b6,tron,USDT,41235.55834999999,44428.97535,USDT,41235.55834999999,81,7,12,6,13,0.17090069284064666,0.0,1.0774432826371565,False,0.5793776990092678,0.09216313651615088,False,False,,33.3,,0,[],[],0,False,False,,,48.8,False,,,0.0,,False,33.3,0,,False,[],,False,11.57,6.75,False
0x37c5eda7cece3d13d206c8b28559db8c084435a0,tron,USDT,15464.88,15905.0,USDT,15464.88,50,7,11,8,21,0.12307692307692308,0.16923076923076924,1.0284593220251306,False,0.4002478895194541,0.0665343455544396,False,False,,33.3,,0,[],[],0,False,False,,,15.5,False,,,0.0,,False,33.3,0,,False,[],,False,7.14,4.55,False
0x08d3be13a82b6b6b92187d063b6744d294c51fbd,tron,USDT,1278121.5899999999,1378000.0,USDT,1278121.5899999999,76,7,21,8,23,0.2215568862275449,0.844311377245509,1.0781446857493426,False,0.6031237145259906,0.09601319192239283,False,False,,33.2,,0,[],[],0,False,False,,,17.3,False,,,0.0,,False,33.2,0,,False,[],,False,10.86,3.62,False
0x3d22eaf15ab877f9fd90b56b4b4072bb1797c154,tron,USDT,756649.8157550001,732444.76,USDT,756649.8157550001,90,9,20,8,24,0.28,0.33090909090909093,0.9680102271209201,False,0.5976962329507007,0.09564653190229161,False,False,,33.2,,0,[],[],0,False,False,,,21.5,False,,,0.0,,False,33.2,0,,False,[],,False,10.0,4.5,False
0x613dfc195b26873119bf4f8c47493a54e7c476b2,tron,USDT,169051.105857,170496.74,USDT,169051.105857,53,9,22,8,24,0.21031746031746032,0.3253968253968254,1.0085514622082559,False,0.46922734014214185,0.07733498923333237,False,False,,33.2,,0,[],[],0,False,False,,,3.4,False,,,0.0,,False,33.2,0,,False,[],,False,5.89,2.41,False
0x8b0b1edcda84db4f1eea5fef564e738ac0a4b3de,tron,USDT,73145.479433,63941.0,USDT,73145.479433,54,12,17,8,20,0.22857142857142856,0.2857142857142857,0.874162019247804,False,0.44318200079483017,0.07352609670351812,False,False,,33.2,,0,[],[],0,False,False,,,4.3,False,,,0.0,,False,33.2,0,,False,[],,False,4.5,3.18,False
0xbb9d7c10e31d90fcde02bbdf34a8b77116d5522f,tron,USDT,32830.1885,20000.0,USDT,32830.1885,252,1,2,8,22,0.20930232558139536,0.07973421926910298,0.6091954056249175,False,0.5602353475653739,0.09088223548969654,False,False,,33.1,,0,[],[],0,False,False,,,90.8,False,,,0.0,,False,33.1,0,,False,[],,False,252.0,126.0,True
0x40fbe966d7c597b4265b4a575d72ed90f5a9dce2,tron,USDT,809909.7847900001,872984.684791,USDT,809909.7847900001,213,3,6,7,24,0.2360248447204969,0.2463768115942029,1.0778789208199955,False,0.7352727521109267,0.11570754859810461,False,False,,33.1,,0,[],[],0,False,False,,,60.2,False,,,0.0,,False,33.1,0,,False,[],,False,71.0,35.5,False
0xa3545bfba53ff0589275c1af80b70e49c163e4c3,tron,USDT,141855.44990500002,121272.91,USDT,141855.44990500002,168,5,13,2,13,0.23112480739599384,0.0,0.8549048350360592,False,0.7398184723105636,0.1162740603178185,False,False,,33.1,,0,[],[],0,False,False,,,64.5,False,,,0.0,,False,33.1,0,,False,[],,False,33.6,12.92,False
0x65856eb6dbb32c5fc033fdb6d903b3b283ed1dd1,tron,USDT,35447.69999999999,47296.8,USDT,35447.69999999999,87,6,8,8,24,0.13533834586466165,0.21804511278195488,1.33426992442387,False,0.5527259896591378,0.08995693882746314,False,False,,33.1,,0,[],[],0,False,False,,,47.0,False,,,0.0,,False,33.1,0,,False,[],,False,14.5,10.88,False
0xe5bd793ad945f1235538a80b2260b27d4be70892,tron,USDT,540975.590982,563606.998,USDT,540975.590982,55,8,19,8,14,0.08433734939759036,0.2891566265060241,1.0418344328196372,False,0.6171740553113377,0.09859479816019473,False,False,,33.1,,0,[],[],0,False,False,,,5.2,False,,,0.0,,False,33.1,0,,False,[],,False,6.88,2.89,False
0x88099091c10443771ffb2a73a168d0208699154b,tron,USDT,198392.61786300005,216720.0,USDT,198392.61786300005,336,1,13,8,24,0.22659176029962547,0.45318352059925093,1.0923793553127865,False,0.7392245956323938,0.11671888072197201,False,False,,33.0,,0,[],[],0,False,False,,,89.4,False,,,0.0,,False,33.0,0,,False,[],,False,336.0,25.85,True
0xd79595421967dc28345da60c0f21e66a23d8e655,tron,USDT,280016.74390999996,286042.0,USDT,280016.74390999996,222,4,10,8,24,0.12103407755581669,0.011750881316098707,1.021517485011313,False,0.6485178861118657,0.10388535537261356,False,False,,33.0,,0,[],[],0,False,False,,,67.0,False,,,0.0,,False,33.0,0,,False,[],,False,55.5,22.2,False
0xcdfc6d36423f66908b500cfd0de6ce0d7e974aeb,tron,USDT,200482.59699999992,200035.1109,USDT,200482.59699999992,116,3,24,8,13,0.21076923076923076,0.0,0.9977679553901633,False,0.728361397611762,0.11516885888223943,False,False,,33.0,,0,[],[],0,False,False,,,58.9,False,,,0.0,,False,33.0,0,,False,[],,False,38.67,4.83,False
0xe8e60ac9183e31fc9d93dac38703c81ab42c61ee,tron,USDT,221774.416783,223612.492249,USDT,221774.416783,96,3,25,4,15,0.1420534458509142,0.0,1.0082880410313446,False,0.675601619625721,0.10779398323673156,False,False,,33.0,,0,[],[],0,False,False,,,52.0,False,,,0.0,,False,33.0,0,,False,[],,False,32.0,3.84,False
0x57ed9bbc9d99788c9c0484d84e194bb0e8be3ef4,tron,USDT,50000.05520099998,50000.0406,USDT,50000.05520099998,55,9,9,1,1,1.0,0.18181818181818182,0.9999997079803228,False,0.44596939429016724,0.07511400770966681,False,False,,33.0,,0,[],[],0,False,False,,,5.2,False,,,0.0,,False,33.0,0,,False,[],,False,6.11,6.11,False
0xa04bc708c81b6ef04d19d7d371ef844842c60cca,tron,USDT,28050.898091000003,0.0,USDT,28050.898091000003,66,0,0,6,21,0.3181818181818182,0.08181818181818182,0.0,True,0.15027577428935085,0.033675982486228606,False,False,,32.9,,0,[],[],0,False,False,,,54.7,False,,,0.0,,False,32.9,0,,False,[],,False,66.0,66.0,True
0x0c8f460e3ec090d5ed7a05075bc2cb37b96eeaf3,tron,USDT,656239.28,640508.0,USDT,656239.28,64,7,8,8,24,0.3416149068322981,0.9751552795031055,0.976028134128149,False,0.5761772008604198,0.0944157632316886,False,False,,32.9,,0,[],[],0,False,False,,,11.4,False,,,0.0,,False,32.9,0,,False,[],,False,9.14,8.0,False
0x5230f6e3a7b9e8d4ee84b4dbc1d1339bddcb8566,tron,USDT,34000.113809999995,33990.130000000005,USDT,34000.113809999995,72,8,8,1,1,1.0,0.3611111111111111,0.9997063595123304,False,0.566890783994108,0.09311653351514554,False,False,,32.9,,0,[],[],0,False,False,,,15.6,False,,,0.0,,False,32.9,0,,False,[],,False,9.0,9.0,False
0x9e557d7852cd0266ff0f5547707eb6e6c858fdd9,tron,USDT,336749.787,460302.87,USDT,336749.787,104,12,21,8,20,0.25766871165644173,0.3803680981595092,1.3668987710451024,False,0.5762171910603898,0.09401754562817882,False,False,,32.9,,0,[],[],0,False,False,,,26.4,False,,,0.0,,False,32.9,0,,False,[],,False,8.67,4.95,False
0x9f65a69800e9ef86066616a2e905a706c30a22f4,tron,USDT,308543.45,318000.0,USDT,308543.45,216,1,5,8,24,0.19374369323915236,0.43592330978809285,1.0306490058369413,False,0.7358303176276902,0.11770190992325119,False,False,,32.8,,0,[],[],0,False,False,,,85.9,False,,,0.0,,False,32.8,0,,False,[],,False,216.0,43.2,True
0x6dfb490f9020d9eeaa9d5a7fa984df429e4500dc,tron,USDT,1611245.3106070005,50600000.0,USDT,1611245.3106070005,210,1,6,1,3,0.0,0.05454545454545454,10.0,False,0.572274077216801,0.09391426299733985,False,False,,32.8,,0,[],[],0,False,False,,,61.0,False,,,0.0,,False,32.8,0,,False,[],,False,210.0,35.0,True
0xc4951b4ad5538bde8ed573c34edc69ba4a69b6c1,tron,USDT,713892.099154,713892.0,USDT,713892.099154,159,2,4,3,4,0.0,0.6064814814814815,0.9999998611078619,False,0.9412812619967104,0.1468701629809686,False,False,,32.8,,0,[],[],0,False,False,,,35.1,False,,,0.0,,False,32.8,0,,False,[],,False,79.5,39.75,False
0x7b9283a1aa6aabab4bc6c7bb480fae253bbd16ab,tron,USDT,17880.0,17774.0,USDT,17880.0,52,1,1,1,3,0.038461538461538464,0.7307692307692307,0.9940715883668904,False,0.6550298458872092,0.1057170027858152,False,False,,32.8,,0,[],[],0,False,False,,,34.7,False,,,0.0,,False,32.8,0,,False,[],,False,52.0,52.0,True
0xc68f7b475e2b8d3435599518245acf7d0e67def5,tron,USDT,10196.95202,10196.95202,USDT,10196.95202,84,2,2,1,2,0.0,0.011904761904761904,1.0,False,0.6705345778532033,0.10836919616161217,False,False,,32.8,,0,[],[],0,False,False,,,48.7,False,,,0.0,,False,32.8,0,,False,[],,False,42.0,42.0,False
0x0dfc27ce15b5043782b872454f73c610f00c7ae8,tron,USDT,458921.607501,46971.307726,USDT,458921.607501,299,1,1,4,11,0.411371237458194,0.30434782608695654,0.1023514843456083,True,0.44751739063238,0.07702095327843733,False,False,,32.7,,0,[],[],0,False,False,,,80.2,False,,,0.0,,False,32.7,0,,False,[],,False,299.0,299.0,True
0xa8f0b5b4bc7ad8e369f5919dee7fa2e5b7db7f85,tron,USDT,95210.4,0.0,USDT,95210.4,51,0,0,8,23,0.16911764705882354,0.1323529411764706,0.0,True,0.09291472210436998,0.026640446779599425,False,False,,32.7,,0,[],[],0,False,False,,,27.8,False,,,0.0,,False,32.7,0,,False,[],,False,51.0,51.0,True
0xc3c31e055271116b888c3f5b66999573d6e8242b,tron,USDT,1390487.4200000002,1290456.59,USDT,1390487.4200000002,52,7,18,8,20,0.2074074074074074,0.4222222222222222,0.9280606005051092,False,0.4684080471269022,0.0799137087199418,False,False,,32.7,,0,[],[],0,False,False,,,2.3,False,,,0.0,,False,32.7,0,,False,[],,False,7.43,2.89,False
0xa54493054edb532628d94a83f6bf0425dac86807,tron,USDT,209490.799999,256846.564538,USDT,209490.799999,60,13,16,8,20,0.13131313131313133,0.5757575757575758,1.226051762364868,False,0.5034744163008915,0.08510136069293972,False,False,,32.7,,0,[],[],0,False,False,,,9.0,False,,,0.0,,False,32.7,0,,False,[],,False,4.62,3.75,False
0x1814f329ce16b51675f07194cc7c9fd2a692f01e,tron,USDT,633958.52,639179.4,USDT,633958.52,65,3,6,5,3,0.0,0.9230769230769231,1.008235365304342,False,0.7812761344062508,0.1251491235681531,False,False,,32.6,,0,[],[],0,False,False,,,11.9,False,,,0.0,,False,32.6,0,,False,[],,False,21.67,10.83,False
0x8e2dfd7d6d85cc49746e6cccf4da92f0ca655c83,tron,USDT,110222.405,78245.0,USDT,110222.405,59,7,13,8,17,0.11764705882352941,0.38823529411764707,0.7098828954058841,False,0.6103049626195731,0.10058989753142167,False,False,,32.6,,0,[],[],0,False,False,,,8.2,False,,,0.0,,False,32.6,0,,False,[],,False,8.43,4.54,False
0x4d5c91d03fc3c3e8621386f9024c0ce5c5844c01,tron,USDT,10991.0,10991.0,USDT,10991.0,107,1,1,1,2,0.0,0.028037383177570093,1.0,False,0.6907721680101824,0.11255978283839996,False,False,,32.5,,0,[],[],0,False,False,,,80.6,False,,,0.0,,False,32.5,0,,False,[],,False,107.0,107.0,True
0x0e38b4fc437cae8a97db2633a0068eb716c8e82c,tron,USDT,838475.915689,877600.0,USDT,838475.915689,195,2,18,8,19,0.2109181141439206,0.3200992555831266,1.046660951828116,False,0.7546686581706518,0.12160978544220696,False,False,,32.5,,0,[],[],0,False,False,,,36.8,False,,,0.0,,False,32.5,0,,False,[],,False,97.5,10.83,False
0x5d16e648d1a6236ff8ba16c89976ff49d2a4ffde,tron,USDT,384118.15500000014,286549.0,USDT,384118.15500000014,197,5,12,8,24,0.17590027700831026,0.013850415512465374,0.7459918159817255,False,0.5974588638327474,0.09949005206942974,False,False,,32.5,,0,[],[],0,False,False,,,63.3,False,,,0.0,,False,32.5,0,,False,[],,False,39.4,16.42,False
0x4e07c88a6861c75da2deabf36477d687fca53e8b,tron,USDT,597192.1,597192.1,USDT,597192.1,114,5,5,4,24,0.22772277227722773,0.297029702970297,1.0,False,0.7069579974543913,0.11506335499009657,False,False,,32.5,,0,[],[],0,False,False,,,53.2,False,,,0.0,,False,32.5,0,,False,[],,False,22.8,22.8,False
0xc52a6a3ebb87413aad6b9a185ac72c550cc47d03,tron,USDT,865305.7050000001,841000.0,USDT,865305.7050000001,95,6,14,8,24,0.24503311258278146,0.5033112582781457,0.9719108462367065,False,0.6870635438761067,0.11206680874217834,False,False,,32.5,,0,[],[],0,False,False,,,22.9,False,,,0.0,,False,32.5,0,,False,[],,False,15.83,6.79,False
0x83b3382186d2d8557834ae380ea96dd2b83dfce5,tron,USDT,415675.851,442419.8,USDT,415675.851,52,6,18,8,18,0.109375,0.609375,1.064338471757889,False,0.6896567010663264,0.1125752246068013,False,False,,32.5,,0,[],[],0,False,False,,,2.3,False,,,0.0,,False,32.5,0,,False,[],,False,8.67,2.89,False
0x201c28cb19ab10fb74833b49dec8940d1cc634f6,tron,USDT,30738.957420000002,24984.0,USDT,30738.957420000002,67,8,11,8,16,0.18888888888888888,0.34444444444444444,0.8127796808015487,False,0.659501205570577,0.10829858536024678,False,False,,32.5,,0,[],[],0,False,False,,,33.4,False,,,0.0,,False,32.5,0,,False,[],,False,8.38,6.09,False
0x9c8b858d8134ae01d6c5f3545c3cb9c50c745eb5,tron,USDT,38635.436933,38635.436933000005,USDT,38635.436933,218,1,5,1,2,0.0,0.11009174311926606,1.0000000000000002,False,0.7964573610521849,0.12843084457252518,False,False,,32.4,,0,[],[],0,False,False,,,87.0,False,,,0.0,,False,32.4,0,,False,[],,False,218.0,43.6,True
0x792d26e81f9a5fc55cfcd5df425dfc9f15d13f22,tron,USDT,51965.0,66000.0,USDT,51965.0,55,3,3,8,15,0.2459016393442623,0.4918032786885246,1.2700856345617242,False,0.6588169842459072,0.10862923324098411,False,False,,32.4,,0,[],[],0,False,False,,,5.2,False,,,0.0,,False,32.4,0,,False,[],,False,18.33,18.33,False
0x0a16e28c2e0240b152f0dd77030db3d3d6161df6,tron,USDT,1035468.0888790002,982000.0,USDT,1035468.0888790002,89,5,20,8,24,0.255859375,0.41796875,0.9483633639189356,False,0.6583616842390269,0.10870486793617218,False,False,,32.4,,0,[],[],0,False,False,,,21.1,False,,,0.0,,False,32.4,0,,False,[],,False,17.8,4.45,False
0xf987e600da34f0dac8f0711c7912e764b9c4544a,tron,USDT,34000.05409299999,33993.18,USDT,34000.05409299999,100,9,9,1,1,1.0,0.11,0.9997978211157785,False,0.5519536244692312,0.09409971298301945,False,False,,32.3,,0,[],[],0,False,False,,,29.2,False,,,0.0,,False,32.3,0,,False,[],,False,11.11,11.11,False
0xaa9ed2716a86281a572fc7c84378e5f8de329db5,tron,USDT,604309.322,685714.223936,USDT,604309.322,87,9,18,7,20,0.15254237288135594,0.5127118644067796,1.1347073410461141,False,0.5996601440096996,0.1006442659434737,False,False,,32.3,,0,[],[],0,False,False,,,20.5,False,,,0.0,,False,32.3,0,,False,[],,False,9.67,4.83,False
0x4209076df48c2ae3fbeca1941c29aa0893e1be62,tron,USDT,190439.639639,215397.0,USDT,190439.639639,67,10,12,7,17,0.039473684210526314,0.14473684210526316,1.1310512895755815,False,0.6102343750929448,0.10265370487146303,False,False,,32.3,,0,[],[],0,False,False,,,13.3,False,,,0.0,,False,32.3,0,,False,[],,False,6.7,5.58,False
0x2b61d86cd5fbf22eccc68b4496a2f8479725e0c2,tron,USDT,221573.787438,218462.0,USDT,221573.787438,125,8,8,8,24,0.1534526854219949,0.015345268542199489,0.9859559766794584,False,0.5615738851958832,0.09591252223186975,False,False,,32.2,,0,[],[],0,False,False,,,41.1,False,,,0.0,,False,32.2,0,,False,[],,False,15.62,15.62,False
0xc53251f3b392f7ebe7e073c7ae4b16fbfb81fcdb,tron,USDT,14456.0,5870.86,USDT,14456.0,52,4,4,8,17,0.13333333333333333,0.36666666666666664,0.4061192584394023,True,0.4521402708648002,0.08024989025812485,False,False,,32.2,,0,[],[],0,False,False,,,28.8,False,,,0.0,,False,32.2,0,,False,[],,False,13.0,13.0,False
0xecdf941374d24f493e6876493b4375f18ed59e8e,tron,USDT,368500.41074099997,388171.0,USDT,368500.41074099997,52,6,24,8,13,0.07058823529411765,0.3411764705882353,1.0533801013123578,False,0.655912863912327,0.10926686657113066,False,False,,32.2,,0,[],[],0,False,False,,,2.3,False,,,0.0,,False,32.2,0,,False,[],,False,8.67,2.17,False
0x714259a8d0d724c8ed63b57113930d07327e262d,tron,USDT,68473.594535,65838.0,USDT,68473.594535,52,6,6,8,17,0.18333333333333332,0.11666666666666667,0.9615093299410064,False,0.583540728949593,0.09908093824039177,False,False,,32.2,,0,[],[],0,False,False,,,13.5,False,,,0.0,,False,32.2,0,,False,[],,False,8.67,8.67,False
0x3ab853635a19fb15bab9356c0cd05354c8a2d35c,tron,USDT,408723.7399999999,441891.29474099993,USDT,408723.7399999999,199,1,2,8,24,0.13522355507088332,0.008724100327153763,1.0811490782037767,False,0.5777667902141449,0.09875375864929581,False,False,,32.1,,0,[],[],0,False,False,,,78.6,False,,,0.0,,False,32.1,0,,False,[],,False,199.0,99.5,True
0x0ba10fd2f42ac688901ea87319ebbb5b331f777d,tron,USDT,83936.27345899999,16029.349999999999,USDT,83936.27345899999,102,12,19,8,24,0.294234592445328,0.0019880715705765406,0.19097047485470975,True,0.24163066688439122,0.05096931468116117,False,False,,32.1,,0,[],[],0,False,False,,,54.5,False,,,0.0,,False,32.1,0,,False,[],,False,8.5,5.37,False
0xe5f18c8a5e14ec77cf395e88afbaf35e0d27845c,tron,USDT,492182.26117,522972.26117,USDT,492182.26117,61,8,25,8,23,0.06802721088435375,0.8299319727891157,1.0625581261844077,False,0.5499194311907808,0.09476386810834309,False,False,,32.1,,0,[],[],0,False,False,,,9.6,False,,,0.0,,False,32.1,0,,False,[],,False,7.62,2.44,False
0x3a7f651eafb7c54b70e6529964034dcc8841620b,tron,USDT,1766285.781,1766233.0,USDT,1766285.781,175,1,13,6,21,0.25663716814159293,0.10914454277286136,0.9999701175197311,False,0.6335536331772598,0.10769259735656378,False,False,,32.0,,0,[],[],0,False,False,,,59.6,False,,,0.0,,False,32.0,0,,False,[],,False,175.0,13.46,True
0xb5be402216d43ea56d48a4ec84ce94879b81f4bf,tron,USDT,14068.214175,11510.0,USDT,14068.214175,165,2,2,8,20,0.6060606060606061,0.0,0.8181564381109517,False,0.5809414276306758,0.10015871204706289,False,False,,32.0,,0,[],[],0,False,False,,,65.8,False,,,0.0,,False,32.0,0,,False,[],,False,82.5,82.5,False
0x3ed14b44681330101ddf1264ce9714f98f44e761,tron,USDT,10285.0,10285.0,USDT,10285.0,56,1,19,5,11,0.19642857142857142,0.0,1.0,False,0.5022698345354264,0.08874108268602776,False,False,,32.0,,0,[],[],0,False,False,,,49.3,False,,,0.0,,False,32.0,0,,False,[],,False,56.0,2.95,True
0x800aab8a44e1db3ff8f03d033afa4cc8b54915ee,tron,USDT,861445.52,910000.0,USDT,861445.52,51,1,7,8,24,0.16355140186915887,0.985981308411215,1.0563639590348093,False,0.49733985138353454,0.08820724079299835,False,False,,32.0,,0,[],[],0,False,False,,,24.9,False,,,0.0,,False,32.0,0,,False,[],,False,51.0,7.29,True
0x511f0d4db90e99fab197e6954f96e043066aa431,tron,USDT,13155.391376,12700.0,USDT,13155.391376,69,2,2,8,20,0.25,0.09523809523809523,0.9653836694793595,False,0.5110869163311711,0.09005809758356004,False,False,,32.0,,0,[],[],0,False,False,,,44.9,False,,,0.0,,False,32.0,0,,False,[],,False,34.5,34.5,False
0x9f2f9f7967ef8d1744e5df5172bf5539a19bc512,tron,USDT,598839.185177,602221.0,USDT,598839.185177,107,8,21,7,19,0.34513274336283184,0.5132743362831859,1.0056472837895543,False,0.6769358805352584,0.11379714517837947,False,False,,32.0,,0,[],[],0,False,False,,,27.6,False,,,0.0,,False,32.0,0,,False,[],,False,13.38,5.1,False
0x1d87fa3b14368b55faf4f5520282299409b850dd,tron,USDT,1909921.7388880001,1946830.49,USDT,1909921.7388880001,59,5,17,8,23,0.2260536398467433,0.011494252873563218,1.019324745281704,False,0.4327706046135786,0.07903502141291685,False,False,,32.0,,0,[],[],0,False,False,,,8.2,False,,,0.0,,False,32.0,0,,False,[],,False,11.8,3.47,False
0x28bbb140a794440798ed91bcaca44556e74fc7da,tron,USDT,63409.5,53800.09,USDT,63409.5,71,11,14,8,23,0.14457831325301204,0.7710843373493976,0.8484547268153825,False,0.5700727866867931,0.09829230723043408,False,False,,32.0,,0,[],[],0,False,False,,,32.8,False,,,0.0,,False,32.0,0,,False,[],,False,6.45,5.07,False
0xc51692038d50dcd9ebcd6acc6e39a6bf3cea48e0,tron,USDT,970099.9700000001,951472.0,USDT,970099.9700000001,71,4,9,8,18,0.09333333333333334,0.8933333333333333,0.9807978862219735,False,0.8012932217076956,0.1319173677989513,False,False,,31.9,,0,[],[],0,False,False,,,15.1,False,,,0.0,,False,31.9,0,,False,[],,False,17.75,7.89,False
0x8f1ac17a4e48bbe55d283b958de0f88fd2fa63e2,tron,USDT,1076538.3,998593.23,USDT,1076538.3,67,9,13,7,19,0.017241379310344827,0.47413793103448276,0.927596565770117,False,0.5549932206635694,0.09666720564560705,False,False,,31.9,,0,[],[],0,False,False,,,13.3,False,,,0.0,,False,31.9,0,,False,[],,False,7.44,5.15,False
0xcef51d274b3e03c3ad40eb5a8adbe077004ed5e6,tron,USDT,297994.85248800006,271000.0,USDT,297994.85248800006,228,1,6,8,24,0.2015855039637599,0.3522083805209513,0.909411681904515,False,0.7105840758802666,0.11959405174805615,False,False,,31.8,,0,[],[],0,False,False,,,88.0,False,,,0.0,,False,31.8,0,,False,[],,False,228.0,38.0,True
0x837f2e5d2f556d3038f1f0e9ac207f208ec01825,tron,USDT,1659873.9892479996,1865043.442984,USDT,1659873.9892479996,125,1,4,7,23,0.20100502512562815,0.6884422110552764,1.1236054393676906,False,0.6966408128477177,0.11741913092510803,False,False,,31.8,,0,[],[],0,False,False,,,55.6,False,,,0.0,,False,31.8,0,,False,[],,False,125.0,31.25,True
0x281d7ccb754e94d481d6770e5ecd2e0d29048bdf,tron,USDT,542104.146805,579000.0,USDT,542104.146805,248,3,16,8,21,0.2132132132132132,0.036036036036036036,1.0680604518752588,False,0.658916547724227,0.11249564001837431,False,False,,31.8,,0,[],[],0,False,False,,,38.4,False,,,0.0,,False,31.8,0,,False,[],,False,82.67,15.5,False
0x6a309f4dbe4e989c3b2fa6b2fa5d3f59690ed999,tron,USDT,69686.52000000002,0.0,USDT,69686.52000000002,55,0,0,8,22,0.10948905109489052,0.014598540145985401,0.0,True,0.06777683495969453,0.028162163738369106,False,False,,31.8,,0,[],[],0,False,False,,,37.5,False,,,0.0,,False,31.8,0,,False,[],,False,55.0,55.0,True
0xe5966ee07d983ca4cda3a1c40508a187e9d6fd61,tron,USDT,122378.20399999998,122279.0,USDT,122378.20399999998,87,5,23,4,14,0.2484472049689441,0.0,0.9991893654526913,False,0.6577504738542209,0.11177849036380166,False,False,,31.8,,0,[],[],0,False,False,,,49.3,False,,,0.0,,False,31.8,0,,False,[],,False,17.4,3.78,False
0x68f1154c78d20969c17d13d55878d806eb62aed6,tron,USDT,1158939.642088,1045802.47,USDT,1158939.642088,76,8,22,8,19,0.1388888888888889,0.3055555555555556,0.9023787193229781,False,0.5492496089473279,0.09638533216214179,False,False,,31.8,,0,[],[],0,False,False,,,17.3,False,,,0.0,,False,31.8,0,,False,[],,False,9.5,3.45,False
0xd1b8f7ead801e323939a6fbbc4e8cc3df05b17b4,tron,USDT,833651.5109999999,701759.0,USDT,833651.5109999999,56,6,21,8,13,0.07608695652173914,0.3695652173913043,0.8417893936978662,False,0.6672547815821698,0.113522390580381,False,False,,31.8,,0,[],[],0,False,False,,,6.0,False,,,0.0,,False,31.8,0,,False,[],,False,9.33,2.67,False
0x14478c1ffeada5a896b2ab95aab1cb6555a61d19,tron,USDT,350792.13980200014,323200.0,USDT,350792.13980200014,64,10,20,8,23,0.3776824034334764,0.351931330472103,0.9213433350656769,False,0.5189950140644718,0.09249042832612281,False,False,,31.8,,0,[],[],0,False,False,,,11.4,False,,,0.0,,False,31.8,0,,False,[],,False,6.4,3.2,False
0x9fe180d8963a9c9fb6671bbbe068a71bb954afc1,tron,USDT,151869.5,131158.0,USDT,151869.5,52,9,21,8,17,0.18181818181818182,0.16883116883116883,0.8636230447851609,False,0.541583327667257,0.09556157184118047,False,False,,31.8,,0,[],[],0,False,False,,,2.3,False,,,0.0,,False,31.8,0,,False,[],,False,5.78,2.48,False
0x59f805ba81196735c232fa5ace71d50cb9de5734,tron,USDT,70922.98619099999,68699.99439,USDT,70922.98619099999,126,4,7,8,24,0.23652173913043478,0.20521739130434782,0.968656257718572,False,0.6943040135292893,0.11784437663193226,False,False,,31.7,,0,[],[],0,False,False,,,63.1,False,,,0.0,,False,31.7,0,,False,[],,False,31.5,18.0,False
0xd0f4e945c96722bfc09eed61c7ffc1451cfb1971,tron,USDT,30239.889999000003,37000.4,USDT,30239.889999000003,56,3,7,8,17,0.2835820895522388,0.007462686567164179,1.2235626518887324,False,0.37160057950770115,0.07177478966823186,False,False,,31.7,,0,[],[],0,False,False,,,34.1,False,,,0.0,,False,31.7,0,,False,[],,False,18.67,8.0,False
0xb2770f1bdf9f9fd949a79958256aa0692b2e2e87,tron,USDT,939192.528888,948802.2,USDT,939192.528888,68,5,24,8,14,0.2875816993464052,0.934640522875817,1.0102318436491162,False,0.6449837543079366,0.11106468043170015,False,False,,31.7,,0,[],[],0,False,False,,,13.8,False,,,0.0,,False,31.7,2,141362.0,True,[],,False,13.6,2.83,False
0x47124124b869669ed244d1b897d761163744b7f7,tron,USDT,351710.88,311318.22,USDT,351710.88,70,6,13,8,21,0.19428571428571428,0.37714285714285717,0.8851537945030303,False,0.5905436990787987,0.10302235037245411,False,False,,31.7,,0,[],[],0,False,False,,,14.7,False,,,0.0,,False,31.7,0,,False,[],,False,11.67,5.38,False
0xc35f3b6c946b59a81d17dbdcdff005aa6e084c7c,tron,USDT,50095.602517,50095.37,USDT,50095.602517,86,9,9,1,1,1.0,0.18604651162790697,0.9999953585347153,False,0.5574025507056702,0.09804386585707325,False,False,,31.7,,0,[],[],0,False,False,,,20.2,False,,,0.0,,False,31.7,0,,False,[],,False,9.56,9.56,False
0x13ebcfa9116838b441f1c60e392d16c30928f461,tron,USDT,599781.96,983968.0,USDT,599781.96,71,9,10,8,16,0.3548387096774194,0.1935483870967742,1.640542839934699,False,0.3943776432985927,0.07528997566958706,False,False,,31.7,,0,[],[],0,False,False,,,15.1,False,,,0.0,,False,31.7,2,141342.0,True,[],,False,7.89,7.1,False
0x37563a13e588a44df72ea29c421d88819bbecf13,tron,USDT,629019.134534,629019.134534,USDT,629019.134534,308,1,7,7,1,1.0,0.09462915601023018,1.0,False,0.6490453966907085,0.11190006435829708,False,False,,31.6,,0,[],[],0,False,False,,,62.7,False,,,0.0,,False,31.6,0,,False,[],,False,308.0,44.0,True
0x9ac7985c0e4954ba48b9a161da53ff8c6550dc30,tron,USDT,96009.20012600023,250000.0,USDT,96009.20012600023,276,1,1,8,20,0.022821576763485476,0.01037344398340249,2.603917121191572,False,0.40778532032244375,0.07758851277661782,False,False,,31.6,,0,[],[],0,False,False,,,80.6,False,,,0.0,,False,31.6,0,,False,[],,False,276.0,276.0,True
0x5bdb85202faf2176fbdcf0d844ad6054a7385417,tron,USDT,1466424.693079,1484855.1600000001,USDT,1466424.693079,112,3,15,8,14,0.2962962962962963,0.34156378600823045,1.0125683009894646,False,0.7089627929204779,0.120646807430217,False,False,,31.6,,0,[],[],0,False,False,,,29.1,False,,,0.0,,False,31.6,0,,False,[],,False,37.33,7.47,False
0x5ab12752064156b25b40829675d0cc4b60d0b28f,tron,USDT,947777.871112,1012414.0,USDT,947777.871112,115,4,20,8,21,0.21830985915492956,0.323943661971831,1.0681975501413261,False,0.7008704602729652,0.1196243064156336,False,False,,31.6,,0,[],[],0,False,False,,,30.0,False,,,0.0,,False,31.6,0,,False,[],,False,28.75,5.75,False
0xcc7a2cd595ce0aa411c4aae0ea2bc4b25bcfd2bf,tron,USDT,292972.25862,292750.0,USDT,292972.25862,154,6,22,2,13,0.2559774964838256,0.0,0.9992413663291982,False,0.6116217140804345,0.10642649226948114,False,False,,31.6,,0,[],[],0,False,False,,,57.0,False,,,0.0,,False,31.6,0,,False,[],,False,25.67,7.0,False
0xa3b3edce1e9f4f6a994e277a02a3022a8f4c98df,tron,USDT,147220.99,143852.0,USDT,147220.99,99,4,15,8,18,0.245,0.185,0.9771161028057209,False,0.7821648412654293,0.1309838140772545,False,False,,31.6,,0,[],[],0,False,False,,,53.1,False,,,0.0,,False,31.6,0,,False,[],,False,24.75,6.6,False
0xb4001272bf4237bba056c9506cfb95a7600dfbfb,tron,USDT,56184.429555999996,56184.429555999996,USDT,56184.429555999996,228,1,10,7,6,0.0,0.027210884353741496,1.0,False,0.7661009758167161,0.12893201116941555,False,False,,31.5,,0,[],[],0,False,False,,,88.1,False,,,0.0,,False,31.5,0,,False,[],,False,228.0,22.8,True
0x65cffbe42b7fbda8acd8063a380983558ed816bd,tron,USDT,256570.83683900005,256571.0,USDT,256570.83683900005,211,1,18,8,8,0.12342569269521411,0.1309823677581864,1.00000063592964,False,0.8049850234292608,0.1345540692644016,False,False,,31.5,,0,[],[],0,False,False,,,83.4,False,,,0.0,,False,31.5,0,,False,[],,False,211.0,11.72,True
0xcd8ac37a4b209bb366db9486f95d3f5ebe11b510,tron,USDT,30515.541999999998,30515.0,USDT,30515.541999999998,120,3,5,2,13,0.2361111111111111,0.0,0.9999822385589613,False,0.7354228371899425,0.1246352372228633,False,False,,31.5,,0,[],[],0,False,False,,,61.4,False,,,0.0,,False,31.5,0,,False,[],,False,40.0,24.0,False
0xfe1e56f925fb80b6b956bab89c1c5933c9c9c022,tron,USDT,90520.33485799999,96323.924823,USDT,90520.33485799999,99,6,20,6,13,0.19672131147540983,0.0,1.0641136599207697,False,0.6725188038665038,0.11579031664484363,False,False,,31.5,,0,[],[],0,False,False,,,53.3,False,,,0.0,,False,31.5,0,,False,[],,False,16.5,4.95,False
0xad55949f2a1eaef7ec0884f959a7f9eaf2f93eb4,tron,USDT,131712.503439,144122.0,USDT,131712.503439,238,1,2,2,6,0.0,0.0,1.0942165416113834,False,0.717686178313277,0.12296091021306055,False,False,,31.4,,0,[],[],0,False,False,,,81.6,False,,,0.0,,False,31.4,0,,False,[],,False,238.0,119.0,True
0xd519c6c77e79f092559876f909a75d850504d199,tron,USDT,1271973.9241880004,1174782.0,USDT,1271973.9241880004,147,1,10,8,24,0.16614906832298137,0.41304347826086957,0.9235896881690829,False,0.6978278230814194,0.11992670452291831,False,False,,31.4,,0,[],[],0,False,False,,,57.8,False,,,0.0,,False,31.4,0,,False,[],,False,147.0,14.7,True
0xa9dd9b206a11a5c21ee88453e549d5d3f6f78a46,tron,USDT,316166.569819,290245.991272,USDT,316166.569819,175,8,18,8,24,0.10232558139534884,0.13023255813953488,0.9180160680433763,False,0.6277695267185607,0.11019219384002726,False,False,,31.4,,0,[],[],0,False,False,,,36.1,False,,,0.0,,False,31.4,0,,False,[],,False,21.88,9.72,False
0xe78ca4c6648ba54eb472b58502fe31dca416485e,tron,USDT,1071782.200634,1115018.0,USDT,1071782.200634,54,3,6,7,18,0.023809523809523808,0.34523809523809523,1.0403400983338074,False,0.6741975721872904,0.11694008885504831,False,False,,31.4,,0,[],[],0,False,False,,,4.3,False,,,0.0,,False,31.4,0,,False,[],,False,18.0,9.0,False
0x3b8eb65abefab7e578dc51b3e8da7acaedaea2a0,tron,USDT,44370.53701000001,45167.09,USDT,44370.53701000001,62,9,19,8,23,0.2289156626506024,0.3373493975903614,1.0179522954572415,False,0.5195321544002784,0.09475239073171171,False,False,,31.4,,0,[],[],0,False,False,,,36.7,False,,,0.0,,False,31.4,0,,False,[],,False,6.89,3.26,False
0x6dad12c0da36c6b4c049620721be69f50ed87905,tron,USDT,170691.810064,184430.0,USDT,170691.810064,299,1,12,8,24,0.19428571428571428,0.46095238095238095,1.0804853491848785,False,0.7397154036462656,0.12682756958277086,False,False,,31.3,,0,[],[],0,False,False,,,89.0,False,,,0.0,,False,31.3,0,,False,[],,False,299.0,24.92,True
0xcb7d72964dfbb5b47c6fda048873b4a0d389dbfa,tron,USDT,841600.0499460001,200000.0,USDT,841600.0499460001,298,1,3,5,24,0.2088698140200286,0.3061516452074392,0.23764257144807996,True,0.47485138234222524,0.0891062290022015,False,False,,31.3,,0,[],[],0,False,False,,,71.3,False,,,0.0,,False,31.3,0,,False,[],,False,298.0,99.33,True
0x1e742a3e7f9825880a2a8354c848000b426dbbcd,tron,USDT,506237.0,493027.0,USDT,506237.0,55,1,9,8,17,0.2846715328467153,0.11678832116788321,0.9739055027585893,False,0.40719094357250707,0.07897881099236931,False,False,,31.3,,0,[],[],0,False,False,,,28.7,False,,,0.0,,False,31.3,0,,False,[],,False,55.0,6.11,True
0xeeaa7acd79077691f57b9b0cc20bd4bc55278976,tron,USDT,65943.01,0.0,USDT,65943.01,52,0,0,8,20,0.11278195488721804,0.0,0.0,True,0.02522274077216801,0.02465010495369957,False,False,,31.3,,0,[],[],0,False,False,,,41.4,False,,,0.0,,False,31.3,0,,False,[],,False,52.0,52.0,True
0xbe1e9c84f14786ce0523527942bc260aedad510a,tron,USDT,42788.68999999999,27022.0,USDT,42788.68999999999,95,3,3,8,24,0.1559633027522936,0.0,0.6315220213565783,False,0.4511453037197671,0.08552538183874714,False,False,,31.3,,0,[],[],0,False,False,,,51.1,False,,,0.0,,False,31.3,0,,False,[],,False,31.67,31.67,False
0x37fd8d803c8dcdcbbd53a6d518e044c5699d0a3e,tron,USDT,97314.490805,101907.1821,USDT,97314.490805,183,2,2,7,15,0.0273224043715847,0.09836065573770492,1.047194320773901,False,0.8205568931638452,0.13856057905991276,False,False,,31.2,,0,[],[],0,False,False,,,36.3,False,,,0.0,,False,31.2,0,,False,[],,False,91.5,91.5,False
0xda98764c807a0f56af6d837555f4daaa65ad424d,tron,USDT,604703.62109,607598.32109,USDT,604703.62109,164,3,4,8,24,0.1974921630094044,0.2507836990595611,1.0047869731535295,False,0.7366539757553782,0.12681261212655742,False,False,,31.2,,0,[],[],0,False,False,,,57.8,False,,,0.0,,False,31.2,0,,False,[],,False,54.67,41.0,False
0xca95699a605c1e86d4231d1d32a99777b5045aad,tron,USDT,777400.0,780470.14,USDT,777400.0,125,5,14,8,24,0.3728813559322034,1.0,1.0039492410599433,False,0.7821545726620037,0.13343825583971053,False,False,,31.2,,0,[],[],0,False,False,,,32.0,False,,,0.0,,False,31.2,0,,False,[],,False,25.0,8.93,False
0x76e9ec712a72c74685aa73143f85834a8c8d1c77,tron,USDT,22771.0,22771.5,USDT,22771.0,54,3,17,8,17,0.11290322580645161,0.08064516129032258,1.0000219577532827,False,0.5901950144739511,0.10607745464329749,False,False,,31.2,,0,[],[],0,False,False,,,23.0,False,,,0.0,,False,31.2,0,,False,[],,False,18.0,3.18,False
0x8b4810c4ce0573b1cc6fe5814d798bd9a2cbd595,tron,USDT,157189.791,157189.0,USDT,157189.791,73,8,15,2,13,0.2,0.0,0.9999949678665837,False,0.575264161159231,0.10394690837791665,False,False,,31.2,,0,[],[],0,False,False,,,43.5,False,,,0.0,,False,31.2,0,,False,[],,False,9.12,4.87,False
0xd45e02ec05994bbf28812e4774c1f560d255bbd8,tron,USDT,184780.72999999998,179160.0,USDT,184780.72999999998,304,1,11,8,24,0.19919517102615694,0.5150905432595574,0.9695816224992726,False,0.7561352468587853,0.12994150465592902,False,False,,31.1,,0,[],[],0,False,False,,,87.9,False,,,0.0,,False,31.1,0,,False,[],,False,304.0,27.64,True
0xa4b541c02d96874f31053ef91f93000e82e49aa3,tron,USDT,1368979.103592,300000.0,USDT,1368979.103592,170,1,2,8,24,0.11551155115511551,0.7755775577557755,0.21914140194897358,True,0.49552535293964617,0.09292888783798231,False,False,,31.1,,0,[],[],0,False,False,,,59.4,False,,,0.0,,False,31.1,2,141258.0,True,[],,False,170.0,85.0,True
0xce4c0b565aee6afb955867919dd073331a38c312,tron,USDT,22142.399999999998,15400.0,USDT,22142.399999999998,63,1,5,7,15,0.023255813953488372,0.023255813953488372,0.69549822964087,False,0.5049884876761587,0.09403023712014946,False,False,,31.1,,0,[],[],0,False,False,,,53.1,False,,,0.0,,False,31.1,0,,False,[],,False,63.0,12.6,True
0xbd7b805ced030ed5c24f9ca5207d4aad31d7129c,tron,USDT,1259286.086906,1145200.0,USDT,1259286.086906,120,2,8,8,5,0.10037174721189591,0.2936802973977695,0.9094041551858136,False,0.8483212213638492,0.14322050633228456,False,False,,31.1,,0,[],[],0,False,False,,,31.2,False,,,0.0,,False,31.1,0,,False,[],,False,60.0,15.0,False
0x9822de6873a5909406e762574f8130d6bd7c4146,tron,USDT,14136.339999999998,12282.0,USDT,14136.339999999998,50,4,6,8,17,0.07006369426751592,0.03821656050955414,0.8688246038224888,False,0.5211132449053548,0.09640427345515151,False,False,,31.1,,0,[],[],0,False,False,,,30.1,False,,,0.0,,False,31.1,0,,False,[],,False,12.5,8.33,False
0x1a86d47ac4ad9e934ac5cd333b32e2e0ba8e09b2,tron,USDT,410851.927162,415000.0,USDT,410851.927162,315,2,8,7,5,0.853515625,0.07421875,1.010096272072163,False,0.6905348397730939,0.12145768574515914,False,False,,31.0,,0,[],[],0,False,False,,,70.0,False,,,0.0,,False,31.0,0,,False,[],,False,157.5,39.38,False
0x87afea76676e92b3c663db2f6dfa148070d49e3c,tron,USDT,155300.60444300002,270000.0,USDT,155300.60444300002,221,2,2,8,18,0.009009009009009009,0.1981981981981982,1.7385637420303672,False,0.7418926822260861,0.12873040968507032,False,False,,31.0,,0,[],[],0,False,False,,,37.8,False,,,0.0,,False,31.0,2,141157.0,True,[],,False,110.5,110.5,False
0x0cfd2431eac2aacb0d521e0144ae869e0e5c9718,tron,USDT,66390.670212,63363.94027200001,USDT,66390.670212,155,4,6,2,3,0.0,0.01282051282051282,0.9544103120162069,False,0.7729991604091812,0.13288222604117772,False,False,,31.0,,0,[],[],0,False,False,,,62.6,False,,,0.0,,False,31.0,0,,False,[],,False,38.75,25.83,False
0x548a0d939012004edcefcd3bb5416244bb513186,tron,USDT,20132.5,16718.0,USDT,20132.5,102,7,8,8,20,0.14516129032258066,0.20967741935483872,0.8303986092139576,False,0.5697284278249722,0.10399218467257831,False,False,,31.0,,0,[],[],0,False,False,,,56.5,False,,,0.0,,False,31.0,0,,False,[],,False,14.57,12.75,False
0xde89baeba796edf8b60d8489e936ab2a1849c60a,tron,USDT,15796.863667000001,16698.5,USDT,15796.863667000001,59,7,19,8,22,0.1728395061728395,0.04938271604938271,1.0570769205841497,False,0.396094161916263,0.07928420422764665,False,False,,31.0,,0,[],[],0,False,False,,,39.0,False,,,0.0,,False,31.0,2,141342.0,True,[],,False,8.43,3.11,False
0x65eca0db5dbfb8243aa9e741635744ef3ee4f301,tron,USDT,34555.500744,23773.0,USDT,34555.500744,54,10,22,8,20,0.27450980392156865,0.21568627450980393,0.687965721467017,False,0.38799619902399307,0.07837520705540585,False,False,,31.0,,0,[],[],0,False,False,,,30.8,False,,,0.0,,False,31.0,0,,False,[],,False,5.4,2.45,False
0x0aa2bf4626245ab54d1b1daa6f6a68fabf5e3141,tron,USDT,15311.792570000001,16414.0,USDT,15311.792570000001,70,4,9,8,23,0.29411764705882354,0.15966386554621848,1.0719842190234163,False,0.5397185571287066,0.10029530630945455,False,False,,30.9,,0,[],[],0,False,False,,,45.0,False,,,0.0,,False,30.9,0,,False,[],,False,17.5,7.78,False
0x635251854738894441d7a9f6d13fece9669bb1f1,tron,USDT,371871.590158,381333.0,USDT,371871.590158,64,8,21,8,24,0.19863013698630136,0.4315068493150685,1.0254426799261005,False,0.5450811712697651,0.10102482085688813,False,False,,30.9,,0,[],[],0,False,False,,,11.4,False,,,0.0,,False,30.9,0,,False,[],,False,8.0,3.05,False
0x158d161f2fc20e06d479f8d9e299f7069a98c9c3,tron,USDT,169868.08446400007,135333.0,USDT,169868.08446400007,172,1,1,4,18,0.017937219730941704,0.11659192825112108,0.7966946847433306,False,0.7453593018192644,0.13009335802990446,False,False,,30.8,,0,[],[],0,False,False,,,69.6,False,,,0.0,,False,30.8,0,,False,[],,False,172.0,172.0,True
0x58324553b7a48edcfa81a4f07ca314566bb3131c,tron,USDT,79784.597,80334.693821,USDT,79784.597,72,4,18,4,13,0.1050328227571116,0.0,1.006894774701939,False,0.6206405613939355,0.11228720105316481,False,False,,30.8,,0,[],[],0,False,False,,,44.4,False,,,0.0,,False,30.8,0,,False,[],,False,18.0,4.0,False
0x6e81cb01b8d10eea851274630f5e85610a5c3c9a,tron,USDT,11863.816182,5586.534206,USDT,11863.816182,92,6,18,8,22,0.4891304347826087,0.0,0.4708884662656854,True,0.3131636924046008,0.06849886945044964,False,False,,30.8,,0,[],[],0,False,False,,,47.8,False,,,0.0,,False,30.8,0,,False,[],,False,15.33,5.11,False
0x185aac572b9139cdf33cc30ccd210b2bfbca22b2,tron,USDT,192885.25000000003,197230.0,USDT,192885.25000000003,111,1,10,8,24,0.1945945945945946,0.4972972972972973,1.0225250505157857,False,0.6810486598162319,0.12185848077336303,False,False,,30.7,,0,[],[],0,False,False,,,70.0,False,,,0.0,,False,30.7,0,,False,[],,False,111.0,11.1,True
0xc6d1d778d13b02ba50c0df174e7cc00b65c079f3,tron,USDT,124688.49436600007,125286.485581,USDT,124688.49436600007,205,5,16,8,22,0.08071748878923767,0.004484304932735426,1.00479588127229,False,0.6394735772457542,0.11571976801022466,False,False,,30.7,,0,[],[],0,False,False,,,37.3,False,,,0.0,,False,30.7,0,,False,[],,False,41.0,12.81,False
0x688a3229a4a7700ae336839505065fa8716ddc53,tron,USDT,50923.314383000004,52102.981684,USDT,50923.314383000004,114,5,11,8,23,0.07971014492753623,0.10869565217391304,1.0231655640504382,False,0.6325327760316604,0.11494520088192756,False,False,,30.7,,0,[],[],0,False,False,,,37.7,False,,,0.0,,False,30.7,0,,False,[],,False,22.8,10.36,False
0x09e350d9837d0f420d4ff0e86fdba7257d099c62,tron,USDT,400000.0,400000.0,USDT,400000.0,158,1,1,1,1,0.0,0.02531645569620253,1.0,False,0.7438693254136614,0.13123572267387285,False,False,,30.6,,0,[],[],0,False,False,,,58.6,False,,,0.0,,False,30.6,2,785.0,True,[],,False,158.0,158.0,True
0x4a15e14f3de98c9a593e555bd446000082591c33,tron,USDT,289099.02141099994,310000.0,USDT,289099.02141099994,290,1,11,8,24,0.1889763779527559,0.22572178477690288,1.0722969537807117,False,0.6908227475552705,0.12423810975391453,False,False,,30.5,,0,[],[],0,False,False,,,62.4,False,,,0.0,,False,30.5,0,,False,[],,False,290.0,26.36,True
0xbfb3079593d792bfab2655393697bd0d335f8280,tron,USDT,822928.9200000002,842861.37,USDT,822928.9200000002,153,5,7,8,24,0.16158536585365854,0.21646341463414634,1.0242213507334264,False,0.7172813132220038,0.12804200249827302,False,False,,30.5,,0,[],[],0,False,False,,,56.8,False,,,0.0,,False,30.5,0,,False,[],,False,30.6,21.86,False
0x726d8aed10fae0a527c97e4b6cffca7b6d531e1b,tron,USDT,15765.81,2500.0,USDT,15765.81,51,2,2,8,15,0.0392156862745098,0.49019607843137253,0.1585709836665544,True,0.41682238510836395,0.08523686220689292,False,False,,30.5,,0,[],[],0,False,False,,,27.9,False,,,0.0,,False,30.5,0,,False,[],,False,25.5,25.5,False
0xfb02cf83f4af8601a2a03d43bc1681a68afe0026,tron,USDT,31104.82999999999,60060.0,USDT,31104.82999999999,67,1,1,8,24,0.1320754716981132,0.006289308176100629,1.9308898328651858,False,0.2307291187048585,0.05929706758980646,False,False,,30.4,,0,[],[],0,False,False,,,66.1,False,,,0.0,,False,30.4,0,,False,[],,False,67.0,67.0,True
0xf65db4982e80ce3270256374234df49fe7390a06,tron,USDT,352911.07125200017,316990.05781100004,USDT,352911.07125200017,104,3,16,8,20,0.03409090909090909,0.24772727272727274,0.8982151131910783,False,0.6503897345601504,0.11898665378461909,False,False,,30.4,,0,[],[],0,False,False,,,35.2,False,,,0.0,,False,30.4,0,,False,[],,False,34.67,6.5,False
0x7cf94cd111b8b7599cece38af55e7750ac0cb207,tron,USDT,144782.932503,160395.0,USDT,144782.932503,69,3,12,8,14,0.07920792079207921,0.44554455445544555,1.1078308556616403,False,0.7515776557662719,0.13313011795424212,False,False,,30.4,,0,[],[],0,False,False,,,14.3,False,,,0.0,,False,30.4,0,,False,[],,False,23.0,5.75,False
0x471be11d88690a313b37713a7e8eceea64478804,tron,USDT,184856.43,184242.69,USDT,184856.43,50,9,15,8,17,0.35714285714285715,0.474025974025974,0.9966799099171179,False,0.4757466735404877,0.09401569122596587,False,False,,30.4,,0,[],[],0,False,False,,,0.5,False,,,0.0,,False,30.4,0,,False,[],,False,5.56,3.33,False
0x6857657538de20b92bc78f8892b99c31c195dedc,tron,USDT,825326.780597,909000.0,USDT,825326.780597,195,2,13,8,24,0.25223214285714285,0.34375,1.101381926977427,False,0.7481368517704035,0.13327894028754184,False,False,,30.3,,0,[],[],0,False,False,,,36.8,False,,,0.0,,False,30.3,0,,False,[],,False,97.5,15.0,False
0x1d0845a48cc61dc8e0a8b780d27092e8f23e6d8f,tron,USDT,753419.5094369998,630000.0,USDT,753419.5094369998,187,2,4,8,23,0.18206521739130435,0.5461956521739131,0.8361875317919146,False,0.7632918126799783,0.1354320025441622,False,False,,30.3,,0,[],[],0,False,False,,,36.5,False,,,0.0,,False,30.3,0,,False,[],,False,93.5,46.75,False
0x025c4cb7d3106c6e080781b2b74c09e49df174b4,tron,USDT,685918.8695,684586.0,USDT,685918.8695,125,4,17,8,9,0.04120879120879121,0.008241758241758242,0.9980568117320178,False,0.7566117866145411,0.13448832911166325,False,False,,30.3,,0,[],[],0,False,False,,,41.9,False,,,0.0,,False,30.3,0,,False,[],,False,31.25,7.35,False
0x894d6c4d477ba8911be7fbac82ab718a8153c0d7,tron,USDT,1096852.8679999998,1157075.0,USDT,1096852.8679999998,85,6,17,8,23,0.24,0.5428571428571428,1.0549044760304171,False,0.6637751506148755,0.12146541184895387,False,False,,30.3,,0,[],[],0,False,False,,,19.9,False,,,0.0,,False,30.3,0,,False,[],,False,14.17,5.0,False
0x2985595a0e40000f87a548801012256565443a23,tron,USDT,23862.920000000006,23554.789999999997,USDT,23862.920000000006,67,7,20,8,17,0.2601626016260163,0.17073170731707318,0.9870874980932758,False,0.49743871302552833,0.09781975928405878,False,False,,30.3,,0,[],[],0,False,False,,,40.7,False,,,0.0,,False,30.3,0,,False,[],,False,9.57,3.35,False
0x50ae4b0956f83e27047166c4a61c917ba6dc18bc,tron,USDT,60242.630000000005,45287.42,USDT,60242.630000000005,50,6,9,8,14,0.203125,0.375,0.7517503800879874,False,0.6099597493311317,0.11402242981669114,False,False,,30.3,,0,[],[],0,False,False,,,0.5,False,,,0.0,,False,30.3,0,,False,[],,False,8.33,5.56,False
0x10d470bf5250728419ed7bd868b26e017592b5b9,tron,USDT,40486.5,46113.5,USDT,40486.5,52,10,16,8,22,0.15,0.25,1.1389845998048733,False,0.41791797185065027,0.08664401993074955,False,False,,30.3,,0,[],[],0,False,False,,,20.0,False,,,0.0,,False,30.3,0,,False,[],,False,5.2,3.25,False
0xbc24a3577df6f4c3f60296235f5a9ad6515305c9,tron,USDT,673859.6624080003,415610.895746,USDT,673859.6624080003,146,2,3,8,15,0.2882882882882883,0.08558558558558559,0.6167617961592142,False,0.582665044849153,0.11044161761581661,False,False,,30.2,,0,[],[],0,False,False,,,53.6,False,,,0.0,,False,30.2,0,,False,[],,False,73.0,48.67,False
0x508df4180d700e12d551cb810ac45cc7267f5e87,tron,USDT,19292.3,9700.0532,USDT,19292.3,122,3,3,8,23,0.2549019607843137,0.09803921568627451,0.502794026632387,False,0.5453827340494304,0.10506965496046677,False,False,,30.2,,0,[],[],0,False,False,,,61.5,False,,,0.0,,False,30.2,0,,False,[],,False,40.67,40.67,False
0x2ec9b11d62ad95c251f4eae074d8c0530481cfce,tron,USDT,113527.52,113527.52,USDT,113527.52,70,3,6,3,14,0.014285714285714285,0.5571428571428572,1.0,False,0.7884599066610097,0.13979209812448234,False,False,,30.2,,0,[],[],0,False,False,,,14.7,False,,,0.0,,False,30.2,2,137.0,True,[],,False,23.33,11.67,False
0x84ad07b25708e4af43d6163bd9f94c699b3ee903,tron,USDT,14294.9,13269.0,USDT,14294.9,75,7,12,8,19,0.13541666666666666,0.10416666666666667,0.9282331460870661,False,0.47644001063446884,0.09523618747640727,False,False,,30.2,,0,[],[],0,False,False,,,47.7,False,,,0.0,,False,30.2,0,,False,[],,False,10.71,6.25,False
0xd2ce437671413be8ddb99036e7135a15d4931b28,tron,USDT,686164.439279,599674.0,USDT,686164.439279,50,6,9,8,16,0.0410958904109589,0.0547945205479452,0.8739508573631687,False,0.5278236886554933,0.10265945294269568,False,False,,30.2,,0,[],[],0,False,False,,,0.5,False,,,0.0,,False,30.2,0,,False,[],,False,8.33,5.56,False
0xe86cb78b50f5b366b3409868a29e39ddd0d0753f,tron,USDT,180135.47,239910.0,USDT,180135.47,298,1,11,8,24,0.20724346076458752,0.4869215291750503,1.3318309825377534,False,0.6919282455798486,0.12659915871323052,False,False,,30.1,,0,[],[],0,False,False,,,89.0,False,,,0.0,,False,30.1,0,,False,[],,False,298.0,27.09,True
0xd87e7579a7ccb14aae8cc4722252749774f89ee3,tron,USDT,1310776.635166,1357297.635166,USDT,1310776.635166,96,2,15,7,24,0.22165820642978004,0.25042301184433163,1.035491172753555,False,0.6410774124581987,0.11921264846761431,False,False,,30.1,,0,[],[],0,False,False,,,23.2,False,,,0.0,,False,30.1,0,,False,[],,False,48.0,6.4,False
0x4f8519f79624c4ec7922fe24ff27814fd3ee6795,tron,USDT,1254808.252027,1331375.292027,USDT,1254808.252027,82,2,19,6,17,0.0,0.2222222222222222,1.0610189165367017,False,0.748021078805515,0.1345030270012641,False,False,,30.1,,0,[],[],0,False,False,,,19.1,False,,,0.0,,False,30.1,0,,False,[],,False,41.0,4.32,False
0x3ec801df7557351a650d8bdc884a52874f330ccf,tron,USDT,101457.02587899996,100402.04,USDT,101457.02587899996,116,5,14,3,12,0.2330316742081448,0.0,0.9896016478912149,False,0.7267281361119723,0.13139256297395002,False,False,,30.1,,0,[],[],0,False,False,,,59.0,False,,,0.0,,False,30.1,0,,False,[],,False,23.2,8.29,False
0x7f9268b378425e81064735d6aa2471bdc1860cf0,tron,USDT,362408.03518899996,335901.0,USDT,362408.03518899996,52,5,20,8,15,0.2112676056338028,0.4647887323943662,0.9268585886204862,False,0.6742771059294431,0.12429020446465122,False,False,,30.1,,0,[],[],0,False,False,,,2.3,False,,,0.0,,False,30.1,0,,False,[],,False,10.4,2.6,False
0xec92939b0dc3406f67d6632a51940a65c00385d2,tron,USDT,599388.0863780001,548540.5,USDT,599388.0863780001,73,8,19,7,13,0.0,0.14655172413793102,0.9151675057719892,False,0.6417097845655136,0.11956170880275174,False,False,,30.1,,0,[],[],0,False,False,,,16.1,False,,,0.0,,False,30.1,0,,False,[],,False,9.12,3.84,False
0xee4acec6ee3ff806c6bc8f6e04f795afd4293459,tron,USDT,18733.093055999998,10334.0,USDT,18733.093055999998,54,8,10,8,23,0.2,0.15714285714285714,0.5516440861692158,False,0.3377789657276913,0.07620339429968331,False,False,,30.1,,0,[],[],0,False,False,,,30.8,False,,,0.0,,False,30.1,0,,False,[],,False,6.75,5.4,False
0xa35a26a4d26472aa4ec13c9df0dd5a4fafb19df2,tron,USDT,530313.655771,839723.19,USDT,530313.655771,58,12,20,7,20,0.21649484536082475,0.38144329896907214,1.5834462885538236,False,0.39474476859385976,0.08449087623554863,False,False,,30.1,,0,[],[],0,False,False,,,7.4,False,,,0.0,,False,30.1,0,,False,[],,False,4.83,2.9,False
0x52188d3d165cdfb73134f6b59163b70a5b137f9f,tron,USDT,26033.102901999995,26202.480902,USDT,26033.102901999995,139,2,3,2,3,0.0,0.0,1.0065062547725339,False,0.7514352785321288,0.13594777624840143,False,False,,30.0,,0,[],[],0,False,False,,,53.9,False,,,0.0,,False,30.0,2,141240.0,True,[],,False,69.5,46.33,False
0x7f0b09a915f8a2c8ef7b318127f6c1da33834ea9,tron,USDT,599792.3,594000.0,USDT,599792.3,72,4,18,8,11,0.01092896174863388,0.8797814207650273,0.9903428236741284,False,0.8063417934153518,0.143406955309746,False,False,,30.0,,0,[],[],0,False,False,,,15.6,False,,,0.0,,False,30.0,0,,False,[],,False,18.0,4.0,False
0xdccfa67f1bae1fde45f97ef036334ed5b9f7fdb0,tron,USDT,645055.9299999999,670001.8899999999,USDT,645055.9299999999,69,5,18,8,18,0.13513513513513514,0.3310810810810811,1.0386725535567125,False,0.7436867875491582,0.1343588898987247,False,False,,30.0,,0,[],[],0,False,False,,,14.3,False,,,0.0,,False,30.0,0,,False,[],,False,13.8,3.83,False
0x0ef41cdcbcd79924d16d528363be84e45ecabf12,tron,USDT,1055475.6488880003,1122515.8800000001,USDT,1055475.6488880003,51,5,19,8,18,0.3475177304964539,0.7659574468085106,1.0635166061695789,False,0.5375936664623083,0.10534641992003996,False,False,,30.0,,0,[],[],0,False,False,,,1.4,False,,,0.0,,False,30.0,0,,False,[],,False,10.2,2.68,False
0x6ab48009663b67cd2f960db68b8a95ec5389bccc,tron,USDT,1405669.39961,780000.0,USDT,1405669.39961,115,1,2,8,24,0.18206521739130435,0.592391304347826,0.5548957672525342,False,0.6136732561233961,0.11652076071435163,False,False,,29.9,,0,[],[],0,False,False,,,53.5,False,,,0.0,,False,29.9,0,,False,[],,False,115.0,57.5,True
0x4cb59bc852407105014df72412e04ee32609dd65,tron,USDT,22997.912900000003,30070.0,USDT,22997.912900000003,75,1,1,8,22,0.07964601769911504,0.04424778761061947,1.3075099523487628,False,0.40714459417174087,0.0871191867692952,False,False,,29.9,,0,[],[],0,False,False,,,65.3,False,,,0.0,,False,29.9,0,,False,[],,False,75.0,75.0,True
0x7517977fd1e5e0a4480a86fa32f84633747ac464,tron,USDT,59977.409823999995,65267.0,USDT,59977.409823999995,145,4,9,8,18,0.29285714285714287,0.15,1.0881930412053802,False,0.6741730167058905,0.12534110872585397,False,False,,29.9,,0,[],[],0,False,False,,,63.1,False,,,0.0,,False,29.9,0,,False,[],,False,36.25,16.11,False
0xf8537165a86a252a8b48d91b826cef470e156bd4,tron,USDT,505090.2833550001,471720.0,USDT,505090.2833550001,162,5,9,8,23,0.26440677966101694,0.5966101694915255,0.9339320425383318,False,0.7789162345577301,0.1402861544320036,False,False,,29.9,,0,[],[],0,False,False,,,53.0,False,,,0.0,,False,29.9,0,,False,[],,False,32.4,18.0,False
0xb3a93c58cd7cf1a223da248b9f67685430eda45e,tron,USDT,103297.96744,101800.0,USDT,103297.96744,61,2,6,8,22,0.23770491803278687,0.03278688524590164,0.9854985777830519,False,0.4588307295574589,0.09445695783544239,False,False,,29.9,,0,[],[],0,False,False,,,37.9,False,,,0.0,,False,29.9,0,,False,[],,False,30.5,10.17,False
0xeedc5e27fb2113a409879ade994ff6ce2d476ef0,tron,USDT,59199.236591999994,58528.0,USDT,59199.236591999994,95,8,8,6,22,0.025,0.10357142857142858,0.9886613978381825,False,0.5320555718883833,0.10523527296556018,False,False,,29.9,,0,[],[],0,False,False,,,46.7,False,,,0.0,,False,29.9,0,,False,[],,False,11.88,11.88,False
0xe5894c7d7a377ae91509ad131754fea613e64813,tron,USDT,129674.5,128979.0,USDT,129674.5,53,6,17,8,13,0.11827956989247312,0.3978494623655914,0.9946365707984222,False,0.6838233684660061,0.1268393976461324,False,False,,29.9,,0,[],[],0,False,False,,,3.4,False,,,0.0,,False,29.9,0,,False,[],,False,8.83,3.12,False
0x4328935765db3c3523055ee8d32c9e5f55ca98b5,tron,USDT,834394.7771560001,1400000.0,USDT,834394.7771560001,113,1,1,8,24,0.17886178861788618,0.28184281842818426,1.6778628514093075,False,0.5138970945463099,0.10309533010240007,False,False,,29.8,,0,[],[],0,False,False,,,52.9,False,,,0.0,,False,29.8,0,,False,[],,False,113.0,113.0,True
0xf93f939e9063bdab350281d410e3965d7fc6d413,tron,USDT,94959.35409999995,89813.61,USDT,94959.35409999995,92,3,25,8,24,0.294478527607362,0.3803680981595092,0.9458110878199417,False,0.6570663329649218,0.12362314556746845,False,False,,29.8,,0,[],[],0,False,False,,,44.1,False,,,0.0,,False,29.8,0,,False,[],,False,30.67,3.68,False
0x30ae1214a16e7218fea5d3038c691eb5739e8845,tron,USDT,79094.26,78546.28,USDT,79094.26,76,4,9,8,15,0.02631578947368421,0.5131578947368421,0.9930718107736264,False,0.8014993854894729,0.14395078952239704,False,False,,29.8,,0,[],[],0,False,False,,,17.3,False,,,0.0,,False,29.8,0,,False,[],,False,19.0,8.44,False
0x664f5b775227f7acb74c623759906ffc3d0e2b82,tron,USDT,96655.85271400002,102631.17000000001,USDT,96655.85271400002,94,9,17,8,22,0.08875739644970414,0.3668639053254438,1.061820542866459,False,0.6062824760682016,0.11598652705611678,False,False,,29.8,,0,[],[],0,False,False,,,39.3,False,,,0.0,,False,29.8,0,,False,[],,False,10.44,5.53,False
0x2161d4c8a9b59ef9903879788ff21a4f7ed7b976,tron,USDT,53956.016546,51709.0,USDT,53956.016546,75,10,13,8,21,0.18556701030927836,0.15463917525773196,0.9583546620035541,False,0.5093204869191665,0.102236113188783,False,False,,29.8,,0,[],[],0,False,False,,,16.9,False,,,0.0,,False,29.8,0,,False,[],,False,7.5,5.77,False
0x8c5db9ef6a94ad2a8870b6c93d692779bb50e510,tron,USDT,157268.156968,142297.0,USDT,157268.156968,57,8,14,8,16,0.021897810218978103,0.39416058394160586,0.9048049061130268,False,0.6397221182612137,0.12089722417672771,False,False,,29.8,,0,[],[],0,False,False,,,6.7,False,,,0.0,,False,29.8,0,,False,[],,False,7.12,4.07,False
0x74938b00d915b48d0061a94bebbacd7828251f22,tron,USDT,92332.65939999999,92282.6594,USDT,92332.65939999999,57,8,17,4,12,0.0,0.184,0.9994584798020019,False,0.6082922050821653,0.11625966130592558,False,False,,29.8,,0,[],[],0,False,False,,,6.7,False,,,0.0,,False,29.8,0,,False,[],,False,7.12,3.35,False
0xa8a3d9ef39f8407ed3f70629439683eae8265786,tron,USDT,32275.58726599999,39754.0,USDT,32275.58726599999,201,1,1,8,22,0.08695652173913043,0.004830917874396135,1.231704931419729,False,0.5429886700588629,0.10742863052359442,False,False,,29.7,,0,[],[],0,False,False,,,86.3,False,,,0.0,,False,29.7,0,,False,[],,False,201.0,201.0,True
0xac5096d7e517d168b2773d07a83f0ba7cbfea0e8,tron,USDT,15444.016105000002,15444.016105,USDT,15444.016105000002,65,2,2,1,1,0.0,0.09230769230769231,0.9999999999999999,False,0.6497454391175222,0.12276305958579153,False,False,,29.7,,0,[],[],0,False,False,,,41.1,False,,,0.0,,False,29.7,0,,False,[],,False,32.5,32.5,False
0x51d20b45586854b714ad7ad6ba90132bfe346a10,tron,USDT,724025.81,718619.0,USDT,724025.81,68,3,7,8,14,0.16842105263157894,0.47368421052631576,0.9925322966041776,False,0.7719472739156595,0.14054154934495333,False,False,,29.7,,0,[],[],0,False,False,,,13.8,False,,,0.0,,False,29.7,0,,False,[],,False,22.67,9.71,False
0x2f57f27993182e40799b8a98bf2aad00a886e82e,tron,USDT,109343.073975,87096.63,USDT,109343.073975,115,6,12,2,12,0.1952662721893491,0.0,0.7965445531549041,False,0.6857620290017912,0.12775315137817,False,False,,29.7,,0,[],[],0,False,False,,,57.4,False,,,0.0,,False,29.7,0,,False,[],,False,19.17,9.58,False
0x258da7a003ca07446d0141ab440cc8572077a491,tron,USDT,399675.41,457611.0,USDT,399675.41,58,5,12,8,18,0.3904761904761905,0.5047619047619047,1.144956603659955,False,0.5512802108759852,0.10899355535765037,False,False,,29.7,,0,[],[],0,False,False,,,10.1,False,,,0.0,,False,29.7,0,,False,[],,False,11.6,4.83,False
0xa03f3eb1e7948bae55c04a27c9d6988a83845b3a,tron,USDT,734347.7181659999,818462.1799999999,USDT,734347.7181659999,83,10,12,8,22,0.1839080459770115,0.034482758620689655,1.1145430968915817,False,0.4603115757850269,0.09604515429580635,False,False,,29.7,,0,[],[],0,False,False,,,19.3,False,,,0.0,,False,29.7,0,,False,[],,False,8.3,6.92,False
0x159e0c3357c2209cdedcbdb5b387df532a7a105b,tron,USDT,411660.41000000003,700000.0,USDT,411660.41000000003,125,2,3,7,13,0.010238907849829351,0.4641638225255973,1.7004307020925329,False,0.76515357107916,0.13982593996063258,False,False,,29.6,,0,[],[],0,False,False,,,32.0,False,,,0.0,,False,29.6,0,,False,[],,False,62.5,41.67,False
0x3a5d911244578692e0bbc7995b573a42333b4722,tron,USDT,1301486.5,1290615.04,USDT,1301486.5,108,2,8,8,24,0.1742857142857143,0.9914285714285714,0.9916468899216396,False,0.7507264929609933,0.13758386664108535,False,False,,29.6,,0,[],[],0,False,False,,,28.0,False,,,0.0,,False,29.6,0,,False,[],,False,54.0,13.5,False
0x85ce57611e3067fb48bd184cb1a40aab55716e4e,tron,USDT,717214.4891850001,779687.29849,USDT,717214.4891850001,81,3,4,8,11,0.2288135593220339,0.17796610169491525,1.0871047786220691,False,0.7258756077036728,0.13427240651896982,False,False,,29.6,,0,[],[],0,False,False,,,18.8,False,,,0.0,,False,29.6,0,,False,[],,False,27.0,20.25,False
0x3b7f9d44d078128fe498e92255935882d214d494,tron,USDT,21767.010000000002,17943.57,USDT,21767.010000000002,61,6,24,8,23,0.3026315789473684,0.0,0.8243470279105857,False,0.393168090350891,0.08684854283460608,False,False,,29.6,,0,[],[],0,False,False,,,36.1,False,,,0.0,,False,29.6,0,,False,[],,False,10.17,2.54,False
0x9013d5fa50bea399df91ea0e0683af7afc05541c,tron,USDT,927004.971,846657.0,USDT,927004.971,62,7,13,8,17,0.49079754601226994,0.8957055214723927,0.9133251994179435,False,0.5522025876137542,0.10946958738449736,False,False,,29.6,,0,[],[],0,False,False,,,10.2,False,,,0.0,,False,29.6,0,,False,[],,False,8.86,4.77,False
0x7575e68dcdf42737e0d7a08430522944d2ac0706,tron,USDT,21925.721091999996,31168.120000000003,USDT,21925.721091999996,65,8,9,8,23,0.24050632911392406,0.02531645569620253,1.4215322665657855,False,0.3409162874590109,0.07945502122551878,False,False,,29.6,,0,[],[],0,False,False,,,34.8,False,,,0.0,,False,29.6,0,,False,[],,False,8.12,7.22,False
0x697e44f69342df04253eb6c1b66deb13cf8d9004,tron,USDT,594492.8199289999,640012.0,USDT,594492.8199289999,198,3,13,7,22,0.03460207612456748,0.12110726643598616,1.0765680905556378,False,0.6805285541417362,0.1281717971013347,False,False,,29.5,,0,[],[],0,False,False,,,66.4,False,,,0.0,,False,29.5,0,,False,[],,False,66.0,15.23,False
0xbb43e789a46881eddaca064da710372b26c940bc,tron,USDT,347797.0,324379.0,USDT,347797.0,74,6,16,8,14,0.16666666666666666,0.5625,0.9326676193296665,False,0.7882942366364043,0.14394407647041335,False,False,,29.5,,0,[],[],0,False,False,,,16.4,False,,,0.0,,False,29.5,0,,False,[],,False,12.33,4.62,False
0x401fd2a19c12ab3caf99863c54b68ff1893ecf22,tron,USDT,54033.77937400002,19866.32,USDT,54033.77937400002,107,9,14,8,24,0.15789473684210525,0.006791171477079796,0.3676648243035777,True,0.2958918957050091,0.0733293270694172,False,False,,29.5,,0,[],[],0,False,False,,,58.5,False,,,0.0,,False,29.5,0,,False,[],,False,11.89,7.64,False
0x32da1c671dc8f86b2452f285008517bcc2ad5b27,tron,USDT,301596.13740699994,450000.0,USDT,301596.13740699994,263,2,3,8,24,0.2422680412371134,0.13659793814432988,1.4920615491594675,False,0.6178583732398079,0.12028046820914712,False,False,,29.4,,0,[],[],0,False,False,,,56.2,False,,,0.0,,False,29.4,0,,False,[],,False,131.5,87.67,False
0xd83e3be9f29abfbd0974eef1aae2a84fe6967d23,tron,USDT,607114.610535,730000.0,USDT,607114.610535,117,1,2,8,24,0.27735849056603773,0.0009433962264150943,1.202408881836514,False,0.4990600140442373,0.10297317084460078,False,False,,29.4,,0,[],[],0,False,False,,,70.1,False,,,0.0,,False,29.4,0,,False,[],,False,117.0,58.5,True
0x960220959855908bdb94916431dabab230b6c122,tron,USDT,66120.77270500001,100883.9583,USDT,66120.77270500001,138,2,2,8,18,0.02158273381294964,0.5251798561151079,1.5257528636287583,False,0.81631739502987,0.14841576145349267,False,False,,29.4,,0,[],[],0,False,False,,,33.4,False,,,0.0,,False,29.4,0,,False,[],,False,69.0,69.0,False
0x2d769eb1da05b8c5ed35faaf5e1909d1065e3759,tron,USDT,38593.73999999999,39303.8,USDT,38593.73999999999,80,5,11,8,16,0.17777777777777778,0.12444444444444444,1.0183983205566502,False,0.7090695934194294,0.13304435228020628,False,False,,29.4,,0,[],[],0,False,False,,,47.9,False,,,0.0,,False,29.4,0,,False,[],,False,16.0,7.27,False
0x1d9da82cb1ae2867644b77215291b6265a9a2134,tron,USDT,105425.450825,123000.0,USDT,105425.450825,59,4,6,7,1,0.0,0.288135593220339,1.1667012001131747,False,0.6639444438976027,0.1266658237114947,False,False,,29.4,,0,[],[],0,False,False,,,8.2,False,,,0.0,,False,29.4,0,,False,[],,False,14.75,9.83,False
0x6c85460b28633f1310c0dc7b4b660ae274c38805,tron,USDT,175592.032351,234597.821286,USDT,175592.032351,66,9,15,8,15,0.23711340206185566,0.3917525773195876,1.3360391023725398,False,0.6332800878835744,0.121986844082287,False,False,,29.4,,0,[],[],0,False,False,,,12.5,False,,,0.0,,False,29.4,0,,False,[],,False,7.33,4.4,False
0x63867258afc3e1bc5ffcbadbd772ca80ea8f4561,tron,USDT,194657.19547200005,170000.0,USDT,194657.19547200005,271,2,5,8,20,0.031545741324921134,0.138801261829653,0.8733301617121737,False,0.692845922032719,0.13135945930070853,False,False,,29.3,,0,[],[],0,False,False,,,38.6,False,,,0.0,,False,29.3,0,,False,[],,False,135.5,54.2,False
0x7d9976f17d27a2dc4540bc5294358aa3d8dd446d,tron,USDT,111970.75613499999,111965.69635700001,USDT,111970.75613499999,162,4,8,3,8,0.005747126436781609,0.0,0.999954811611758,False,0.7657100968153513,0.14177875214642915,False,False,,29.3,,0,[],[],0,False,False,,,35.3,False,,,0.0,,False,29.3,0,,False,[],,False,40.5,20.25,False
0x150c62d52621e768cab0d5b1ebcac9111c3f66ce,tron,USDT,153182.764726,139063.0,USDT,153182.764726,98,3,6,8,24,0.23483670295489892,0.40279937791601866,0.9078240639457305,False,0.6666305743504529,0.12773377528434354,False,False,,29.3,,0,[],[],0,False,False,,,50.3,False,,,0.0,,False,29.3,0,,False,[],,False,32.67,16.33,False
0xa6062175c6dcc439f3edcc5216b38c8ce2dde690,tron,USDT,10767.476549999998,11976.70486,USDT,10767.476549999998,59,2,13,7,18,0.03389830508474576,0.0,1.112303779291723,False,0.5455918533907008,0.11017608573492105,False,False,,29.3,,0,[],[],0,False,False,,,39.0,False,,,0.0,,False,29.3,0,,False,[],,False,29.5,4.54,False
0xc69edda2af9d3408e2e8bfc0237ac023b99535b6,tron,USDT,280432.648579,298137.81,USDT,280432.648579,138,6,9,7,19,0.30434782608695654,0.5144927536231884,1.0631351645777163,False,0.7580772521926451,0.14050321392847542,False,False,,29.3,,0,[],[],0,False,False,,,33.4,False,,,0.0,,False,29.3,0,,False,[],,False,23.0,15.33,False
0xfdeddff8450b5442e700688717085c91c3dfb665,tron,USDT,21269.0,20888.0,USDT,21269.0,84,4,6,8,23,0.23076923076923078,0.6263736263736264,0.9820866049179557,False,0.6760524503853731,0.12908248583912119,False,False,,29.3,,0,[],[],0,False,False,,,46.2,False,,,0.0,,False,29.3,0,,False,[],,False,21.0,14.0,False
0x57135a6df1f154485e17036e50c165847b58ed64,tron,USDT,1280044.8927820001,1310000.0,USDT,1280044.8927820001,59,3,10,8,24,0.20551378446115287,0.41854636591478694,1.0234016067615384,False,0.5700120842480317,0.11355708901636047,False,False,,29.3,,0,[],[],0,False,False,,,8.2,False,,,0.0,,False,29.3,0,,False,[],,False,19.67,5.9,False
0x9ff46117eb7d38e237b0dd1e183460ff47ca3634,tron,USDT,99717.01846300001,113871.48999999999,USDT,99717.01846300001,248,1,5,7,24,0.13924050632911392,0.06329113924050633,1.1419463974672688,False,0.6033884040025157,0.11892158539488207,False,False,,29.2,,0,[],[],0,False,False,,,88.5,False,,,0.0,,False,29.2,0,,False,[],,False,248.0,49.6,True
0x9beb3b28db283cad27258adddea22ba51215bfd5,tron,USDT,999868.8110000001,999868.811,USDT,999868.8110000001,83,1,1,2,22,0.23076923076923078,0.8076923076923077,0.9999999999999999,False,0.6324777259227832,0.1232600920973757,False,False,,29.2,,0,[],[],0,False,False,,,42.9,False,,,0.0,,False,29.2,0,,False,[],,False,83.0,83.0,True
0x84895b8a9845563fd1481c6230826e31061b8708,tron,USDT,24014.683076,149.0,USDT,24014.683076,79,1,1,8,17,0.45977011494252873,0.0,0.006204537429390808,True,0.14190700846169485,0.05353484231379646,False,False,,29.2,,0,[],[],0,False,False,,,64.9,False,,,0.0,,False,29.2,0,,False,[],,False,79.0,79.0,True
0xe8e0fe388901f7b1a936fe33307a7891e5bc92a8,tron,USDT,665043.972478,660000.0,USDT,665043.972478,153,2,8,7,4,0.0,0.1861198738170347,0.992415580492812,False,0.861699068580531,0.15617710194433915,False,False,,29.2,,0,[],[],0,False,False,,,34.7,False,,,0.0,,False,29.2,0,,False,[],,False,76.5,19.12,False
0xb75bb8e1a62ef93196ad3296d63f1e3e4be32649,tron,USDT,1105840.8520000002,1457038.609,USDT,1105840.8520000002,126,2,3,2,11,0.08247422680412371,0.0,1.3175843579705262,False,0.679291783475899,0.12991748940667164,False,False,,29.2,,0,[],[],0,False,False,,,32.2,False,,,0.0,,False,29.2,0,,False,[],,False,63.0,42.0,False
0x46d7d39b8099fc3d468b1e5a0271460af4b01bd3,tron,USDT,280769.54846099997,286378.74103399995,USDT,280769.54846099997,156,3,20,8,24,0.09473684210526316,0.28771929824561404,1.019977923545292,False,0.7378372536447813,0.13848720706964485,False,False,,29.2,,0,[],[],0,False,False,,,44.0,False,,,0.0,,False,29.2,0,,False,[],,False,52.0,7.8,False
0xe5fe8d1afd1af6d5ff5983781a9b11eab5399e35,tron,USDT,632668.8870539999,581985.810385,USDT,632668.8870539999,70,6,16,8,14,0.0,0.26666666666666666,0.9198900440560561,False,0.7232652383402737,0.13640636377999205,False,False,,29.2,,0,[],[],0,False,False,,,14.7,False,,,0.0,,False,29.2,0,,False,[],,False,11.67,4.38,False
0x89ffb35a52879f8c24b9b65c2ffbb94040e4deb5,tron,USDT,86455.53821500001,126012.0,USDT,86455.53821500001,58,14,19,8,19,0.044444444444444446,0.06666666666666667,1.4575353135461362,False,0.31606612354448516,0.07841242965837736,False,False,,29.2,,0,[],[],0,False,False,,,7.4,False,,,0.0,,False,29.2,0,,False,[],,False,4.14,3.05,False
0xad4aaa3da50c5a04fb7ff339b7bac80752acba68,tron,USDT,723872.9423159997,804220.57577,USDT,723872.9423159997,214,1,16,4,24,0.06766917293233082,0.21052631578947367,1.110996873563103,False,0.6689970614350247,0.12890548660395346,False,False,,29.1,,0,[],[],0,False,False,,,61.1,False,,,0.0,,False,29.1,2,141166.0,True,[],,False,214.0,13.38,True
0x789fd7557a897867090500a8352e4d3714239d75,tron,USDT,288121.01766200014,288121.017662,USDT,288121.01766200014,205,1,3,1,2,0.0,0.0825242718446602,0.9999999999999996,False,0.7809079338141705,0.14510588848377437,False,False,,29.1,,0,[],[],0,False,False,,,87.1,False,,,0.0,,False,29.1,0,,False,[],,False,205.0,68.33,True
0x7a75814dc56bdf17fb3dc99f6152c2c2e2181bb3,tron,USDT,786060.4890000001,785784.389001,USDT,786060.4890000001,204,1,4,8,24,0.23039215686274508,0.25245098039215685,0.999648754767777,False,0.7005873665666228,0.1333468003613114,False,False,,29.1,,0,[],[],0,False,False,,,78.9,False,,,0.0,,False,29.1,0,,False,[],,False,204.0,51.0,True
0x1c206e7b7ec2cbb475273d1482ce58a9862c1551,tron,USDT,1834992.6199999994,1861528.4300000002,USDT,1834992.6199999994,69,1,8,8,18,0.22727272727272727,0.11818181818181818,1.0144609900392956,False,0.6264035168839525,0.12323572205471806,False,False,,29.1,,0,[],[],0,False,False,,,37.8,False,,,0.0,,False,29.1,0,,False,[],,False,69.0,8.62,True
0x492f90bbd19d1593a6750aeeebf2432abbaa69d7,tron,USDT,1768866.39,1830000.0,USDT,1768866.39,67,1,16,8,24,0.2669683257918552,0.9683257918552036,1.0345608975022698,False,0.5869147190994612,0.11708645269672041,False,False,,29.1,,0,[],[],0,False,False,,,36.8,False,,,0.0,,False,29.1,0,,False,[],,False,67.0,4.19,True
0xfe5a1e7b64f9a0fe90821bad65d5a2a207f71adc,tron,USDT,457643.3665049998,666325.5,USDT,457643.3665049998,139,3,10,8,24,0.25826771653543307,0.2377952755905512,1.4559929166868417,False,0.6288905129714989,0.1234905824050555,False,False,,29.1,,0,[],[],0,False,False,,,51.2,False,,,0.0,,False,29.1,0,,False,[],,False,46.33,13.9,False
0xc2381a428390130851e15486818eab7bc9a68455,tron,USDT,116551.35124700001,116521.0,USDT,116551.35124700001,105,3,15,5,14,0.23461538461538461,0.0,0.999739589059455,False,0.703617837200945,0.13378337624384606,False,False,,29.1,,0,[],[],0,False,False,,,55.6,False,,,0.0,,False,29.1,0,,False,[],,False,35.0,7.0,False
0x019ba1b71259a8cc13ad055d4bfb4791b783dc2b,tron,USDT,78271.853374,78820.79,USDT,78271.853374,123,4,13,6,6,0.007194244604316547,0.11510791366906475,1.0070132059270023,False,0.8029885340373404,0.14816880929407183,False,False,,29.1,,0,[],[],0,False,False,,,33.4,False,,,0.0,,False,29.1,0,,False,[],,False,30.75,9.46,False
0xdfaf413ae27b7de967d998e1b633cb1bd7187598,tron,USDT,243588.49000000002,248470.0,USDT,243588.49000000002,137,7,15,8,19,0.014492753623188406,0.36231884057971014,1.0200399862899925,False,0.6918766018086117,0.13211998548491227,False,False,,29.1,,0,[],[],0,False,False,,,33.3,False,,,0.0,,False,29.1,0,,False,[],,False,19.57,9.13,False
0x4455993631b2eadb49478fba681885e256797215,tron,USDT,209187.25064999997,224565.7,USDT,209187.25064999997,54,3,4,8,16,0.01282051282051282,0.7051282051282052,1.073515232416006,False,0.7053224096050467,0.13401378868942698,False,False,,29.1,,0,[],[],0,False,False,,,4.3,False,,,0.0,,False,29.1,0,,False,[],,False,18.0,13.5,False
0x73385f37afa3f2d3c30f6774cefd6db47bc5314d,tron,USDT,24190.248,26234.6,USDT,24190.248,54,4,5,8,15,0.0958904109589041,0.0410958904109589,1.084511411375361,False,0.5593811288407531,0.11324634924953547,False,False,,29.1,,0,[],[],0,False,False,,,20.2,False,,,0.0,,False,29.1,0,,False,[],,False,13.5,10.8,False
0x557fd278549aacd0eb66e305d565797b5fc8a58d,tron,USDT,496239.42248699995,496275.0,USDT,496239.42248699995,66,7,17,8,18,0.10227272727272728,0.11363636363636363,1.0000716942495655,False,0.6140077230932349,0.12139241549425384,False,False,,29.1,,0,[],[],0,False,False,,,12.5,False,,,0.0,,False,29.1,0,,False,[],,False,9.43,3.88,False
0x74249f4271531358b4f13b85afc52b61e4882a84,tron,USDT,12312.328474,12280.199894,USDT,12312.328474,132,2,8,8,22,0.13986013986013987,0.03496503496503497,0.9973905358301766,False,0.6322103939712963,0.12462033311440451,False,False,,29.0,,0,[],[],0,False,False,,,62.4,False,,,0.0,,False,29.0,0,,False,[],,False,66.0,16.5,False
0xbe07975b69b46e0b8813dc9b68d4d43befb66344,tron,USDT,1350479.93,1005838.3099999999,USDT,1350479.93,129,2,15,7,1,1.0,0.6428571428571429,0.7448006354303984,False,0.723355544990195,0.13721898786942377,False,False,,29.0,,0,[],[],0,False,False,,,32.7,False,,,0.0,,False,29.0,0,,False,[],,False,64.5,8.6,False
0x155e0695860d3087949c81f82e07cff9747017c8,tron,USDT,14892.298809000002,8000.1676,USDT,14892.298809000002,65,2,2,1,5,0.0,0.07692307692307693,0.5372016572193128,False,0.5520945529118303,0.11279305306152848,False,False,,29.0,,0,[],[],0,False,False,,,42.8,False,,,0.0,,False,29.0,0,,False,[],,False,32.5,32.5,False
0x65f92a3194a32ab46691eb51ceaf9309f0d654f2,tron,USDT,956412.3799999999,1020000.0,USDT,956412.3799999999,50,2,19,8,22,0.22826086956521738,0.6739130434782609,1.066485567658587,False,0.5275386946990845,0.10927594777011901,False,False,,29.0,,0,[],[],0,False,False,,,0.5,False,,,0.0,,False,29.0,0,,False,[],,False,25.0,2.63,False
0x11767b0386b3b94095da104976e5520cc2ca77d8,tron,USDT,123607.49,125000.0,USDT,123607.49,88,4,20,8,20,0.27710843373493976,0.41767068273092367,1.0112655794563905,False,0.6641872744354084,0.12873879123267284,False,False,,29.0,,0,[],[],0,False,False,,,33.6,False,,,0.0,,False,29.0,0,,False,[],,False,22.0,4.4,False
0xe0a3fa9a95580fbb16b2fa2508756d8ace66b819,tron,USDT,10931.039999999995,13684.0,USDT,10931.039999999995,55,3,4,7,11,0.45454545454545453,0.0,1.2518479485940959,False,0.3457271434165224,0.0834514274935334,False,False,,29.0,,0,[],[],0,False,False,,,35.4,False,,,0.0,,False,29.0,0,,False,[],,False,18.33,13.75,False
0x45462a36ad9ecf4dbc0918ea3774e1a70c8eaf4a,tron,USDT,59866.5113,26596.0,USDT,59866.5113,253,1,1,8,24,0.25857519788918204,0.0,0.4442550504859634,True,0.37728970335132933,0.08860009217678866,False,False,,28.9,,0,[],[],0,False,False,,,91.1,True,,,0.0,,False,28.9,0,,False,[],,False,253.0,253.0,True
0x3a9241ac559cb9a7bae221486ac7b6b267d21224,tron,USDT,200840.15218399998,200840.1,USDT,200840.15218399998,53,1,1,1,1,0.0,0.33962264150943394,0.9999997401714776,False,0.6235256162566121,0.12395714490965604,False,False,,28.9,,0,[],[],0,False,False,,,26.9,False,,,0.0,,False,28.9,0,,False,[],,False,53.0,53.0,True
0x577e689598c13fe403dc4573da412a5b3fe4d6b1,tron,USDT,26116.5,18238.0,USDT,26116.5,140,3,4,8,21,0.15730337078651685,0.06741573033707865,0.6983324718090096,False,0.5888815983074956,0.11883600875471262,False,False,,28.9,,0,[],[],0,False,False,,,64.6,False,,,0.0,,False,28.9,0,,False,[],,False,46.67,35.0,False
0x8462bc5c8e7ca132e59b471d35fc7fb934dfc21d,tron,USDT,17439.481284,11700.0,USDT,17439.481284,118,3,5,8,21,0.09016393442622951,0.02459016393442623,0.6708915138854653,False,0.5466093592047554,0.11295010522112509,False,False,,28.9,,0,[],[],0,False,False,,,55.5,False,,,0.0,,False,28.9,0,,False,[],,False,39.33,23.6,False
0x6e96fbcd5d043ef4f9d1b81214e8ee8239e1c914,tron,USDT,224621.76043999993,223431.0,USDT,224621.76043999993,125,4,22,5,13,0.26040061633281975,0.0,0.9946988197507338,False,0.5906665352696208,0.11876944801597655,False,False,,28.9,,0,[],[],0,False,False,,,59.5,False,,,0.0,,False,28.9,0,,False,[],,False,31.25,5.68,False
0x95696f4d8480701a095a51e4926549d53355536e,tron,USDT,36080.0,45605.0,USDT,36080.0,109,6,19,8,17,0.3023255813953488,0.26744186046511625,1.2639966740576496,False,0.6355757182219873,0.12527584647435858,False,False,,28.9,,0,[],[],0,False,False,,,54.7,False,,,0.0,,False,28.9,0,,False,[],,False,18.17,5.74,False
0x84fc56e6d475cd1e82db8954c3b42bfcda86ca4a,tron,USDT,37477.637206,26202.3,USDT,37477.637206,84,5,10,8,20,0.16666666666666666,0.10185185185185185,0.6991449289072346,False,0.5003296221836532,0.1061483978882975,False,False,,28.9,,0,[],[],0,False,False,,,44.6,False,,,0.0,,False,28.9,0,,False,[],,False,16.8,8.4,False
0xc103a7ae40c36c81298064efd9f94d12fc26676c,tron,USDT,41240.42500000001,42166.80999999999,USDT,41240.42500000001,50,9,16,8,20,0.125,0.041666666666666664,1.0224630323281096,False,0.3440436684601311,0.08398640877493618,False,False,,28.9,,0,[],[],0,False,False,,,22.9,False,,,0.0,,False,28.9,0,,False,[],,False,5.56,3.12,False
0x433678392a3159ff7c2e0a8404e72d3cc2511200,tron,USDT,682831.720498,589056.087084,USDT,682831.720498,179,1,13,6,7,0.0,0.17408906882591094,0.8626665537072472,False,0.7912647490104354,0.14807087570845145,False,False,,28.8,,0,[],[],0,False,False,,,82.7,False,,,0.0,,False,28.8,0,,False,[],,False,179.0,13.77,True
0x9792c082a3213f3a632698ae3df3148b69e211ce,tron,USDT,999947.2899999999,999947.29,USDT,999947.2899999999,76,1,1,2,20,0.3163265306122449,0.6836734693877551,1.0000000000000002,False,0.6134492999575731,0.1228540880400073,False,False,,28.8,,0,[],[],0,False,False,,,40.8,False,,,0.0,,False,28.8,0,,False,[],,False,76.0,76.0,True
0xf10351abeee7e058d5b9b9a087b809e56fb0e952,tron,USDT,417315.26,417352.26,USDT,417315.26,141,2,3,5,24,0.17551020408163265,0.24897959183673468,1.0000886619866238,False,0.7242716184724249,0.1384164841581904,False,False,,28.8,,0,[],[],0,False,False,,,56.1,False,,,0.0,,False,28.8,0,,False,[],,False,70.5,47.0,False
0xa1ae9d35ec20f692e8a265b099e19c7f290e1aa3,tron,USDT,14675.462072999995,14634.676,USDT,14675.462072999995,55,1,1,1,2,0.0,0.0,0.997220798037083,False,0.49554089274275814,0.10585636494099099,False,False,,28.8,,0,[],[],0,False,False,,,56.2,False,,,0.0,,False,28.8,0,,False,[],,False,55.0,55.0,True
0x4a2d86befb0319bc5bbada3c63b5982268a6cd69,tron,USDT,803816.5,781113.5,USDT,803816.5,75,5,18,4,18,0.058823529411764705,0.13725490196078433,0.9717559915727034,False,0.7027092806225594,0.13580661006986866,False,False,,28.8,,0,[],[],0,False,False,,,16.9,False,,,0.0,,False,28.8,0,,False,[],,False,15.0,4.17,False
0x82b53b4c67a755f64621614c1a0575cec0b12335,tron,USDT,20715.0,17899.714599,USDT,20715.0,104,1,1,8,21,0.14423076923076922,0.875,0.8640943566980448,False,0.6594968518232746,0.1298118813084969,False,False,,28.7,,0,[],[],0,False,False,,,76.4,False,,,0.0,,False,28.7,0,,False,[],,False,104.0,104.0,True
0x020f391eec7010637d6cfd738f7f9b0a67b129f4,tron,USDT,23022.731187999998,20500.0,USDT,23022.731187999998,122,2,2,8,21,0.040983606557377046,0.3360655737704918,0.8904243303107797,False,0.7060229229140863,0.13684852383612034,False,False,,28.7,,0,[],[],0,False,False,,,58.0,False,,,0.0,,False,28.7,0,,False,[],,False,61.0,61.0,False
0x498eed3f0f1846f05afc9b69d37457f0accef6f5,tron,USDT,871546.9477860001,1551435.71,USDT,871546.9477860001,107,3,3,1,4,0.0,0.018691588785046728,1.780094249588193,False,0.5790256982367951,0.11849090814682711,False,False,,28.7,,0,[],[],0,False,False,,,27.6,False,,,0.0,,False,28.7,0,,False,[],,False,35.67,35.67,False
0x3d95a2f7826f3ecb46c89a21ebe1c749c2fea06f,tron,USDT,112808.403757,137660.227637,USDT,112808.403757,71,8,19,8,16,0.22137404580152673,0.1984732824427481,1.2203011748445018,False,0.6303351829352151,0.12608819921997444,False,False,,28.7,,0,[],[],0,False,False,,,23.3,False,,,0.0,,False,28.7,0,,False,[],,False,8.88,3.74,False
0xa8dc69a48eb5e398cb08577d91207e56995258fc,tron,USDT,308729.4999969999,355000.0,USDT,308729.4999969999,244,2,7,8,24,0.0979020979020979,0.21678321678321677,1.1498739187652935,False,0.7186675582070601,0.13895577196659364,False,False,,28.6,,0,[],[],0,False,False,,,56.2,False,,,0.0,,False,28.6,0,,False,[],,False,122.0,34.86,False
0x0514160054e55919c5c75b1631dbcefd9c96ee0c,tron,USDT,15082.846575,10000.0,USDT,15082.846575,96,1,1,6,15,0.1414141414141414,0.12121212121212122,0.6630048214224443,False,0.6284219231304795,0.12600129262075882,False,False,,28.6,,0,[],[],0,False,False,,,71.4,False,,,0.0,,False,28.6,0,,False,[],,False,96.0,96.0,True
0x33143acb57017fc793d6c754209844d8992b52a4,tron,USDT,999958.1,999958.1,USDT,999958.1,71,1,1,3,22,0.2391304347826087,0.7391304347826086,1.0,False,0.5995333050487909,0.12226369044941338,False,False,,28.6,,0,[],[],0,False,False,,,38.7,False,,,0.0,,False,28.6,0,,False,[],,False,71.0,71.0,True
0x5647b77525bb4a680c9290aa7dc7b49cf91ea958,tron,USDT,131415.52000000002,103810.9,USDT,131415.52000000002,58,1,1,8,23,0.1694915254237288,0.00847457627118644,0.789943988350843,False,0.3358632143014796,0.08434083160905714,False,False,,28.6,,0,[],[],0,False,False,,,30.9,False,,,0.0,,False,28.6,0,,False,[],,False,58.0,58.0,True
0xf4bd9d0629c1fe927513242c642a67646a31afe6,tron,USDT,1917387.6600000004,2200000.0,USDT,1917387.6600000004,73,2,10,8,24,0.1896551724137931,0.2103448275862069,1.1473944710794683,False,0.5549928919529651,0.11565843247590846,False,False,,28.6,,0,[],[],0,False,False,,,16.1,False,,,0.0,,False,28.6,0,,False,[],,False,36.5,7.3,False
0xe9482f1612e1fb268754d387e1ac8d2f60ae9c63,tron,USDT,1060178.6888879999,959487.0,USDT,1060178.6888879999,97,3,14,8,24,0.23049645390070922,0.9716312056737588,0.9050238512211434,False,0.7000331962094387,0.13618651444621255,False,False,,28.6,,0,[],[],0,False,False,,,23.5,False,,,0.0,,False,28.6,0,,False,[],,False,32.33,6.93,False
0x12fc4b453c1a99a7b3f0fc24d799beaa470ce6ee,tron,USDT,1783156.00003,1850100.0,USDT,1783156.00003,57,2,10,8,23,0.152,0.628,1.0375424247619802,False,0.5778966911188811,0.11881153176344122,False,False,,28.6,,0,[],[],0,False,False,,,6.7,False,,,0.0,,False,28.6,0,,False,[],,False,28.5,5.7,False
0x9c60c47ae40d8533be0dcbebbf76e72078c2fe4a,tron,USDT,413496.0325140001,379834.0,USDT,413496.0325140001,67,4,21,8,24,0.1532258064516129,0.20483870967741935,0.9185916432877494,False,0.5460008912371002,0.11438024049203427,False,False,,28.6,,0,[],[],0,False,False,,,30.9,False,,,0.0,,False,28.6,0,,False,[],,False,16.75,3.19,False
0x67c06a7a7fbaf8d2139e40d3fc31a7dc00f0037d,tron,USDT,16412.96,14326.0,USDT,16412.96,53,4,11,8,18,0.14893617021276595,0.010638297872340425,0.8728468234858308,False,0.5249299926140096,0.11121685279327947,False,False,,28.6,,0,[],[],0,False,False,,,30.8,False,,,0.0,,False,28.6,0,,False,[],,False,13.25,4.82,False
0x461f9fa621f79d08095946ed42f3c23191da0604,tron,USDT,21573.5,32174.0,USDT,21573.5,59,5,5,8,15,0.1044776119402985,0.11940298507462686,1.4913667230630172,False,0.5372378984930394,0.11332048240707215,False,False,,28.6,,0,[],[],0,False,False,,,32.9,False,,,0.0,,False,28.6,0,,False,[],,False,11.8,11.8,False
0x09ab1ec20a67e5d9c088a6a996d294e4fbd206c9,tron,USDT,202644.18371199997,212135.0,USDT,202644.18371199997,55,5,24,7,20,0.10909090909090909,0.2545454545454545,1.0468348812887147,False,0.5088341268394145,0.10927290040579613,False,False,,28.6,,0,[],[],0,False,False,,,5.2,False,,,0.0,,False,28.6,2,141323.0,True,[],,False,11.0,2.29,False
0xaf46b7851224cb562b77eded56d55e71147fccb7,tron,USDT,134665.578987,131188.0,USDT,134665.578987,75,7,14,8,20,0.3486238532110092,0.4954128440366973,0.9741761850863486,False,0.5930533108399256,0.1210808107856644,False,False,,28.6,,0,[],[],0,False,False,,,16.9,False,,,0.0,,False,28.6,0,,False,[],,False,10.71,5.36,False
0x024f4d7ca6c3ea7e6b5786567fa4e1fbf149c0e6,tron,USDT,52784.75,52985.0,USDT,52784.75,51,6,15,8,16,0.5846153846153846,0.3076923076923077,1.0037937093573428,False,0.5031233115863168,0.10831609585976726,False,False,,28.6,,0,[],[],0,False,False,,,16.5,False,,,0.0,,False,28.6,0,,False,[],,False,8.5,3.4,False
0x63d6199f53dbfe60abaa4bc910a1c36c33074e02,tron,USDT,294210.5558,227950.99,USDT,294210.5558,53,9,17,8,24,0.27946127946127947,0.12457912457912458,0.774788618240325,False,0.3578851737965588,0.08765547799269569,False,False,,28.6,,0,[],[],0,False,False,,,31.1,False,,,0.0,,False,28.6,0,,False,[],,False,5.89,3.12,False
0x43c305534709870f79d6f6d72d2a362d488307c1,tron,USDT,294262.49738299986,342726.3,USDT,294262.49738299986,206,2,9,8,24,0.3764705882352941,0.18235294117647058,1.1646958176730269,False,0.6973323680733708,0.1365439021030268,False,False,,28.5,,0,[],[],0,False,False,,,47.9,False,,,0.0,,False,28.5,0,,False,[],,False,103.0,22.89,False
0x1e87df25d94dc435dcefc9881dbb3bff055fc208,tron,USDT,100920.387319,1055.520549,USDT,100920.387319,138,2,2,1,2,0.15942028985507245,0.043478260869565216,0.010458942707617613,True,0.49076382927126466,0.1068610497492759,False,False,,28.5,,0,[],[],0,False,False,,,45.6,False,,,0.0,,False,28.5,0,,False,[],,False,69.0,69.0,False
0xe34a066a43ed7c6f379a419da33e935114e81b21,tron,USDT,509189.9399999998,452044.009999,USDT,509189.9399999998,126,2,3,6,24,0.22790697674418606,0.31627906976744186,0.887770897435641,False,0.7068923211926862,0.13795913777506913,False,False,,28.5,,0,[],[],0,False,False,,,49.8,False,,,0.0,,False,28.5,0,,False,[],,False,63.0,42.0,False
0xaf8d22d24ea77d050439def882eb748d9e94ad97,tron,USDT,27693.45,33155.296614,USDT,27693.45,51,1,2,8,21,0.20689655172413793,0.41379310344827586,1.1972252144099056,False,0.43475945436027597,0.09894903996689713,False,False,,28.5,,0,[],[],0,False,False,,,42.6,False,,,0.0,,False,28.5,0,,False,[],,False,51.0,25.5,True
0xb020c64980c48297410923e0ad45294c0b0e0e47,tron,USDT,154831.0,159131.0,USDT,154831.0,71,2,11,8,14,0.05813953488372093,0.6976744186046512,1.027772216158263,False,0.7928757646597347,0.15004375341556248,False,False,,28.5,,0,[],[],0,False,False,,,15.1,False,,,0.0,,False,28.5,0,,False,[],,False,35.5,6.45,False
0xc399d87abd2d60e98c21ce6b6ade6c8917f616f1,tron,USDT,48416.51758099999,50979.08,USDT,48416.51758099999,154,5,10,8,24,0.19678714859437751,0.0963855421686747,1.052927441853142,False,0.6577004683540216,0.13093522078529213,False,False,,28.5,,0,[],[],0,False,False,,,56.9,False,,,0.0,,False,28.5,2,141305.0,True,[],,False,30.8,15.4,False
0x4f820b87b052f7ce8d3fbd82b74ff84f1757f427,tron,USDT,1261073.896713,1291999.0,USDT,1261073.896713,67,3,24,8,22,0.11965811965811966,0.1282051282051282,1.0245228319828097,False,0.5220788871460771,0.1116349062217053,False,False,,28.5,,0,[],[],0,False,False,,,36.2,False,,,0.0,,False,28.5,0,,False,[],,False,22.33,2.79,False
0x01ce63f9d00290745fb938fb8b4187aae1426df9,tron,USDT,395917.68,401000.0,USDT,395917.68,60,3,4,2,3,0.0,0.014925373134328358,1.0128368099146268,False,0.592914182353095,0.12166823736137905,False,False,,28.5,,0,[],[],0,False,False,,,9.0,False,,,0.0,,False,28.5,0,,False,[],,False,20.0,15.0,False
0xb2902b74380aa069254f1c7b0f813f07577f2b88,tron,USDT,25426.653211,25425.7,USDT,25426.653211,100,6,6,1,1,1.0,0.0,0.9999625113461811,False,0.5387706100333431,0.11407286226862623,False,False,,28.5,,0,[],[],0,False,False,,,38.4,False,,,0.0,,False,28.5,0,,False,[],,False,16.67,16.67,False
0x51c39e7134bc2c946c695b695b8f925b63ac4cc0,tron,USDT,50432.069804,51341.990741999994,USDT,50432.069804,78,6,17,7,23,0.1875,0.4895833333333333,1.0180425063166418,False,0.6516312102343382,0.1301831323037571,False,False,,28.5,,0,[],[],0,False,False,,,35.6,False,,,0.0,,False,28.5,0,,False,[],,False,13.0,4.59,False
0x588ec4a371a47d2a72876ee49485d7e66b8f2ed9,tron,USDT,484757.80000000005,1002306.75,USDT,484757.80000000005,59,5,5,1,5,0.0,0.9076923076923077,2.0676443989142617,False,0.555154857870174,0.11618730447024606,False,False,,28.5,,0,[],[],0,False,False,,,8.2,False,,,0.0,,False,28.5,0,,False,[],,False,11.8,11.8,False
0x5ab67842f61ad20d2fd01ad056ac43ed30fd8dc8,tron,USDT,49869.740690000006,36870.69987,USDT,49869.740690000006,70,10,21,7,15,0.4175824175824176,0.01098901098901099,0.7393401160674853,False,0.38121549881807915,0.09122119940926066,False,False,,28.5,,0,[],[],0,False,False,,,22.7,False,,,0.0,,False,28.5,0,,False,[],,False,7.0,3.33,False
0x5c795229ec69746bd65c105eac5c153e07f6d682,tron,USDT,1956697.0,1933100.0,USDT,1956697.0,55,1,7,8,23,0.25,0.9966216216216216,0.9879403913840518,False,0.5342660587604761,0.11359051001910175,False,False,,28.4,,0,[],[],0,False,False,,,28.7,False,,,0.0,,False,28.4,0,,False,[],,False,55.0,7.86,True
0x522a511d5e96fc40b1f883a83ae76e1c2b00df7d,tron,USDT,426653.45276300004,461940.74276299996,USDT,426653.45276300004,137,3,4,5,24,0.27037037037037037,0.25925925925925924,1.0827071473850265,False,0.7071115191865501,0.13829609977353796,False,False,,28.4,,0,[],[],0,False,False,,,55.7,False,,,0.0,,False,28.4,0,,False,[],,False,45.67,34.25,False
0x0c81fe4e42366d72e50b3fda393e452632f130df,tron,USDT,18928.716399999994,455.0,USDT,18928.716399999994,101,3,3,8,20,0.1834862385321101,0.07339449541284404,0.02403755174862254,True,0.29451900801624975,0.07945224185207406,False,False,,28.4,,0,[],[],0,False,False,,,55.2,False,,,0.0,,False,28.4,2,141304.0,True,[],,False,33.67,33.67,False
0x691179b620d9e04003a94d5759b0197aac2d3fbb,tron,USDT,13824.76,160.0,USDT,13824.76,63,2,2,8,16,0.1506849315068493,0.0,0.011573437802898568,True,0.2893957227748351,0.07873431458059987,False,False,,28.4,,0,[],[],0,False,False,,,28.6,False,,,0.0,,False,28.4,0,,False,[],,False,31.5,31.5,False
0x9bf2959b4c898b860513481e289ca73402a6dfd9,tron,USDT,175523.92235500005,180826.0,USDT,175523.92235500005,150,5,12,8,23,0.08666666666666667,0.44,1.0302071511043174,False,0.7633688370680631,0.14625192167874795,False,False,,28.4,,0,[],[],0,False,False,,,34.4,False,,,0.0,,False,28.4,0,,False,[],,False,30.0,12.5,False
0xfd79e050c115d8af2d95eba0731c6240337dfb6b,tron,USDT,92822.0,126949.091953,USDT,92822.0,58,2,2,3,23,0.29577464788732394,0.5774647887323944,1.3676616745275905,False,0.5141214622943122,0.1108996765247427,False,False,,28.4,,0,[],[],0,False,False,,,24.4,False,,,0.0,,False,28.4,0,,False,[],,False,29.0,29.0,False
0xc9f13caacede13a6aabc758075af8dda38c9d263,tron,USDT,505022.792,549056.8,USDT,505022.792,77,5,18,8,17,0.1834319526627219,0.22485207100591717,1.0871921202320707,False,0.7326888563948248,0.14190340653933992,False,False,,28.4,,0,[],[],0,False,False,,,17.6,False,,,0.0,,False,28.4,0,,False,[],,False,15.4,4.28,False
0x962499a00f345eb8bfc2922bf1edd3d0c795dcd3,tron,USDT,122755.927809,118241.56599999999,USDT,122755.927809,50,7,17,8,21,0.15168539325842698,0.42696629213483145,0.9632248976519973,False,0.4628189294667593,0.10374306575542913,False,False,,28.4,,0,[],[],0,False,False,,,0.5,False,,,0.0,,False,28.4,0,,False,[],,False,7.14,2.94,False
0x4e5a8392d584a2f939a5e98258511477d2b69880,tron,USDT,20001.790767,20000.0,USDT,20001.790767,98,1,1,1,1,1.0,0.6836734693877551,0.9999104696663984,False,0.6612251995760459,0.13246088742202528,False,False,,28.3,,0,[],[],0,False,False,,,65.0,False,,,0.0,,False,28.3,0,,False,[],,False,98.0,98.0,True
0x56790b96e731b6166f4dc6e69e09c648853db155,tron,USDT,591251.459717,609934.665687,USDT,591251.459717,124,5,10,8,22,0.07258064516129033,0.3467741935483871,1.0315994246829303,False,0.7269215236336304,0.1416090321508231,False,False,,28.3,,0,[],[],0,False,False,,,31.9,False,,,0.0,,False,28.3,0,,False,[],,False,24.8,12.4,False
0xe36b7fc35115d1157acc3a5b4f5722eecb42fd1f,tron,USDT,69749.81000000001,80262.51000000001,USDT,69749.81000000001,113,8,10,8,24,0.22123893805309736,0.20353982300884957,1.1507201238254268,False,0.5993850376023309,0.12397163529224181,False,False,,28.3,,0,[],[],0,False,False,,,36.6,False,,,0.0,,False,28.3,0,,False,[],,False,14.12,11.3,False
0x55531b058fb13a3c6cc38f1ba4f85a51ce7185b8,tron,USDT,879241.0997199999,718346.08,USDT,879241.0997199999,84,8,14,8,20,0.23756906077348067,0.47513812154696133,0.8170069395399759,False,0.5799690586759205,0.12102590034955729,False,False,,28.3,,0,[],[],0,False,False,,,19.7,False,,,0.0,,False,28.3,0,,False,[],,False,10.5,6.0,False
0x9a56028b32ae5f4bf7bddaf91e575f250cfb0c1c,tron,USDT,108896.113434,80657.0,USDT,108896.113434,53,12,14,8,22,0.16216216216216217,0.013513513513513514,0.7406784085906314,False,0.3014237597834636,0.08099860418781812,False,False,,28.3,,0,[],[],0,False,False,,,3.4,False,,,0.0,,False,28.3,0,,False,[],,False,4.42,3.79,False
0xaec6da1e23b74feac14b2d5db59b2b358861a5f2,tron,USDT,505122.79102999996,505000.0,USDT,505122.79102999996,207,1,6,6,5,0.0,0.008849557522123894,0.9997569085533646,False,0.7466633036453356,0.14497814303558404,False,False,,28.2,,0,[],[],0,False,False,,,60.9,False,,,0.0,,False,28.2,0,,False,[],,False,207.0,34.5,True
0x522ef3353eae6563083eaa1c7caec4de7eea3bb4,tron,USDT,10958.73,10958.730000000001,USDT,10958.73,88,1,11,6,11,0.20454545454545456,0.0,1.0000000000000002,False,0.6101400084853627,0.12567754769671208,False,False,,28.2,,0,[],[],0,False,False,,,70.3,False,,,0.0,,False,28.2,0,,False,[],,False,88.0,8.0,True
0xc8bb71feb73ab348d0b2f879a19a04b18490a20b,tron,USDT,205922.56729800004,205922.567298,USDT,205922.56729800004,84,3,9,3,6,0.0,0.13333333333333333,0.9999999999999999,False,0.7265803988120493,0.14234343120356646,False,False,,28.2,,0,[],[],0,False,False,,,19.7,False,,,0.0,,False,28.2,2,141306.0,True,[],,False,28.0,9.33,False
0x1d5c3b66594d053b14bdc168490e0c8edfd12d46,tron,USDT,57986.031,57569.0,USDT,57986.031,62,4,13,4,14,0.16023738872403562,0.0,0.9928080782076635,False,0.5812514756330474,0.12151834790652183,False,False,,28.2,,0,[],[],0,False,False,,,39.1,False,,,0.0,,False,28.2,0,,False,[],,False,15.5,4.77,False
0xbda08d26d0a69a6ff917d6ab31b6ab67035b13cc,tron,USDT,394982.94357699994,518512.0,USDT,394982.94357699994,92,6,15,8,18,0.0626865671641791,0.06567164179104477,1.312745293010149,False,0.6511548022380211,0.13145281771287837,False,False,,28.2,,0,[],[],0,False,False,,,22.1,False,,,0.0,,False,28.2,0,,False,[],,False,15.33,6.13,False
0x5cb4e22223dcfc8970a4dc75da51257dcbfb4c38,tron,USDT,19985.168867,2210.812786,USDT,19985.168867,63,6,6,2,15,0.5833333333333334,0.05555555555555555,0.11062267227826872,True,0.20074142032752473,0.06754494540899497,False,False,,28.2,,0,[],[],0,False,False,,,41.2,False,,,0.0,,False,28.2,0,,False,[],,False,10.5,10.5,False
0x75c5f7cec4f90862a67648fe4f4e4671fa5095ba,tron,USDT,38284.435397999994,38763.049,USDT,38284.435397999994,50,6,19,8,19,0.1935483870967742,0.16129032258064516,1.0125015191428162,False,0.4489422078388105,0.10261894141789096,False,False,,28.2,,0,[],[],0,False,False,,,26.2,False,,,0.0,,False,28.2,0,,False,[],,False,8.33,2.63,False
0xa9af1f2ca12bcfe84e80dafa61e23b37d51e7037,tron,USDT,966073.7570000001,965935.0,USDT,966073.7570000001,149,1,10,3,17,0.011363636363636364,0.125,0.9998563701798183,False,0.779076068265917,0.15064580619886958,False,False,,28.1,,0,[],[],0,False,False,,,57.9,False,,,0.0,,False,28.1,0,,False,[],,False,149.0,14.9,True
0x6dd21115a1acf117b8cc7ec5168021d83af7d5a8,tron,USDT,179725.37305699996,170000.0,USDT,179725.37305699996,243,2,5,8,23,0.05423728813559322,0.12203389830508475,0.9458875900960542,False,0.6956263937086465,0.1383706365949809,False,False,,28.1,,0,[],[],0,False,False,,,47.1,False,,,0.0,,False,28.1,0,,False,[],,False,121.5,48.6,False
0xfbf0c97aef16b041b784ebfb7c6fb49775ef5072,tron,USDT,66065.013006,33564.520000000004,USDT,66065.013006,130,4,10,1,3,0.0,0.12307692307692308,0.5080528781088969,False,0.7184964474928018,0.1420689874216945,False,False,,28.1,,0,[],[],0,False,False,,,46.0,False,,,0.0,,False,28.1,0,,False,[],,False,32.5,13.0,False
0x2429c235480ab53b26496ab22fe698baf0feabfb,tron,USDT,86757.18500000001,87100.51848299999,USDT,86757.18500000001,73,3,20,7,13,0.18850574712643678,0.0,1.0039574069052608,False,0.6244736862048621,0.12866220146655882,False,False,,28.1,,0,[],[],0,False,False,,,44.9,False,,,0.0,,False,28.1,0,,False,[],,False,24.33,3.65,False
0x78dd56ab37d7ad60d5c4e7706343993875e65956,tron,USDT,569159.025895,512267.572603,USDT,569159.025895,66,4,9,8,13,0.008771929824561403,0.35964912280701755,0.9000429568826771,False,0.7242597581139135,0.14261151993836657,False,False,,28.1,,0,[],[],0,False,False,,,12.5,False,,,0.0,,False,28.1,0,,False,[],,False,16.5,7.33,False
0xded60ee00d3a8ee79a3d4d2246dbd5b52271c38b,tron,USDT,143988.0,126436.0,USDT,143988.0,82,7,12,8,17,0.1782178217821782,0.07920792079207921,0.8781009528571826,False,0.6227139538298158,0.1279269970179196,False,False,,28.1,,0,[],[],0,False,False,,,22.1,False,,,0.0,,False,28.1,2,141316.0,True,[],,False,11.71,6.83,False
0x0cd72d4526a7340cfe47cdadabf92ec8a04baa9b,tron,USDT,132004.626406,129940.04175299998,USDT,132004.626406,63,6,9,8,23,0.11351351351351352,0.5567567567567567,0.9843597553418312,False,0.6070543863674753,0.1258340697625729,False,False,,28.1,,0,[],[],0,False,False,,,12.1,False,,,0.0,,False,28.1,2,141312.0,True,[],,False,10.5,7.0,False
0x930a25f752305dbc37b9fcc2a09e50ce300c4d96,tron,USDT,34216.247289000006,112754.45,USDT,34216.247289000006,115,11,15,8,22,0.06837606837606838,0.02564102564102564,3.2953482317229104,False,0.35666100975816717,0.09035442009559758,False,False,,28.1,,0,[],[],0,False,False,,,56.4,False,,,0.0,,False,28.1,0,,False,[],,False,10.45,7.67,False
0x5a116ee852e2286274c076ce31134dc4faf4109b,tron,USDT,215206.155099,237695.0,USDT,215206.155099,69,9,16,8,23,0.2830188679245283,0.10943396226415095,1.1044990785261444,False,0.4540683641844614,0.10409185226773798,False,False,,28.1,,0,[],[],0,False,False,,,22.2,False,,,0.0,,False,28.1,0,,False,[],,False,7.67,4.31,False
0x9e823cd2397db37da02fde701887f7d3e3107929,tron,USDT,158302.001,36180.0,USDT,158302.001,67,11,23,8,18,0.030837004405286344,0.05286343612334802,0.228550490653621,True,0.34112800224612516,0.08830223531844211,False,False,,28.1,,0,[],[],0,False,False,,,17.5,False,,,0.0,,False,28.1,0,,False,[],,False,6.09,2.91,False
0xc78e3bcf0b1bf605c5d22c1797c74f70451cd875,tron,USDT,716606.9478610001,741641.418233,USDT,716606.9478610001,241,2,8,8,20,0.35260115606936415,0.014450867052023121,1.0349347301846923,False,0.6515408435260653,0.13297581402148434,False,False,,28.0,,0,[],[],0,False,False,,,38.3,False,,,0.0,,False,28.0,0,,False,[],,False,120.5,30.12,False
0xdade8e09fc4bc74d1fd4dac3a5fbba1d36bccfdf,tron,USDT,86288.829352,75000.0,USDT,86288.829352,116,4,4,8,22,0.0375,0.2625,0.8691739193036306,False,0.6761894720236451,0.1361901329578265,False,False,,28.0,,0,[],[],0,False,False,,,52.4,False,,,0.0,,False,28.0,0,,False,[],,False,29.0,29.0,False
0x23c069911d332d1b8094189e49ef8d2670c4abb1,tron,USDT,31777.89,66000.0,USDT,31777.89,53,2,3,8,16,0.125,0.020833333333333332,2.0769157423604905,False,0.36003394145099704,0.09116588722897107,False,False,,28.0,,0,[],[],0,False,False,,,20.2,False,,,0.0,,False,28.0,0,,False,[],,False,26.5,17.67,False
0xc3ba2db9df7edf9c05b8ee0995de909bfd26b971,tron,USDT,1232079.0,1189000.0,USDT,1232079.0,68,3,14,8,21,0.34868421052631576,0.9144736842105263,0.9650355212612178,False,0.6393583982700629,0.1312495249515167,False,False,,28.0,,0,[],[],0,False,False,,,13.8,False,,,0.0,,False,28.0,0,,False,[],,False,22.67,4.86,False
0x2cd8528d4e71371cca9e7f6bbdfb7d132e85061c,tron,USDT,951472.1899999998,897642.0,USDT,951472.1899999998,66,4,16,8,18,0.04326923076923077,0.10576923076923077,0.9434243159539957,False,0.6493552068479905,0.13266099983908564,False,False,,28.0,,0,[],[],0,False,False,,,12.5,False,,,0.0,,False,28.0,0,,False,[],,False,16.5,4.12,False
0x1cfe0282f8a9924e8c68f4ed7ef4d32e48815d78,tron,USDT,1219763.3499999999,855807.0,USDT,1219763.3499999999,61,5,24,8,20,0.07228915662650602,0.0,0.7016172440334432,False,0.36862213357546253,0.0927861587693421,False,False,,28.0,,0,[],[],0,False,False,,,9.6,False,,,0.0,,False,28.0,2,141365.0,True,[],,False,12.2,2.54,False
0x4806c95c360fdec6565f240007efdbc88342de12,tron,USDT,38468.0,1001.0,USDT,38468.0,146,1,1,8,19,0.2967741935483871,0.27741935483870966,0.02602162836643444,True,0.38842452083663015,0.09603870162903966,False,False,,27.9,,0,[],[],0,False,False,,,84.2,False,,,0.0,,False,27.9,2,141296.0,True,[],,False,146.0,146.0,True
0x4b75e8f1cd6e1f614baf90e2a80f6bdca2608dd9,tron,USDT,357987.021706,334000.0,USDT,357987.021706,152,2,21,8,17,0.3137254901960784,0.39215686274509803,0.9329947169825068,False,0.7483087439904769,0.14705119297309321,False,False,,27.9,,0,[],[],0,False,False,,,34.6,False,,,0.0,,False,27.9,0,,False,[],,False,76.0,7.24,False
0x21e1edc74c57bf5e34c1878e168c24b79bccce30,tron,USDT,444366.840045,771208.378725,USDT,444366.840045,199,6,12,8,24,0.10945273631840796,0.13432835820895522,1.7355218914329913,False,0.5561624863718659,0.11961604944151699,False,False,,27.9,,0,[],[],0,False,False,,,49.7,False,,,0.0,,False,27.9,0,,False,[],,False,33.17,16.58,False
0x444250a4714d8936b019e4df44fbc7b5e944dcd8,tron,USDT,1359450.4499999997,800000.0,USDT,1359450.4499999997,58,2,2,8,24,0.13122171945701358,0.2895927601809955,0.5884730848410107,False,0.4597820162045195,0.10619197640770461,False,False,,27.9,,0,[],[],0,False,False,,,7.4,False,,,0.0,,False,27.9,0,,False,[],,False,29.0,29.0,False
0x74c589291fe6a8aed903bf10625fa330d4bb427c,tron,USDT,54603.070518,48590.363,USDT,54603.070518,57,7,10,8,17,0.3225806451612903,0.25806451612903225,0.8898833442705771,False,0.4578027189177557,0.10593653060873437,False,False,,27.9,,0,[],[],0,False,False,,,6.7,False,,,0.0,,False,27.9,0,,False,[],,False,8.14,5.7,False
0xf7bc7b86f5192c2f15845e07fe602a6631da054f,tron,USDT,148063.269655,147518.0,USDT,148063.269655,51,7,12,8,15,0.2537313432835821,0.44776119402985076,0.9963173199114774,False,0.47919558108030147,0.10897366038328538,False,False,,27.9,,0,[],[],0,False,False,,,1.4,False,,,0.0,,False,27.9,0,,False,[],,False,7.29,4.25,False
0xf465d9085dbefc4ad82283f42a36b01db208d5e3,tron,USDT,757155.8313620001,777610.0,USDT,757155.8313620001,215,1,9,8,22,0.18636363636363637,0.17727272727272728,1.0270144767969445,False,0.6745716485523633,0.13712839225779289,False,False,,27.8,,0,[],[],0,False,False,,,61.1,False,,,0.0,,False,27.8,0,,False,[],,False,215.0,23.89,True
0xc984428cfcd3c4630382562a9d40650fce4a5a47,tron,USDT,89169.61340000002,65676.03,USDT,89169.61340000002,157,1,1,8,18,0.3353658536585366,0.5365853658536586,0.7365292670428913,False,0.6815442921018323,0.13828679748868344,False,False,,27.8,,0,[],[],0,False,False,,,60.1,False,,,0.0,,False,27.8,0,,False,[],,False,157.0,157.0,True
0x0c0a0f00e75ed70ee67a079646adf6cda7d7756a,tron,USDT,338893.97048700025,420000.0,USDT,338893.97048700025,92,1,2,8,24,0.2323612417685795,0.0,1.2393256787556535,False,0.42112086340033306,0.10095488326786689,False,False,,27.8,,0,[],[],0,False,False,,,68.0,False,,,0.0,,False,27.8,0,,False,[],,False,92.0,46.0,True
0x7626764f7024b185c48685194aebd9813c60dc2f,tron,USDT,299268.039154,278081.0,USDT,299268.039154,69,3,18,8,11,0.2222222222222222,0.8492063492063492,0.9292038026717,False,0.7829133103858462,0.1527026864348005,False,False,,27.8,,0,[],[],0,False,False,,,14.3,False,,,0.0,,False,27.8,0,,False,[],,False,23.0,3.83,False
0x7b1acc649d35b3c11dbe07557dcb186b022d6ae5,tron,USDT,558630.9136079999,562000.0,USDT,558630.9136079999,197,1,11,8,24,0.20297029702970298,0.0037128712871287127,1.0060309701986243,False,0.586108188650135,0.12493660905574072,False,False,,27.7,,0,[],[],0,False,False,,,82.8,False,,,0.0,,False,27.7,0,,False,[],,False,197.0,17.91,True
0x92d5aa1ad4a6e2a45ed1455c9f107ef798236e3e,tron,USDT,440000.00899999996,440000.0,USDT,440000.00899999996,82,1,1,1,1,0.0,0.1951219512195122,0.999999979545455,False,0.7014849343902111,0.14192784219030852,False,False,,27.7,,0,[],[],0,False,False,,,42.6,False,,,0.0,,False,27.7,0,,False,[],,False,82.0,82.0,True
0x960db1206357d69f567651618886432b3037103d,tron,USDT,44629.097539,31540.4,USDT,44629.097539,133,6,7,8,20,0.23837209302325582,0.040697674418604654,0.7067227826517848,False,0.5770467202978581,0.12381553142977669,False,False,,27.7,,0,[],[],0,False,False,,,62.0,False,,,0.0,,False,27.7,0,,False,[],,False,22.17,19.0,False
0xcf05227fac0f5ca738cc3cda419536fef2d9b803,tron,USDT,43910.689000000006,48826.687000000005,USDT,43910.689000000006,75,4,9,6,13,0.20766773162939298,0.0,1.1119544719510095,False,0.6086655332720807,0.12854987187587386,False,False,,27.7,,0,[],[],0,False,False,,,46.9,False,,,0.0,,False,27.7,0,,False,[],,False,18.75,8.33,False
0x1f3fa9bc8fae8d616d580c60dbabeeb1d5ab20f1,tron,USDT,42921.13190900001,42917.82,USDT,42921.13190900001,88,5,5,1,1,1.0,0.2840909090909091,0.9999228373332038,False,0.6380414193970608,0.1327265331731215,False,False,,27.7,,0,[],[],0,False,False,,,20.9,False,,,0.0,,False,27.7,0,,False,[],,False,17.6,17.6,False
0x6445a14104f856e02708a314042fb4015337d8da,tron,USDT,20635.752764,16000.0,USDT,20635.752764,62,4,4,4,10,0.5076923076923077,0.046153846153846156,0.775353348287479,False,0.42628407653063966,0.10253704394555524,False,False,,27.7,,0,[],[],0,False,False,,,23.5,False,,,0.0,,False,27.7,0,,False,[],,False,15.5,15.5,False
0xbc529ed76a152adc2669d5db8b46ef0398916988,tron,USDT,47646.435525999994,28978.5,USDT,47646.435525999994,58,5,5,8,18,0.017241379310344827,0.05172413793103448,0.6081986969242817,False,0.5242065616165068,0.11628814845127827,False,False,,27.7,,0,[],[],0,False,False,,,11.9,False,,,0.0,,False,27.7,0,,False,[],,False,11.6,11.6,False
0x851513b9006d5685f43ffd4282fed61258552108,tron,USDT,61923.68204300001,62734.0,USDT,61923.68204300001,67,6,12,8,18,0.20833333333333334,0.23958333333333334,1.013085752175352,False,0.7200175546985741,0.14407269458997346,False,False,,27.7,,0,[],[],0,False,False,,,24.5,False,,,0.0,,False,27.7,0,,False,[],,False,11.17,5.58,False
0x5e9651a426b899104fe35e239969fba460ad1a83,tron,USDT,616233.3204530001,615834.150452,USDT,616233.3204530001,172,1,3,8,24,0.25668449197860965,0.21122994652406418,0.9993522421009193,False,0.6798449923319361,0.1390542935451623,False,False,,27.6,,0,[],[],0,False,False,,,82.1,False,,,0.0,,False,27.6,0,,False,[],,False,172.0,57.33,True
0x9d3d4dcf2cbb8e7fc55324d88d72d29d8955df95,tron,USDT,1081756.4075620002,1081756.0,USDT,1081756.4075620002,141,1,8,3,14,0.1872146118721461,0.0502283105022831,0.9999996232405028,False,0.7437631830273963,0.14827340292823926,False,False,,27.6,,0,[],[],0,False,False,,,57.3,False,,,0.0,,False,27.6,0,,False,[],,False,141.0,17.62,True
0x399b071acc25e67bfb80083bbecdeec1c98f9cab,tron,USDT,299999.99999999994,300000.0,USDT,299999.99999999994,111,1,1,1,1,0.0,0.13513513513513514,1.0000000000000002,False,0.7440814594823928,0.14819164261166917,False,False,,27.6,,0,[],[],0,False,False,,,52.3,False,,,0.0,,False,27.6,0,,False,[],,False,111.0,111.0,True
0x206b89c8c740db6ba647a16d6e44daa61754a908,tron,USDT,812950.255654,661812.9349999999,USDT,812950.255654,115,3,10,8,19,0.05172413793103448,0.9137931034482759,0.8140878613385594,False,0.7266275001421285,0.1459392458150034,False,False,,27.6,,0,[],[],0,False,False,,,30.0,False,,,0.0,,False,27.6,0,,False,[],,False,38.33,11.5,False
0xd858ecac2df77d6079063666643a290ba65d99a1,tron,USDT,803679.097651,792975.61,USDT,803679.097651,71,2,6,3,4,0.0,0.29577464788732394,0.9866818887261293,False,0.7477394324758156,0.14855735401436432,False,False,,27.6,,0,[],[],0,False,False,,,15.1,False,,,0.0,,False,27.6,0,,False,[],,False,35.5,11.83,False
0x139109bcba91dc3d67e832839c005b60a88cff2a,tron,USDT,745696.8180999999,513494.0,USDT,745696.8180999999,84,4,6,8,24,0.2601626016260163,0.4634146341463415,0.6886096165843356,False,0.6026773751624336,0.12828032548258622,False,False,,27.6,,0,[],[],0,False,False,,,19.7,False,,,0.0,,False,27.6,0,,False,[],,False,21.0,14.0,False
0x362fde5c9ecb609d0932abaccea91aa06cec21be,tron,USDT,1052546.381,1067321.1,USDT,1052546.381,66,4,14,8,23,0.2,0.7684210526315789,1.0140371191870547,False,0.6286520585554614,0.1319733411895676,False,False,,27.6,,0,[],[],0,False,False,,,12.5,False,,,0.0,,False,27.6,0,,False,[],,False,16.5,4.71,False
0xcc735c1e02c3a49fca283637227ee3f57d8d223d,tron,USDT,383089.2,429435.38,USDT,383089.2,54,5,10,8,12,0.1440677966101695,0.9067796610169492,1.1209801268216384,False,0.7026177209233262,0.1422023005383653,False,False,,27.6,,0,[],[],0,False,False,,,4.3,False,,,0.0,,False,27.6,0,,False,[],,False,10.8,5.4,False
0xc515526b6c0548a8e6441694d6b858eaf52663e4,tron,USDT,40581.6,45307.11,USDT,40581.6,66,7,9,8,20,0.23333333333333334,0.7111111111111111,1.1164446448636822,False,0.5568128953802547,0.12188647172034761,False,False,,27.6,,0,[],[],0,False,False,,,30.2,False,,,0.0,,False,27.6,0,,False,[],,False,9.43,7.33,False
0x7525062ce9224b5a74966ee5a87cae969d09ec0c,tron,USDT,72641.01669799999,71128.406698,USDT,72641.01669799999,50,7,15,8,22,0.1267605633802817,0.2535211267605634,0.9791769158974115,False,0.4293525660390496,0.10342526878802388,False,False,,27.6,,0,[],[],0,False,False,,,0.5,False,,,0.0,,False,27.6,0,,False,[],,False,7.14,3.33,False
0xa2b011f5c18dcc0e5b4bc0e4bf64ad4cce2ad57c,tron,USDT,233703.79820000002,195001.62,USDT,233703.79820000002,59,10,20,8,24,0.2697095435684647,0.016597510373443983,0.8343964518416628,False,0.3592000370802545,0.09327563687460882,False,False,,27.6,,0,[],[],0,False,False,,,25.6,False,,,0.0,,False,27.6,0,,False,[],,False,5.9,2.95,False
0x48e5caa9c645b39426ee241a0ba685520c6063aa,tron,USDT,466316.95292199997,5816.0599999999995,USDT,466316.95292199997,59,14,19,4,22,0.04716981132075472,0.12264150943396226,0.012472332312938324,True,0.14004219662805223,0.06229866030333081,False,False,,27.6,,0,[],[],0,False,False,,,26.8,False,,,0.0,,False,27.6,0,,False,[],,False,4.21,3.11,False
0x8ace4ae242d3d9a5d06d7ae350e19827dcf1c60f,tron,USDT,53549.42999999997,26774.74,USDT,53549.42999999997,162,2,2,2,3,0.006172839506172839,0.0,0.5000004668583777,False,0.6657192278646752,0.1376378417349559,False,False,,27.5,,0,[],[],0,False,False,,,44.8,False,,,0.0,,False,27.5,0,,False,[],,False,81.0,81.0,False
0x647cce45bae80800d6c2b6937a951dec69696261,tron,USDT,63692.92459999999,65592.32,USDT,63692.92459999999,127,4,16,8,24,0.21818181818181817,0.03636363636363636,1.029821136522282,False,0.6226102317536684,0.13167314535885022,False,False,,27.5,,0,[],[],0,False,False,,,58.8,False,,,0.0,,False,27.5,0,,False,[],,False,31.75,7.94,False
0x6e4b5df68b9a3d36e5cb87b2f199f7a74affb912,tron,USDT,1309941.0,1270825.0,USDT,1309941.0,58,2,20,8,24,0.16991643454038996,0.5905292479108635,0.9701391131356297,False,0.5824453024743894,0.1258761878759293,False,False,,27.5,,0,[],[],0,False,False,,,7.4,False,,,0.0,,False,27.5,0,,False,[],,False,29.0,2.9,False
0x7a23f5433f0a069f5ee0b1bf799f3164bfd1d78f,tron,USDT,45313.0,39508.0,USDT,45313.0,80,3,3,2,7,0.1625,0.0,0.8718910687882064,False,0.616953521352041,0.13074296727487406,False,False,,27.5,,0,[],[],0,False,False,,,18.4,False,,,0.0,,False,27.5,0,,False,[],,False,26.67,26.67,False
0xb2b865ffdcfca25559ccaefc894bd7e6e910e556,tron,USDT,117701.799193,121245.021572,USDT,117701.799193,75,6,13,7,14,0.059322033898305086,0.2711864406779661,1.0301033833237336,False,0.7499827174803531,0.14981943325255415,False,False,,27.5,,0,[],[],0,False,False,,,17.5,False,,,0.0,,False,27.5,0,,False,[],,False,12.5,5.77,False
0xb5b73fc1f99a5e0259862d762711154a85be0ae1,tron,USDT,43876.928,43125.0,USDT,43876.928,79,8,12,8,19,0.18604651162790697,0.10077519379844961,0.9828627929466712,False,0.49553310165255016,0.11356902356857707,False,False,,27.5,,0,[],[],0,False,False,,,39.0,False,,,0.0,,False,27.5,2,141318.0,True,[],,False,9.88,6.58,False
0x333879331d8f083f568508f37e4fdfc9070346c9,tron,USDT,361816.22958199994,70000.0,USDT,361816.22958199994,248,1,2,8,24,0.26170798898071623,0.2727272727272727,0.1934683805667584,True,0.4517611347472083,0.10758294413092279,False,False,,27.4,,0,[],[],0,False,False,,,73.0,False,,,0.0,,False,27.4,0,,False,[],,False,248.0,124.0,True
0x9e56e59a5d078f17609e8c8bb18d7e93774483e8,tron,USDT,163205.14,160824.13999999998,USDT,163205.14,168,1,24,8,24,0.19123505976095617,0.5219123505976095,0.9854109986977124,False,0.7356269600280448,0.14844279592281295,False,False,,27.4,,0,[],[],0,False,False,,,84.0,False,,,0.0,,False,27.4,0,,False,[],,False,168.0,7.0,True
0xf1840e186472280eded6dbac81a341ef15038b81,tron,USDT,499548.3,490000.0,USDT,499548.3,60,3,13,8,12,0.1721311475409836,0.8934426229508197,0.9808861325321295,False,0.7564020886192813,0.1511475868797617,False,False,,27.4,,0,[],[],0,False,False,,,9.0,False,,,0.0,,False,27.4,0,,False,[],,False,20.0,4.62,False
0x9cba6e7ee8aa48a9e33be5692a54467728852499,tron,USDT,1147254.51,1210000.0,USDT,1147254.51,55,4,13,5,19,0.20253164556962025,0.26582278481012656,1.0546918660620475,False,0.509044656062092,0.11595951821186812,False,False,,27.4,,0,[],[],0,False,False,,,5.2,False,,,0.0,,False,27.4,0,,False,[],,False,13.75,4.23,False
0xc2bfb160e7935f2752465635c08459739a4960ea,tron,USDT,790150.5709820002,260000.0,USDT,790150.5709820002,245,1,3,8,24,0.3076923076923077,0.3925729442970822,0.32905120814741884,True,0.5048004834623221,0.11592812991238582,False,False,,27.3,,0,[],[],0,False,False,,,70.8,False,,,0.0,,False,27.3,0,,False,[],,False,245.0,81.67,True
0xdb1a5d9ef307943253e8f42187d618e5eeca994b,tron,USDT,539049.668,398420.57487,USDT,539049.668,127,1,1,8,21,0.25252525252525254,0.4696969696969697,0.7391166315865351,False,0.6556722868603702,0.13750547651365308,False,False,,27.3,,0,[],[],0,False,False,,,55.9,False,,,0.0,,False,27.3,0,,False,[],,False,127.0,127.0,True
0xfe28bef90bdded12d7e738da041c063821b37754,tron,USDT,33999.99999999999,34000.0,USDT,33999.99999999999,57,1,1,1,1,0.0,0.19298245614035087,1.0000000000000002,False,0.6109885447602884,0.13105670214601717,False,False,,27.3,,0,[],[],0,False,False,,,58.8,False,,,0.0,,False,27.3,0,,False,[],,False,57.0,57.0,True
0x00e2c670ee8f8dce912ac5434c9698b7402ad2af,tron,USDT,123756.68080199996,124601.717,USDT,123756.68080199996,172,4,11,8,24,0.24882629107981222,0.014084507042253521,1.006828206707903,False,0.6399792886541767,0.13512925684040517,False,False,,27.3,,0,[],[],0,False,False,,,62.4,False,,,0.0,,False,27.3,2,141282.0,True,[],,False,43.0,15.64,False
0x90efc2fe26a96e6617a3c715dc5bce03ef610c01,tron,USDT,56555.488,43600.0,USDT,56555.488,78,5,10,3,13,0.21739130434782608,0.0,0.7709243000431718,False,0.5929417543658682,0.1287293614428554,False,False,,27.3,,0,[],[],0,False,False,,,48.0,False,,,0.0,,False,27.3,0,,False,[],,False,15.6,7.8,False
0x08ddf2297b7c1591e741696726af6803526d2c71,tron,USDT,25803.474000000006,22300.0,USDT,25803.474000000006,57,4,7,5,14,0.18023255813953487,0.0,0.8642247164083408,False,0.5301423552460297,0.11935079805877019,False,False,,27.3,,0,[],[],0,False,False,,,36.8,False,,,0.0,,False,27.3,0,,False,[],,False,14.25,8.14,False
0x4693a675fcaed52444458e83715c802de8797015,tron,USDT,46379.708159,64307.613,USDT,46379.708159,85,7,11,7,2,0.0,0.12222222222222222,1.3865463055424827,False,0.5954527244663868,0.1287449054861422,False,False,,27.3,,0,[],[],0,False,False,,,21.4,False,,,0.0,,False,27.3,0,,False,[],,False,12.14,7.73,False
0x8d65a38726e8b1f150d6ccd224249c568d9b5186,tron,USDT,132097.02993,187500.0,USDT,132097.02993,55,6,8,6,10,0.0,0.10526315789473684,1.4194111714650874,False,0.5228848424995154,0.11834384001369114,False,False,,27.3,,0,[],[],0,False,False,,,5.2,False,,,0.0,,False,27.3,0,,False,[],,False,9.17,6.88,False
0x1fa39d23c50af93b64663286d65c09362a244612,tron,USDT,763902.5770000002,563885.0,USDT,763902.5770000002,67,8,12,8,24,0.11510791366906475,0.8273381294964028,0.7381635001343894,False,0.5362835273497459,0.1201447486229818,False,False,,27.3,,0,[],[],0,False,False,,,13.3,False,,,0.0,,False,27.3,0,,False,[],,False,8.38,5.58,False
0x90e974aad3b49de513d932f006f1c9ac9da0d616,tron,USDT,820887.581448,778584.0,USDT,820887.581448,204,1,8,8,22,0.18604651162790697,0.22790697674418606,0.9484660477219318,False,0.6835625349580478,0.1417313498322869,False,False,,27.2,,0,[],[],0,False,False,,,60.7,False,,,0.0,,False,27.2,0,,False,[],,False,204.0,25.5,True
0xae7b33ebb3a1e73e0ec8b995e8b69e1d2483fa05,tron,USDT,147040.706456,100000.0,USDT,147040.706456,166,1,1,8,24,0.14317180616740088,0.0022026431718061676,0.6800837836692771,False,0.5130214236833676,0.11784641161387055,False,False,,27.2,,0,[],[],0,False,False,,,85.6,False,,,0.0,,False,27.2,0,,False,[],,False,166.0,166.0,True
0x1e3e878a8163cca331e577df5cf7509346c2cfe4,tron,USDT,132519.0,132519.0,USDT,132519.0,73,1,1,1,1,0.0,0.410958904109589,1.0,False,0.7299533305048791,0.14838301735544562,False,False,,27.2,,0,[],[],0,False,False,,,63.4,False,,,0.0,,False,27.2,0,,False,[],,False,73.0,73.0,True
0xa0821dc583f6acf2c73f943c053b5bf6a752d092,tron,USDT,69774.70000000001,41066.3,USDT,69774.70000000001,53,2,2,4,13,0.018867924528301886,0.5094339622641509,0.5885557372514679,False,0.6188142446076971,0.13269860347983842,False,False,,27.2,,0,[],[],0,False,False,,,3.4,False,,,0.0,,False,27.2,0,,False,[],,False,26.5,26.5,False
0xaae4c4cbf73a69db1764aafc51a5e88be7aafa34,tron,USDT,547725.09,562760.0,USDT,547725.09,53,5,8,8,19,0.288,0.672,1.0274497376046805,False,0.5561349994455468,0.12405782760738582,False,False,,27.2,,0,[],[],0,False,False,,,3.4,False,,,0.0,,False,27.2,0,,False,[],,False,10.6,6.62,False
0x42c32641635d558a24cf2926b8fbea73abb086dd,tron,USDT,31581.240519000003,34829.001000000004,USDT,31581.240519000003,55,6,14,7,20,0.039473684210526314,0.2894736842105263,1.1028382808156656,False,0.5051854197808636,0.11656504519946559,False,False,,27.2,,0,[],[],0,False,False,,,27.3,False,,,0.0,,False,27.2,0,,False,[],,False,9.17,3.93,False
0x525b6cb0d9e2cbb094f2316c782a8ebee9375ed0,tron,USDT,64235.002002,30905.0,USDT,64235.002002,53,7,11,7,18,0.15254237288135594,0.4745762711864407,0.48112398282540336,True,0.44367918774030346,0.10792818508165469,False,False,,27.2,,0,[],[],0,False,False,,,3.4,False,,,0.0,,False,27.2,2,141354.0,True,[],,False,7.57,4.82,False
0xbf7d30618135a0386851ce426cbf5aae09452a43,tron,USDT,1649649.2181129998,1303087.3199999998,USDT,1649649.2181129998,128,1,11,8,22,0.05825242718446602,0.30097087378640774,0.7899178235543766,False,0.6369186516858435,0.13569342051678251,False,False,,27.1,,0,[],[],0,False,False,,,56.0,False,,,0.0,,False,27.1,0,,False,[],,False,128.0,11.64,True
0xe408bb22e0b61a5c0aa4678ff1c1473351b72d4e,tron,USDT,19600.277327999996,19000.0,USDT,19600.277327999996,52,1,6,7,5,0.0,0.4528301886792453,0.9693740390528827,False,0.6310831234660708,0.13505557406718033,False,False,,27.1,,0,[],[],0,False,False,,,34.6,False,,,0.0,,False,27.1,0,,False,[],,False,52.0,8.67,True
0x48b5bfb29b1571cd41d67312e23ffc80f54905f9,tron,USDT,397561.92921000015,416360.0,USDT,397561.92921000015,114,3,20,8,20,0.218436873747495,0.05410821643286573,1.0472833775290147,False,0.6062836723940698,0.13171122376509692,False,False,,27.1,,0,[],[],0,False,False,,,34.1,False,,,0.0,,False,27.1,0,,False,[],,False,38.0,5.7,False
0x2a15296cc4fe3d09556dd085c73e6be651e0a6d8,tron,USDT,213500.413032,307500.0,USDT,213500.413032,104,5,6,8,6,0.08396946564885496,0.33587786259541985,1.4402782441170785,False,0.752886226441752,0.1522831824516741,False,False,,27.1,,0,[],[],0,False,False,,,26.4,False,,,0.0,,False,27.1,0,,False,[],,False,20.8,17.33,False
0x2ec897dcd036fdcf5b9087f729ba09a55a93f974,tron,USDT,85826.16833400002,87856.47133599999,USDT,85826.16833400002,77,7,18,8,24,0.09090909090909091,0.2,1.0236559902581095,False,0.5382259508664944,0.12203509186423744,False,False,,27.1,,0,[],[],0,False,False,,,46.3,False,,,0.0,,False,27.1,0,,False,[],,False,11.0,4.28,False
0x5911e672c11123317a1adbd1165e2543c31da414,tron,USDT,562366.52,589234.049999,USDT,562366.52,175,1,3,7,24,0.15789473684210525,0.24458204334365324,1.0477758348754476,False,0.6802623977258014,0.14281480394854046,False,False,,27.0,,0,[],[],0,False,False,,,82.0,False,,,0.0,,False,27.0,0,,False,[],,False,175.0,58.33,True
0xce5f54b49bfc8c4791a3079fb28c5f188b50be69,tron,USDT,39069.543,39202.143000000004,USDT,39069.543,119,1,24,8,24,0.24516129032258063,0.14193548387096774,1.0033939480684482,False,0.6135129795844435,0.13292251557218843,False,False,,27.0,,0,[],[],0,False,False,,,82.8,False,,,0.0,,False,27.0,0,,False,[],,False,119.0,4.96,True
0xef19e5999777c8a094f12488c45aff80214be018,tron,USDT,47591.131014,47000.0,USDT,47591.131014,109,1,2,2,2,0.0,0.5688073394495413,0.9875789668914129,False,0.836209047514897,0.16488747614397892,False,False,,27.0,,0,[],[],0,False,False,,,60.5,False,,,0.0,,False,27.0,0,,False,[],,False,109.0,54.5,True
0xf30048e7adc028b5e18f4505f4e6a4816c158891,tron,USDT,664020.2,664020.2,USDT,664020.2,157,2,14,8,24,0.24242424242424243,0.2787878787878788,1.0,False,0.7397751378871448,0.15107453520937314,False,False,,27.0,,0,[],[],0,False,False,,,41.0,False,,,0.0,,False,27.0,0,,False,[],,False,78.5,11.21,False
0x4380dc7ce14400522d12f1acbf7792365a8a6692,tron,USDT,320122.32,305300.0,USDT,320122.32,153,2,19,8,18,0.34415584415584416,0.4155844155844156,0.9536979489590104,False,0.7578375957315561,0.15355371964852826,False,False,,27.0,,0,[],[],0,False,False,,,34.7,False,,,0.0,,False,27.0,0,,False,[],,False,76.5,8.05,False
0x575fd800795b00086b407fc805d40d06c7f47b95,tron,USDT,157345.94,153696.0,USDT,157345.94,51,4,8,8,15,0.09195402298850575,0.5517241379310345,0.9768030875153182,False,0.6864934134300896,0.14356002906821919,False,False,,27.0,,0,[],[],0,False,False,,,23.5,False,,,0.0,,False,27.0,0,,False,[],,False,12.75,6.38,False
0x40ab3fa1b2946803af31fdf30d9fbb51387b6f60,tron,USDT,358687.026,520103.0,USDT,358687.026,50,4,5,8,5,0.009174311926605505,0.8440366972477065,1.450018992323408,False,0.6063474955531377,0.13218644273008756,False,False,,27.0,,0,[],[],0,False,False,,,0.5,False,,,0.0,,False,27.0,0,,False,[],,False,12.5,10.0,False
0xf5f28fe9698e166f2a449ffa7ae1b1b652dad8b6,tron,USDT,91415.12296100002,210866.94,USDT,91415.12296100002,53,15,19,8,22,0.11403508771929824,0.2543859649122807,2.3066964542613055,False,0.2546881629189648,0.08201438932137461,False,False,,27.0,,0,[],[],0,False,False,,,29.8,False,,,0.0,,False,27.0,0,,False,[],,False,3.53,2.79,False
0xb1d3d3ed388d21aceb4aeea64d1db3222e1cd945,tron,USDT,162485.02354200004,140000.0,USDT,162485.02354200004,207,2,4,8,24,0.04938271604938271,0.16049382716049382,0.8616178706698591,False,0.6920096157122493,0.14492074647541242,False,False,,26.9,,0,[],[],0,False,False,,,37.4,False,,,0.0,,False,26.9,0,,False,[],,False,103.5,51.75,False
0x6838055f3127b15031a02c502f0916b9969bc43d,tron,USDT,164336.83092199996,151000.0,USDT,164336.83092199996,136,2,5,8,24,0.18855218855218855,0.22895622895622897,0.9188445411343602,False,0.6987880002930579,0.14570341980628498,False,False,,26.9,,0,[],[],0,False,False,,,55.4,False,,,0.0,,False,26.9,0,,False,[],,False,68.0,27.2,False
0x021ef99d15d83c40481a8e01d30c009dfbde4907,tron,USDT,36601.436821,39211.74,USDT,36601.436821,143,3,5,8,19,0.17142857142857143,0.10857142857142857,1.0713169592703622,False,0.6533861626643832,0.1392850102018639,False,False,,26.9,,0,[],[],0,False,False,,,62.3,False,,,0.0,,False,26.9,0,,False,[],,False,47.67,28.6,False
0x7321e9595284786113a49627f131fd9319055496,tron,USDT,795207.0,720000.0,USDT,795207.0,91,3,10,8,24,0.328719723183391,0.8996539792387543,0.9054246252862462,False,0.685157899176893,0.14372084962429899,False,False,,26.9,,0,[],[],0,False,False,,,21.8,False,,,0.0,,False,26.9,0,,False,[],,False,30.33,9.1,False
0x6c4c0a73ab1115d443262d62f025537e0e875493,tron,USDT,559775.9432679999,553000.0,USDT,559775.9432679999,184,1,5,8,23,0.19148936170212766,0.36524822695035464,0.9878952581841198,False,0.7161195692439516,0.14864645345956717,False,False,,26.8,,0,[],[],0,False,False,,,59.9,False,,,0.0,,False,26.8,0,,False,[],,False,184.0,36.8,True
0x27cf36fc09894c4dae77409ddca5e30b67802889,tron,USDT,277236.178239,274088.47823899996,USDT,277236.178239,125,1,5,8,24,0.17486338797814208,0.273224043715847,0.9886461427220857,False,0.6646999540429323,0.1414142205489426,False,False,,26.8,,0,[],[],0,False,False,,,60.8,False,,,0.0,,False,26.8,0,,False,[],,False,125.0,25.0,True
0xd21a32d6be1aaf1f5d453957a0e1e19eab2a685d,tron,USDT,21738.3,18800.0,USDT,21738.3,107,1,4,8,17,0.2033898305084746,0.5932203389830508,0.864833036621999,False,0.8084990638369157,0.161765548570231,False,False,,26.8,,0,[],[],0,False,False,,,77.6,False,,,0.0,,False,26.8,0,,False,[],,False,107.0,26.75,True
0x9f87ed1b2df308047f0ea9d7614b11403575fd08,tron,USDT,506791.1002209999,507837.10022100003,USDT,506791.1002209999,100,2,10,7,24,0.22020725388601037,0.14248704663212436,1.0020639667893616,False,0.6187216996417035,0.13512513754377126,False,False,,26.8,,0,[],[],0,False,False,,,34.8,False,,,0.0,,False,26.8,0,,False,[],,False,50.0,10.0,False
0x4e1f407f54e1d0a076370c34d5da59888e156b64,tron,USDT,137774.57422799995,136300.0,USDT,137774.57422799995,105,3,14,8,24,0.13896848137535817,0.0,0.9892971962623545,False,0.5515293586415247,0.12568694132976743,False,False,,26.8,,0,[],[],0,False,False,,,52.1,False,,,0.0,,False,26.8,0,,False,[],,False,35.0,7.5,False
0xdfc8d7eb1bd2b78b7ce225e5a48fdb9344c7b809,tron,USDT,35584.2,49962.0,USDT,35584.2,67,3,3,8,16,0.14634146341463414,0.17073170731707318,1.4040501121284166,False,0.6192111909811898,0.13490246564999558,False,False,,26.8,,0,[],[],0,False,False,,,39.7,False,,,0.0,,False,26.8,0,,False,[],,False,22.33,22.33,False
0x93351186ca2586f7963252ecea5488a3d37acac3,tron,USDT,46866.11000000001,23988.17,USDT,46866.11000000001,78,6,6,7,4,0.0,0.0,0.5118446997201175,False,0.5411258343012573,0.12398579420826206,False,False,,26.8,,0,[],[],0,False,False,,,17.9,False,,,0.0,,False,26.8,0,,False,[],,False,13.0,13.0,False
0xbd7f36e9d7f7760b869eae6acce4ce550398f8e7,tron,USDT,39427.67,640.0,USDT,39427.67,53,5,5,8,18,0.16455696202531644,0.12658227848101267,0.0162322551649641,True,0.3070224374564124,0.09082101906505802,False,False,,26.8,,0,[],[],0,False,False,,,11.9,False,,,0.0,,False,26.8,0,,False,[],,False,10.6,10.6,False
0x6144da130abd55f1f28ae9d1018d8d442b2cbfe8,tron,USDT,57637.710147,80849.1,USDT,57637.710147,83,8,12,8,23,0.216,0.496,1.402711866828182,False,0.5359404437747963,0.12319220425476074,False,False,,26.8,,0,[],[],0,False,False,,,28.2,False,,,0.0,,False,26.8,0,,False,[],,False,10.38,6.92,False
0x220da3d6602bd3c6e49b3c98786fa9daef09ac6d,tron,USDT,300302.75,328826.0,USDT,300302.75,50,7,16,8,24,0.15286624203821655,0.6178343949044586,1.094981647687209,False,0.4703969670259863,0.1136509611749047,False,False,,26.8,,0,[],[],0,False,False,,,0.5,False,,,0.0,,False,26.8,0,,False,[],,False,7.14,3.12,False
0x5a13827627b48f5ef7e7c240578ff4b11471a313,tron,USDT,139458.240555,87208.0,USDT,139458.240555,56,10,16,8,16,0.2857142857142857,0.24675324675324675,0.6253341477200598,False,0.39681057158898436,0.10327654955999166,False,False,,26.8,,0,[],[],0,False,False,,,6.0,False,,,0.0,,False,26.8,0,,False,[],,False,5.6,3.5,False
0x603b614e916d569b697441e790497ae275ef16a1,tron,USDT,205227.39836999998,205051.27281299996,USDT,205227.39836999998,124,4,8,4,5,0.9758064516129032,0.4032258064516129,0.9991418029054654,False,0.7435916189603888,0.15357590519285985,False,False,,26.7,,0,[],[],0,False,False,,,31.9,False,,,0.0,,False,26.7,0,,False,[],,False,31.0,15.5,False
0x665a540df7d192e1ef5d0b4abefe13bcb76c2eb3,tron,USDT,408830.93,375331.0,USDT,408830.93,90,3,18,8,17,0.24431818181818182,0.2215909090909091,0.9180592084850332,False,0.7614014047008251,0.1558506997243393,False,False,,26.7,,0,[],[],0,False,False,,,21.5,False,,,0.0,,False,26.7,0,,False,[],,False,30.0,5.0,False
0x5e74d588a7ef5ad340015b544209306c2510e687,tron,USDT,194572.81638699997,204879.5,USDT,194572.81638699997,109,5,6,8,22,0.10344827586206896,0.14482758620689656,1.0529708301723932,False,0.6354813536939897,0.1379082330425826,False,False,,26.7,,0,[],[],0,False,False,,,37.7,False,,,0.0,,False,26.7,0,,False,[],,False,21.8,18.17,False
0x2437f0bf6918172801962f5343ea0fcbd69eb296,tron,USDT,33347.701157999996,81614.145551,USDT,33347.701157999996,79,4,4,8,7,0.03333333333333333,0.5444444444444444,2.447369465268854,False,0.6124946966482817,0.13461196758347754,False,False,,26.7,,0,[],[],0,False,False,,,40.2,False,,,0.0,,False,26.7,0,,False,[],,False,19.75,19.75,False
0xc4785418faa05147e38431b63316c125d9655336,tron,USDT,182570.588001,178710.091284,USDT,182570.588001,71,6,18,8,18,0.05154639175257732,0.1134020618556701,0.9788547719582364,False,0.6785032411969083,0.14403163403264874,False,False,,26.7,,0,[],[],0,False,False,,,15.1,False,,,0.0,,False,26.7,0,,False,[],,False,11.83,3.94,False
0xe31872f468aa8977749c8c1be7f58b57e67f63c7,tron,USDT,285725.73023,210000.0,USDT,285725.73023,190,1,1,8,20,0.19844357976653695,0.08560311284046693,0.7349705601625615,False,0.5737017912858003,0.12979087443712423,False,False,,26.6,,0,[],[],0,False,False,,,65.7,False,,,0.0,,False,26.6,0,,False,[],,False,190.0,190.0,True
0x9b56b03e83291646e8dd6a382140ce78b78e4c19,tron,USDT,26562.41,34308.747,USDT,26562.41,186,2,5,5,17,0.2849462365591398,0.0,1.2916277928094628,False,0.5652213230672971,0.1286871803072463,False,False,,26.6,,0,[],[],0,False,False,,,59.1,False,,,0.0,,False,26.6,0,,False,[],,False,93.0,37.2,False
0x9c5265e66a953537478660bd8a2163ab238690de,tron,USDT,19982.0,20000.0,USDT,19982.0,56,1,2,7,16,0.171875,0.40625,1.0009008107296566,False,0.6561414331022656,0.14166579687259323,False,False,,26.6,,0,[],[],0,False,False,,,45.5,False,,,0.0,,False,26.6,0,,False,[],,False,56.0,28.0,True
0x412ef31e9ca1a32e24b7f450029d7b113dbb0974,tron,USDT,315923.9293929999,201348.5,USDT,315923.9293929999,136,4,5,7,24,0.29081632653061223,0.17346938775510204,0.6373322223069987,False,0.6243268602441745,0.13712153609973765,False,False,,26.6,,0,[],[],0,False,False,,,33.2,False,,,0.0,,False,26.6,0,,False,[],,False,34.0,27.2,False
0xb0605264f98b6c186a27297904d6988b328454ab,tron,USDT,161528.25400000002,161800.0,USDT,161528.25400000002,89,3,25,6,24,0.2146341463414634,0.004878048780487805,1.0016823434493385,False,0.5229982788705906,0.12271520903497346,False,False,,26.6,,0,[],[],0,False,False,,,35.6,False,,,0.0,,False,26.6,0,,False,[],,False,29.67,3.56,False
0xee093a173bfd5a154002bf8507900d8be1575ac3,tron,USDT,26757.467999999997,40645.0,USDT,26757.467999999997,84,3,3,8,16,0.12371134020618557,0.041237113402061855,1.5190151773702953,False,0.5843810968975999,0.13115546890576973,False,False,,26.6,,0,[],[],0,False,False,,,40.2,False,,,0.0,,False,26.6,0,,False,[],,False,28.0,28.0,False
0x6f88701d6739f9ed789bcf72ddd7b5dc9032b6d7,tron,USDT,119589.328682,119589.245551,USDT,119589.328682,91,6,11,2,6,0.0,0.0,0.9999993048627255,False,0.6671402937260453,0.1428341198704029,False,False,,26.6,,0,[],[],0,False,False,,,21.8,False,,,0.0,,False,26.6,0,,False,[],,False,15.17,8.27,False
0x2c568c273f5ff64d584a758182a8db968cb34367,tron,USDT,151569.967567,205498.44,USDT,151569.967567,71,7,9,2,2,0.0,0.1625,1.355799194910835,False,0.5877073650908071,0.1319398927265487,False,False,,26.6,,0,[],[],0,False,False,,,39.4,False,,,0.0,,False,26.6,0,,False,[],,False,10.14,7.89,False
0xaac20f544c781e8c3888ac82a91d870c409ca957,tron,USDT,18438.36,4466.0,USDT,18438.36,51,6,6,7,17,0.27586206896551724,0.034482758620689655,0.2422124310405047,True,0.15100930843975136,0.06949918206712574,False,False,,26.6,,0,[],[],0,False,False,,,6.7,False,,,0.0,,False,26.6,0,,False,[],,False,8.5,8.5,False
0xc6821b38dd871b15a70d5f95d30099eeb8281bb0,tron,USDT,23208.0,1200.0,USDT,23208.0,72,1,1,8,13,0.23076923076923078,0.24175824175824176,0.05170630816959669,True,0.4006467346928926,0.1054410607969527,False,False,,26.5,,0,[],[],0,False,False,,,56.8,False,,,0.0,,False,26.5,0,,False,[],,False,72.0,72.0,True
0x8f5d8172c9f39dd12a9c93ee418c20dbf9c79cf6,tron,USDT,200000.11785599997,200000.0,USDT,200000.11785599997,66,1,1,1,1,0.0,0.25757575757575757,0.9999994107203474,False,0.6719769716646464,0.14415595017580635,False,False,,26.5,,0,[],[],0,False,False,,,36.1,False,,,0.0,,False,26.5,0,,False,[],,False,66.0,66.0,True
0xd3aaef7fec4e52a9811b3c7b84c98edf6f262542,tron,USDT,14933.251524,4000.0,USDT,14933.251524,92,2,2,1,1,1.0,0.7934782608695652,0.2678586102679241,True,0.4553324348240558,0.11321099389312439,False,False,,26.5,,0,[],[],0,False,False,,,48.5,False,,,0.0,,False,26.5,0,,False,[],,False,46.0,46.0,False
0xee9d9a3914519b2f2bbba5b81896ad2ce89a2327,tron,USDT,1129832.46001,1374000.0,USDT,1129832.46001,85,2,14,8,24,0.22186495176848875,0.8553054662379421,1.2161095105975614,False,0.6455349922377215,0.1405199185714851,False,False,,26.5,,0,[],[],0,False,False,,,19.9,False,,,0.0,,False,26.5,0,,False,[],,False,42.5,6.07,False
0xdcdf66b22ab4066fe924f46848e97f2f193e576e,tron,USDT,820614.898351,901084.698351,USDT,820614.898351,99,4,9,8,12,0.47692307692307695,0.4846153846153846,1.0980603693178146,False,0.6815334501075868,0.14589386294557682,False,False,,26.5,,0,[],[],0,False,False,,,24.3,False,,,0.0,,False,26.5,0,,False,[],,False,24.75,11.0,False
0x375fb7b5108b768837f9391b467912662c558280,tron,USDT,396629.914068,9270.5,USDT,396629.914068,140,7,12,5,24,0.11326860841423948,0.12297734627831715,0.02337317401231271,True,0.32790331532855505,0.09551410429349938,False,False,,26.5,,0,[],[],0,False,False,,,59.2,False,,,0.0,,False,26.5,0,,False,[],,False,20.0,11.67,False
0x6bd198b7dd9d913a7c272533592766533aa2d6d0,tron,USDT,249974.22757199997,240619.2,USDT,249974.22757199997,74,5,19,8,24,0.2764976958525346,0.3686635944700461,0.9625760316858848,False,0.6169106242412924,0.1364303938653017,False,False,,26.5,,0,[],[],0,False,False,,,16.4,False,,,0.0,,False,26.5,0,,False,[],,False,14.8,3.89,False
0xfd3ddb81c532944f99fdd3fe88a2bb911721ea2e,tron,USDT,287719.50825500005,287705.8283,USDT,287719.50825500005,58,5,8,3,17,0.02631578947368421,0.20175438596491227,0.9999524538496433,False,0.6688279960732805,0.14386661001255396,False,False,,26.5,,0,[],[],0,False,False,,,26.2,False,,,0.0,,False,26.5,0,,False,[],,False,11.6,7.25,False
0xe56f575f9ff26676065a5795cd8f4cd2c9d7edb9,tron,USDT,95523.62395600001,109535.68000000002,USDT,95523.62395600001,62,8,13,8,24,0.18439716312056736,0.2978723404255319,1.1466868138341801,False,0.4859787169955738,0.1175885943589865,False,False,,26.5,,0,[],[],0,False,False,,,28.7,False,,,0.0,,False,26.5,0,,False,[],,False,7.75,4.77,False
0xb0f75ad516e8c5ff57a3c5b7fb45bf1747352c52,tron,USDT,269928.271,262896.0,USDT,269928.271,53,9,14,8,23,0.27380952380952384,0.023809523809523808,0.973947630702232,False,0.356520540141295,0.0994648664151499,False,False,,26.5,,0,[],[],0,False,False,,,3.4,False,,,0.0,,False,26.5,0,,False,[],,False,5.89,3.79,False
0x64e31bce224a668f90fad1b066234d09a950747c,tron,USDT,738426.577266,706776.0,USDT,738426.577266,201,1,6,8,24,0.27751196172248804,0.21052631578947367,0.9571378140489131,False,0.6793147074852175,0.14569756034312015,False,False,,26.4,,0,[],[],0,False,False,,,60.6,False,,,0.0,,False,26.4,0,,False,[],,False,201.0,33.5,True
0xcbd5b991497e25640f77a80f183a9c11dedaf7c4,tron,USDT,77460.55623500003,49000.0,USDT,77460.55623500003,145,1,3,8,24,0.10385756676557864,0.11572700296735905,0.6325800172586378,False,0.548853720889148,0.12725789657317693,False,False,,26.4,,0,[],[],0,False,False,,,84.6,False,,,0.0,,False,26.4,0,,False,[],,False,145.0,48.33,True
0x1e08102766e0d6fff13af7cdbb3c2b0c18ee3f49,tron,USDT,1031357.4160000002,1028877.0,USDT,1031357.4160000002,125,1,7,6,15,0.19909502262443438,0.058823529411764705,0.9975949986284869,False,0.7337574384189516,0.15340120952580266,False,False,,26.4,,0,[],[],0,False,False,,,55.6,False,,,0.0,,False,26.4,0,,False,[],,False,125.0,17.86,True
0x3172f25d3fe3430c404fadb56f0638531fd7e2ae,tron,USDT,196548.53999999995,201901.0,USDT,196548.53999999995,242,2,11,8,24,0.18674698795180722,0.0030120481927710845,1.0272322551976223,False,0.6414139647432503,0.14026874317771487,False,False,,26.4,,0,[],[],0,False,False,,,60.6,False,,,0.0,,False,26.4,0,,False,[],,False,121.0,22.0,False
0xb80b37f48579f4ee2375fbb43078d0eb4cfc49cf,tron,USDT,130148.36,122489.18,USDT,130148.36,208,2,10,8,24,0.2074074074074074,0.4444444444444444,0.9411503917529195,False,0.7798083558219459,0.16011552996388223,False,False,,26.4,,0,[],[],0,False,False,,,63.9,False,,,0.0,,False,26.4,0,,False,[],,False,104.0,20.8,False
0xb90b52944d9bc3926bed6b0bb0a0471b834e1935,tron,USDT,10433.634508,8370.634508,USDT,10433.634508,71,1,2,4,24,0.21428571428571427,0.2857142857142857,0.8022740782784568,False,0.5074637252865781,0.12137719519031304,False,False,,26.4,,0,[],[],0,False,False,,,66.8,False,,,0.0,,False,26.4,0,,False,[],,False,71.0,35.5,True
0x5c362fc577e32073f134565451789c8e8ba50e07,tron,USDT,1317410.0,700000.0,USDT,1317410.0,62,1,1,8,23,0.1485148514851485,0.9603960396039604,0.5313455947654868,False,0.47775830011559206,0.11698343337372064,False,False,,26.4,,0,[],[],0,False,False,,,33.7,False,,,0.0,,False,26.4,0,,False,[],,False,62.0,62.0,True
0x2ced221d7689c0433700ed91ea987c6b8066d304,tron,USDT,1278553.307626,1273000.0,USDT,1278553.307626,56,1,13,8,12,0.4897959183673469,0.19387755102040816,0.995656569348437,False,0.4556862565934888,0.11383069529868833,False,False,,26.4,,0,[],[],0,False,False,,,29.6,False,,,0.0,,False,26.4,0,,False,[],,False,56.0,4.31,True
0xa5b61617a40f2809357f9ee92e88f3e8df4000bb,tron,USDT,281749.806,309730.0,USDT,281749.806,97,2,15,8,17,0.15,0.13333333333333333,1.099308654004894,False,0.7346567248630008,0.153850712928781,False,False,,26.4,,0,[],[],0,False,False,,,23.5,False,,,0.0,,False,26.4,0,,False,[],,False,48.5,6.47,False
0x4c6a2f7d416f529078c707576abaa13ed057c551,tron,USDT,132400.158834,136300.0,USDT,132400.158834,102,4,7,5,7,0.0,0.06097560975609756,1.02945495836519,False,0.7318264457474117,0.15362236877447394,False,False,,26.4,,0,[],[],0,False,False,,,51.4,False,,,0.0,,False,26.4,0,,False,[],,False,25.5,14.57,False
0x90e0a8295faf777177e42168f1a21ee5f7b0bf36,tron,USDT,206186.2954599999,196857.0,USDT,206186.2954599999,149,6,13,8,22,0.14093959731543623,0.0738255033557047,0.9547530768755201,False,0.6476540519470175,0.1411333272771132,False,False,,26.4,,0,[],[],0,False,False,,,34.4,False,,,0.0,,False,26.4,0,,False,[],,False,24.83,11.46,False
0xd92541970ebac760c278f149cbb26ca0b097b030,tron,USDT,134086.9938,125800.0,USDT,134086.9938,72,3,16,5,9,0.0759493670886076,0.13924050632911392,0.9381968857295688,False,0.6882757793521082,0.1472212939772627,False,False,,26.4,,0,[],[],0,False,False,,,15.6,False,,,0.0,,False,26.4,2,141306.0,True,[],,False,24.0,4.5,False
0x1fada511bebc8f01480584c4498287bea814225a,tron,USDT,329806.22,363610.25,USDT,329806.22,108,5,17,8,22,0.27014218009478674,0.6966824644549763,1.1024966418159126,False,0.721460790431896,0.15211476725652168,False,False,,26.4,,0,[],[],0,False,False,,,28.0,False,,,0.0,,False,26.4,0,,False,[],,False,21.6,6.35,False
0x323bd419695ee97e623602f8a5eb9ac3a66411aa,tron,USDT,820077.6912829999,827957.5187899999,USDT,820077.6912829999,130,1,9,1,7,0.0,0.06923076923076923,1.0096086353655982,False,0.7414596899824595,0.1555720259380956,False,False,,26.3,,0,[],[],0,False,False,,,85.7,False,,,0.0,,False,26.3,0,,False,[],,False,130.0,14.44,True
0xfc50586f2970d77585fce5ddd87b61b448753bee,tron,USDT,631056.5913099999,650000.0,USDT,631056.5913099999,190,2,3,8,23,0.2736842105263158,0.0,1.030018557686999,False,0.6186886940629397,0.13781059358980846,False,False,,26.3,,0,[],[],0,False,False,,,36.6,False,,,0.0,,False,26.3,0,,False,[],,False,95.0,63.33,False
0x9d25a013fca588e5e652895145572f550dd5079d,tron,USDT,1354223.0,1326000.0,USDT,1354223.0,74,1,16,8,24,0.2328767123287671,0.7431506849315068,0.9791592669744938,False,0.6049324049434776,0.13573934587386122,False,False,,26.3,,0,[],[],0,False,False,,,40.0,False,,,0.0,,False,26.3,0,,False,[],,False,74.0,4.62,True
0x15de40471e1398b203aaa87fb8fe242e543c6995,tron,USDT,432405.647459,359269.937943,USDT,432405.647459,112,5,14,8,19,0.2857142857142857,0.5625,0.8308631953681072,False,0.7100207510804099,0.1508012180671479,False,False,,26.3,,0,[],[],0,False,False,,,29.1,False,,,0.0,,False,26.3,0,,False,[],,False,22.4,8.0,False
0xe203a8a201e01bc5fa634d273d2a8b020d1e0944,tron,USDT,145358.73001499998,141300.0,USDT,145358.73001499998,59,3,16,7,7,0.0,0.07352941176470588,0.9720778379490441,False,0.6104953299996518,0.13678970886941005,False,False,,26.3,,0,[],[],0,False,False,,,8.2,False,,,0.0,,False,26.3,0,,False,[],,False,19.67,3.69,False
0x28c13cb80454535682a291cfe2d15228bce249f1,tron,USDT,123724.610954,162834.0,USDT,123724.610954,110,6,11,8,21,0.05701754385964912,0.42105263157894735,1.3161003194468772,False,0.6604328847741799,0.1439491497143242,False,False,,26.3,,0,[],[],0,False,False,,,37.4,False,,,0.0,,False,26.3,0,,False,[],,False,18.33,10.0,False
0x4c284f8852659633331f41ac8215e09fa41ecb90,tron,USDT,24593.002399999998,8797.0,USDT,24593.002399999998,54,7,9,8,18,0.16417910447761194,0.014925373134328358,0.3577033766320456,True,0.2833565429547502,0.09025816001234604,False,False,,26.3,,0,[],[],0,False,False,,,18.4,False,,,0.0,,False,26.3,0,,False,[],,False,7.71,6.0,False
0xd6a3087e41ce22e69223f63027ec09ef6bfd6a8c,tron,USDT,84161.36889100003,81377.44,USDT,84161.36889100003,222,1,3,8,20,0.04526748971193416,0.00411522633744856,0.9669215350500586,False,0.5875081933061509,0.13396931318457517,False,False,,26.2,,0,[],[],0,False,False,,,70.3,False,,,0.0,,False,26.2,0,,False,[],,False,222.0,74.0,True
0xcde31b5640d898afd17567b003a0b4fed72a9d8f,tron,USDT,69694.94495199999,100000.0,USDT,69694.94495199999,148,1,1,8,24,0.1456953642384106,0.002207505518763797,1.4348242913294726,False,0.4802604281150983,0.11842022926169082,False,False,,26.2,,0,[],[],0,False,False,,,88.7,False,,,0.0,,False,26.2,0,,False,[],,False,148.0,148.0,True
0x2af1f92b3b9ebd633d9b89f6fc2f31465ecc69d8,tron,USDT,10082.905106,9084.905106,USDT,10082.905106,64,1,3,8,24,0.2,0.43333333333333335,0.9010205898490383,False,0.5307132397347631,0.12581778798196513,False,False,,26.2,,0,[],[],0,False,False,,,61.4,False,,,0.0,,False,26.2,0,,False,[],,False,64.0,21.33,True
0x73ee369023d51dbfba2457ee033f9c947114c9eb,tron,USDT,1640506.0,1655263.901095,USDT,1640506.0,62,1,14,8,20,0.29441624365482233,0.2182741116751269,1.0089959446018486,False,0.4927277521063592,0.12020301385801624,False,False,,26.2,,0,[],[],0,False,False,,,33.7,False,,,0.0,,False,26.2,0,,False,[],,False,62.0,4.43,True
0x0b687be5dc41df5a5b4d254439a2bec4c6cc8edb,tron,USDT,976359.3653579999,850000.0,USDT,976359.3653579999,123,3,8,5,6,0.28776978417266186,0.07913669064748201,0.8705810894622105,False,0.6131488865390268,0.1375935110326001,False,False,,26.2,,0,[],[],0,False,False,,,31.7,False,,,0.0,,False,26.2,0,,False,[],,False,41.0,15.38,False
0xb0038836a3580476687a10b5c4eb937d10e5faed,tron,USDT,33419.03,32538.72,USDT,33419.03,98,3,15,8,24,0.1878453038674033,0.2265193370165746,0.9736584215640012,False,0.6406799236000298,0.14127363882672594,False,False,,26.2,,0,[],[],0,False,False,,,54.7,False,,,0.0,,False,26.2,0,,False,[],,False,32.67,6.53,False
0xa1c8a4f42295b0a1cdfad088ad5c2ca34944ff3b,tron,USDT,52967.514747,52967.510978,USDT,52967.514747,62,4,4,2,21,0.15555555555555556,0.31851851851851853,0.9999999288431783,False,0.5697284541606594,0.1314921572337383,False,False,,26.2,,0,[],[],0,False,False,,,32.3,False,,,0.0,,False,26.2,0,,False,[],,False,15.5,15.5,False
0x2102bde32e91795e344f23981ba432ebcb539994,tron,USDT,439400.0,210000.0,USDT,439400.0,53,11,17,8,24,0.22105263157894736,1.0,0.47792444242148385,True,0.31947118462345675,0.09571635112677479,False,False,,26.2,,0,[],[],0,False,False,,,3.4,False,,,0.0,,False,26.2,0,,False,[],,False,4.82,3.12,False
0xdd5462e9e34760e217724d4a8af9974bd7586a42,tron,USDT,204947.37103100005,206514.891031,USDT,204947.37103100005,216,1,14,8,24,0.30592734225621415,0.15487571701720843,1.0076484025733752,False,0.6674563186367887,0.1461174652992322,False,False,,26.1,,0,[],[],0,False,False,,,85.4,False,,,0.0,,False,26.1,0,,False,[],,False,216.0,15.43,True
0x2461a0d31d1a48499d8e9c356d7dbde071927cf5,tron,USDT,205530.05999999994,201128.34,USDT,205530.05999999994,204,1,16,8,24,0.3126177024482109,0.16195856873822975,0.9785835706952066,False,0.6652330484623337,0.14548564891653282,False,False,,26.1,,0,[],[],0,False,False,,,85.9,False,,,0.0,,False,26.1,0,,False,[],,False,204.0,12.75,True
0x5c9a57325274f51f5e66850951d171c847f52bd4,tron,USDT,349998.767146,351000.0,USDT,349998.767146,109,1,19,8,24,0.2101740294511379,0.16331994645247658,1.0028606753737002,False,0.604455442354195,0.1368849223992104,False,False,,26.1,,0,[],[],0,False,False,,,72.1,False,,,0.0,,False,26.1,0,,False,[],,False,109.0,5.74,True
0x9f8b9b0eabfd64f49397289e745e10f08856bb1c,tron,USDT,67704.428739,51600.0,USDT,67704.428739,82,3,4,8,12,0.23170731707317074,0.036585365853658534,0.7621362584553747,False,0.6343746424420296,0.14093119680510408,False,False,,26.1,,0,[],[],0,False,False,,,19.1,False,,,0.0,,False,26.1,0,,False,[],,False,27.33,20.5,False
0x9740115e1e6846fc35eaa9dfaf983d11f0469970,tron,USDT,27821.892000000003,32572.036635,USDT,27821.892000000003,54,4,9,4,12,0.19523809523809524,0.0,1.170734062047254,False,0.5056495388845671,0.12299999677003104,False,False,,26.1,,0,[],[],0,False,False,,,34.4,False,,,0.0,,False,26.1,0,,False,[],,False,13.5,6.0,False
0xac7f047ce1317807e7bbe9b563bf3c3120f06c09,tron,USDT,824422.701766,1415066.6280550002,USDT,824422.701766,104,8,9,3,23,0.12244897959183673,0.06802721088435375,1.7164333600030408,False,0.40321311586532305,0.10813537156033298,False,False,,26.1,,0,[],[],0,False,False,,,26.4,False,,,0.0,,False,26.1,0,,False,[],,False,13.0,11.56,False
0x66e016359f9e8d2d6ef94751d25f1bd4325b268d,tron,USDT,342775.0514420001,359925.0,USDT,342775.0514420001,54,5,16,8,18,0.17073170731707318,0.12195121951219512,1.0500326627794316,False,0.5988182447033416,0.1360900040171371,False,False,,26.1,,0,[],[],0,False,False,,,4.3,False,,,0.0,,False,26.1,0,,False,[],,False,10.8,3.38,False
0xf9e8ca5cbc2d404799384cebc4269bd4913ba0f9,tron,USDT,635548.59,649326.0,USDT,635548.59,200,1,8,8,22,0.22167487684729065,0.22167487684729065,1.0216779805931124,False,0.6868184132152765,0.14946648453782346,False,False,,26.0,,0,[],[],0,False,False,,,60.6,False,,,0.0,,False,26.0,0,,False,[],,False,200.0,25.0,True
0xc70e6c0baf874019387b42dce76d1f25bb6838fd,tron,USDT,472395.4946469999,550000.0,USDT,472395.4946469999,123,1,1,8,23,0.29310344827586204,0.0,1.1642786737646396,False,0.5061981473005298,0.123678950163856,False,False,,26.0,,0,[],[],0,False,False,,,55.2,False,,,0.0,,False,26.0,0,,False,[],,False,123.0,123.0,True
0x811662656c3351178a1a79327c34d1ab68c127d8,tron,USDT,1752292.343032,1330010.0,USDT,1752292.343032,98,1,9,6,24,0.15864022662889518,0.2577903682719547,0.7590114773307046,False,0.5561510438751354,0.13059994831068472,False,False,,26.0,,0,[],[],0,False,False,,,47.4,False,,,0.0,,False,26.0,0,,False,[],,False,98.0,10.89,True
0xee96890f95da0c153e1af5037e41c7071a6587ed,tron,USDT,842260.3908759999,831144.304413,USDT,842260.3908759999,157,2,12,8,8,0.8515901060070671,0.1413427561837456,0.9868020785692669,False,0.6905509121075742,0.1500184024642533,False,False,,26.0,,0,[],[],0,False,False,,,58.3,False,,,0.0,,False,26.0,0,,False,[],,False,78.5,13.08,False
0xadca1c1c2e596bb7c9b572fd591dff359fce4a91,tron,USDT,1005028.84,1020000.0,USDT,1005028.84,72,1,4,8,24,0.15723270440251572,0.9937106918238994,1.0148962491464424,False,0.6094518065983737,0.1381503086513231,False,False,,26.0,,0,[],[],0,False,False,,,39.1,False,,,0.0,,False,26.0,0,,False,[],,False,72.0,18.0,True
0x36453d58b9953faa5cef9e53469446b1752ffe84,tron,USDT,22906.392552999998,22906.392552999998,USDT,22906.392552999998,52,2,5,2,2,0.0,0.07407407407407407,1.0,False,0.5734620280016971,0.13306842453325285,False,False,,26.0,,0,[],[],0,False,False,,,28.7,False,,,0.0,,False,26.0,0,,False,[],,False,26.0,10.4,False
0xa7be4c11333ffa5642f783643f45b3bda2769ae3,tron,USDT,24401.476760999998,5323.0,USDT,24401.476760999998,75,4,5,1,2,0.0,0.0,0.2181425350660563,True,0.37468493467549385,0.10475225999711857,False,False,,26.0,,0,[],[],0,False,False,,,32.3,False,,,0.0,,False,26.0,0,,False,[],,False,18.75,15.0,False
0x8d1a63d996a9354aaf97663cab58f86c809d79e1,tron,USDT,42990.135654000005,43213.625419,USDT,42990.135654000005,50,3,13,4,13,0.13076923076923078,0.0,1.0051986289784876,False,0.5107549284257705,0.1239091441628068,False,False,,26.0,,0,[],[],0,False,False,,,29.2,False,,,0.0,,False,26.0,0,,False,[],,False,16.67,3.85,False
0xb41af63743815e3cc359b529602ce5dbd0e515a6,tron,USDT,49873.843951,25579.0,USDT,49873.843951,64,4,8,5,8,0.0,0.1044776119402985,0.5128740432586433,False,0.5540173203191024,0.1303877645382749,False,False,,26.0,,0,[],[],0,False,False,,,37.9,False,,,0.0,,False,26.0,0,,False,[],,False,16.0,8.0,False
0x4a18bfa5db9780cc86ef6722d896d7d0834708af,tron,USDT,186531.29803,186230.66999999998,USDT,186531.29803,62,9,14,8,21,0.11176470588235295,0.08235294117647059,0.9983883239264669,False,0.4331948476448606,0.1131705786827118,False,False,,26.0,,0,[],[],0,False,False,,,26.1,False,,,0.0,,False,26.0,0,,False,[],,False,6.89,4.43,False
0x9cbbcc1b1fbf591105e39524e869d62f3f430c50,tron,USDT,487024.16784100013,481263.67784,USDT,487024.16784100013,133,2,3,7,24,0.2047244094488189,0.2125984251968504,0.9881720654099434,False,0.7069895255130452,0.15273134965448448,False,False,,25.9,,0,[],[],0,False,False,,,55.6,False,,,0.0,,False,25.9,0,,False,[],,False,66.5,44.33,False
0x8c389b2d9ca1b5ec1384fcf373678abbf0151034,tron,USDT,130000.002148,130000.0,USDT,130000.002148,59,1,1,1,1,0.0,0.1694915254237288,0.9999999834769233,False,0.6124946933436664,0.13913312855458326,False,False,,25.9,,0,[],[],0,False,False,,,31.7,False,,,0.0,,False,25.9,0,,False,[],,False,59.0,59.0,True
0xdfbdfef5200380bc98cdabcdee7fe8a88f77e63b,tron,USDT,957643.061,760000.0,USDT,957643.061,62,2,5,8,4,0.0,0.9328859060402684,0.7936151066623768,False,0.729448519847537,0.15617134771736957,False,False,,25.9,,0,[],[],0,False,False,,,10.2,False,,,0.0,,False,25.9,0,,False,[],,False,31.0,12.4,False
0x9789e422fb17bd14e341d11a150731162cad2da3,tron,USDT,42788.53260200001,45327.621323,USDT,42788.53260200001,67,3,12,4,13,0.18088737201365188,0.0,1.0593404018926629,False,0.5929049361679248,0.136715825480467,False,False,,25.9,,0,[],[],0,False,False,,,42.0,False,,,0.0,,False,25.9,0,,False,[],,False,22.33,5.58,False
0x9ba2713ec383afdc73b57e9423d03a72c2e0d6fe,tron,USDT,198669.10803499992,184500.0,USDT,198669.10803499992,95,7,17,8,23,0.31974921630094044,0.09404388714733543,0.9286798628375392,False,0.5157317298861332,0.12532951922974445,False,False,,25.9,,0,[],[],0,False,False,,,39.0,False,,,0.0,,False,25.9,0,,False,[],,False,13.57,5.59,False
0x091efbcf576ec07619e9a21ce7d0124e737bf299,tron,USDT,1002891.9600000002,70299.27,USDT,1002891.9600000002,82,7,7,1,7,0.0,0.7857142857142857,0.07009655357093499,True,0.4934847328609837,0.122163885687391,False,False,,25.9,,0,[],[],0,False,False,,,19.1,False,,,0.0,,False,25.9,0,,False,[],,False,11.71,11.71,False
0xe1061192fe1f7420d5da84c5c6dfa9db29f40f06,tron,USDT,242879.569999,40000.0,USDT,242879.569999,186,1,1,8,18,0.026881720430107527,0.03763440860215054,0.16469067365429169,True,0.4916992717694667,0.12268016371486401,False,False,,25.8,,0,[],[],0,False,False,,,59.9,False,,,0.0,,False,25.8,0,,False,[],,False,186.0,186.0,True
0x625cf9c68077a1124366d86ee5a7d9cb60685bb7,tron,USDT,916322.089993,961616.075803,USDT,916322.089993,181,2,10,4,4,0.4182692307692308,0.028846153846153848,1.0494302017867385,False,0.6442293605760423,0.14418721588359834,False,False,,25.8,,0,[],[],0,False,False,,,36.2,False,,,0.0,,False,25.8,0,,False,[],,False,90.5,18.1,False
0x54df0097345b31b08fcba6aea711068b0fb62517,tron,USDT,10492.313259,10049.0,USDT,10492.313259,58,1,3,8,17,0.0,0.07608695652173914,0.9577487587287066,False,0.5528564976091269,0.13152197523393688,False,False,,25.8,,0,[],[],0,False,False,,,61.8,False,,,0.0,,False,25.8,0,,False,[],,False,58.0,19.33,True
0xd87d41c7da3723ef9b23324708378ecc13c0c168,tron,USDT,1339157.8495000005,1600000.0,USDT,1339157.8495000005,75,2,7,8,24,0.24553571428571427,0.45535714285714285,1.1947807352190705,False,0.6046798308942428,0.13895473131391906,False,False,,25.8,,0,[],[],0,False,False,,,16.9,False,,,0.0,,False,25.8,0,,False,[],,False,37.5,10.71,False
0xa1fb81092a6411f29a39f712bc530aa6dde4482c,tron,USDT,1180202.6099999994,1186720.0,USDT,1180202.6099999994,96,4,12,8,23,0.1623931623931624,0.08547008547008547,1.005522263673015,False,0.5779579146816041,0.13515480155753667,False,False,,25.8,,0,[],[],0,False,False,,,23.2,False,,,0.0,,False,25.8,0,,False,[],,False,24.0,8.0,False
0xc129136184f3eff2da7112ba1457bb6d7bc6df16,tron,USDT,137259.71652,124247.06,USDT,137259.71652,73,4,12,8,17,0.19047619047619047,0.37142857142857144,0.9051968279556811,False,0.7536528573179075,0.1596746443898771,False,False,,25.8,,0,[],[],0,False,False,,,16.1,False,,,0.0,,False,25.8,0,,False,[],,False,18.25,6.08,False
0xa31264ea484c027d33ce1eb8fcf74463084d8145,tron,USDT,496437.26484799996,497518.0,USDT,496437.26484799996,192,1,5,8,24,0.24875621890547264,0.24378109452736318,1.0021769823269229,False,0.6937733434582471,0.15178601382402773,False,False,,25.7,,0,[],[],0,False,False,,,60.2,False,,,0.0,,False,25.7,0,,False,[],,False,192.0,38.4,True
0x88c26ccbcad5a36f5b37d2df487248b1f4ea6589,tron,USDT,141380.00789600002,141380.0,USDT,141380.00789600002,56,1,1,1,1,0.0,0.05357142857142857,0.9999999441505193,False,0.543084418189459,0.13030788246384228,False,False,,25.7,,0,[],[],0,False,False,,,29.6,False,,,0.0,,False,25.7,0,,False,[],,False,56.0,56.0,True
0x622b2be0e397a1f341bc806ff7b03dedbd6f692c,tron,USDT,21656.160102,30000.0,USDT,21656.160102,50,1,1,8,18,0.14545454545454545,0.01818181818181818,1.3852871357941903,False,0.4100660348691636,0.1113823730711937,False,False,,25.7,,0,[],[],0,False,False,,,32.8,False,,,0.0,,False,25.7,0,,False,[],,False,50.0,50.0,True
0x56d340a3f5f630cf50c31b3325112a362c93c087,tron,USDT,64438.0,65082.0,USDT,64438.0,56,3,4,8,19,0.18571428571428572,0.07142857142857142,1.0099941028585617,False,0.44761933810457105,0.1170422205855029,False,False,,25.7,,0,[],[],0,False,False,,,20.2,False,,,0.0,,False,25.7,0,,False,[],,False,18.67,14.0,False
0x1e5f9b24d2759778246c970cab65720755ef41f7,tron,USDT,19284.190523000005,24459.66237,USDT,19284.190523000005,93,5,7,7,24,0.20430107526881722,0.010752688172043012,1.268379004077318,False,0.48520837398300903,0.1220143090135416,False,False,,25.7,,0,[],[],0,False,False,,,39.8,False,,,0.0,,False,25.7,0,,False,[],,False,18.6,13.29,False
0x88514284e7fad94790c6c509e966620dc9fc73a4,tron,USDT,53936.0,48302.0,USDT,53936.0,54,7,10,3,4,0.3103448275862069,0.0,0.8955428656185108,False,0.31890492441772,0.0986992836857653,False,False,,25.7,,0,[],[],0,False,False,,,4.3,False,,,0.0,,False,25.7,0,,False,[],,False,7.71,5.4,False
0x966a0469f0b40d5b56cd585f10465564a490e45d,tron,USDT,43533.673854,61989.0,USDT,43533.673854,61,9,13,8,20,0.14473684210526316,0.13157894736842105,1.423932200344361,False,0.36737732743218854,0.10531381984004384,False,False,,25.7,,0,[],[],0,False,False,,,22.0,False,,,0.0,,False,25.7,0,,False,[],,False,6.78,4.69,False
0xaaa827096198d683f7ce5b0a345f6c552d03c0bf,tron,USDT,931885.0269999999,931885.0,USDT,931885.0269999999,183,1,12,3,24,0.3564954682779456,0.07854984894259819,0.9999999710264689,False,0.6224013518633337,0.1426004964178973,False,False,,25.6,,0,[],[],0,False,False,,,59.8,False,,,0.0,,False,25.6,0,,False,[],,False,183.0,15.25,True
0x57c46ffa5ad6b93de59726e89107b9b3a815155a,tron,USDT,105105.51490199998,97602.0,USDT,105105.51490199998,160,1,5,6,12,0.0,0.16483516483516483,0.9286096937064032,False,0.7918101865138729,0.1662897623721819,False,False,,25.6,,0,[],[],0,False,False,,,76.3,False,,,0.0,,False,25.6,0,,False,[],,False,160.0,32.0,True
0x57b118e7d6b9ddd64aaf65be06f48ea08bb11b01,tron,USDT,84038.93917299999,130000.0,USDT,84038.93917299999,184,2,2,8,21,0.08962264150943396,0.09905660377358491,1.546901963295681,False,0.5716336081894001,0.13490103549725402,False,False,,25.6,,0,[],[],0,False,False,,,46.9,False,,,0.0,,False,25.6,0,,False,[],,False,92.0,92.0,False
0x1adf0ba33db7ea7f02c5e110f92121835fd4b347,tron,USDT,789306.5700000001,690000.0,USDT,789306.5700000001,68,1,1,8,17,0.08139534883720931,0.023255813953488372,0.8741850457421125,False,0.5625544465688722,0.1335681046422792,False,False,,25.6,,0,[],[],0,False,False,,,37.3,False,,,0.0,,False,25.6,0,,False,[],,False,68.0,68.0,True
0x2da6df269804ad2181e40492399a44855dc96f17,tron,USDT,24016.938078000003,23898.938078,USDT,24016.938078000003,116,2,7,6,24,0.25,0.3815789473684211,0.9950868008396085,False,0.727082697461091,0.157121806434305,False,False,,25.6,,0,[],[],0,False,False,,,61.2,False,,,0.0,,False,25.6,0,,False,[],,False,58.0,16.57,False
0xe9c368a62d5b1d2e4393d913f396cd9912a6076b,tron,USDT,21114.110158000003,21114.110158000003,USDT,21114.110158000003,112,2,5,8,24,0.1927710843373494,0.3132530120481928,1.0,False,0.7063003818413237,0.15446099363197835,False,False,,25.6,,0,[],[],0,False,False,,,60.0,False,,,0.0,,False,25.6,0,,False,[],,False,56.0,22.4,False
0xff3b4f802bf20824056b61bdfc5b4b339f66d1a1,tron,USDT,710337.0,740000.0,USDT,710337.0,56,1,23,8,24,0.34558823529411764,0.9264705882352942,1.0417590523934415,False,0.5317839553252999,0.1291994030731688,False,False,,25.6,,0,[],[],0,False,False,,,29.6,False,,,0.0,,False,25.6,0,,False,[],,False,56.0,2.43,True
0x0148d77215d1532a42318d9ff38565f102f3d8d1,tron,USDT,29595.5,2000.0,USDT,29595.5,56,1,1,8,14,0.1016949152542373,0.1016949152542373,0.06757784122586204,True,0.2745041130054609,0.09291853743585116,False,False,,25.6,,0,[],[],0,False,False,,,29.6,False,,,0.0,,False,25.6,0,,False,[],,False,56.0,56.0,True
0xe65bfd22231fa76f9f8b7f939b26946e9710c510,tron,USDT,55710.513461999995,47361.0,USDT,55710.513461999995,153,3,10,8,20,0.13901345291479822,0.05829596412556054,0.8501267903823005,False,0.6233346495486707,0.14250859127215731,False,False,,25.6,,0,[],[],0,False,False,,,60.2,False,,,0.0,,False,25.6,0,,False,[],,False,51.0,15.3,False
0xf0bdd329411f9e822f811689a5ad217b67e4a8a8,tron,USDT,660654.7086860003,626278.0,USDT,660654.7086860003,97,2,5,8,24,0.22792607802874743,0.28542094455852157,0.9479656948871622,False,0.6474420995204957,0.14607138175845563,False,False,,25.6,,0,[],[],0,False,False,,,23.5,False,,,0.0,,False,25.6,0,,False,[],,False,48.5,19.4,False
0x9e82fb0d6d3352e27ae4f26dad7a46bef1d8386f,tron,USDT,781993.820811,781000.0,USDT,781993.820811,92,2,10,3,8,0.09090909090909091,0.01818181818181818,0.9987291193554838,False,0.6940606308290942,0.15243113267128194,False,False,,25.6,,0,[],[],0,False,False,,,22.1,False,,,0.0,,False,25.6,0,,False,[],,False,46.0,9.2,False
0x1b1eb6cc721cef4ca86e39aa582aa4f3cdb9342a,tron,USDT,15974.349623,22130.71,USDT,15974.349623,85,2,16,7,2,1.0,0.47058823529411764,1.385390361566647,False,0.5905502687982532,0.13796534501205765,False,False,,25.6,,0,[],[],0,False,False,,,46.4,False,,,0.0,,False,25.6,0,,False,[],,False,42.5,5.31,False
0xe4d67093d06cf02a2ca4b04fa0756ac2ab0023ec,tron,USDT,187814.70665099996,180000.0,USDT,187814.70665099996,71,2,3,8,19,0.18085106382978725,0.11702127659574468,0.9583914018750334,False,0.5267016151225672,0.12850049462693947,False,False,,25.6,,0,[],[],0,False,False,,,15.1,False,,,0.0,,False,25.6,3,141363.0,True,[],,False,35.5,23.67,False
0x6b4f960f72bc0d0283d58a523945357ed6ccb5f5,tron,USDT,416684.2299999999,416684.23,USDT,416684.2299999999,53,2,2,3,16,0.1038961038961039,0.2077922077922078,1.0000000000000002,False,0.6411964361476453,0.14494511886120748,False,False,,25.6,,0,[],[],0,False,False,,,19.5,False,,,0.0,,False,25.6,0,,False,[],,False,26.5,26.5,False
0x0c3c7abd8a999abb910c6d8be66bef285079e9eb,tron,USDT,163784.714523,163820.0,USDT,163784.714523,63,3,15,8,19,0.17647058823529413,0.24509803921568626,1.0002154381567459,False,0.5561300137687357,0.13304715985224003,False,False,,25.6,,0,[],[],0,False,False,,,10.8,False,,,0.0,,False,25.6,0,,False,[],,False,21.0,4.2,False
0x2f2a827d5422b2a8bf54a515ecfbe0d53c9654e5,tron,USDT,88603.5,87975.176605,USDT,88603.5,55,7,14,7,13,0.10434782608695652,0.0,0.9929085939607352,False,0.4946784519274886,0.12419369440625161,False,False,,25.6,,0,[],[],0,False,False,,,20.1,False,,,0.0,,False,25.6,0,,False,[],,False,7.86,3.93,False
0xf63abd4a019be953d5b039ef805b97e16628694f,tron,USDT,547640.9200000002,571000.0,USDT,547640.9200000002,97,1,16,8,18,0.16091954022988506,0.22413793103448276,1.042654007666191,False,0.7344687741986243,0.15864466346809192,False,False,,25.5,,0,[],[],0,False,False,,,47.0,False,,,0.0,,False,25.5,0,,False,[],,False,97.0,6.06,True
0x694acd144168dc093bccdd072365e8a6e741000f,tron,USDT,42644.45999999999,42709.46,USDT,42644.45999999999,155,2,11,8,24,0.24444444444444444,0.40444444444444444,1.001524230814507,False,0.7656264223988297,0.1630835913349104,False,False,,25.5,,0,[],[],0,False,False,,,64.0,False,,,0.0,,False,25.5,0,,False,[],,False,77.5,14.09,False
0xabb70f73b98e70a607ee326ccb8f5d939722393e,tron,USDT,35181.499406,35000.0,USDT,35181.499406,51,1,10,7,9,0.0,0.5660377358490566,0.9948410554108149,False,0.6416283723040552,0.14582750035884628,False,False,,25.5,,0,[],[],0,False,False,,,24.9,False,,,0.0,,False,25.5,0,,False,[],,False,51.0,5.1,True
0x9b3bb4fd3eaba352de2977d880a8ae7f1cf80b0f,tron,USDT,166957.25338100002,185891.65,USDT,166957.25338100002,119,3,9,4,5,0.2,0.007407407407407408,1.1134086494331055,False,0.7253242098673034,0.15762437133048873,False,False,,25.5,,0,[],[],0,False,False,,,31.0,False,,,0.0,,False,25.5,0,,False,[],,False,39.67,13.22,False
0xacb5ec3c993947506a96fdd89352b43817a29f6c,tron,USDT,1001124.0799999998,178985.4,USDT,1001124.0799999998,75,3,3,1,7,0.0,0.8411214953271028,0.1787844319956823,True,0.5512002466027852,0.13278470479593163,False,False,,25.5,,0,[],[],0,False,False,,,16.9,False,,,0.0,,False,25.5,0,,False,[],,False,25.0,25.0,False
0xa0a595e2cc152a7d465511987e9c95ddc20794ec,tron,USDT,1026700.12,56197.08,USDT,1026700.12,80,4,4,1,9,0.0,0.8205128205128205,0.05473563205583341,True,0.5371456838994993,0.13082134487899344,False,False,,25.5,,0,[],[],0,False,False,,,18.4,False,,,0.0,,False,25.5,0,,False,[],,False,20.0,20.0,False
0x69edc64eaf72d94ac15b14bec1e0ab46daf9d906,tron,USDT,224693.5,195485.0,USDT,224693.5,66,5,11,8,14,0.1232876712328767,0.1095890410958904,0.8700073655891247,False,0.6365810233935992,0.14482188945429564,False,False,,25.5,,0,[],[],0,False,False,,,12.5,False,,,0.0,,False,25.5,0,,False,[],,False,13.2,6.0,False
0x12fdf7d4be12fe5cc3779cdd91c319fadd4a05cd,tron,USDT,139601.6,137865.0,USDT,139601.6,50,5,17,8,17,0.20689655172413793,0.09482758620689655,0.9875603144949627,False,0.5650555503830825,0.1347499546826741,False,False,,25.5,,0,[],[],0,False,False,,,13.9,False,,,0.0,,False,25.5,0,,False,[],,False,10.0,2.94,False
0x0c6fa971e25eb97fa8b21599837892f806869094,tron,USDT,660469.0725290001,583733.1423579999,USDT,660469.0725290001,163,1,2,8,24,0.147239263803681,0.018404907975460124,0.8838160129479328,False,0.5686808945709187,0.13571410152641572,False,False,,25.4,,0,[],[],0,False,False,,,58.9,False,,,0.0,,False,25.4,0,,False,[],,False,163.0,81.5,True
0xe2b1d64e64e6e05d815e84fb032f669104ea8a08,tron,USDT,141949.87038500002,130000.0,USDT,141949.87038500002,104,1,2,2,3,0.0,0.7433628318584071,0.9158162642023605,False,0.8150894301845536,0.17106181833940354,False,False,,25.4,,0,[],[],0,False,False,,,49.9,False,,,0.0,,False,25.4,0,,False,[],,False,104.0,52.0,True
0x9c85be3316e62e714d7df5c962b24b1e0c051189,tron,USDT,340695.22157199995,919697.908561,USDT,340695.22157199995,196,3,7,4,24,0.15748031496062992,0.2782152230971129,2.6994740469720324,False,0.553245651251591,0.13361579064057139,False,False,,25.4,,0,[],[],0,False,False,,,45.8,False,,,0.0,,False,25.4,0,,False,[],,False,65.33,28.0,False
0x28230d529ba9093d54555c33f5f7e0c8dfe449e4,tron,USDT,11633.5402,14097.5402,USDT,11633.5402,51,1,5,2,23,0.16363636363636364,0.41818181818181815,1.211801391291019,False,0.432692755258979,0.11637220114381147,False,False,,25.4,,0,[],[],0,False,False,,,51.4,False,,,0.0,,False,25.4,0,,False,[],,False,51.0,10.2,True
0x6b095439e6132b9da31810935a963a53c790ab44,tron,USDT,1071907.5478,902944.948876,USDT,1071907.5478,78,2,11,6,13,0.0,0.189873417721519,0.8423720410675515,False,0.7104981672292082,0.15593590396704293,False,False,,25.4,,0,[],[],0,False,False,,,17.9,False,,,0.0,,False,25.4,0,,False,[],,False,39.0,7.09,False
0x7f677dcbfbc2e6315b7ef0f59c882d6bd62f391e,tron,USDT,179958.594018,171379.0,USDT,179958.594018,71,4,20,8,19,0.20952380952380953,0.5142857142857142,0.9523246218675067,False,0.6279490143183465,0.14447964343073239,False,False,,25.4,,0,[],[],0,False,False,,,15.1,False,,,0.0,,False,25.4,0,,False,[],,False,17.75,3.55,False
0x2648ae7ee57b3f625bd8cccc10f8c6a1b07b031c,tron,USDT,300000.0,300000.0,USDT,300000.0,91,1,1,1,1,0.0,0.03296703296703297,1.0,False,0.6507000424268138,0.1479282720946184,False,False,,25.3,,0,[],[],0,False,False,,,45.3,False,,,0.0,,False,25.3,0,,False,[],,False,91.0,91.0,True
0x6c104408edd3987eba745d248a9c757700de933e,tron,USDT,56466.98552100001,56000.0,USDT,56466.98552100001,67,1,1,1,1,0.0,0.1791044776119403,0.9917299371182771,False,0.6519310531852167,0.14812605132756546,False,False,,25.3,,0,[],[],0,False,False,,,45.0,False,,,0.0,,False,25.3,0,,False,[],,False,67.0,67.0,True
0xadffeb4c1103cbd1ab77618cba0fd1bbc857c0d4,tron,USDT,28308.879999999997,28600.0,USDT,28308.879999999997,53,1,5,8,19,0.09782608695652174,0.07608695652173914,1.0102836989665434,False,0.3796573034820414,0.10971836869280516,False,False,,25.3,,0,[],[],0,False,False,,,51.7,False,,,0.0,,False,25.3,0,,False,[],,False,53.0,10.6,True
0x8d5618afec3a548629b0c7bbd5414713d6118369,tron,USDT,69963.95999999998,14061.11,USDT,69963.95999999998,155,5,6,8,24,0.24521072796934865,0.011494252873563218,0.20097647417327444,True,0.3711244420556986,0.10851371864741688,False,False,,25.3,,0,[],[],0,False,False,,,61.3,False,,,0.0,,False,25.3,0,,False,[],,False,31.0,25.83,False
0xbcb6a6b1a2482afe097291647826cb69b3038cab,tron,USDT,53839.952232,53923.5312,USDT,53839.952232,92,3,3,3,5,0.532608695652174,0.13043478260869565,1.0015523596239433,False,0.5920739150077527,0.13950699935860805,False,False,,25.3,,0,[],[],0,False,False,,,30.9,False,,,0.0,,False,25.3,0,,False,[],,False,30.67,30.67,False
0xffd45e94524b558dbdcb5ffcf924ead3fc76c9a8,tron,USDT,32475.213499,24039.784499,USDT,32475.213499,52,4,4,2,11,0.17829457364341086,0.0,0.7402502372999104,False,0.4732727882321501,0.12298225366875709,False,False,,25.3,,0,[],[],0,False,False,,,31.1,False,,,0.0,,False,25.3,0,,False,[],,False,13.0,13.0,False
0x3d45bccbc1b117aae7990f061196720347dc79cf,tron,USDT,136943.78399999999,147590.0,USDT,136943.78399999999,217,1,11,8,24,0.22302158273381295,0.420863309352518,1.0777415059598472,False,0.7245450377982724,0.15943438255565906,False,False,,25.2,,0,[],[],0,False,False,,,87.7,False,,,0.0,,False,25.2,0,,False,[],,False,217.0,19.73,True
0x66cb3826e5b4a7f1a5f5db7e93883f8b20c0c6b7,tron,USDT,770969.2062760001,787336.0,USDT,770969.2062760001,183,1,9,8,23,0.27461139896373055,0.18134715025906736,1.0212288553041646,False,0.6680495195628412,0.15120746802418433,False,False,,25.2,,0,[],[],0,False,False,,,59.8,False,,,0.0,,False,25.2,0,,False,[],,False,183.0,20.33,True
0x9c4587192d6d2c815347d7ef8006077659e55e89,tron,USDT,712378.5289999999,712378.0,USDT,712378.5289999999,138,1,8,2,14,0.2222222222222222,0.09333333333333334,0.9999992574172601,False,0.7564487271728878,0.16374914060024126,False,False,,25.2,,0,[],[],0,False,False,,,56.9,False,,,0.0,,False,25.2,0,,False,[],,False,138.0,17.25,True
0xada5cbbbe8843d53333685d6c4cf6a33e5df2496,tron,USDT,10726.12,10524.180000000002,USDT,10726.12,52,1,17,8,24,0.2361111111111111,0.1111111111111111,0.9811730616476416,False,0.38522485416236674,0.1106719025800616,False,False,,25.2,,0,[],[],0,False,False,,,52.3,False,,,0.0,,False,25.2,0,,False,[],,False,52.0,3.06,True
0x5c391467421359491242592771f8973866211935,tron,USDT,602763.8099999999,548508.0,USDT,602763.8099999999,61,2,11,8,21,0.12903225806451613,0.0,0.9099882755071179,False,0.4102963398701975,0.1143449402596457,False,False,,25.2,,0,[],[],0,False,False,,,9.6,False,,,0.0,,False,25.2,0,,False,[],,False,30.5,5.55,False
0x46a186e65fcb963b375073632756537cb33431f6,tron,USDT,22925.829999999998,27506.0,USDT,22925.829999999998,60,2,7,8,15,0.11475409836065574,0.19672131147540983,1.1997820798636298,False,0.6386392564922719,0.1470229836760315,False,False,,25.2,,0,[],[],0,False,False,,,17.6,False,,,0.0,,False,25.2,0,,False,[],,False,30.0,8.57,False
0xd106fddca6b1e920b39187bc3e042db273bfa0bf,tron,USDT,173754.73,114443.0,USDT,173754.73,67,3,3,7,16,0.011494252873563218,0.06896551724137931,0.6586468178449012,False,0.5826627534713986,0.13924574438045823,False,False,,25.2,,0,[],[],0,False,False,,,13.3,False,,,0.0,,False,25.2,0,,False,[],,False,22.33,22.33,False
0xdeeb0495d299df55371dac53c656a68d50704b45,tron,USDT,45418.41375,60452.0,USDT,45418.41375,53,3,10,8,16,0.16666666666666666,0.30303030303030304,1.3310020101703794,False,0.6006218296163272,0.14166736624914772,False,False,,25.2,,0,[],[],0,False,False,,,3.4,False,,,0.0,,False,25.2,0,,False,[],,False,17.67,5.3,False
0xfbc3709e4fdc937e979a8c86279a54103384d7b8,tron,USDT,943975.0741820001,955380.0,USDT,943975.0741820001,53,3,9,8,23,0.15337423312883436,0.012269938650306749,1.0120818082277043,False,0.3993443511249301,0.1125780005749466,False,False,,25.2,,0,[],[],0,False,False,,,3.4,False,,,0.0,,False,25.2,0,,False,[],,False,17.67,5.89,False
0x1ea8d046c74965613caf8efba99dec8280e94aa6,tron,USDT,158215.89253600006,150339.0,USDT,158215.89253600006,86,7,13,8,24,0.30708661417322836,0.14566929133858267,0.9502142774044791,False,0.5281845610388084,0.13114005875050172,False,False,,25.2,,0,[],[],0,False,False,,,37.9,False,,,0.0,,False,25.2,0,,False,[],,False,12.29,6.62,False
0x6b507221afe9cf72463bf40f1da2dd42a892fc27,tron,USDT,149541.54,143988.1617,USDT,149541.54,56,7,19,8,22,0.1774193548387097,0.3387096774193548,0.9628639754545794,False,0.4854450903815396,0.12518462304135736,False,False,,25.2,,0,[],[],0,False,False,,,6.0,False,,,0.0,,False,25.2,0,,False,[],,False,8.0,2.95,False
0xb7fa12a7e2698514bea82e95c6aec730a30b8050,tron,USDT,225561.61999999997,225885.9,USDT,225561.61999999997,190,1,16,8,24,0.32086614173228345,0.14763779527559054,1.001437655927458,False,0.6582402583775122,0.15052561148829163,False,False,,25.1,,0,[],[],0,False,False,,,82.6,False,,,0.0,,False,25.1,0,,False,[],,False,190.0,11.88,True
0x56dc195b1948ee3f51e66d0830030bd766ff2602,tron,USDT,826325.3990000001,826325.0,USDT,826325.3990000001,165,1,9,6,24,0.11918604651162791,0.14244186046511628,0.9999995171393732,False,0.6475815750443362,0.14868235844098,False,False,,25.1,,0,[],[],0,False,False,,,59.1,False,,,0.0,,False,25.1,0,,False,[],,False,165.0,18.33,True
0xf64f9dbd21356403e38e1ef6cc596e9899251349,tron,USDT,142339.47302499998,159000.0,USDT,142339.47302499998,148,1,6,8,24,0.18771929824561404,0.39473684210526316,1.1170478337521583,False,0.686284960190595,0.15432241201998742,False,False,,25.1,,0,[],[],0,False,False,,,84.3,False,,,0.0,,False,25.1,0,,False,[],,False,148.0,24.67,True
0xae21c7ed42749678b75f12e51b221f0c30aae3eb,tron,USDT,65954.77278499998,68342.02416,USDT,65954.77278499998,98,1,1,2,3,0.01020408163265306,0.09183673469387756,1.0361952785855544,False,0.6786752421191216,0.15319450804524504,False,False,,25.1,,0,[],[],0,False,False,,,65.0,False,,,0.0,,False,25.1,0,,False,[],,False,98.0,98.0,True
0x7e1bed131ac273f44516362409096bc2796be932,tron,USDT,382587.289811,270000.0,USDT,382587.289811,67,1,1,8,12,0.24096385542168675,0.43373493975903615,0.7057213012313643,False,0.6551026819688015,0.14970690264802355,False,False,,25.1,,0,[],[],0,False,False,,,36.8,False,,,0.0,,False,25.1,0,,False,[],,False,67.0,67.0,True
0xda06c177b96de1bdec019c30b14f846f4586448e,tron,USDT,281226.1668,277416.0,USDT,281226.1668,83,5,8,2,9,0.0,0.0,0.9864515921709743,False,0.6464842089730154,0.14881525281309937,False,False,,25.1,,0,[],[],0,False,False,,,37.2,False,,,0.0,,False,25.1,0,,False,[],,False,16.6,10.38,False
0x5a4169e211ad80533ae749c683c10c6e0ac7e14f,tron,USDT,37293.213761,28306.92,USDT,37293.213761,66,4,4,8,21,0.15789473684210525,0.30526315789473685,0.7590367561618525,False,0.5359185094843858,0.1329320076725901,False,False,,25.1,,0,[],[],0,False,False,,,43.4,False,,,0.0,,False,25.1,0,,False,[],,False,16.5,16.5,False
0xd79071e43f0d74bc8fe6cbe59e2cb892fb0b0d1e,tron,USDT,59650.603256,82459.0,USDT,59650.603256,76,6,10,8,16,0.21428571428571427,0.023809523809523808,1.3823665729936403,False,0.5867002110694942,0.14026542239962736,False,False,,25.1,,0,[],[],0,False,False,,,28.7,False,,,0.0,,False,25.1,0,,False,[],,False,12.67,7.6,False
0x74c1ccdae3c2adca73d37abe7147790be1a3e950,tron,USDT,323792.8205210001,295212.0,USDT,323792.8205210001,53,5,12,8,15,0.21875,0.015625,0.9117311480995409,False,0.5380950628825302,0.132917172020253,False,False,,25.1,,0,[],[],0,False,False,,,3.4,False,,,0.0,,False,25.1,0,,False,[],,False,10.6,4.42,False
0x5b1c109e7c55671b39c7c2be52a6c9b681d60264,tron,USDT,172273.3317139999,175800.0,USDT,172273.3317139999,68,7,14,8,23,0.2631578947368421,0.13765182186234817,1.0204713535804537,False,0.4823715756988435,0.12547402820789544,False,False,,25.1,,0,[],[],0,False,False,,,23.9,False,,,0.0,,False,25.1,0,,False,[],,False,9.71,4.86,False
0x3cbd73686a00583ca3ecfcef48a5c80ef8c75702,tron,USDT,918594.432,944746.0,USDT,918594.432,168,1,9,5,19,0.16447368421052633,0.14473684210526316,1.0284691122534477,False,0.6448152993142658,0.14923153768683795,False,False,,25.0,,0,[],[],0,False,False,,,59.3,False,,,0.0,,False,25.0,0,,False,[],,False,168.0,18.67,True
0xfe5e0de5101f49d8643d26e4693277c5bfa87c25,tron,USDT,1258299.648967,1263317.6489670002,USDT,1258299.648967,71,1,11,7,7,0.0,0.0,1.0039879213223335,False,0.5676580797151685,0.1382225963775428,False,False,,25.0,,0,[],[],0,False,False,,,38.7,False,,,0.0,,False,25.0,0,,False,[],,False,71.0,6.45,True
0x6d0474e94d364f8348970d5250c5d98908fe656d,tron,USDT,554421.0123640001,566470.860308,USDT,554421.0123640001,89,3,10,8,19,0.05555555555555555,0.4027777777777778,1.0217341112174312,False,0.6610328977395431,0.15102751094160283,False,False,,25.0,,0,[],[],0,False,False,,,21.1,False,,,0.0,,False,25.0,0,,False,[],,False,29.67,8.9,False
0xd9732f8d5bb2531db010a9462de2c552ace1bc53,tron,USDT,116709.72381599998,100000.0,USDT,116709.72381599998,83,3,3,8,23,0.07865168539325842,0.38764044943820225,0.8568266356079817,False,0.6206652846947827,0.14561812540060848,False,False,,25.0,,0,[],[],0,False,False,,,35.3,False,,,0.0,,False,25.0,2,141322.0,True,[],,False,27.67,27.67,False
0x51c88fd2fe125e81a9961c0a1a0a6aef1f1a4dd1,tron,USDT,520000.0,650219.0,USDT,520000.0,87,4,12,2,3,0.0,0.0,1.2504211538461538,False,0.6078283699944519,0.14344715338185676,False,False,,25.0,,0,[],[],0,False,False,,,20.5,False,,,0.0,,False,25.0,2,141303.0,True,[],,False,21.75,7.25,False
0x428735a250f196d1036ef3feadccf223ac007e9b,tron,USDT,73342.03095799997,58105.076,USDT,73342.03095799997,84,4,4,8,21,0.2620689655172414,0.38620689655172413,0.7922479816965313,False,0.6099133214135533,0.1440335095473927,False,False,,25.0,,0,[],[],0,False,False,,,41.7,False,,,0.0,,False,25.0,0,,False,[],,False,21.0,21.0,False
0xe878c2ba27f4780e233f561bc7029eedc9dfa64b,tron,USDT,277855.424,188446.0,USDT,277855.424,61,4,7,3,15,0.07207207207207207,0.5855855855855856,0.6782160207173066,False,0.6897586050768513,0.15522274298931515,False,False,,25.0,,0,[],[],0,False,False,,,9.6,False,,,0.0,,False,25.0,0,,False,[],,False,15.25,8.71,False
0x4541e53ee729ad79eeb66ac5bf53daf772574a4a,tron,USDT,566504.9252749999,553343.0,USDT,566504.9252749999,196,1,6,8,24,0.23039215686274508,0.1568627450980392,0.9767664415828147,False,0.6598632586177933,0.15152858644742462,False,False,,24.9,,0,[],[],0,False,False,,,60.4,False,,,0.0,,False,24.9,0,,False,[],,False,196.0,32.67,True
0x49e6f4562b0621f9bda77297f28f3d1a1284a500,tron,USDT,26303.44729,20000.0,USDT,26303.44729,154,1,3,8,24,0.2184873949579832,0.037815126050420166,0.7603566095157256,False,0.5492287253821438,0.13618335935066095,False,False,,24.9,,0,[],[],0,False,False,,,88.3,False,,,0.0,,False,24.9,0,,False,[],,False,154.0,51.33,True
0xf25ac52b2b59ceae8d20fde73cceebeb382a20aa,tron,USDT,164235.37498000002,194534.835093,USDT,164235.37498000002,169,2,4,5,24,0.14035087719298245,0.21052631578947367,1.1844880258999606,False,0.691888987946864,0.15600356655390885,False,False,,24.9,,0,[],[],0,False,False,,,57.9,False,,,0.0,,False,24.9,2,751.0,True,[],,False,84.5,42.25,False
0x7e4c789d38473ea5c24f766b0935b78c9116a6df,tron,USDT,1308034.888,1106304.888,USDT,1308034.888,79,1,6,8,24,0.3669724770642202,0.7614678899082569,0.8457762848294915,False,0.5914929744033187,0.1419760044686415,False,False,,24.9,,0,[],[],0,False,False,,,41.7,False,,,0.0,,False,24.9,0,,False,[],,False,79.0,13.17,True
0xd61d2a7c77958eda7549a02bed934972757277b4,tron,USDT,16499.400000000005,11000.0,USDT,16499.400000000005,72,1,1,8,21,0.16455696202531644,0.0379746835443038,0.6666909099724836,False,0.3908265146207165,0.11337049215071127,False,False,,24.9,,0,[],[],0,False,False,,,70.0,False,,,0.0,,False,24.9,0,,False,[],,False,72.0,72.0,True
0x70a7fbbf3fc5dd885ab25f76a6a25b2a45a75ea5,tron,USDT,221565.389064,270339.173381,USDT,221565.389064,103,2,4,8,18,0.18439716312056736,0.425531914893617,1.2201326864409834,False,0.8117859361950448,0.1735249584288609,False,False,,24.9,,0,[],[],0,False,False,,,26.0,False,,,0.0,,False,24.9,0,,False,[],,False,51.5,25.75,False
0xe12d8cef0966ec77f60ff2d54a6162f5f9f9d8bb,tron,USDT,1398697.5,1416350.5,USDT,1398697.5,50,1,4,8,24,0.24782608695652175,0.7043478260869566,1.0126210277776289,False,0.4894146998326796,0.12732536242295667,False,False,,24.9,,0,[],[],0,False,False,,,24.0,False,,,0.0,,False,24.9,0,,False,[],,False,50.0,12.5,True
0xc616f2634b410827813aea104127d4feab489236,tron,USDT,1136034.643546,1169481.0,USDT,1136034.643546,64,2,14,8,14,0.33695652173913043,0.42391304347826086,1.029441317343634,False,0.5935177611388252,0.14227263513783966,False,False,,24.9,,0,[],[],0,False,False,,,11.4,False,,,0.0,,False,24.9,0,,False,[],,False,32.0,4.57,False
0x1e94a6e879da775d13d54236493f95a01860ab72,tron,USDT,408311.765794,407283.0,USDT,408311.765794,77,7,10,2,16,0.5178571428571429,0.16964285714285715,0.9974804404864517,False,0.5306161559801923,0.13327166226446646,False,False,,24.9,,0,[],[],0,False,False,,,17.6,False,,,0.0,,False,24.9,0,,False,[],,False,11.0,7.7,False
0xb13ed4428e4099e2b3f3171d920dc550cdd78362,tron,USDT,48555.7,53014.0,USDT,48555.7,62,7,8,8,21,0.11842105263157894,0.06578947368421052,1.0918182623255355,False,0.4091713496562336,0.11585942488211015,False,False,,24.9,,0,[],[],0,False,False,,,10.2,False,,,0.0,,False,24.9,0,,False,[],,False,8.86,7.75,False
0xb0c20dd2d6825034b650411fb01aa7f103138e3e,tron,USDT,214336.30837800002,214976.85837800003,USDT,214336.30837800002,203,1,14,8,24,0.3127413127413127,0.13513513513513514,1.0029885277247117,False,0.6543874450702464,0.15163402835965478,False,False,,24.8,,0,[],[],0,False,False,,,87.2,False,,,0.0,,False,24.8,0,,False,[],,False,203.0,14.5,True
0xd1353e282e4c73c94f9ea0879ed58e19a8d32030,tron,USDT,1247378.59,1288600.0,USDT,1247378.59,74,1,8,8,24,0.33624454148471616,0.9694323144104804,1.0330464305949005,False,0.6105523600413932,0.14516796468628523,False,False,,24.8,,0,[],[],0,False,False,,,40.0,False,,,0.0,,False,24.8,0,,False,[],,False,74.0,9.25,True
0x284302c91432eb814bc13cd1f7e30b12cfb9e389,tron,USDT,41141.52,40560.92,USDT,41141.52,147,2,8,8,24,0.24752475247524752,0.3316831683168317,0.9858877357958579,False,0.7445046578931555,0.16427479134098927,False,False,,24.8,,0,[],[],0,False,False,,,65.1,False,,,0.0,,False,24.8,0,,False,[],,False,73.5,18.38,False
0xee4100c1b3f608df1036ee8c0b987b7ce130045c,tron,USDT,84649.45,80000.0,USDT,84649.45,61,1,1,2,1,0.0,0.5324675324675324,0.9450740672266624,False,0.6878692894741827,0.15596217272093277,False,False,,24.8,,0,[],[],0,False,False,,,50.2,False,,,0.0,,False,24.8,0,,False,[],,False,61.0,61.0,True
0x2840b95b3c19d470cee7a9a7008f2c01d437ea67,tron,USDT,17050.0,937.0,USDT,17050.0,53,2,2,8,16,0.11956521739130435,0.06521739130434782,0.05495601173020528,True,0.28816557655053826,0.09911750593583946,False,False,,24.8,,0,[],[],0,False,False,,,31.6,False,,,0.0,,False,24.8,0,,False,[],,False,26.5,26.5,False
0xd34839e0e326a8a7ecc6ac231bea6d98434f823c,tron,USDT,35490.569,5800.0,USDT,35490.569,87,6,6,8,20,0.14150943396226415,0.2169811320754717,0.16342369715177008,True,0.35192529946429546,0.1084055569762315,False,False,,24.8,,0,[],[],0,False,False,,,38.2,False,,,0.0,,False,24.8,0,,False,[],,False,14.5,14.5,False
0xb65031e7e0d25ae9cbef3d0091d60c82a7df1d53,tron,USDT,20760.0,21731.0,USDT,20760.0,64,5,7,8,22,0.25252525252525254,0.030303030303030304,1.0467726396917147,False,0.46472268886267526,0.12471770756286144,False,False,,24.8,,0,[],[],0,False,False,,,36.3,False,,,0.0,,False,24.8,0,,False,[],,False,12.8,9.14,False
0x4b7c1d341278fa4110c3824c91501f44c95c88e7,tron,USDT,123298.69999999998,115410.0,USDT,123298.69999999998,209,1,7,8,24,0.22181818181818183,0.4109090909090909,0.936019601179899,False,0.7228000169691151,0.1616901312086469,False,False,,24.7,,0,[],[],0,False,False,,,87.4,False,,,0.0,,False,24.7,0,,False,[],,False,209.0,29.86,True
0xc6d1e28668229e8d9ae738cfab657ede1a094117,tron,USDT,567494.681352,554967.0,USDT,567494.681352,195,1,7,8,22,0.2623762376237624,0.16831683168316833,0.9779245836768831,False,0.6655467326030049,0.1538453852974146,False,False,,24.7,,0,[],[],0,False,False,,,60.4,False,,,0.0,,False,24.7,0,,False,[],,False,195.0,27.86,True
0xe4723bdcf4a9a3abee9b605a8d8ca3eab4deb70e,tron,USDT,189074.3192270001,186280.339227,USDT,189074.3192270001,194,1,16,8,24,0.31643002028397565,0.1460446247464503,0.9852228477594269,False,0.6561451211004641,0.15220871411898806,False,False,,24.7,,0,[],[],0,False,False,,,85.3,False,,,0.0,,False,24.7,0,,False,[],,False,194.0,12.12,True
0x7c660a561dd1a41df2f5149619e79e7c0c9b7166,tron,USDT,199861.75999999995,206128.9,USDT,199861.75999999995,192,1,15,8,24,0.29018789144050106,0.17118997912317327,1.031357374217059,False,0.6647722247747468,0.15327153599774757,False,False,,24.7,,0,[],[],0,False,False,,,85.4,False,,,0.0,,False,24.7,0,,False,[],,False,192.0,12.8,True
0xdea4ab026f7a4bda381477e9e857e46af120299e,tron,USDT,98634.1,98425.1,USDT,98634.1,165,2,11,8,24,0.21777777777777776,0.4088888888888889,0.9978810573625145,False,0.7712350998899828,0.168973687069416,False,False,,24.7,,0,[],[],0,False,False,,,62.2,False,,,0.0,,False,24.7,0,,False,[],,False,82.5,15.0,False
0x7ed6c13eb9a5fefa0c4ecdade86a3e384fc43233,tron,USDT,157122.86,131505.0,USDT,157122.86,123,2,3,7,7,0.7560975609756098,0.6910569105691057,0.8369565065198025,False,0.7361651663866928,0.16378051204244426,False,False,,24.7,,0,[],[],0,False,False,,,44.0,False,,,0.0,,False,24.7,0,,False,[],,False,61.5,41.0,False
0xe48b20eb7d06bb7e3050d1f61067e255462119e8,tron,USDT,11679.042599999999,11427.882599999997,USDT,11679.042599999999,52,1,18,8,24,0.25675675675675674,0.12162162162162163,0.9784948125799283,False,0.3898228488121248,0.11431537107226841,False,False,,24.7,,0,[],[],0,False,False,,,50.8,False,,,0.0,,False,24.7,0,,False,[],,False,52.0,2.89,True
0x06587023079f0ed8250b15024a19311eea904bd4,tron,USDT,518450.0,450000.0,USDT,518450.0,89,3,4,8,24,0.24691358024691357,0.10699588477366255,0.8679718391358858,False,0.5475018773732103,0.13668866185464146,False,False,,24.7,,0,[],[],0,False,False,,,21.1,False,,,0.0,,False,24.7,0,,False,[],,False,29.67,22.25,False
0xd7ffa071b5640e482a173368a7dd5257ea57ddf1,tron,USDT,25652.100000000002,14667.0,USDT,25652.100000000002,53,2,2,6,17,0.11290322580645161,0.016129032258064516,0.5717660542411732,False,0.4705263122483195,0.12602853730751962,False,False,,24.7,,0,[],[],0,False,False,,,29.3,False,,,0.0,,False,24.7,0,,False,[],,False,26.5,26.5,False
0x19a502c0293bd6f86bdb0c04c5125fd112c6f4fa,tron,USDT,1494864.731168,1383021.961102,USDT,1494864.731168,50,2,8,8,23,0.08205128205128205,0.8923076923076924,0.9251820129714261,False,0.5333393300444338,0.13504953109295997,False,False,,24.7,,0,[],[],0,False,False,,,0.5,False,,,0.0,,False,24.7,0,,False,[],,False,25.0,6.25,False
0x34316b21236ac9b456edd5be5f21ca79e66f775c,tron,USDT,523317.1552669999,948327.566059,USDT,523317.1552669999,102,6,15,8,21,0.038834951456310676,0.30097087378640774,1.8121469103667296,False,0.5160390099504131,0.13230703590876453,False,False,,24.7,,0,[],[],0,False,False,,,32.4,False,,,0.0,,False,24.7,0,,False,[],,False,17.0,6.8,False
0xd4d6c71b1a289a6c09eade022bbb1a16214a87a5,tron,USDT,18116.623000000003,18116.0,USDT,18116.623000000003,58,4,6,2,13,0.2748091603053435,0.0,0.9999656116926425,False,0.4122544715112056,0.11733626242043838,False,False,,24.7,,0,[],[],0,False,False,,,36.2,False,,,0.0,,False,24.7,0,,False,[],,False,14.5,9.67,False
0x69a0a3d7b4dccb9e1346bcba03552323320e7c96,tron,USDT,725783.951,581925.47,USDT,725783.951,73,6,12,8,24,0.28222996515679444,0.08362369337979095,0.8017888370199026,False,0.48678967236791765,0.12812796811077604,False,False,,24.7,,0,[],[],0,False,False,,,16.1,False,,,0.0,,False,24.7,0,,False,[],,False,12.17,6.08,False
0x2f11a689f0ca0a514d383cfc43c4f0b832432515,tron,USDT,75182.92,74200.0,USDT,75182.92,60,5,12,7,18,0.05825242718446602,0.019417475728155338,0.9869262859170673,False,0.5972367633353015,0.14404517651892923,False,False,,24.7,,0,[],[],0,False,False,,,9.0,False,,,0.0,,False,24.7,0,,False,[],,False,12.0,5.0,False
0x31f1adce3c4c74dfb6f0336a820dc59e43600fcc,tron,USDT,1057357.8699999999,1057279.0,USDT,1057357.8699999999,162,1,10,5,18,0.35251798561151076,0.06474820143884892,0.9999254084144663,False,0.6099129560995246,0.14651790132670994,False,False,,24.6,,0,[],[],0,False,False,,,58.9,False,,,0.0,,False,24.6,0,,False,[],,False,162.0,16.2,True
0xcc6176544e627678bfc661a33ecf35ffcee42af1,tron,USDT,250025.057935,250025.057935,USDT,250025.057935,99,1,1,1,2,0.0,0.0,1.0,False,0.6353415358506576,0.14962811894054906,False,False,,24.6,,0,[],[],0,False,False,,,47.8,False,,,0.0,,False,24.6,0,,False,[],,False,99.0,99.0,True
0xea4fa27cb9346cff1e862cd80b23da54b249df7c,tron,USDT,76268.006135,76618.006135,USDT,76268.006135,132,2,18,8,24,0.21634615384615385,0.44711538461538464,1.004589080241333,False,0.7588403511133796,0.16726913475298016,False,False,,24.6,,0,[],[],0,False,False,,,59.5,False,,,0.0,,False,24.6,0,,False,[],,False,66.0,7.33,False
0xacb51cd6d4c812d26cad25fa1c2a76d7aa45d786,tron,USDT,1204540.741162,1206043.0,USDT,1204540.741162,62,1,8,1,7,0.0,0.09523809523809523,1.0012471631607502,False,0.5883589678769717,0.1433141461670427,False,False,,24.6,,0,[],[],0,False,False,,,33.7,False,,,0.0,,False,24.6,0,,False,[],,False,62.0,7.75,True
0xb18d3c6b61f4bc1e21067e847681c3f7534dd214,tron,USDT,20370.948368,3989.4214,USDT,20370.948368,60,1,1,3,6,0.0,0.06666666666666667,0.1958387664595351,True,0.3079416183746393,0.10298103287409316,False,False,,24.6,,0,[],[],0,False,False,,,55.5,False,,,0.0,,False,24.6,0,,False,[],,False,60.0,60.0,True
0xae6699a0ab29f8154c618d72aefc0a866c638a3a,tron,USDT,12549.570000000002,12277.230000000001,USDT,12549.570000000002,53,1,20,8,24,0.23684210526315788,0.15789473684210525,0.9782988580485228,False,0.41657619078662433,0.11887568424769729,False,False,,24.6,,0,[],[],0,False,False,,,51.9,False,,,0.0,,False,24.6,0,,False,[],,False,53.0,2.65,True
0x0a9b3d139beaaf4ca042901e6474723003202f49,tron,USDT,495887.316955,496889.316955,USDT,495887.316955,73,2,10,7,24,0.18969072164948453,0.24123711340206186,1.002020620342042,False,0.5929772929871707,0.14398753698886618,False,False,,24.6,,0,[],[],0,False,False,,,24.9,False,,,0.0,,False,24.6,0,,False,[],,False,36.5,7.3,False
0xd0392db4e625d5b2798492a6844acda6e1c42b28,tron,USDT,42482.0,39913.364848,USDT,42482.0,81,4,12,8,23,0.1875,0.40625,0.9395359175180076,False,0.6368252997530712,0.15032414940536892,False,False,,24.6,,0,[],[],0,False,False,,,36.4,False,,,0.0,,False,24.6,0,,False,[],,False,20.25,6.75,False
0x373ba5acd98eaed5c3e88f200230a05f9aca5d95,tron,USDT,99356.11,96746.31,USDT,99356.11,51,3,23,8,20,0.01818181818181818,0.5818181818181818,0.9737328685674187,False,0.5388492466027498,0.13639299191225124,False,False,,24.6,,0,[],[],0,False,False,,,1.4,False,,,0.0,,False,24.6,0,,False,[],,False,17.0,2.22,False
0x9fecb031fc5ea14846f3d0bf01f516e6b1f4695c,tron,USDT,95951.07,72381.0,USDT,95951.07,83,7,8,8,24,0.17777777777777778,0.24444444444444444,0.7543532344141655,False,0.5188596159112591,0.13320274068629984,False,False,,24.6,,0,[],[],0,False,False,,,19.3,False,,,0.0,,False,24.6,0,,False,[],,False,11.86,10.38,False
0x4d6818b5e531052ce5b1916d114e9c1bf82c7ef3,tron,USDT,15451.753550000001,4839.75,USDT,15451.753550000001,79,7,11,8,23,0.23655913978494625,0.0,0.31321687757568456,True,0.2033094764909536,0.08816508513105054,False,False,,24.6,,0,[],[],0,False,False,,,48.4,False,,,0.0,,False,24.6,0,,False,[],,False,11.29,7.18,False
0x7cf75adf51f88531b00f5d66e28aa00187dd95ec,tron,USDT,53364.0,52486.174852000004,USDT,53364.0,58,6,14,8,21,0.17647058823529413,0.21568627450980393,0.9835502370886741,False,0.5195781000269839,0.13313849842181552,False,False,,24.6,,0,[],[],0,False,False,,,19.8,False,,,0.0,,False,24.6,0,,False,[],,False,9.67,4.14,False
0xc7b5bd005d31666734858dfe4bb121af087b6ef8,tron,USDT,888681.0982220001,888681.0,USDT,888681.0982220001,166,1,9,5,22,0.16943521594684385,0.09634551495016612,0.999999889474413,False,0.6244378226127443,0.14904447694209283,False,False,,24.5,,0,[],[],0,False,False,,,59.2,False,,,0.0,,False,24.5,0,,False,[],,False,166.0,18.44,True
0x2974189d4200254a3efd0f5d10b7318825c08976,tron,USDT,758477.6395520001,817503.0,USDT,758477.6395520001,161,1,8,8,23,0.23353293413173654,0.25149700598802394,1.0778208313205695,False,0.6706683326752158,0.15547909231101237,False,False,,24.5,,0,[],[],0,False,False,,,58.8,False,,,0.0,,False,24.5,0,,False,[],,False,161.0,20.12,True
0xe68e743025645bbc66ff18803bd60b0c94a6ea8c,tron,USDT,27900.300599999977,27901.359601,USDT,27900.300599999977,128,1,1,1,2,0.5703125,0.0,1.0000379566161386,False,0.5451557519096955,0.1376478220015258,False,False,,24.5,,0,[],[],0,False,False,,,72.8,False,,,0.0,,False,24.5,0,,False,[],,False,128.0,128.0,True
0x67b66dd412b4e22fdc0e641fa6987d98d210dd32,tron,USDT,10292.74943,13278.74943,USDT,10292.74943,82,1,4,5,24,0.1792452830188679,0.27358490566037735,1.2901071302966713,False,0.5143375047849593,0.13311508677407163,False,False,,24.5,,0,[],[],0,False,False,,,73.5,False,,,0.0,,False,24.5,0,,False,[],,False,82.0,20.5,True
0x1047521d6ac7f959d53e06eb88d6da2e411f24ee,tron,USDT,168660.448011,200000.0,USDT,168660.448011,144,2,6,8,24,0.16023738872403562,0.516320474777448,1.1858144713747947,False,0.7380386330903359,0.16512204024772187,False,False,,24.5,,0,[],[],0,False,False,,,60.5,False,,,0.0,,False,24.5,0,,False,[],,False,72.0,24.0,False
0xd0f8a6affa7d05114519a93b4ff6fbabedba5480,tron,USDT,12753.699422999998,12966.769423,USDT,12753.699422999998,55,1,20,8,24,0.25,0.1625,1.016706525136993,False,0.433166968201282,0.12190350049182103,False,False,,24.5,,0,[],[],0,False,False,,,53.4,False,,,0.0,,False,24.5,0,,False,[],,False,55.0,2.75,True
0x9882cbd9346d9d0fac7ac9137116f025ac0cc503,tron,USDT,29531.499960999994,29415.0,USDT,29531.499960999994,64,2,3,3,5,0.015384615384615385,0.015384615384615385,0.9960550611667593,False,0.6134027814314851,0.14751625706713856,False,False,,24.5,,0,[],[],0,False,False,,,11.4,False,,,0.0,,False,24.5,0,,False,[],,False,32.0,21.33,False
0x23284fef3916660824dccc30c05b80b09db54467,tron,USDT,280400.0,250739.0,USDT,280400.0,52,5,8,8,24,0.20300751879699247,1.0,0.894218972895863,False,0.5452841849058592,0.1374731002008337,False,False,,24.5,,0,[],[],0,False,False,,,2.3,False,,,0.0,,False,24.5,0,,False,[],,False,10.4,6.5,False
0xc099cd372cce4e85bdc7154bab84dc96c1a24e7b,tron,USDT,455420.4499999999,404399.379999,USDT,455420.4499999999,137,1,2,7,23,0.31092436974789917,0.27310924369747897,0.8879693039673561,False,0.6534530037718335,0.1533910344248332,False,False,,24.4,,0,[],[],0,False,False,,,79.0,False,,,0.0,,False,24.4,0,,False,[],,False,137.0,68.5,True
0x23151aa32eec5a1e0eeb083ccb3bcec357f3c145,tron,USDT,619790.5460000001,632098.4559999999,USDT,619790.5460000001,129,1,12,8,24,0.16944444444444445,0.005555555555555556,1.0198581764104544,False,0.5536015509716214,0.1393601747200049,False,False,,24.4,,0,[],[],0,False,False,,,65.1,False,,,0.0,,False,24.4,0,,False,[],,False,129.0,10.75,True
0x0438fa0d4aa530421281c2f1dac8dbb31c36b971,tron,USDT,663619.954627,588188.454627,USDT,663619.954627,75,1,16,8,21,0.03418803418803419,0.3076923076923077,0.8863332853780781,False,0.5436646205885558,0.13792839293493758,False,False,,24.4,,0,[],[],0,False,False,,,40.4,False,,,0.0,,False,24.4,0,,False,[],,False,75.0,4.69,True
0x5cd18d2e73cfea0b0b8ef6ece0e2b5b1c81d81c8,tron,USDT,1142160.881474,1180000.0,USDT,1142160.881474,62,1,8,8,13,0.3225806451612903,0.43548387096774194,1.0331294120992547,False,0.5356736508851979,0.13707493500230894,False,False,,24.4,,0,[],[],0,False,False,,,33.7,False,,,0.0,,False,24.4,0,,False,[],,False,62.0,7.75,True
0x582d776347824518d2b68f32a7f7dc16bf4ba843,tron,USDT,165233.000501,154353.159721,USDT,165233.000501,65,6,14,8,22,0.3854166666666667,0.6770833333333334,0.9341545529826885,False,0.6111839016869068,0.14737775743269382,False,False,,24.4,,0,[],[],0,False,False,,,11.9,False,,,0.0,,False,24.4,0,,False,[],,False,10.83,4.64,False
0x9377c8f6a0dfc32da10aa72219b728df11938cdb,tron,USDT,191197.285165,197605.08516500003,USDT,191197.285165,190,1,14,8,24,0.32842105263157895,0.16210526315789472,1.0335140741902804,False,0.6581889967868909,0.15471775697871398,False,False,,24.3,,0,[],[],0,False,False,,,83.7,False,,,0.0,,False,24.3,0,,False,[],,False,190.0,13.57,True
0x99b223ce9d2fc318af30fe9f9862ee89905e9d34,tron,USDT,267864.17,207100.01,USDT,267864.17,122,1,1,5,24,0.16289592760180996,0.25339366515837103,0.7731530872531404,False,0.6138160226266993,0.1486144769170532,False,False,,24.3,,0,[],[],0,False,False,,,77.5,False,,,0.0,,False,24.3,0,,False,[],,False,122.0,122.0,True
0x5d2098a6facae94daf1fb697dab5b8aa5bf3b337,tron,USDT,10701.641542,8590.0,USDT,10701.641542,76,1,4,8,21,0.16279069767441862,0.18604651162790697,0.8026805949617557,False,0.49655648386294937,0.1316336653347962,False,False,,24.3,,0,[],[],0,False,False,,,71.7,False,,,0.0,,False,24.3,0,,False,[],,False,76.0,19.0,True
0x3d205e98c879540d28b3291a1a92e632315e0ee9,tron,USDT,10201.971295000001,14499.0,USDT,10201.971295000001,56,1,2,5,18,0.03125,0.08333333333333333,1.4211959219201076,False,0.4691125339019352,0.1280020859176541,False,False,,24.3,,0,[],[],0,False,False,,,60.3,False,,,0.0,,False,24.3,0,,False,[],,False,56.0,28.0,True
0x7aa1048c99162617ef66c119202882dd090ba0b6,tron,USDT,147396.03610800003,151871.058808,USDT,147396.03610800003,67,2,5,8,18,0.05970149253731343,0.31343283582089554,1.0303605362678887,False,0.7350606886734482,0.1658550146685563,False,False,,24.3,,0,[],[],0,False,False,,,13.3,False,,,0.0,,False,24.3,0,,False,[],,False,33.5,13.4,False
0xacae62e4cf712341f9b841f7639fc1a2dd71c37b,tron,USDT,729900.0,579710.0,USDT,729900.0,67,2,2,7,24,0.20918367346938777,1.0,0.7942320865872037,False,0.6048370834184166,0.1472702001731357,False,False,,24.3,,0,[],[],0,False,False,,,13.3,False,,,0.0,,False,24.3,0,,False,[],,False,33.5,33.5,False
0x81285461e9ff494b1c6d9c9afe8ba7abd042b7fb,tron,USDT,45594.048053000006,40064.0,USDT,45594.048053000006,89,3,7,8,24,0.1784037558685446,0.2535211267605634,0.8787111851404004,False,0.6097685416526029,0.1477896172180126,False,False,,24.3,,0,[],[],0,False,False,,,50.6,False,,,0.0,,False,24.3,0,,False,[],,False,29.67,12.71,False
0xee80de48d2754cc60b48f58f6950524a852a2e7c,tron,USDT,418569.77382999996,470000.0,USDT,418569.77382999996,76,3,9,8,24,0.2197452229299363,0.3821656050955414,1.1228713332532418,False,0.6088792759882995,0.14802388337946604,False,False,,24.3,,0,[],[],0,False,False,,,17.3,False,,,0.0,,False,24.3,0,,False,[],,False,25.33,8.44,False
0x6a647543d7c3a9dc1bb3ebb6a3a8b7ce30ecbd7f,tron,USDT,69733.123578,74151.0,USDT,69733.123578,53,7,9,8,16,0.34831460674157305,0.02247191011235955,1.063354058951029,False,0.3482540927494633,0.11062173715697232,False,False,,24.3,,0,[],[],0,False,False,,,3.4,False,,,0.0,,False,24.3,0,,False,[],,False,7.57,5.89,False
0x9d3cd3a5c3643e576252fa7500897820cd96e3f5,tron,USDT,186351.08999999997,185558.18000000002,USDT,186351.08999999997,190,1,14,8,24,0.29978586723768735,0.15631691648822268,0.9957450745257248,False,0.6611558031953443,0.15586799687836544,False,False,,24.2,,0,[],[],0,False,False,,,86.6,False,,,0.0,,False,24.2,0,,False,[],,False,190.0,13.57,True
0x2327d0c3777986cc22ee1ec96d135bdacfffa304,tron,USDT,583895.7299999999,583895.0,USDT,583895.7299999999,137,1,10,2,15,0.1894273127753304,0.06167400881057269,0.9999987497767797,False,0.7438902887758905,0.1676124895075154,False,False,,24.2,,0,[],[],0,False,False,,,56.8,False,,,0.0,,False,24.2,0,,False,[],,False,137.0,13.7,True
0x379bfdbb70f3d3970adfd44cbabdbfd5fe9f6ce7,tron,USDT,30503.810033,29839.310032999994,USDT,30503.810033,128,2,7,7,24,0.2606060606060606,0.3212121212121212,0.9782158360125791,False,0.7285239478558888,0.16568837618965515,False,False,,24.2,,0,[],[],0,False,False,,,63.4,False,,,0.0,,False,24.2,0,,False,[],,False,64.0,18.29,False
0x08530267531588a2cd4dfdf99f5455121bae12c8,tron,USDT,373868.22766200005,632348.0,USDT,373868.22766200005,113,2,3,8,18,0.24571428571428572,0.1657142857142857,1.6913659766020064,False,0.6764064822358142,0.15800171309573702,False,False,,24.2,,0,[],[],0,False,False,,,29.4,False,,,0.0,,False,24.2,0,,False,[],,False,56.5,37.67,False
0x872403018dce8904d431ba9ae50a503258460d63,tron,USDT,25178.013931999998,44630.013932,USDT,25178.013931999998,55,1,2,8,20,0.2714285714285714,0.4142857142857143,1.7725788083418876,False,0.3473722315433323,0.11129597978962052,False,False,,24.2,,0,[],[],0,False,False,,,55.2,False,,,0.0,,False,24.2,0,,False,[],,False,55.0,27.5,True
0x0a9d13b6d3fe14566f13085f8313a35ffb1d108c,tron,USDT,462638.941952,376296.0,USDT,462638.941952,123,4,10,8,19,0.12690355329949238,0.18274111675126903,0.8133686248120499,False,0.652194301967077,0.15454785318452496,False,False,,24.2,,0,[],[],0,False,False,,,31.7,False,,,0.0,,False,24.2,0,,False,[],,False,30.75,12.3,False
0xf7301fe5d46047a2e4e187499f2447dc292032dd,tron,USDT,81697.68093800002,76600.0,USDT,81697.68093800002,83,3,9,2,12,0.17625899280575538,0.0,0.937603113338448,False,0.6367145132065102,0.15259437485026794,False,False,,24.2,,0,[],[],0,False,False,,,46.8,False,,,0.0,,False,24.2,0,,False,[],,False,27.67,9.22,False
0x4a250de11993a3a4ba57cd8d2d766257a1cf1d61,tron,USDT,26631.0,26629.0,USDT,26631.0,83,4,10,8,21,0.19642857142857142,0.10714285714285714,0.9999248995531523,False,0.5608674576365533,0.1413131093249953,False,False,,24.2,,0,[],[],0,False,False,,,33.5,False,,,0.0,,False,24.2,0,,False,[],,False,20.75,8.3,False
0xe84939e183d09bf5e6d47b0520892b826b4797d3,tron,USDT,51307.838286000006,50890.0,USDT,51307.838286000006,51,3,12,4,13,0.2015810276679842,0.0,0.9918562484805754,False,0.5169117673032428,0.13528388650894885,False,False,,24.2,,0,[],[],0,False,False,,,30.1,False,,,0.0,,False,24.2,0,,False,[],,False,17.0,4.25,False
0x10c6b4da75d8044a14e2e2d5b03ae072705db816,tron,USDT,441475.03,424000.0,USDT,441475.03,54,4,9,7,14,0.26356589147286824,0.8837209302325582,0.960416719378217,False,0.5683031147708493,0.14248194116810942,False,False,,24.2,,0,[],[],0,False,False,,,4.3,False,,,0.0,,False,24.2,0,,False,[],,False,13.5,6.0,False
0xe7bd62b118a8b10644de1e6f4e05a41e04988515,tron,USDT,39004.588866,42335.49,USDT,39004.588866,54,6,9,8,23,0.23134328358208955,0.007462686567164179,1.0853976732184842,False,0.38676009200034217,0.11653912375714393,False,False,,24.2,,0,[],[],0,False,False,,,27.8,False,,,0.0,,False,24.2,0,,False,[],,False,9.0,6.0,False
0x17b103d07d732f892579439a9ec41b2f28aa7513,tron,USDT,169052.597483,167122.917483,USDT,169052.597483,205,1,12,8,24,0.2882703777335984,0.1272365805168986,0.9885853277102469,False,0.6492444308369157,0.15468969717475373,False,False,,24.1,,0,[],[],0,False,False,,,86.4,False,,,0.0,,False,24.1,0,,False,[],,False,205.0,17.08,True
0xdc37950d44ba18e4856ed5dd6d4eadf5bde0b44a,tron,USDT,395875.5703610001,395875.570361,USDT,395875.5703610001,195,2,9,5,5,0.6409495548961425,0.002967359050445104,0.9999999999999999,False,0.6362112855324565,0.1530098477919738,False,False,,24.1,,0,[],[],0,False,False,,,39.8,False,,,0.0,,False,24.1,0,,False,[],,False,97.5,21.67,False
0x2d1f9c12a72dbc241a59c9a8b6f2d896ae46f276,tron,USDT,12500.65,12500.65,USDT,12500.65,89,1,4,7,24,0.15942028985507245,0.2826086956521739,1.0,False,0.5897539244802715,0.14625095773461033,False,False,,24.1,,0,[],[],0,False,False,,,75.6,False,,,0.0,,False,24.1,0,,False,[],,False,89.0,22.25,True
0xc3c7749fbb84f3c166eedb9ea8311e8b6e4d035a,tron,USDT,943352.1099999999,960000.0,USDT,943352.1099999999,70,1,8,8,24,0.1261682242990654,0.40186915887850466,1.0176475886612477,False,0.5645655183305421,0.14270051664894445,False,False,,24.1,,0,[],[],0,False,False,,,38.2,False,,,0.0,,False,24.1,0,,False,[],,False,70.0,8.75,True
0x96a10645b71a390c8e9ee634b081abc641e3f1c5,tron,USDT,910705.3200000002,962320.5999999999,USDT,910705.3200000002,65,1,6,8,18,0.23809523809523808,0.3862433862433862,1.0566761595287482,False,0.6838281113271736,0.15983519177618133,False,False,,24.1,,0,[],[],0,False,False,,,35.5,False,,,0.0,,False,24.1,0,,False,[],,False,65.0,10.83,True
0xb5a06137bfd77161e811db5591e056f385ad15df,tron,USDT,33978.86,32878.86,USDT,33978.86,116,2,9,7,24,0.25161290322580643,0.45161290322580644,0.9676269303914258,False,0.7341914870541019,0.16687863166426586,False,False,,24.1,,0,[],[],0,False,False,,,56.7,False,,,0.0,,False,24.1,0,,False,[],,False,58.0,12.89,False
0xd38bbe26a6c2539382b060998e3026568abee61b,tron,USDT,13631.29,14177.29,USDT,13631.29,53,1,21,8,23,0.19480519480519481,0.15584415584415584,1.0400549030942778,False,0.41163263414567564,0.12079548467117718,False,False,,24.1,,0,[],[],0,False,False,,,50.3,False,,,0.0,,False,24.1,0,,False,[],,False,53.0,2.52,True
0xd866009bf7c6bc5e3e9b211738efc0f0139b3b4e,tron,USDT,12607.400000000001,12310.94,USDT,12607.400000000001,51,1,16,8,23,0.18309859154929578,0.19718309859154928,0.9764852388279899,False,0.4192257707185042,0.12175627340971534,False,False,,24.1,,0,[],[],0,False,False,,,47.3,False,,,0.0,,False,24.1,0,,False,[],,False,51.0,3.19,True
0x66c41e62c9647325dbef12fc493d6fb000ba8437,tron,USDT,16836.5,16836.5,USDT,16836.5,89,2,5,8,24,0.2540983606557377,0.30327868852459017,1.0,False,0.6465422146796777,0.1542498959868568,False,False,,24.1,,0,[],[],0,False,False,,,48.7,False,,,0.0,,False,24.1,0,,False,[],,False,44.5,17.8,False
0x74fcd224747e12e5af9de258e76c27dad11a5b88,tron,USDT,13266.070000000012,19097.0,USDT,13266.070000000012,101,3,9,8,23,0.21551724137931033,0.02586206896551724,1.4395371048094863,False,0.48415452218617233,0.13119698569187904,False,False,,24.1,,0,[],[],0,False,False,,,51.7,False,,,0.0,,False,24.1,0,,False,[],,False,33.67,11.22,False
0x4d9e381fcb5ffc9f84c876dadcfc492e81f9b6dc,tron,USDT,771503.2949999999,438677.0,USDT,771503.2949999999,59,6,7,8,22,0.15873015873015872,0.47619047619047616,0.5686002935347153,False,0.49689782705654,0.1329330328191934,False,False,,24.1,,0,[],[],0,False,False,,,8.2,False,,,0.0,,False,24.1,0,,False,[],,False,9.83,8.43,False
0x19a168afcf03fe8681946320edca92180d7c8115,tron,USDT,93411.29700000002,93296.361,USDT,93411.29700000002,54,6,8,8,24,0.22916666666666666,0.0,0.9987695706655265,False,0.3895502654271231,0.11760176441282527,False,False,,24.1,,0,[],[],0,False,False,,,4.3,False,,,0.0,,False,24.1,0,,False,[],,False,9.0,6.75,False
0x9108289f7013934ce2a567a413e06ffc55b059d5,tron,USDT,99333.94300000004,103339.312,USDT,99333.94300000004,56,7,8,8,24,0.1619047619047619,0.0,1.0403222592301602,False,0.3442053826893944,0.11101514247307587,False,False,,24.1,,0,[],[],0,False,False,,,6.0,False,,,0.0,,False,24.1,0,,False,[],,False,8.0,7.0,False
0x163ee9e40d73e3c488140166aa3c5054cfba448c,tron,USDT,1010913.212,1010464.0,USDT,1010913.212,154,1,8,6,21,0.13765182186234817,0.048582995951417005,0.9995556374230076,False,0.6008020905732736,0.14824751530716596,False,False,,24.0,,0,[],[],0,False,False,,,58.3,False,,,0.0,,False,24.0,0,,False,[],,False,154.0,19.25,True
0xaededa016259708eaf64be6f3d7bf9bba63c7831,tron,USDT,504455.06183400005,506000.0,USDT,504455.06183400005,87,1,19,7,12,0.08290155440414508,0.23834196891191708,1.0030625882915778,False,0.7249072108100765,0.16621529262316886,False,False,,24.0,,0,[],[],0,False,False,,,44.1,False,,,0.0,,False,24.0,0,,False,[],,False,87.0,4.58,True
0x75adf6526bd63bb7a326ba38de69a8d66825052c,tron,USDT,24902.949999999997,24469.95,USDT,24902.949999999997,109,2,7,6,24,0.2706766917293233,0.3308270676691729,0.9826125017317227,False,0.6999166454460476,0.1623130916494005,False,False,,24.0,,0,[],[],0,False,False,,,58.9,False,,,0.0,,False,24.0,0,,False,[],,False,54.5,15.57,False
0x1c3cc69ef0dc39d4caad3eeb734940a1f1d545a6,tron,USDT,36381.831029,36381.83102899999,USDT,36381.831029,53,1,4,2,7,0.018867924528301886,0.22641509433962265,0.9999999999999998,False,0.59662706830717,0.1477315834918151,False,False,,24.0,,0,[],[],0,False,False,,,53.4,False,,,0.0,,False,24.0,0,,False,[],,False,53.0,13.25,True
0x2fc38a3914770009253069f0d77fd953bba8a8c9,tron,USDT,314887.79,330962.79,USDT,314887.79,70,3,7,8,24,0.2222222222222222,0.9707602339181286,1.0510499311516652,False,0.6444569632817586,0.15441511359256072,False,False,,24.0,,0,[],[],0,False,False,,,14.7,False,,,0.0,,False,24.0,0,,False,[],,False,23.33,10.0,False
0x5fe1f82b080b5642b712b0be1c557f1f49e26940,tron,USDT,144410.00507,154364.38,USDT,144410.00507,56,3,11,3,18,0.10869565217391304,0.1956521739130435,1.0689313384150552,False,0.6432777968057459,0.15428426317669175,False,False,,24.0,,0,[],[],0,False,False,,,6.0,False,,,0.0,,False,24.0,0,,False,[],,False,18.67,5.09,False
0xec8b29984a4cf0bef359bf1bc2512ec85cd6eb3d,tron,USDT,34230.1812,34492.0,USDT,34230.1812,144,1,3,8,24,0.11659192825112108,0.14798206278026907,1.007648770494969,False,0.6386484385187406,0.15408570953380896,False,False,,23.9,,0,[],[],0,False,False,,,84.0,False,,,0.0,,False,23.9,0,,False,[],,False,144.0,48.0,True
0x725e85724e0e33b00fdddbe0a262c2b99a114079,tron,USDT,709756.088,709756.0,USDT,709756.088,123,1,7,3,18,0.05853658536585366,0.07317073170731707,0.9999998760137441,False,0.7368688763482728,0.1683701572108749,False,False,,23.9,,0,[],[],0,False,False,,,55.2,False,,,0.0,,False,23.9,0,,False,[],,False,123.0,17.57,True
0x91d1d712439afca5cdaf15db92a152eadd48f5da,tron,USDT,199362.175457,200000.0,USDT,199362.175457,115,1,1,8,21,0.05982905982905983,0.19658119658119658,1.0031993257574456,False,0.6308620440551295,0.15323476290667598,False,False,,23.9,,0,[],[],0,False,False,,,79.2,False,,,0.0,,False,23.9,0,,False,[],,False,115.0,115.0,True
0x4f1869afbeb7a4854570d22f036befd106c90990,tron,USDT,205921.60412099998,205921.604121,USDT,205921.60412099998,95,1,1,1,1,0.0,0.0,1.0000000000000002,False,0.6248408994484513,0.15263728509942864,False,False,,23.9,,0,[],[],0,False,False,,,46.4,False,,,0.0,,False,23.9,0,,False,[],,False,95.0,95.0,True
0x808dd479189e2a5fef44ab6249e049362e5f65f1,tron,USDT,16041.46,14300.0,USDT,16041.46,82,1,3,8,21,0.22340425531914893,0.7553191489361702,0.8914400559550066,False,0.6068200434353798,0.14977160210895363,False,False,,23.9,,0,[],[],0,False,False,,,69.1,False,,,0.0,,False,23.9,0,,False,[],,False,82.0,27.33,True
0x429fec9267268433695bd5f9733a32134f63bbcc,tron,USDT,63664.12141799998,68933.0524,USDT,63664.12141799998,151,2,2,8,23,0.3026315789473684,0.0,1.0827613868635013,False,0.5932483166026923,0.14762779885664862,False,False,,23.9,,0,[],[],0,False,False,,,61.9,False,,,0.0,,False,23.9,0,,False,[],,False,75.5,75.5,False
0x43bfe2de279181abffdd9f16799736db608fc793,tron,USDT,278274.703096,440000.0,USDT,278274.703096,190,3,8,8,24,0.1510791366906475,0.07553956834532374,1.5811713932480866,False,0.5571641091314604,0.1427385870716228,False,False,,23.9,,0,[],[],0,False,False,,,63.6,False,,,0.0,,False,23.9,0,,False,[],,False,63.33,23.75,False
0x6d283d2513083bb970582688df20b8386d14ddad,tron,USDT,11459.215254,18584.0,USDT,11459.215254,51,1,3,7,1,0.0,0.0,1.6217515412770516,False,0.3441902093517174,0.11264448397623966,False,False,,23.9,,0,[],[],0,False,False,,,55.7,False,,,0.0,,False,23.9,0,,False,[],,False,51.0,17.0,True
0x66863f5654909e77f0faa89fc19afa6238356c3f,tron,USDT,117953.202,95327.0,USDT,117953.202,117,3,13,3,12,0.29010989010989013,0.0,0.8081764495041007,False,0.5428614248180879,0.14044576080751392,False,False,,23.9,,0,[],[],0,False,False,,,59.4,False,,,0.0,,False,23.9,0,,False,[],,False,39.0,9.0,False
0xc4a7a607d25e4611c307bd531f85eb0baf6fe78a,tron,USDT,83162.634633,729155.9299999999,USDT,83162.634633,88,3,4,8,23,0.20121951219512196,0.18292682926829268,8.7678310483764,False,0.4106915570640645,0.12174610878057474,False,False,,23.9,,0,[],[],0,False,False,,,33.2,False,,,0.0,,False,23.9,0,,False,[],,False,29.33,22.0,False
0x4df3b63bc178b22356af24920a18f760dbd35e14,tron,USDT,208789.11888799997,211456.198888,USDT,208789.11888799997,189,1,13,8,24,0.2851153039832285,0.13836477987421383,1.0127740373358765,False,0.6495241064063928,0.15631251221841963,False,False,,23.8,,0,[],[],0,False,False,,,86.5,False,,,0.0,,False,23.8,0,,False,[],,False,189.0,14.54,True
0xa7fb2ba62143ddb0f84f72d1a25785ae825cbcb9,tron,USDT,189327.46000000005,199285.97,USDT,189327.46000000005,170,1,14,8,24,0.30851063829787234,0.13829787234042554,1.0525993957770308,False,0.6368920852060703,0.15454353307097823,False,False,,23.8,,0,[],[],0,False,False,,,84.9,False,,,0.0,,False,23.8,0,,False,[],,False,170.0,12.14,True
0x6b0998bb516208a602eccc1dfee2c57c16e80323,tron,USDT,33335.47999000001,30000.0,USDT,33335.47999000001,64,1,1,7,18,0.07792207792207792,0.14285714285714285,0.8999420440023487,False,0.6021352055760318,0.1496142932182472,False,False,,23.8,,0,[],[],0,False,False,,,45.8,False,,,0.0,,False,23.8,0,,False,[],,False,64.0,64.0,True
0x36b84cf161753f90985b1921fe1cebe308368cf7,tron,USDT,12618.516883,10301.0,USDT,12618.516883,71,2,2,8,23,0.21176470588235294,0.0,0.8163399942728435,False,0.4317236628342039,0.12529265440386822,False,False,,23.8,,0,[],[],0,False,False,,,42.8,False,,,0.0,,False,23.8,0,,False,[],,False,35.5,35.5,False
0x4e0471169a35478e62925f021c487359562eca59,tron,USDT,1111927.84,1042000.0,USDT,1111927.84,66,2,14,8,24,0.20952380952380953,0.6857142857142857,0.9371111708112281,False,0.6165906686128184,0.1517670851814265,False,False,,23.8,,0,[],[],0,False,False,,,12.5,False,,,0.0,,False,23.8,0,,False,[],,False,33.0,4.71,False
0x0c49b2e65ac37f2791ad8b5ab14c53b82e301467,tron,USDT,27467.956927999996,27838.713527,USDT,27467.956927999996,53,2,8,4,13,0.13496932515337423,0.0,1.0134977858008094,False,0.5299690894244796,0.13933071776511657,False,False,,23.8,,0,[],[],0,False,False,,,32.1,False,,,0.0,,False,23.8,0,,False,[],,False,26.5,6.62,False
0x872a4974b59a0f81ee23a79d833b687e8e24d947,tron,USDT,27044.171491999998,30181.0,USDT,27044.171491999998,58,4,6,8,20,0.17204301075268819,0.16129032258064516,1.1159890776808568,False,0.4787113910824116,0.13216028809726288,False,False,,23.8,,0,[],[],0,False,False,,,28.9,False,,,0.0,,False,23.8,0,,False,[],,False,14.5,9.67,False
0xe8400b529ecdd82d3310bb230c7e2be366b7fc8d,tron,USDT,168068.90447100002,174648.55088100003,USDT,168068.90447100002,182,1,13,8,24,0.28450106157112526,0.16560509554140126,1.039148505374683,False,0.6564681351575623,0.15779664456170173,False,False,,23.7,,0,[],[],0,False,False,,,86.2,False,,,0.0,,False,23.7,0,,False,[],,False,182.0,14.0,True
0xdd345aa4580bffb49da57465d1a27748efb6c872,tron,USDT,18398.782712,18603.782712,USDT,18398.782712,72,1,5,4,23,0.14893617021276595,0.3617021276595745,1.0111420414713792,False,0.5648059574248587,0.1451307872074475,False,False,,23.7,,0,[],[],0,False,False,,,65.6,False,,,0.0,,False,23.7,0,,False,[],,False,72.0,14.4,True
0x6af32ac4e2f21ede21364fd9bba6cc5daf97579c,tron,USDT,10412.89,9843.39,USDT,10412.89,50,1,3,8,24,0.20987654320987653,0.16049382716049382,0.9453081709304525,False,0.3901223045297477,0.11996148767661652,False,False,,23.7,,0,[],[],0,False,False,,,54.9,False,,,0.0,,False,23.7,0,,False,[],,False,50.0,16.67,True
0x88a35321aaff986e85819b3a6d3deacae71a3190,tron,USDT,18006.758368,17687.758368,USDT,18006.758368,77,2,3,5,24,0.22727272727272727,0.14772727272727273,0.9822844293525426,False,0.5670551039443312,0.14522628796180848,False,False,,23.7,,0,[],[],0,False,False,,,47.8,False,,,0.0,,False,23.7,0,,False,[],,False,38.5,25.67,False
0x1e329af0b6d1e793439379fc4925c5260301a08d,tron,USDT,1098404.401221,1114860.0,USDT,1098404.401221,52,2,21,8,18,0.25769230769230766,0.25384615384615383,1.014981366389927,False,0.49407627657352077,0.1350259688494822,False,False,,23.7,,0,[],[],0,False,False,,,2.3,False,,,0.0,,False,23.7,0,,False,[],,False,26.0,2.48,False
0xe45034fa10e1408e030d9378a2f7b33522d09b14,tron,USDT,15625.970000000001,15625.970000000001,USDT,15625.970000000001,51,2,4,8,23,0.2602739726027397,0.3698630136986301,1.0,False,0.5153797199830293,0.13769685950193433,False,False,,23.7,,0,[],[],0,False,False,,,31.6,False,,,0.0,,False,23.7,0,,False,[],,False,25.5,12.75,False
0xf0678b602850517c937afe87a5544417269bffa1,tron,USDT,143937.38075200003,143937.380752,USDT,143937.38075200003,50,2,3,2,2,0.0,0.09836065573770492,0.9999999999999998,False,0.5691981332201952,0.14546891320504218,False,False,,23.7,,0,[],[],0,False,False,,,0.5,False,,,0.0,,False,23.7,0,,False,[],,False,25.0,16.67,False
0xedf82147b0b9cf152b66a4cbf17f001edb8e14a3,tron,USDT,117339.54647899997,141108.06,USDT,117339.54647899997,96,8,10,8,19,0.16363636363636364,0.01818181818181818,1.2025618321718488,False,0.46207566920415377,0.13025973251780454,False,False,,23.7,,0,[],[],0,False,False,,,41.1,False,,,0.0,,False,23.7,0,,False,[],,False,12.0,9.6,False
0x7be48e5b13aee7ba3fd422f59174bc2eceead43e,tron,USDT,25718.470441999994,23238.170442,USDT,25718.470441999994,149,1,7,8,24,0.1956521739130435,0.1793478260869565,0.9035595835454702,False,0.63824267614906,0.15623969392246762,False,False,,23.6,,0,[],[],0,False,False,,,88.1,False,,,0.0,,False,23.6,0,,False,[],,False,149.0,21.29,True
0x03819dfc69b0e584124419923a6c6ff68a14db35,tron,USDT,54027.70873599999,42300.0,USDT,54027.70873599999,164,2,10,3,13,0.27113702623906705,0.0,0.7829315917632922,False,0.5731964159343301,0.1466581567443419,False,False,,23.6,,0,[],[],0,False,False,,,65.5,False,,,0.0,,False,23.6,0,,False,[],,False,82.0,16.4,False
0xc0d66471ec7edca476dd35a956213776265328e7,tron,USDT,66923.06999999999,66143.06999999999,USDT,66923.06999999999,152,2,12,8,24,0.25,0.345,0.9883448263804993,False,0.7505539886108474,0.17228530344195458,False,False,,23.6,,0,[],[],0,False,False,,,64.9,False,,,0.0,,False,23.6,0,,False,[],,False,76.0,12.67,False
0xf42e50af9dbd2a1ad8c13d78231c7e3fbcade80b,tron,USDT,11199.7002,9386.7002,USDT,11199.7002,69,1,3,4,24,0.23255813953488372,0.2558139534883721,0.8381206668371355,False,0.5019049988744275,0.13683805029770213,False,False,,23.6,,0,[],[],0,False,False,,,65.4,False,,,0.0,,False,23.6,0,,False,[],,False,69.0,23.0,True
0x9db846b30e8c73546eb2bbc154e1c12ac97de9f9,tron,USDT,12736.240000000003,9400.0,USDT,12736.240000000003,78,2,3,8,23,0.14457831325301204,0.0,0.7380514186290458,False,0.4363671780830429,0.1272836920103772,False,False,,23.6,,0,[],[],0,False,False,,,46.7,False,,,0.0,,False,23.6,0,,False,[],,False,39.0,26.0,False
0x75e5d58687d35fa7c9e6075eb3f0f973d5c0209f,tron,USDT,352861.500972,756479.694903,USDT,352861.500972,71,7,18,7,16,0.031578947368421054,0.12631578947368421,2.1438431022346855,False,0.4394781501909206,0.1276153035687339,False,False,,23.6,,0,[],[],0,False,False,,,15.1,False,,,0.0,,False,23.6,2,141302.0,True,[],,False,10.14,3.94,False
0xf65652be17023eede02290532da2bfe6fa300b18,tron,USDT,136817.810265,70000.0,USDT,136817.810265,195,1,3,7,19,0.022026431718061675,0.1277533039647577,0.5116292963936364,False,0.5507348537632415,0.1441780371532373,False,False,,23.5,,0,[],[],0,False,False,,,63.8,False,,,0.0,,False,23.5,0,,False,[],,False,195.0,65.0,True
0xc82cfa14a9446e1901a1ffe85ebe3d36d3d99f4a,tron,USDT,900810.647506,900141.0,USDT,900810.647506,99,1,6,8,16,0.017045454545454544,0.08522727272727272,0.9992566167952677,False,0.6868687183526895,0.16346878791142555,False,False,,23.5,,0,[],[],0,False,False,,,47.8,False,,,0.0,,False,23.5,0,,False,[],,False,99.0,16.5,True
0xcc1d995d0d68f8cafb5b240ae944da3620c69ce0,tron,USDT,89847.71657,105000.0,USDT,89847.71657,157,2,4,8,21,0.03296703296703297,0.10989010989010989,1.1686440569493484,False,0.6427879472015602,0.15713599548900403,False,False,,23.5,,0,[],[],0,False,False,,,43.9,False,,,0.0,,False,23.5,0,,False,[],,False,78.5,39.25,False
0x46afdd1d260e2c0c307f1c9fb36b13e2cc53eaed,tron,USDT,697178.3300000001,778278.33,USDT,697178.3300000001,71,1,8,8,13,0.0979020979020979,0.8671328671328671,1.1163260481719217,False,0.7308501912990055,0.16980407898763594,False,False,,23.5,,0,[],[],0,False,False,,,38.7,False,,,0.0,,False,23.5,0,,False,[],,False,71.0,8.88,True
0x3e64dfa908b7555f1f1ae52b0ede8092e6d71f5e,tron,USDT,106100.49087299999,105850.490873,USDT,106100.49087299999,135,2,15,8,24,0.21608040201005024,0.4321608040201005,0.9976437432292445,False,0.7581838186500917,0.1735138314441561,False,False,,23.5,,0,[],[],0,False,False,,,59.6,False,,,0.0,,False,23.5,0,,False,[],,False,67.5,9.0,False
0x6c721bc82291658716ca8773e3a31952d0514378,tron,USDT,10818.16,11969.16,USDT,10818.16,66,1,4,7,24,0.19480519480519481,0.3246753246753247,1.1063951725616925,False,0.5164808297218575,0.13948784538212383,False,False,,23.5,,0,[],[],0,False,False,,,67.0,False,,,0.0,,False,23.5,0,,False,[],,False,66.0,16.5,True
0x4499bfb5cbabca5be3db941ba7a1a566303e925f,tron,USDT,496784.92000000004,550000.0,USDT,496784.92000000004,64,1,3,8,13,0.0,0.49473684210526314,1.1071189520003948,False,0.686976718721686,0.16375140782901276,False,False,,23.5,,0,[],[],0,False,False,,,34.9,False,,,0.0,,False,23.5,0,,False,[],,False,64.0,21.33,True
0x04f5a2aa810aaa66345de4028ff5f54c2724ef9c,tron,USDT,61241.949657,56600.0,USDT,61241.949657,62,4,12,8,19,0.3466666666666667,0.3333333333333333,0.9242031045223359,False,0.5572844053762533,0.14529188884059108,False,False,,23.5,,0,[],[],0,False,False,,,27.7,False,,,0.0,,False,23.5,0,,False,[],,False,15.5,5.17,False
0xf06ef58586e15497d57ebecbcd6a84fd65970c67,tron,USDT,73647.021862,78011.0,USDT,73647.021862,60,5,17,8,24,0.058823529411764705,0.16666666666666666,1.059255323944765,False,0.504355978062129,0.1373022907828887,False,False,,23.5,,0,[],[],0,False,False,,,34.1,False,,,0.0,,False,23.5,0,,False,[],,False,12.0,3.53,False
0x1284c6d7dc69085a1eb49d526db74d82d13f8801,tron,USDT,152446.04849700004,154283.63849699998,USDT,152446.04849700004,170,1,12,8,24,0.2771855010660981,0.15778251599147122,1.0120540349724847,False,0.6552684462935812,0.1596968975392974,False,False,,23.4,,0,[],[],0,False,False,,,84.5,False,,,0.0,,False,23.4,0,,False,[],,False,170.0,14.17,True
0x251739115dc49b6e3a7561dc85b195bcf74533b4,tron,USDT,242993.49999799998,245800.0,USDT,242993.49999799998,150,1,8,8,23,0.15447154471544716,0.41192411924119243,1.0115496916667446,False,0.7117121236097991,0.16754260436428425,False,False,,23.4,,0,[],[],0,False,False,,,58.0,False,,,0.0,,False,23.4,0,,False,[],,False,150.0,18.75,True
0x5dd535bafc0a08be694d2512e8d7a5f4c89f7d80,tron,USDT,146708.44892500006,136100.0,USDT,146708.44892500006,145,1,7,8,24,0.16020236087689713,0.07419898819561552,0.9276902659476464,False,0.5906504842459569,0.15016799882073806,False,False,,23.4,,0,[],[],0,False,False,,,86.5,False,,,0.0,,False,23.4,0,,False,[],,False,145.0,20.71,True
0xe62a6b20ada78adc2d17bd833b163d8a7f348ee1,tron,USDT,18349.680081,20403.680081,USDT,18349.680081,133,1,7,8,24,0.17751479289940827,0.20710059171597633,1.1119365564376675,False,0.6351010213386862,0.15660042028312576,False,False,,23.4,,0,[],[],0,False,False,,,86.8,False,,,0.0,,False,23.4,0,,False,[],,False,133.0,19.0,True
0xb3beb115fa7544e8fc91488b750886ac1c6ecdab,tron,USDT,14155.252342,6962.0,USDT,14155.252342,113,1,1,8,23,0.24166666666666667,0.008333333333333333,0.49183157119305276,True,0.33625345891404546,0.11406979884439139,False,False,,23.4,,0,[],[],0,False,False,,,79.2,False,,,0.0,,False,23.4,0,,False,[],,False,113.0,113.0,True
0x5f4de75da488aa93b34e2d5b77798bb3fb872495,tron,USDT,17980.52,16485.1,USDT,17980.52,108,1,4,6,24,0.2595419847328244,0.4351145038167939,0.9168311038835361,False,0.6549614689735676,0.15978232864656577,False,False,,23.4,,0,[],[],0,False,False,,,81.5,False,,,0.0,,False,23.4,0,,False,[],,False,108.0,27.0,True
0xd5d1cb6e0fe98f4a90766b79b485da244befb39d,tron,USDT,12301.321668000002,1500.0,USDT,12301.321668000002,87,1,1,8,21,0.3073170731707317,0.0,0.12193811693437945,True,0.18230022415055852,0.09242108249964687,False,False,,23.4,,0,[],[],0,False,False,,,74.1,False,,,0.0,,False,23.4,0,,False,[],,False,87.0,87.0,True
0x9a554582f50b4a3ded43ddccd07ad14b7296de9e,tron,USDT,422813.393014,441313.39301400003,USDT,422813.393014,83,1,21,8,24,0.14457831325301204,0.5542168674698795,1.0437545269512962,False,0.6132898243509372,0.15355163544917555,False,False,,23.4,,0,[],[],0,False,False,,,42.9,False,,,0.0,,False,23.4,2,141296.0,True,[],,False,83.0,3.95,True
0x2a08ca161b4c7cfc1e32119ab22cd80dd03fb0b9,tron,USDT,796071.6400000002,785867.2100000001,USDT,796071.6400000002,59,1,16,8,24,0.18716577540106952,0.7085561497326203,0.9871815179849892,False,0.5458028712677657,0.14377392548454448,False,False,,23.4,,0,[],[],0,False,False,,,31.7,False,,,0.0,,False,23.4,0,,False,[],,False,59.0,3.69,True
0xfff47c3b2ef3d51fa7618965d2fe0e46f3048149,tron,USDT,372611.282519,372705.0,USDT,372611.282519,60,2,10,7,10,0.028985507246376812,0.17391304347826086,1.0002515154140434,False,0.6704842747703946,0.1619446741159536,False,False,,23.4,,0,[],[],0,False,False,,,9.0,False,,,0.0,,False,23.4,3,141330.0,True,[],,False,30.0,6.0,False
0xccbef5b865f33496ac87fe89777649f50296eaf3,tron,USDT,222062.877979,130873.39,USDT,222062.877979,88,3,4,8,24,0.25,0.5416666666666666,0.5893528499273814,False,0.5991179183096172,0.15179008063735316,False,False,,23.4,,0,[],[],0,False,False,,,24.4,False,,,0.0,,False,23.4,0,,False,[],,False,29.33,22.0,False
0x5b58caa43acef6b66954a51b803607a9164a0d30,tron,USDT,292569.68880700006,270000.0,USDT,292569.68880700006,93,4,4,8,23,0.10679611650485436,0.038834951456310676,0.9228570502329493,False,0.5412748466185033,0.1432207138869842,False,False,,23.4,,0,[],[],0,False,False,,,22.3,False,,,0.0,,False,23.4,0,,False,[],,False,23.25,23.25,False
0x83193cf04dd8877e4aa1eac40ef613e569d8de1e,tron,USDT,42060.819021,53079.0,USDT,42060.819021,55,5,5,8,20,0.08064516129032258,0.04838709677419355,1.2619583078850383,False,0.38265288657742597,0.12050045215016297,False,False,,23.4,,0,[],[],0,False,False,,,5.2,False,,,0.0,,False,23.4,0,,False,[],,False,11.0,11.0,False
0x45a5011bb5d9a85f29b55bbd2a626778a1abef5f,tron,USDT,191012.97071199998,206458.80071199994,USDT,191012.97071199998,183,1,14,8,24,0.3241106719367589,0.13636363636363635,1.0808627285488819,False,0.633297119118395,0.15696461449278176,False,False,,23.3,,0,[],[],0,False,False,,,85.1,False,,,0.0,,False,23.3,0,,False,[],,False,183.0,13.07,True
0x88305fe7651b504c3e9e6305a10f5df230acfdeb,tron,USDT,85746.748245,83400.0,USDT,85746.748245,182,1,6,7,24,0.16818181818181818,0.39090909090909093,0.972631635682618,False,0.7173731663388995,0.16917692380010152,False,False,,23.3,,0,[],[],0,False,False,,,86.2,False,,,0.0,,False,23.3,0,,False,[],,False,182.0,30.33,True
0x04185764d3130db2d4fc586a4709afe1019d3cca,tron,USDT,1414790.05,1320086.52,USDT,1414790.05,53,1,9,3,23,0.17721518987341772,0.9873417721518988,0.9330617783182741,False,0.5095228350866502,0.13944454050590366,False,False,,23.3,,0,[],[],0,False,False,,,26.9,False,,,0.0,,False,23.3,0,,False,[],,False,53.0,5.89,True
0x3115e08557a53bdd6d2d36d81124d5ab5a76c181,tron,USDT,555007.36,554387.36,USDT,555007.36,85,2,17,5,24,0.21951219512195122,0.6016260162601627,0.9988828976970684,False,0.6800481111473899,0.16384950128977271,False,False,,23.3,,0,[],[],0,False,False,,,37.6,False,,,0.0,,False,23.3,0,,False,[],,False,42.5,5.0,False
0xe57ce1334fb0ea0f83aa4f2b49b9d3c8fcc21629,tron,USDT,171824.61038800003,44444.0,USDT,171824.61038800003,160,4,4,8,21,0.328125,0.125,0.2586591053495786,True,0.4369460764793344,0.12895403149660295,False,False,,23.3,,0,[],[],0,False,False,,,35.2,False,,,0.0,,False,23.3,0,,False,[],,False,40.0,40.0,False
0xaa0a8f3a3677304573f368ec0efff4b9da252300,tron,USDT,26458.250141999997,26745.07,USDT,26458.250141999997,67,3,8,8,16,0.2608695652173913,0.10869565217391304,1.0108404696629845,False,0.5150996192621422,0.13990183145393437,False,False,,23.3,,0,[],[],0,False,False,,,40.6,False,,,0.0,,False,23.3,0,,False,[],,False,22.33,8.38,False
0x8b7374ea09ab72c91bd27c4f5ac1505aeefd6c74,tron,USDT,149327.89499999996,168407.55,USDT,149327.89499999996,53,5,10,8,19,0.25,0.2777777777777778,1.1277701999348484,False,0.48307981661039984,0.1355426709103395,False,False,,23.3,,0,[],[],0,False,False,,,11.0,False,,,0.0,,False,23.3,0,,False,[],,False,10.6,5.3,False
0x22df97a7d5ed0d00008ea08dcd946f3fd0c0881c,tron,USDT,243653.823298,221342.50329800003,USDT,243653.823298,187,1,9,8,24,0.1471698113207547,0.2830188679245283,0.9084302487110486,False,0.683064921188964,0.164437132239458,False,False,,23.2,,0,[],[],0,False,False,,,75.9,False,,,0.0,,False,23.2,0,,False,[],,False,187.0,20.78,True
0x1fa9437f799a6dbbac86b14af91e92ef5e1daeca,tron,USDT,21359.98,20918.0,USDT,21359.98,70,1,7,1,4,0.0,0.12857142857142856,0.9793080330599561,False,0.6335578306255678,0.1575691105370809,False,False,,23.2,,0,[],[],0,False,False,,,51.5,False,,,0.0,,False,23.2,0,,False,[],,False,70.0,10.0,True
0x81af1394df65ccb9666e8aa16189abbd3fa13139,tron,USDT,12994.547585999999,11428.547586,USDT,12994.547585999999,52,1,3,4,24,0.22388059701492538,0.29850746268656714,0.8794879167869478,False,0.4340859584104231,0.12941610837499795,False,False,,23.2,,0,[],[],0,False,False,,,56.7,False,,,0.0,,False,23.2,0,,False,[],,False,52.0,17.33,True
0xc4e2821c59da766a053952edd617fbca3946f07d,tron,USDT,523763.5,405906.0,USDT,523763.5,66,6,14,8,24,0.2185430463576159,0.2781456953642384,0.7749795470665672,False,0.5307914121710564,0.14317448859694842,False,False,,23.2,,0,[],[],0,False,False,,,12.5,False,,,0.0,,False,23.2,0,,False,[],,False,11.0,4.71,False
0x24061c4f613cb9155c282c399bc1a7898f6475af,tron,USDT,796826.5620000002,796826.0,USDT,796826.5620000002,159,1,9,6,23,0.33554817275747506,0.0664451827242525,0.9999992947022264,False,0.6093337579646285,0.15479081567653014,False,False,,23.1,,0,[],[],0,False,False,,,58.7,False,,,0.0,,False,23.1,0,,False,[],,False,159.0,17.67,True
0xe260bbe5dee9e0cee710fad1d73efd32a17b6beb,tron,USDT,45471.46,45531.46,USDT,45471.46,155,1,12,8,24,0.2112676056338028,0.40375586854460094,1.0013195089843168,False,0.7155825131373751,0.16988809369632607,False,False,,23.1,,0,[],[],0,False,False,,,86.6,False,,,0.0,,False,23.1,0,,False,[],,False,155.0,12.92,True
0x014d0e8834c9a4caed3b6066c76a08a31be2a1b8,tron,USDT,886740.8482679998,886740.0,USDT,886740.8482679998,142,1,8,3,19,0.2550607287449393,0.08906882591093117,0.9999990433868007,False,0.6080609032891547,0.15467188390946818,False,False,,23.1,,0,[],[],0,False,False,,,57.4,False,,,0.0,,False,23.1,0,,False,[],,False,142.0,17.75,True
0x2f7de5988fb7ee236ef1293b9c0ab883cfd710a0,tron,USDT,955058.5,878000.0,USDT,955058.5,74,1,13,8,24,0.2852852852852853,0.8108108108108109,0.9193154136631421,False,0.5952546822235066,0.15256595150902397,False,False,,23.1,,0,[],[],0,False,False,,,40.0,False,,,0.0,,False,23.1,0,,False,[],,False,74.0,5.69,True
0x02abfe8da7036687f7b1c0d886b539a081b5d2ae,tron,USDT,54121.84999999999,53906.85,USDT,54121.84999999999,132,2,11,7,24,0.24848484848484848,0.44242424242424244,0.9960274824308483,False,0.7582848346278752,0.17579998443489575,False,False,,23.1,,0,[],[],0,False,False,,,59.5,False,,,0.0,,False,23.1,0,,False,[],,False,66.0,12.0,False
0xb5308bb3e4d9f0b2775dc4e06fab45c40b43ffe0,tron,USDT,51823.77999999999,51823.78,USDT,51823.77999999999,53,1,1,2,13,0.11267605633802817,0.1267605633802817,1.0000000000000002,False,0.5539032668646584,0.1468402925930663,False,False,,23.1,,0,[],[],0,False,False,,,26.9,False,,,0.0,,False,23.1,0,,False,[],,False,53.0,53.0,True
0xbfb837c9f91fafaaa1eddafdf1267fe6d4bbba66,tron,USDT,42697.0,42758.0,USDT,42697.0,56,2,20,8,19,0.21212121212121213,0.45454545454545453,1.0014286718036396,False,0.5643515163817414,0.14824111678578555,False,False,,23.1,,0,[],[],0,False,False,,,14.9,False,,,0.0,,False,23.1,0,,False,[],,False,28.0,2.8,False
0x4e39b13f0d137d064bfbeacee746c08c24d7fa04,tron,USDT,81141.980556,65479.11,USDT,81141.980556,50,4,7,8,14,0.28,0.02,0.806969580374116,False,0.3501295970251838,0.11752964660132476,False,False,,23.1,,0,[],[],0,False,False,,,0.5,False,,,0.0,,False,23.1,0,,False,[],,False,12.5,7.14,False
0xc83d760320b3a6b4e6b73a29ffed9b2d2c33f90b,tron,USDT,340321.2046590001,356097.97787,USDT,340321.2046590001,55,5,18,8,23,0.15833333333333333,0.3,1.0463584783875226,False,0.5201725130624192,0.14230304969512886,False,False,,23.1,,0,[],[],0,False,False,,,5.2,False,,,0.0,,False,23.1,0,,False,[],,False,11.0,3.06,False
0x365909947e249a924eb2494550837d577334e318,tron,USDT,109020.20700000004,108443.409,USDT,109020.20700000004,56,6,8,8,24,0.22772277227722773,0.0,0.9947092560556224,False,0.4012116857465509,0.12535223324978034,False,False,,23.1,,0,[],[],0,False,False,,,6.0,False,,,0.0,,False,23.1,0,,False,[],,False,9.33,7.0,False
0x85aac33e6070f28bc81349b68934907628e9c531,tron,USDT,737669.84,410791.5,USDT,737669.84,58,7,24,8,24,0.42424242424242425,0.050505050505050504,0.5568771796336421,False,0.31364527046215485,0.11282349090710758,False,False,,23.1,,0,[],[],0,False,False,,,7.4,False,,,0.0,,False,23.1,0,,False,[],,False,8.29,2.42,False
0x9b77504ae9f1b8a4b4a044a6fefe5f9048130e37,tron,USDT,30786.940081,30089.670081,USDT,30786.940081,139,1,8,8,24,0.18681318681318682,0.23626373626373626,0.9773517602540073,False,0.6652200338496983,0.16301861635449355,False,False,,23.0,,0,[],[],0,False,False,,,87.1,False,,,0.0,,False,23.0,0,,False,[],,False,139.0,17.38,True
0x76276addeb0a4a38e7ee4abe0a0cccb022f18147,tron,USDT,29089.974512,32408.0,USDT,29089.974512,124,1,4,8,24,0.06147540983606557,0.11065573770491803,1.1140607904840643,False,0.5813456696503233,0.15132759643164234,False,False,,23.0,,0,[],[],0,False,False,,,86.3,False,,,0.0,,False,23.0,0,,False,[],,False,124.0,31.0,True
0xcf6d6a06384f9e2a225fd71b9fecc5af1bd49079,tron,USDT,16614.0,19000.0,USDT,16614.0,78,1,3,8,18,0.20212765957446807,0.06382978723404255,1.1436138196701577,False,0.6039034558368637,0.15450645335387925,False,False,,23.0,,0,[],[],0,False,False,,,67.0,False,,,0.0,,False,23.0,0,,False,[],,False,78.0,26.0,True
0x6a39f2cb8328aae8a32367b9105c0929bc65082c,tron,USDT,175026.074363,157946.0,USDT,175026.074363,124,2,8,7,6,0.0,0.05673758865248227,0.9024141150102223,False,0.7628332684835888,0.17736781498456367,False,False,,23.0,,0,[],[],0,False,False,,,35.3,False,,,0.0,,False,23.0,0,,False,[],,False,62.0,15.5,False
0xfa838a6093b85f35da749e63a365f4f814cfbe89,tron,USDT,12889.939999999999,10511.939999999999,USDT,12889.939999999999,62,1,3,4,24,0.2602739726027397,0.273972602739726,0.8155150450661524,False,0.47129138406626403,0.13573211118604261,False,False,,23.0,,0,[],[],0,False,False,,,64.6,False,,,0.0,,False,23.0,0,,False,[],,False,62.0,20.67,True
0x00f025512ba3ac0625f82a4ccd5ec80f48f0990a,tron,USDT,141927.19445900002,132430.0,USDT,141927.19445900002,108,2,2,6,20,0.22641509433962265,0.16352201257861634,0.9330840400586966,False,0.6396927520083452,0.15961917727953134,False,False,,23.0,,0,[],[],0,False,False,,,33.2,False,,,0.0,,False,23.0,0,,False,[],,False,54.0,54.0,False
0x608e6316e2a27fdb3446dd0e34c3e4a2bfc2e532,tron,USDT,14308.740000000002,12048.2,USDT,14308.740000000002,53,1,3,4,24,0.2,0.38571428571428573,0.8420168372617015,False,0.4507538129338846,0.13293992452295278,False,False,,23.0,,0,[],[],0,False,False,,,57.2,False,,,0.0,,False,23.0,0,,False,[],,False,53.0,17.67,True
0x1ad6927e161b47fba4606795292a839fc3df32cc,tron,USDT,256929.55102499996,256000.0,USDT,256929.55102499996,90,2,8,8,24,0.23565323565323565,0.0,0.9963820781950087,False,0.5141258004502024,0.1418899819463469,False,False,,23.0,,0,[],[],0,False,False,,,43.7,False,,,0.0,,False,23.0,0,,False,[],,False,45.0,11.25,False
0xc4855392f2ef50696a511aa504ca642377f2913a,tron,USDT,23195.0,24225.0,USDT,23195.0,58,2,6,8,23,0.22058823529411764,0.47058823529411764,1.0444061220090537,False,0.5674870403415071,0.14930899071279513,False,False,,23.0,,0,[],[],0,False,False,,,33.9,False,,,0.0,,False,23.0,0,,False,[],,False,29.0,9.67,False
0x477505f90f5f16c6d4c7deb3cf69c57ba24d8af5,tron,USDT,62774.48951400001,63300.0,USDT,62774.48951400001,107,4,10,7,20,0.03669724770642202,0.045871559633027525,1.0083714019830108,False,0.59584375099924,0.15353046573866402,False,False,,23.0,,0,[],[],0,False,False,,,33.1,False,,,0.0,,False,23.0,0,,False,[],,False,26.75,10.7,False
0xe8f5e592f6e38b552d01cc788b349552dcdd09af,tron,USDT,435054.43891499995,183369.0,USDT,435054.43891499995,87,4,4,8,15,0.022988505747126436,0.022988505747126436,0.42148518345729663,True,0.4707204562926473,0.13578055963165964,False,False,,23.0,,0,[],[],0,False,False,,,20.5,False,,,0.0,,False,23.0,0,,False,[],,False,21.75,21.75,False
0x40c680647a625b0b579e04cd2aa5143e827f9cab,tron,USDT,156647.0,85531.189402,USDT,156647.0,73,6,6,8,18,0.3978494623655914,0.2903225806451613,0.546012304110516,False,0.5146330929816281,0.14173900167946735,False,False,,23.0,,0,[],[],0,False,False,,,16.1,False,,,0.0,,False,23.0,0,,False,[],,False,12.17,12.17,False
0x67cb02857af445142630b919dad109548909f38b,tron,USDT,176117.51,175197.06,USDT,176117.51,168,1,11,8,24,0.3112033195020747,0.13070539419087138,0.9947736599273973,False,0.6414451859523865,0.16028297503542543,False,False,,22.9,,0,[],[],0,False,False,,,84.2,False,,,0.0,,False,22.9,0,,False,[],,False,168.0,15.27,True
0x57216ccd5a49f152288ba46632bbb42bb37702d3,tron,USDT,44345.46000000001,45518.46,USDT,44345.46000000001,154,1,12,8,24,0.2242152466367713,0.3811659192825112,1.026451411260589,False,0.7055709820669319,0.16975493517286572,False,False,,22.9,,0,[],[],0,False,False,,,89.2,False,,,0.0,,False,22.9,0,,False,[],,False,154.0,12.83,True
0x3e033ab3225128059541e6556cb95d34d009617e,tron,USDT,30225.779416999998,30168.779416999998,USDT,30225.779416999998,139,1,8,8,24,0.1813186813186813,0.3021978021978022,0.9981141925502195,False,0.6863432458074559,0.1666040283063539,False,False,,22.9,,0,[],[],0,False,False,,,84.4,False,,,0.0,,False,22.9,0,,False,[],,False,139.0,17.38,True
0xe6e08d5aeaa6671381d32dd55e0370041b0e992b,tron,USDT,597577.9799999999,600000.0,USDT,597577.9799999999,103,2,5,8,23,0.08360128617363344,0.13183279742765272,1.0040530609913039,False,0.620827062812346,0.15729546575437225,False,False,,22.9,,0,[],[],0,False,False,,,26.0,False,,,0.0,,False,22.9,0,,False,[],,False,51.5,20.6,False
0xf3faaa976702bf676b36df445ad49f50861cce09,tron,USDT,308256.215241,308256.21,USDT,308256.215241,71,2,4,6,18,0.05,0.1125,0.9999999829979098,False,0.6823504420811264,0.16614008763329136,False,False,,22.9,,0,[],[],0,False,False,,,15.1,False,,,0.0,,False,22.9,0,,False,[],,False,35.5,17.75,False
0xa7fd4dd28338969289f370267ef2403a56c46c11,tron,USDT,391402.22028300003,415000.0,USDT,391402.22028300003,65,2,5,5,5,0.0,0.045454545454545456,1.0602903573207576,False,0.6211833371060649,0.15753628518521134,False,False,,22.9,,0,[],[],0,False,False,,,11.9,False,,,0.0,,False,22.9,0,,False,[],,False,32.5,13.0,False
0xfec39dc0d0e02169bc9978ebd69e4849b17df384,tron,USDT,131170.21,140857.6,USDT,131170.21,59,3,3,8,24,0.10743801652892562,0.045454545454545456,1.0738535830658502,False,0.4412963177525491,0.1318379221798054,False,False,,22.9,,0,[],[],0,False,False,,,30.5,False,,,0.0,,False,22.9,0,,False,[],,False,19.67,19.67,False
0xaf56c52b540c8c3f49f4fa53d7f7cb1dba61b6c5,tron,USDT,459876.2,521283.0,USDT,459876.2,73,6,13,8,19,0.06896551724137931,0.0896551724137931,1.1335289801907558,False,0.5022717177505633,0.14051129217665764,False,False,,22.9,,0,[],[],0,False,False,,,16.1,False,,,0.0,,False,22.9,0,,False,[],,False,12.17,5.62,False
0x5c47e68195f44f59a88e7011d30d86c252b2df5e,tron,USDT,320552.28,290178.0,USDT,320552.28,58,5,6,8,21,0.19318181818181818,0.14772727272727273,0.9052439121630954,False,0.47731522282294575,0.13706605308087494,False,False,,22.9,,0,[],[],0,False,False,,,7.4,False,,,0.0,,False,22.9,0,,False,[],,False,11.6,9.67,False
0x4546b1250c18a1ef34cf942c0f7a8448379747ed,tron,USDT,111589.20000000003,65560.0,USDT,111589.20000000003,203,1,7,8,24,0.13333333333333333,0.4,0.5875120531377587,False,0.6490679600547897,0.16198695892298443,False,False,,22.8,,0,[],[],0,False,False,,,87.2,False,,,0.0,,False,22.8,0,,False,[],,False,203.0,29.0,True
0x5ccfcda489d795c4c55a9e460bbd3434253c6fdd,tron,USDT,32851.803315000005,12100.0,USDT,32851.803315000005,146,1,4,7,16,0.1917808219178082,0.0,0.36832072455746095,True,0.4810464105033463,0.1380464668628401,False,False,,22.8,,0,[],[],0,False,False,,,75.9,False,,,0.0,,False,22.8,0,,False,[],,False,146.0,36.5,True
0xa9875f5ab60198ca0d895b8d63a020ee32c6b204,tron,USDT,21922.863459,25500.413459,USDT,21922.863459,140,1,8,7,24,0.18857142857142858,0.2,1.163188080183536,False,0.6272902583799241,0.15892152251001718,False,False,,22.8,,0,[],[],0,False,False,,,87.4,False,,,0.0,,False,22.8,0,,False,[],,False,140.0,17.5,True
0xc186c33725f19483d0a255f3bbb1d81312348625,tron,USDT,13798.0,13090.07,USDT,13798.0,61,1,3,8,24,0.18823529411764706,0.5294117647058824,0.9486932888824468,False,0.5383385729228619,0.14648426987686752,False,False,,22.8,,0,[],[],0,False,False,,,59.6,False,,,0.0,,False,22.8,0,,False,[],,False,61.0,20.33,True
0x4ae7d64a82d8d17d9e2b909299314409791cefb6,tron,USDT,174354.659414,157500.0,USDT,174354.659414,116,2,14,8,14,0.3644067796610169,0.559322033898305,0.9033311786983615,False,0.7329997104957182,0.173832879288375,False,False,,22.8,,0,[],[],0,False,False,,,30.3,False,,,0.0,,False,22.8,0,,False,[],,False,58.0,8.29,False
0x252c595f6991233740ae2e50edfcd5cc9d2ce8c7,tron,USDT,193103.34448299996,197245.1,USDT,193103.34448299996,116,2,6,8,23,0.23209169054441262,0.17765042979942694,1.0214483883129464,False,0.6727786295075423,0.16559621971517768,False,False,,22.8,,0,[],[],0,False,False,,,47.9,False,,,0.0,,False,22.8,0,,False,[],,False,58.0,19.33,False
0xafa6f429522fad600ddaf78cc5a75fcb4be90203,tron,USDT,357574.14028900006,414792.86854399997,USDT,357574.14028900006,96,2,9,6,8,0.0051813471502590676,0.22797927461139897,1.1600192010774446,False,0.7598926383589703,0.17800399561094138,False,False,,22.8,,0,[],[],0,False,False,,,46.1,False,,,0.0,,False,22.8,0,,False,[],,False,48.0,10.67,False
0x83c08418b74fbeb0618c735a63c492a9237b11a1,tron,USDT,710308.3925500001,674930.0,USDT,710308.3925500001,90,2,16,8,22,0.17575757575757575,0.3393939393939394,0.9501929120913354,False,0.6456601352396503,0.16163383585254842,False,False,,22.8,,0,[],[],0,False,False,,,21.5,False,,,0.0,,False,22.8,0,,False,[],,False,45.0,5.62,False
0x7e484e72fb742530c32d42e722cae2d060bba13b,tron,USDT,31592.227642000005,31891.342022999997,USDT,31592.227642000005,65,2,10,4,14,0.2127659574468085,0.0,1.0094679737177614,False,0.5933333887099904,0.1540839098928693,False,False,,22.8,,0,[],[],0,False,False,,,42.0,False,,,0.0,,False,22.8,0,,False,[],,False,32.5,6.5,False
0xb6c12dd7e4b2860d0ff7ba9371354e6ef1f07a43,tron,USDT,75550.12563000001,75500.0,USDT,75550.12563000001,60,2,19,8,15,0.26229508196721313,0.47540983606557374,0.9993365248623742,False,0.5883696384472309,0.15330447135285935,False,False,,22.8,,0,[],[],0,False,False,,,9.0,False,,,0.0,,False,22.8,0,,False,[],,False,30.0,3.16,False
0xe03be40534686dc650bf8176e54d31454f3263e0,tron,USDT,30008.680064,30008.680064,USDT,30008.680064,142,1,8,8,24,0.17415730337078653,0.24719101123595505,1.0,False,0.6744166313109885,0.16621218315219116,False,False,,22.7,,0,[],[],0,False,False,,,87.5,False,,,0.0,,False,22.7,0,,False,[],,False,142.0,17.75,True
0xb0efcfd3018c2cedff2f130ed6d502c628b4fb18,tron,USDT,134808.44999999998,168073.0,USDT,134808.44999999998,138,1,2,8,24,0.15789473684210525,0.0645933014354067,1.2467541908537634,False,0.5463640536408723,0.14778067142156914,False,False,,22.7,,0,[],[],0,False,False,,,83.4,False,,,0.0,,False,22.7,0,,False,[],,False,138.0,69.0,True
0xe656acf8a95346d9202edddf5718e9bb1101b283,tron,USDT,25128.043219,24257.663056999998,USDT,25128.043219,136,1,7,8,24,0.18604651162790697,0.22093023255813954,0.9653621989418626,False,0.6559277643534976,0.1639314475195645,False,False,,22.7,,0,[],[],0,False,False,,,86.9,False,,,0.0,,False,22.7,0,,False,[],,False,136.0,19.43,True
0x68b774a40d05e37ec028296b5b48b4b456b006b7,tron,USDT,12500.64,12392.64,USDT,12500.64,63,1,4,8,24,0.22988505747126436,0.40229885057471265,0.9913604423453519,False,0.5383442140524392,0.14699671938384146,False,False,,22.7,,0,[],[],0,False,False,,,65.2,False,,,0.0,,False,22.7,0,,False,[],,False,63.0,15.75,True
0x4b7d8a779730bac7c024d048d6c0f1ef174327c6,tron,USDT,19027.358677999997,19238.0,USDT,19027.358677999997,60,1,1,8,21,0.07352941176470588,0.04411764705882353,1.0110704446983254,False,0.40862596197251144,0.12841503219355271,False,False,,22.7,,0,[],[],0,False,False,,,54.6,False,,,0.0,,False,22.7,0,,False,[],,False,60.0,60.0,True
0xc06083a900a9cc49fb3bbefac7509d59f38a0bc8,tron,USDT,21650.387914,14000.0,USDT,21650.387914,50,1,5,5,5,0.0,0.0,0.64663968403758,False,0.39112259102898395,0.12567248582219198,False,False,,22.7,,0,[],[],0,False,False,,,24.0,False,,,0.0,,False,22.7,0,,False,[],,False,50.0,10.0,True
0x9fb1256bf6336ab476945d89552d4a58d4aac672,tron,USDT,114161.165658,20625.0,USDT,114161.165658,94,2,2,6,23,0.16666666666666666,0.6228070175438597,0.1806656395029081,True,0.4367695301067759,0.13230371781120587,False,False,,22.7,,0,[],[],0,False,False,,,46.6,False,,,0.0,,False,22.7,0,,False,[],,False,47.0,47.0,False
0xf059224c9cd125f4230946da34e497ed83c1ff86,tron,USDT,59093.6,59093.600000000006,USDT,59093.6,59,2,2,2,15,0.1326530612244898,0.15306122448979592,1.0000000000000002,False,0.653839626644039,0.16355879175327925,False,False,,22.7,,0,[],[],0,False,False,,,16.7,False,,,0.0,,False,22.7,0,,False,[],,False,29.5,29.5,False
0x9a94896d45ee79ccff74aefe68ce1b597dd14457,tron,USDT,13825.78,23500.0,USDT,13825.78,53,2,2,8,22,0.15714285714285714,0.4714285714285714,1.6997232705858185,False,0.4070854689205962,0.12805814218209327,False,False,,22.7,,0,[],[],0,False,False,,,29.8,False,,,0.0,,False,22.7,0,,False,[],,False,26.5,26.5,False
0x54c25c18ae2962924c0a67a72aeb740c6f0a29d3,tron,USDT,192653.905344,214000.0,USDT,192653.905344,51,2,2,8,15,0.27419354838709675,0.41935483870967744,1.1108002177162448,False,0.5033172581113968,0.14209584307658818,False,False,,22.7,,0,[],[],0,False,False,,,1.4,False,,,0.0,,False,22.7,0,,False,[],,False,25.5,25.5,False
0xe7e9dbcd79639761900b93bdad6db4c1216c97c4,tron,USDT,115875.579972,129468.9,USDT,115875.579972,78,4,7,8,16,0.2736842105263158,0.22105263157894736,1.1173096180514017,False,0.5781502953120786,0.1525942322646076,False,False,,22.7,,0,[],[],0,False,False,,,17.9,False,,,0.0,,False,22.7,0,,False,[],,False,19.5,11.14,False
0x0953198db3d48a9a4ab2177f42ecdf0e7528adc1,tron,USDT,30656.918006,29993.418006000004,USDT,30656.918006,142,1,8,8,24,0.19889502762430938,0.26519337016574585,0.9783572503971163,False,0.674245909137548,0.16671615973092208,False,False,,22.6,,0,[],[],0,False,False,,,86.5,False,,,0.0,,False,22.6,0,,False,[],,False,142.0,17.75,True
0x7d1e1e857e16ff41c1c313d58391b8dd272f3965,tron,USDT,14472.380191999999,12314.800127999999,USDT,14472.380191999999,75,1,3,8,24,0.21,0.41,0.8509174002219303,False,0.5557583633706482,0.15000401035909855,False,False,,22.6,,0,[],[],0,False,False,,,66.9,False,,,0.0,,False,22.6,0,,False,[],,False,75.0,25.0,True
0x3a0fa01abf5b6abc378c6759070ec42ddc1bc18c,tron,USDT,22894.50922,22190.0,USDT,22894.50922,74,1,2,4,4,0.0,0.0,0.9692280269810475,False,0.5717836622481399,0.15209665238969633,False,False,,22.6,,0,[],[],0,False,False,,,62.2,False,,,0.0,,False,22.6,0,,False,[],,False,74.0,37.0,True
0x5334b59a62417593f5a52aea0ad66fe77365c5f3,tron,USDT,16623.0,16933.0,USDT,16623.0,66,1,1,8,24,0.15789473684210525,0.09210526315789473,1.0186488600132346,False,0.45023713508263097,0.13468895436944256,False,False,,22.6,,0,[],[],0,False,False,,,55.8,False,,,0.0,,False,22.6,0,,False,[],,False,66.0,66.0,True
0xd9e0bf54a386621364e2359f161669b716bbcec9,tron,USDT,13959.187904000002,14485.0,USDT,13959.187904000002,53,1,20,8,24,0.21518987341772153,0.10126582278481013,1.0376678141748723,False,0.3835143794645588,0.12560477697557365,False,False,,22.6,,0,[],[],0,False,False,,,49.4,False,,,0.0,,False,22.6,0,,False,[],,False,53.0,2.65,True
0x3741c6f36f567059ca3ab2e7e40ef82b6af196bb,tron,USDT,89055.54299999998,78391.0,USDT,89055.54299999998,54,7,12,8,24,0.18478260869565216,0.0,0.880248408569021,False,0.315846033007822,0.11566609067387473,False,False,,22.6,,0,[],[],0,False,False,,,22.0,False,,,0.0,,False,22.6,0,,False,[],,False,7.71,4.5,False
0xb4a49f10e2d450c330cea9d3667e58681627616b,tron,USDT,901123.0289999999,861895.0,USDT,901123.0289999999,141,1,11,3,21,0.28125,0.06696428571428571,0.956467621248641,False,0.5909116829260117,0.15528235856992095,False,False,,22.5,,0,[],[],0,False,False,,,57.3,False,,,0.0,,False,22.5,0,,False,[],,False,141.0,12.82,True
0x8ddaee19b47b64fa16d187b3d7dfe328cb39b53d,tron,USDT,19060.43,17679.43,USDT,19060.43,107,1,5,8,24,0.17261904761904762,0.27380952380952384,0.9275462305939582,False,0.6201295261357623,0.15994009567647754,False,False,,22.5,,0,[],[],0,False,False,,,82.0,False,,,0.0,,False,22.5,0,,False,[],,False,107.0,21.4,True
0x7b21a8f9d3d51700a509d7580691fd30dfbe6a50,tron,USDT,406346.108395,470000.0,USDT,406346.108395,82,1,4,8,20,0.029239766081871343,0.8304093567251462,1.156649443146933,False,0.6000023133222468,0.1566344571625803,False,False,,22.5,,0,[],[],0,False,False,,,42.6,False,,,0.0,,False,22.5,0,,False,[],,False,82.0,20.5,True
0xcd315bc1177c89447098f3fb119ea364e684b0b6,tron,USDT,37047.740000000005,38000.0,USDT,37047.740000000005,74,1,5,5,4,0.0,0.33783783783783783,1.0257035921759328,False,0.7133149455444486,0.172870473604039,False,False,,22.5,,0,[],[],0,False,False,,,40.0,False,,,0.0,,False,22.5,0,,False,[],,False,74.0,14.8,True
0x592b6654bc65a613cb361c996b6ea12346921b53,tron,USDT,162236.33363000004,150000.0,USDT,162236.33363000004,69,1,1,8,24,0.2011605415860735,0.0,0.9245771070128687,False,0.3970070633202657,0.12802182342951618,False,False,,22.5,,0,[],[],0,False,False,,,66.6,False,,,0.0,,False,22.5,0,,False,[],,False,69.0,69.0,True
0x0369145fc29cc36bf8664f0b049965e2ccf8399c,tron,USDT,57136.911746,57136.91,USDT,57136.911746,58,1,1,2,14,0.08641975308641975,0.1728395061728395,0.9999999694418207,False,0.6083156493826365,0.15827580791661872,False,False,,22.5,,0,[],[],0,False,False,,,30.9,False,,,0.0,,False,22.5,0,,False,[],,False,58.0,58.0,True
0x3f548112ca812d280bdb0a6260beaee1f8806471,tron,USDT,371795.0,435195.063803,USDT,371795.0,55,1,3,3,13,0.0,0.3918918918918919,1.1705242507376377,False,0.613031339924598,0.15852018786973726,False,False,,22.5,,0,[],[],0,False,False,,,28.7,False,,,0.0,,False,22.5,0,,False,[],,False,55.0,18.33,True
0xcd29c6e044077394bc90790478472af54c47f932,tron,USDT,127244.878903,142700.0,USDT,127244.878903,98,2,17,8,24,0.5821428571428572,0.4035714285714286,1.1214596707564286,False,0.6610283882924988,0.16570553783036962,False,False,,22.5,,0,[],[],0,False,False,,,32.4,False,,,0.0,,False,22.5,0,,False,[],,False,49.0,5.76,False
0x4226d6f4230151f88cb595cdfcda85f5e76a987e,tron,USDT,330512.07,360000.0,USDT,330512.07,85,2,3,8,24,0.33157894736842103,0.968421052631579,1.0892189202046387,False,0.6748163771809645,0.16732844821243215,False,False,,22.5,,0,[],[],0,False,False,,,19.9,False,,,0.0,,False,22.5,0,,False,[],,False,42.5,28.33,False
0x21e89db43ebb1d8056a3ddaad21b36fbc2d6af21,tron,USDT,14983.5,15133.5,USDT,14983.5,53,2,5,8,24,0.27631578947368424,0.2894736842105263,1.0100110121133246,False,0.5103227869706317,0.14433917177189576,False,False,,22.5,,0,[],[],0,False,False,,,34.2,False,,,0.0,,False,22.5,0,,False,[],,False,26.5,10.6,False
0xae5c5d80717c469f01af0c2454ab2cf8ac67622c,tron,USDT,43576.560901,43575.0,USDT,43576.560901,58,3,6,4,5,0.4666666666666667,0.0,0.999964180261872,False,0.4122541852250515,0.13029479051776283,False,False,,22.5,,0,[],[],0,False,False,,,7.4,False,,,0.0,,False,22.5,0,,False,[],,False,19.33,9.67,False
0xb72b94ba746d8cb22df00f6841adebbafc3c0063,tron,USDT,32850.172225,33067.0,USDT,32850.172225,53,5,10,8,22,0.1111111111111111,0.0707070707070707,1.0066005064909518,False,0.4282726012898453,0.13262765890088213,False,False,,22.5,,0,[],[],0,False,False,,,29.7,False,,,0.0,,False,22.5,0,,False,[],,False,10.6,5.3,False
0x539c2673cb2da2d3da198a030381c36ea55d53d0,tron,USDT,35024.80032299999,13000.0,USDT,35024.80032299999,165,1,2,8,20,0.04790419161676647,0.08383233532934131,0.37116557068458705,True,0.39287969877841084,0.12790841554345217,False,False,,22.4,,0,[],[],0,False,False,,,87.3,False,,,0.0,,False,22.4,0,,False,[],,False,165.0,82.5,True
0x6729a97408fb3ac72234cf28a2475fc95c934872,tron,USDT,53870.07,50706.07,USDT,53870.07,159,1,11,8,24,0.215962441314554,0.37089201877934275,0.9412660870869483,False,0.6995811766876484,0.1717408600964347,False,False,,22.4,,0,[],[],0,False,False,,,87.8,False,,,0.0,,False,22.4,0,,False,[],,False,159.0,14.45,True
0xd019db01148c7d6e56003a07332358694b4a3dfd,tron,USDT,642971.8844799999,642971.0,USDT,642971.8844799999,143,1,7,3,20,0.26199261992619927,0.08118081180811808,0.9999986243877512,False,0.6057697715470453,0.15851111213618874,False,False,,22.4,,0,[],[],0,False,False,,,57.4,False,,,0.0,,False,22.4,0,,False,[],,False,143.0,20.43,True
0x8451fbbbe6a29892bb0aa7f0e39bdd21e88641bb,tron,USDT,314703.523909,199000.0,USDT,314703.523909,124,1,3,8,24,0.2204968944099379,0.48757763975155277,0.6323411874394614,False,0.6332989545010446,0.16226596139402816,False,False,,22.4,,0,[],[],0,False,False,,,64.2,False,,,0.0,,False,22.4,0,,False,[],,False,124.0,41.33,True
0xc0329e460f132c3418c2610b4e9a2f9d90324c34,tron,USDT,1166862.5279999997,1166862.0,USDT,1166862.5279999997,107,1,10,2,14,0.5133689839572193,0.11764705882352941,0.9999995475045371,False,0.5761560401754937,0.15419901204703373,False,False,,22.4,,0,[],[],0,False,False,,,51.1,False,,,0.0,,False,22.4,0,,False,[],,False,107.0,10.7,True
0x6c3f40362598e377b3a7dd753a176eb239eba55f,tron,USDT,17334.190000000002,19801.79,USDT,17334.190000000002,101,1,6,6,24,0.16911764705882354,0.29411764705882354,1.142354502863993,False,0.5945244324776893,0.1563730101166918,False,False,,22.4,,0,[],[],0,False,False,,,79.6,False,,,0.0,,False,22.4,0,,False,[],,False,101.0,16.83,True
0x7273f1b0a16886f25b845a5acdde8fd22cd73d20,tron,USDT,123972.0,77361.0,USDT,123972.0,74,2,2,8,16,0.21686746987951808,0.13253012048192772,0.6240199399864486,False,0.6273283834151938,0.16152825119571618,False,False,,22.4,,0,[],[],0,False,False,,,16.4,False,,,0.0,,False,22.4,0,,False,[],,False,37.0,37.0,False
0x74c66295505648350ac4fd19d0fe1813ab76d3ab,tron,USDT,15117.524286,15117.524286,USDT,15117.524286,67,2,2,2,10,0.3473684210526316,0.0,1.0,False,0.45477301654645735,0.13666894369416555,False,False,,22.4,,0,[],[],0,False,False,,,42.5,False,,,0.0,,False,22.4,0,,False,[],,False,33.5,33.5,False
0x057433ec1f22d72a737efbbfcd36c33733001a56,tron,USDT,56250.75,76114.0,USDT,56250.75,97,3,4,8,24,0.18867924528301888,0.16352201257861634,1.3531197361812954,False,0.5499318440238173,0.15009627668364844,False,False,,22.4,,0,[],[],0,False,False,,,51.1,False,,,0.0,,False,22.4,0,,False,[],,False,32.33,24.25,False
0xf1b774048f2fda2f45fbfd6d4f0658c8f6ce0276,tron,USDT,471878.62778099993,560000.0,USDT,471878.62778099993,61,3,6,8,20,0.1702127659574468,0.11702127659574468,1.1867458431702853,False,0.45751718690264215,0.1372380972445133,False,False,,22.4,,0,[],[],0,False,False,,,9.6,False,,,0.0,,False,22.4,0,,False,[],,False,20.33,10.17,False
0x7359ed3efae56dd194c0cd62e7b25c2d775b92b1,tron,USDT,77348.53800000002,64286.0,USDT,77348.53800000002,52,6,8,8,21,0.11290322580645161,0.016129032258064516,0.8311210743246367,False,0.3649514104525387,0.12374482419856747,False,False,,22.4,,0,[],[],0,False,False,,,6.7,False,,,0.0,,False,22.4,0,,False,[],,False,8.67,6.5,False
0x6182e3e24aeea54605bdab7e700d2f8b58dca868,tron,USDT,430644.9288110001,324666.0,USDT,430644.9288110001,193,1,7,5,5,0.9109311740890689,0.08502024291497975,0.753906474404319,False,0.5781465897472193,0.1551206701666844,False,False,,22.3,,0,[],[],0,False,False,,,60.3,False,,,0.0,,False,22.3,0,,False,[],,False,193.0,27.57,True
0xa1ea42a56cf1be7688af8bd8994ee4e771e08e4a,tron,USDT,558516.665517,527652.0,USDT,558516.665517,158,1,6,5,23,0.11764705882352941,0.09342560553633218,0.9447381476281829,False,0.6078063482358614,0.15904744418338607,False,False,,22.3,,0,[],[],0,False,False,,,58.6,False,,,0.0,,False,22.3,0,,False,[],,False,158.0,26.33,True
0x40f9c4f2e198973f2a96d52f259731d1ab778fdc,tron,USDT,369131.354071,672000.0,USDT,369131.354071,77,1,2,2,2,0.0,0.23376623376623376,1.8204901658685575,False,0.5388294169747823,0.1489900079813935,False,False,,22.3,,0,[],[],0,False,False,,,41.1,False,,,0.0,,False,22.3,0,,False,[],,False,77.0,38.5,True
0x1d0ceee758cae610e90b7b2895640249a109b78f,tron,USDT,27727.624499,26715.0,USDT,27727.624499,70,2,10,8,21,0.12195121951219512,0.07317073170731707,0.9634795797585718,False,0.5057845879924442,0.14457575986931753,False,False,,22.3,,0,[],[],0,False,False,,,28.0,False,,,0.0,,False,22.3,0,,False,[],,False,35.0,7.0,False
0x876ac8be2611430d0a3a6dc4f1b59d902d939693,tron,USDT,417910.13486,417910.0,USDT,417910.13486,63,2,5,1,12,0.2535211267605634,0.7183098591549296,0.9999996772990442,False,0.6177343436057571,0.16033098245065114,False,False,,22.3,,0,[],[],0,False,False,,,10.8,False,,,0.0,,False,22.3,0,,False,[],,False,31.5,12.6,False
0xf02f4065765d1e49690ec29316074f21f686dabd,tron,USDT,182651.4647,207430.1286,USDT,182651.4647,113,4,7,8,16,0.5309734513274337,0.008849557522123894,1.1356609099231603,False,0.5616034989657286,0.1527539466331294,False,False,,22.3,,0,[],[],0,False,False,,,29.4,False,,,0.0,,False,22.3,2,141263.0,True,[],,False,28.25,16.14,False
0x40710c4a6e5c2b818479b0886be59e5e57e91c81,tron,USDT,32329.38,38945.14,USDT,32329.38,56,4,12,8,24,0.13761467889908258,0.27522935779816515,1.2046361544823934,False,0.4870108259554517,0.14170423599714288,False,False,,22.3,,0,[],[],0,False,False,,,23.7,False,,,0.0,,False,22.3,0,,False,[],,False,14.0,4.67,False
0x364bad06e8d31071d300af9d7a63449b4a959c34,tron,USDT,25894.673950999997,26610.673951,USDT,25894.673950999997,130,1,8,7,24,0.15517241379310345,0.23563218390804597,1.0276504736593663,False,0.6583646867700359,0.16671455081135622,False,False,,22.2,,0,[],[],0,False,False,,,84.9,False,,,0.0,,False,22.2,0,,False,[],,False,130.0,16.25,True
0x630c09e078a513ea0110ae2375ea227ac2ece5da,tron,USDT,53361.46,53051.46000000001,USDT,53361.46,128,2,6,7,24,0.26282051282051283,0.3269230769230769,0.9941905637514418,False,0.7325674296785871,0.17728956376338262,False,False,,22.2,,0,[],[],0,False,False,,,63.4,False,,,0.0,,False,22.2,0,,False,[],,False,64.0,21.33,False
0x9f277c8fc12342b6fb53457ca2af2bd8eef02897,tron,USDT,10948.153564,11749.043564000001,USDT,10948.153564,55,1,4,6,23,0.17105263157894737,0.19736842105263158,1.07315297463798,False,0.43702405080850926,0.13530972635082422,False,False,,22.2,,0,[],[],0,False,False,,,59.6,False,,,0.0,,False,22.2,0,,False,[],,False,55.0,13.75,True
0x6b1e2da0513067faf8ed4e2f160f82f50f4ac4a0,tron,USDT,10335.075144,12915.565144,USDT,10335.075144,51,1,5,6,24,0.14666666666666667,0.21333333333333335,1.2496827516051585,False,0.3789136830264439,0.1271804607080445,False,False,,22.2,,0,[],[],0,False,False,,,55.2,False,,,0.0,,False,22.2,0,,False,[],,False,51.0,10.2,True
0xda93de650543ec11a34efa085c8b8deea65e22a5,tron,USDT,16475.18,19467.18,USDT,16475.18,50,1,5,2,23,0.18181818181818182,0.36363636363636365,1.1816065135555422,False,0.420827615405141,0.1327471854667998,False,False,,22.2,,0,[],[],0,False,False,,,54.9,False,,,0.0,,False,22.2,0,,False,[],,False,50.0,10.0,True
0xd0492c289b0d182c0d7cb8fe3fdb2bed90a275a3,tron,USDT,475276.7141990001,540110.0,USDT,475276.7141990001,89,3,9,8,24,0.211864406779661,0.1059322033898305,1.136411660542355,False,0.5462857629275918,0.15073194915884958,False,False,,22.2,,0,[],[],0,False,False,,,21.1,False,,,0.0,,False,22.2,0,,False,[],,False,29.67,9.89,False
0x261dff0606b59320500f72f9b9bef04242cb5deb,tron,USDT,1112619.8699999999,1083120.0,USDT,1112619.8699999999,51,2,11,8,23,0.15789473684210525,0.9774436090225563,0.9734861197472593,False,0.5528855990024855,0.15198548830734632,False,False,,22.2,,0,[],[],0,False,False,,,1.4,False,,,0.0,,False,22.2,0,,False,[],,False,25.5,4.64,False
0x3c2113195b2b126aead762c6efed5f1f27e4960e,tron,USDT,27896.645315,6925.315033,USDT,27896.645315,63,4,7,8,24,0.2596685082872928,0.27071823204419887,0.24824902617506717,True,0.3115505264908471,0.11739344315833411,False,False,,22.2,,0,[],[],0,False,False,,,39.9,False,,,0.0,,False,22.2,0,,False,[],,False,15.75,9.0,False
0x2e07157c5eea7cda463b536f0e6e825e8f0e7554,tron,USDT,98612.832641,54476.0,USDT,98612.832641,70,7,7,7,18,0.39473684210526316,0.02631578947368421,0.55242303198327,False,0.3565176993113761,0.12377362863213104,False,False,,22.2,,0,[],[],0,False,False,,,14.7,False,,,0.0,,False,22.2,0,,False,[],,False,10.0,10.0,False
0xe00a11572ec21271bca0d1007a8ec3c1ab74b180,tron,USDT,101237.317017,99764.317017,USDT,101237.317017,164,1,11,8,24,0.2191780821917808,0.3424657534246575,0.9854500292638865,False,0.7053208077195571,0.17420555212829936,False,False,,22.1,,0,[],[],0,False,False,,,89.9,False,,,0.0,,False,22.1,0,,False,[],,False,164.0,14.91,True
0xbbf1e9097b0092aeb2f8d17cd2b99d2773f8e210,tron,USDT,250350.5,240594.0,USDT,250350.5,160,1,7,8,24,0.11891891891891893,0.11891891891891893,0.9610286378497347,False,0.6242803987621404,0.1624773248807419,False,False,,22.1,,0,[],[],0,False,False,,,58.7,False,,,0.0,,False,22.1,0,,False,[],,False,160.0,22.86,True
0xba91660b0126a05ad45002ca05e1002e151be122,tron,USDT,771048.396899,771559.126042,USDT,771048.396899,107,1,14,8,22,0.10126582278481013,0.2468354430379747,1.0006623827311671,False,0.6286329031737495,0.1634652295640795,False,False,,22.1,,0,[],[],0,False,False,,,64.3,False,,,0.0,,False,22.1,0,,False,[],,False,107.0,7.64,True
0x8ccbf8fb21e096d1a427c9383fc8ddc1b6858f0a,tron,USDT,20555.779,16000.0,USDT,20555.779,74,1,1,7,20,0.14583333333333334,0.14583333333333334,0.7783699172870072,False,0.46651403436957795,0.14015076862607007,False,False,,22.1,,0,[],[],0,False,False,,,66.1,False,,,0.0,,False,22.1,0,,False,[],,False,74.0,74.0,True
0xeedfd636212f2162698d2e00ec1181e36c0b404c,tron,USDT,56366.23,34940.0,USDT,56366.23,130,2,4,8,20,0.2076923076923077,0.046153846153846156,0.6198747015722001,False,0.5596346772681948,0.15324870018754122,False,False,,22.1,,0,[],[],0,False,False,,,60.7,False,,,0.0,,False,22.1,0,,False,[],,False,65.0,32.5,False
0x87267ae986ccb0a48b7f5c6dd895cc24a3b72acc,tron,USDT,605622.462948,740000.0,USDT,605622.462948,93,2,6,7,8,0.6783216783216783,0.5454545454545454,1.2218833436228371,False,0.6485168399729294,0.16576151749874934,False,False,,22.1,,0,[],[],0,False,False,,,22.3,False,,,0.0,,False,22.1,0,,False,[],,False,46.5,15.5,False
0x6048c8eaa9f0462f5dd5adf193238bb8ce84d7d4,tron,USDT,40993.691521,41732.753521,USDT,40993.691521,55,2,15,7,13,0.18275862068965518,0.0,1.018028676427479,False,0.5424909978498458,0.15094838932716836,False,False,,22.1,,0,[],[],0,False,False,,,34.7,False,,,0.0,,False,22.1,0,,False,[],,False,27.5,3.67,False
0xaaccbb1cb496c5fa0ee78d126f3317928fd66347,tron,USDT,25359.303081999995,25800.303082000002,USDT,25359.303081999995,127,1,8,8,24,0.17073170731707318,0.23170731707317074,1.0173900678017067,False,0.6561316597531929,0.16748093205060782,False,False,,22.0,,0,[],[],0,False,False,,,86.1,False,,,0.0,,False,22.0,0,,False,[],,False,127.0,15.88,True
0x2abbcd7bd900469f9135339c05c641c62f18ce18,tron,USDT,213076.37999999995,140000.0,USDT,213076.37999999995,105,1,1,8,22,0.07239819004524888,0.20361990950226244,0.657041385816673,False,0.542248328075511,0.15134006600936933,False,False,,22.0,,0,[],[],0,False,False,,,50.4,False,,,0.0,,False,22.0,0,,False,[],,False,105.0,105.0,True
0x856d5f15208d72a84cfc82bcf0d71b03f727568b,tron,USDT,178983.377746,166176.09999999998,USDT,178983.377746,104,1,14,8,14,0.125,0.23076923076923078,0.9284443175266522,False,0.7517261991014271,0.18141782589256406,False,False,,22.0,,0,[],[],0,False,False,,,49.9,False,,,0.0,,False,22.0,0,,False,[],,False,104.0,7.43,True
0xd99be2c9f0f15b8e8700bd4a256cfe2d6b8bb13a,tron,USDT,13744.105074000001,12194.185137999999,USDT,13744.105074000001,70,1,3,8,24,0.2222222222222222,0.37373737373737376,0.8872302032285815,False,0.5403650054314609,0.1510864198429862,False,False,,22.0,,0,[],[],0,False,False,,,68.2,False,,,0.0,,False,22.0,0,,False,[],,False,70.0,23.33,True
0x5234cf0b26c61dbef6c3075e347dfa5258ca0714,tron,USDT,225979.52,218682.757794,USDT,225979.52,67,1,4,8,14,0.24175824175824176,0.25274725274725274,0.9677105155104322,False,0.6698255142179116,0.16938521238556115,False,False,,22.0,,0,[],[],0,False,False,,,36.8,False,,,0.0,,False,22.0,0,,False,[],,False,67.0,16.75,True
0xb626f52d43db01d717cbebd9f7fce7bd74e7a53c,tron,USDT,11225.060535,11225.060535,USDT,11225.060535,66,1,4,8,24,0.18888888888888888,0.15555555555555556,1.0,False,0.4865082732286805,0.14355042715164323,False,False,,22.0,,0,[],[],0,False,False,,,67.0,False,,,0.0,,False,22.0,0,,False,[],,False,66.0,16.5,True
0xfb1e68f8bf535794b7cf5d60c55a536d44b4a1dc,tron,USDT,333447.5744339999,467744.004434,USDT,333447.5744339999,116,2,3,5,24,0.2716049382716049,0.29012345679012347,1.4027512577590566,False,0.628338165928036,0.16381296431886805,False,False,,22.0,,0,[],[],0,False,False,,,51.0,False,,,0.0,,False,22.0,0,,False,[],,False,58.0,38.67,False
0xa2ea5a2905b69fea2886668720762cbf87782018,tron,USDT,874428.070592,874658.0370159999,USDT,874428.070592,86,2,11,8,2,0.5428571428571428,0.18095238095238095,1.0002629906698262,False,0.6049749792949699,0.16028094432250012,False,False,,22.0,,0,[],[],0,False,False,,,20.2,False,,,0.0,,False,22.0,0,,False,[],,False,43.0,7.82,False
0x2f666844fbd77b6e9d106e9c4f97a0fdd60c5622,tron,USDT,235595.32143900002,287252.0,USDT,235595.32143900002,73,2,6,8,16,0.1794871794871795,0.29914529914529914,1.2192602053618236,False,0.7144636144219078,0.1762640570557309,False,False,,22.0,,0,[],[],0,False,False,,,16.1,False,,,0.0,,False,22.0,0,,False,[],,False,36.5,12.17,False
0x9ec9b9687e605ca7b4abd22d6a85e90a1ebc9587,tron,USDT,355023.546245,356400.0,USDT,355023.546245,65,2,7,8,18,0.036036036036036036,0.40540540540540543,1.003877077364469,False,0.7483760482521805,0.1805874053180272,False,False,,22.0,,0,[],[],0,False,False,,,11.9,False,,,0.0,,False,22.0,0,,False,[],,False,32.5,9.29,False
0xc40833c99a99ff0fa3eed1f92006efdb6781c0be,tron,USDT,28238.0,29288.0,USDT,28238.0,57,2,6,8,21,0.1791044776119403,0.43283582089552236,1.0371839365394149,False,0.5588338957638184,0.1540935099984867,False,False,,22.0,,0,[],[],0,False,False,,,33.2,False,,,0.0,,False,22.0,0,,False,[],,False,28.5,9.5,False
0x9f0dda49908bf008c83c423d1df5e4c61e357a6e,tron,USDT,133207.283965,138932.64,USDT,133207.283965,50,3,11,8,20,0.04597701149425287,0.7126436781609196,1.0429808030355483,False,0.5337670129185587,0.15043082174306743,False,False,,22.0,,0,[],[],0,False,False,,,0.5,False,,,0.0,,False,22.0,0,,False,[],,False,16.67,4.55,False
0x87e141206023cea5cb3b0665f8f9563e4d8f6242,tron,USDT,254947.48,3237892.11794,USDT,254947.48,55,4,5,4,18,0.013793103448275862,0.027586206896551724,10.0,False,0.3772380144251167,0.12776107362643058,False,False,,22.0,,0,[],[],0,False,False,,,5.2,False,,,0.0,,False,22.0,0,,False,[],,False,13.75,11.0,False
0xbe784633cc8d39dc1c16b20f48b3588e64d7a02b,tron,USDT,594635.73,1003511.0,USDT,594635.73,60,5,11,8,21,0.055944055944055944,0.44755244755244755,1.6876062930157258,False,0.44724751526193757,0.13816393860240822,False,False,,22.0,,0,[],[],0,False,False,,,9.0,False,,,0.0,,False,22.0,0,,False,[],,False,12.0,5.45,False
0xd362da1a96cd8031cd86b384e93d8b0c101db6a2,tron,USDT,1010662.28,82503.65,USDT,1010662.28,70,8,9,2,9,0.6761904761904762,0.7904761904761904,0.08163325339499164,True,0.31424773680543017,0.11915102415205414,False,False,,22.0,,0,[],[],0,False,False,,,14.7,False,,,0.0,,False,22.0,0,,False,[],,False,8.75,7.78,False
0x4219f7cedc4fc88c19a2b6be13948200854bdbc7,tron,USDT,22926.680064,26081.680064,USDT,22926.680064,132,1,8,7,24,0.17341040462427745,0.20809248554913296,1.1376125976893643,False,0.6296263985783767,0.1643053079978969,False,False,,21.9,,0,[],[],0,False,False,,,86.7,False,,,0.0,,False,21.9,0,,False,[],,False,132.0,16.5,True
0xcfb7c6e7cd7e8ad90caa2c5019a0cfe46595881d,tron,USDT,501343.5243959999,616300.0,USDT,501343.5243959999,102,1,6,8,24,0.25977653631284914,0.441340782122905,1.229296819466244,False,0.6092106403494325,0.1617638840852359,False,False,,21.9,,0,[],[],0,False,False,,,75.6,False,,,0.0,,False,21.9,0,,False,[],,False,102.0,17.0,True
0xa97d6c1413747d061b74a9f832c631799404a4c2,tron,USDT,52668.63,52668.63,USDT,52668.63,61,1,1,2,14,0.11235955056179775,0.15730337078651685,1.0,False,0.6160373355960967,0.16237571193404216,False,False,,21.9,,0,[],[],0,False,False,,,37.6,False,,,0.0,,False,21.9,0,,False,[],,False,61.0,61.0,True
0xd2ec904c569edc23c30c7055f0be4b3ea03fb22d,tron,USDT,19972.762001000003,21072.762001,USDT,19972.762001000003,58,2,6,8,24,0.1917808219178082,0.3013698630136986,1.055075006648801,False,0.5351453720262008,0.15095506866426828,False,False,,21.9,,0,[],[],0,False,False,,,34.8,False,,,0.0,,False,21.9,0,,False,[],,False,29.0,9.67,False
0x2544f63bfbc7337feac4d012bfaf91544e610516,tron,USDT,52864.11,47071.0,USDT,52864.11,63,3,4,8,24,0.19617224880382775,0.0,0.8904150661006115,False,0.41516404843437776,0.1339065803956484,False,False,,21.9,,0,[],[],0,False,False,,,39.5,False,,,0.0,,False,21.9,0,,False,[],,False,21.0,15.75,False
0x5b39ef87ef06df57637b7fe7afaca01b0608344a,tron,USDT,134080.59,130193.59000000001,USDT,134080.59,161,1,10,8,24,0.2237442922374429,0.3881278538812785,0.9710099724352348,False,0.7095392876563299,0.1763324034830785,False,False,,21.8,,0,[],[],0,False,False,,,88.3,False,,,0.0,,False,21.8,0,,False,[],,False,161.0,16.1,True
0x0fabab63b7d3fb1c82d78ee916553466fc7a49dd,tron,USDT,941681.4629999998,941400.0,USDT,941681.4629999998,122,1,8,4,19,0.2131979695431472,0.09644670050761421,0.9997011059354369,False,0.5941277477038459,0.15995214017566844,False,False,,21.8,,0,[],[],0,False,False,,,55.0,False,,,0.0,,False,21.8,0,,False,[],,False,122.0,15.25,True
0x7c734c70ad61cd2c66398a64e3561325a4e20dcc,tron,USDT,14394.124858999998,18440.0,USDT,14394.124858999998,86,1,2,8,23,0.19767441860465115,0.12790697674418605,1.2810782302246253,False,0.47136178289016195,0.14267187159813466,False,False,,21.8,,0,[],[],0,False,False,,,70.3,False,,,0.0,,False,21.8,0,,False,[],,False,86.0,43.0,True
0x2923989fd98016d8551cad085a66c9c2f20f7559,tron,USDT,766318.67,770000.0,USDT,766318.67,85,1,7,8,23,0.29357798165137616,0.9862385321100917,1.0048039153215462,False,0.6427176216874939,0.16693317852406542,False,False,,21.8,,0,[],[],0,False,False,,,43.5,False,,,0.0,,False,21.8,0,,False,[],,False,85.0,12.14,True
0x5da3d027f72bd3a3acd32a7fdf161af682d20c57,tron,USDT,12763.0,12763.0,USDT,12763.0,62,1,4,8,24,0.2087912087912088,0.31868131868131866,1.0,False,0.5198133220195164,0.1491859689403373,False,False,,21.8,,0,[],[],0,False,False,,,64.6,False,,,0.0,,False,21.8,0,,False,[],,False,62.0,15.5,True
0xdb2c0085869feb46311a44cb2829d4d89d275fbf,tron,USDT,269796.9,200000.0,USDT,269796.9,53,1,1,8,16,0.12949640287769784,0.12589928057553956,0.741298361841815,False,0.5017810979093048,0.14670133929977175,False,False,,21.8,,0,[],[],0,False,False,,,26.9,False,,,0.0,,False,21.8,0,,False,[],,False,53.0,53.0,True
0xa0f895e072d7e759887fb4fc69052b618c35c746,tron,USDT,141370.5,247911.25,USDT,141370.5,73,2,4,7,14,0.043478260869565216,0.4891304347826087,1.7536278785177954,False,0.6409375553952954,0.16642364250273955,False,False,,21.8,,0,[],[],0,False,False,,,37.9,False,,,0.0,,False,21.8,0,,False,[],,False,36.5,18.25,False
0xcbb9aa64059e97b625a0c722c95af56e36010de8,tron,USDT,75741.68,68550.0,USDT,75741.68,68,2,8,8,15,0.03048780487804878,0.774390243902439,0.9050499011904675,False,0.771930642096388,0.18512727480303287,False,False,,21.8,,0,[],[],0,False,False,,,22.6,False,,,0.0,,False,21.8,0,,False,[],,False,34.0,8.5,False
0x7e99ffaf1464b14dc7170489b6f2c2028f506185,tron,USDT,405138.40954799985,438000.0,USDT,405138.40954799985,87,4,6,8,24,0.10852713178294573,0.06201550387596899,1.081112009322105,False,0.5349655489204751,0.15174978753181662,False,False,,21.8,,0,[],[],0,False,False,,,29.3,False,,,0.0,,False,21.8,0,,False,[],,False,21.75,14.5,False
0xbb736aa4b003ef81604683d5772c70af87b3c481,tron,USDT,203139.377,289669.89,USDT,203139.377,57,6,12,8,18,0.3026315789473684,0.21052631578947367,1.4259662221963003,False,0.4316077738042698,0.136855899014662,False,False,,21.8,,0,[],[],0,False,False,,,6.7,False,,,0.0,,False,21.8,0,,False,[],,False,9.5,4.75,False
0x943a8225ff72a1a57506404c7da5df47b2a696b4,tron,USDT,161537.40999999997,177236.5047,USDT,161537.40999999997,152,1,5,8,22,0.20093457943925233,0.2616822429906542,1.097185504583737,False,0.664398283045917,0.17074276791133042,False,False,,21.7,,0,[],[],0,False,False,,,58.2,False,,,0.0,,False,21.7,0,,False,[],,False,152.0,30.4,True
0x8218493b1298757fcbc226561781d6c071dc7d88,tron,USDT,88200.62882700001,83000.0,USDT,88200.62882700001,151,1,10,8,24,0.13690476190476192,0.2857142857142857,0.9410363747269794,False,0.6765611145720399,0.17237965501551317,False,False,,21.7,,0,[],[],0,False,False,,,58.1,False,,,0.0,,False,21.7,0,,False,[],,False,151.0,15.1,True
0x9845c7aedef76faa1cdd7acfc69a372352b7f141,tron,USDT,321899.723718,320653.5347610001,USDT,321899.723718,109,1,19,8,24,0.2018348623853211,0.24770642201834864,0.9961286423529471,False,0.6334429537569704,0.16608051657320722,False,False,,21.7,,0,[],[],0,False,False,,,51.8,False,,,0.0,,False,21.7,0,,False,[],,False,109.0,5.74,True
0x096a6a1b68f6b02d62dce2d27789ed65759d6105,tron,USDT,12189.14,14888.14,USDT,12189.14,74,1,5,4,24,0.17391304347826086,0.358695652173913,1.221426614182789,False,0.5280736080077358,0.15096904726816035,False,False,,21.7,,0,[],[],0,False,False,,,70.8,False,,,0.0,,False,21.7,0,,False,[],,False,74.0,14.8,True
0xe815a43ae8a1d7efcc87d2db58abef0ea2f55a5f,tron,USDT,98512.190162,98610.190162,USDT,98512.190162,109,2,14,8,24,0.2356020942408377,0.4712041884816754,1.0009948007433278,False,0.7283118586888399,0.17949909656285634,False,False,,21.7,,0,[],[],0,False,False,,,54.7,False,,,0.0,,False,21.7,0,,False,[],,False,54.5,7.79,False
0xef0d3bc39dc1f382b907a38e0939cc6b49c6a9ee,tron,USDT,1066604.82001,2340000.0,USDT,1066604.82001,50,1,6,8,24,0.21428571428571427,0.7991071428571429,2.193877203722051,False,0.29482392872295293,0.11769913850398428,False,False,,21.7,,0,[],[],0,False,False,,,24.0,False,,,0.0,,False,21.7,0,,False,[],,False,50.0,8.33,True
0x57a749b11abe0beccff5dacf8a360f6044e16521,tron,USDT,346238.6000000001,450000.0,USDT,346238.6000000001,65,2,7,8,18,0.17120622568093385,0.29571984435797666,1.2996817801365876,False,0.6671531645496872,0.17090320338830706,False,False,,21.7,,0,[],[],0,False,False,,,11.9,False,,,0.0,,False,21.7,0,,False,[],,False,32.5,9.29,False
0x1c5877daaefc637e28b7771ad7571e2adcefe0f5,tron,USDT,675416.7249060002,700500.0,USDT,675416.7249060002,65,2,16,8,24,0.28634361233480177,0.3392070484581498,1.0371374799720732,False,0.5784868018418179,0.15816990992937557,False,False,,21.7,,0,[],[],0,False,False,,,11.9,False,,,0.0,,False,21.7,0,,False,[],,False,32.5,4.06,False
0x069ee2ef8beb8730cfa58655f40d532783dd4d0f,tron,USDT,255724.87999999998,193000.0,USDT,255724.87999999998,53,2,2,8,14,0.025974025974025976,0.03896103896103896,0.7547173352862655,False,0.519505198071254,0.1497876980072645,False,False,,21.7,,0,[],[],0,False,False,,,3.4,False,,,0.0,,False,21.7,0,,False,[],,False,26.5,26.5,False
0x5f678e9615bea35d766626fd89baccb6c8d0340f,tron,USDT,445205.67188999994,455645.24,USDT,445205.67188999994,65,5,14,8,22,0.10256410256410256,0.1111111111111111,1.0234488659268013,False,0.5043047113288528,0.14752583224254306,False,False,,21.7,,0,[],[],0,False,False,,,32.2,False,,,0.0,,False,21.7,0,,False,[],,False,13.0,4.64,False
0x701c1dc7e8665ee1ed6e474c0df39d0a984d42ce,tron,USDT,28476.66,25356.66,USDT,28476.66,127,1,7,7,24,0.25,0.3875,0.8904365891224603,False,0.6720627102725192,0.172171101052342,False,False,,21.6,,0,[],[],0,False,False,,,85.0,False,,,0.0,,False,21.6,0,,False,[],,False,127.0,18.14,True
0x130ad1c21c87ca78d6309b3e683fa2bda09a9887,tron,USDT,27797.430113000002,25947.430113,USDT,27797.430113000002,127,1,6,8,24,0.20994475138121546,0.23204419889502761,0.9334470851269515,False,0.6464687975939096,0.1685519734026194,False,False,,21.6,,0,[],[],0,False,False,,,84.1,False,,,0.0,,False,21.6,0,,False,[],,False,127.0,21.17,True
0x0aaa3753159e976a5e9371f69eb828f40b7efe8d,tron,USDT,521579.74899999995,521579.0,USDT,521579.74899999995,107,1,8,2,12,0.20382165605095542,0.08917197452229299,0.9999985639779893,False,0.7125792630713721,0.17819051541708986,False,False,,21.6,,0,[],[],0,False,False,,,51.1,False,,,0.0,,False,21.6,0,,False,[],,False,107.0,13.38,True
0x898725e34a73267f97eb6803057124d267a36254,tron,USDT,202056.21000000002,202056.309999,USDT,202056.21000000002,87,1,1,3,24,0.3602941176470588,0.29411764705882354,1.000000494906838,False,0.5891386366995828,0.16065376074059662,False,False,,21.6,,0,[],[],0,False,False,,,66.2,False,,,0.0,,False,21.6,0,,False,[],,False,87.0,87.0,True
0xd0a49af7dbfbe9f5d378a46d8545a269423a8caf,tron,USDT,340615.650717,344089.150717,USDT,340615.650717,57,1,1,2,2,0.40350877192982454,0.0,1.0101977110936866,False,0.3552578697456241,0.12722031401249106,False,False,,21.6,,0,[],[],0,False,False,,,30.3,False,,,0.0,,False,21.6,0,,False,[],,False,57.0,57.0,True
0xac3d5c6927e524eea73bbe22fd30f75b39035298,tron,USDT,55750.62000000001,55750.62,USDT,55750.62000000001,55,1,1,2,14,0.19230769230769232,0.10256410256410256,0.9999999999999999,False,0.5550700042426814,0.15533232654396434,False,False,,21.6,,0,[],[],0,False,False,,,36.7,False,,,0.0,,False,21.6,0,,False,[],,False,55.0,55.0,True
0x2d14346436f7fca37b6520ca155c1ad47f3dc847,tron,USDT,26887.15,26887.15,USDT,26887.15,88,2,6,8,24,0.2033898305084746,0.22033898305084745,1.0,False,0.6226134917267714,0.16526405177824754,False,False,,21.6,,0,[],[],0,False,False,,,48.2,False,,,0.0,,False,21.6,0,,False,[],,False,44.0,14.67,False
0x201a780f94bb9bc4bda37b4fa21dae5db7402bb9,tron,USDT,56900.5,31241.0,USDT,56900.5,60,2,8,8,18,0.4,0.2857142857142857,0.5490461419495435,False,0.46182450204285735,0.14200602311560673,False,False,,21.6,,0,[],[],0,False,False,,,19.5,False,,,0.0,,False,21.6,0,,False,[],,False,30.0,7.5,False
0x2672e383fed7f8c5fe3584d5606041b89cbfa1e7,tron,USDT,28336.670081000004,30551.170081,USDT,28336.670081000004,136,1,10,7,24,0.15606936416184972,0.17341040462427745,1.0781496200389769,False,0.6311456381474868,0.1668465697088083,False,False,,21.5,,0,[],[],0,False,False,,,86.9,False,,,0.0,,False,21.5,0,,False,[],,False,136.0,13.6,True
0x2ea71193586cfc5bc2aa749d512e2ce08b2b927e,tron,USDT,26832.917997,26538.917997,USDT,26832.917997,128,1,8,8,24,0.19186046511627908,0.22093023255813954,0.9890433086691179,False,0.6557000490906331,0.17028135668913436,False,False,,21.5,,0,[],[],0,False,False,,,86.2,False,,,0.0,,False,21.5,0,,False,[],,False,128.0,16.0,True
0x8a57cd991c8e8197ac0181c363288b7e2614ef46,tron,USDT,407729.25657599996,100000.0,USDT,407729.25657599996,123,1,1,8,13,0.0,0.03007518796992481,0.24526079104495213,True,0.47060497959210457,0.1442015354883346,False,False,,21.5,,0,[],[],0,False,False,,,55.2,False,,,0.0,,False,21.5,0,,False,[],,False,123.0,123.0,True
0x909ce366e9d19dcc63a0215bfe43d5706e536c74,tron,USDT,208275.7,208275.799999,USDT,208275.7,90,1,1,3,24,0.2891566265060241,0.21686746987951808,1.0000004801280227,False,0.5760923944283624,0.1591728232930243,False,False,,21.5,,0,[],[],0,False,False,,,67.5,False,,,0.0,,False,21.5,0,,False,[],,False,90.0,90.0,True
0xcfeb499562db8d6d1cbe39bb791f9a0eac8974e7,tron,USDT,167648.166741,550000.0,USDT,167648.166741,105,4,9,8,24,0.17013232514177692,0.17958412098298676,3.2806800735834836,False,0.4526941026728892,0.14175323151464475,False,False,,21.5,,0,[],[],0,False,False,,,51.3,False,,,0.0,,False,21.5,0,,False,[],,False,26.25,11.67,False
0x362a26934157fe23fa17a468811382537b72c034,tron,USDT,355534.8300000001,351000.0,USDT,355534.8300000001,50,2,3,8,17,0.07228915662650602,0.024096385542168676,0.9872450471308252,False,0.5385181651325716,0.1539315967379712,False,False,,21.5,,0,[],[],0,False,False,,,0.5,False,,,0.0,,False,21.5,0,,False,[],,False,25.0,16.67,False
0xb5f59fcdf8f3593567c56d3a6368d53c81978a1f,tron,USDT,131800.5,126655.0,USDT,131800.5,69,3,8,8,19,0.0967741935483871,0.17204301075268819,0.9609599356603351,False,0.549998520861384,0.15538849998549342,False,False,,21.5,,0,[],[],0,False,False,,,28.4,False,,,0.0,,False,21.5,0,,False,[],,False,23.0,8.62,False
0x2fcb771e1a4a007daa3f47a6f2dea98a173e6112,tron,USDT,139038.538996,120600.0,USDT,139038.538996,58,3,24,8,23,0.1836734693877551,0.01020408163265306,0.8673854089006902,False,0.4032182782162857,0.13464860424331804,False,False,,21.5,,0,[],[],0,False,False,,,7.6,False,,,0.0,,False,21.5,0,,False,[],,False,19.33,2.42,False
0x05b0b34f09447592b40c0e80e05e03ff218f4c58,tron,USDT,55694.00000000001,55997.34,USDT,55694.00000000001,150,1,12,8,24,0.23809523809523808,0.3476190476190476,1.0054465472043665,False,0.700883537398329,0.17755682055902222,False,False,,21.4,,0,[],[],0,False,False,,,88.9,False,,,0.0,,False,21.4,0,,False,[],,False,150.0,12.5,True
0xeaaa1dc6152413d81821b1ab510124f43f6ed845,tron,USDT,231119.27310300007,199730.356836,USDT,231119.27310300007,139,1,3,8,24,0.16727272727272727,0.13454545454545455,0.8641873702457892,False,0.6010937320041854,0.16318096141527988,False,False,,21.4,,0,[],[],0,False,False,,,80.1,False,,,0.0,,False,21.4,0,,False,[],,False,139.0,46.33,True
0x016e67c3070d5452f27c4369d39d446da0d8f8ed,tron,USDT,27173.0294,27036.0294,USDT,27173.0294,90,2,7,8,24,0.20491803278688525,0.22950819672131148,0.9949582360515166,False,0.6289025509014362,0.16702474591262684,False,False,,21.4,,0,[],[],0,False,False,,,49.8,False,,,0.0,,False,21.4,0,,False,[],,False,45.0,12.86,False
0x09d227d2d81405becf87518b8dc6f223758aabad,tron,USDT,177105.72999999998,177016.0,USDT,177105.72999999998,69,2,16,8,22,0.18360655737704917,0.6557377049180327,0.9994933534900312,False,0.6404374912325842,0.16858734003983633,False,False,,21.4,,0,[],[],0,False,False,,,36.3,False,,,0.0,,False,21.4,0,,False,[],,False,34.5,4.31,False
0x40e4284ca33bb6d9ba0f2b819aecba80fc9b84dc,tron,USDT,100343.228713,100421.228713,USDT,100343.228713,132,1,18,5,24,0.16363636363636364,0.509090909090909,1.0007773319734716,False,0.7167304054763282,0.1804993057260948,False,False,,21.3,,0,[],[],0,False,False,,,79.9,False,,,0.0,,False,21.3,0,,False,[],,False,132.0,7.33,True
0x52ef16e372597ea2a5e0792114822dcbdd384731,tron,USDT,54507.010651000004,55571.010651000004,USDT,54507.010651000004,130,1,14,8,24,0.21904761904761905,0.41904761904761906,1.0195204247543976,False,0.7000416087275252,0.17794981172216817,False,False,,21.3,,0,[],[],0,False,False,,,82.8,False,,,0.0,,False,21.3,0,,False,[],,False,130.0,9.29,True
0x793a7927915704e01ae6effe6e6133525ccd6aec,tron,USDT,23561.550000000003,24700.0,USDT,23561.550000000003,129,1,5,8,24,0.09216589861751152,0.0,1.0483181284762673,False,0.5364543208469612,0.15457563203457214,False,False,,21.3,,0,[],[],0,False,False,,,86.3,False,,,0.0,,False,21.3,0,,False,[],,False,129.0,25.8,True
0xbf72f640c85886329bf389b08d6aae94029f15aa,tron,USDT,24202.010000000013,24785.0,USDT,24202.010000000013,128,1,3,8,24,0.17647058823529413,0.026143790849673203,1.024088495129123,False,0.5709778037319183,0.15945896571979085,False,False,,21.3,,0,[],[],0,False,False,,,86.6,False,,,0.0,,False,21.3,0,,False,[],,False,128.0,42.67,True
0xbac64b0599bd1a20854d06c960720cd57ef59f00,tron,USDT,46151.07421500001,45196.374134,USDT,46151.07421500001,127,1,10,8,24,0.20408163265306123,0.3622448979591837,0.9793135891799087,False,0.6849165998894395,0.17583015223484533,False,False,,21.3,,0,[],[],0,False,False,,,85.9,False,,,0.0,,False,21.3,0,,False,[],,False,127.0,12.7,True
0x3eb7e58ac0a49b0310c385fd3abeadcaa9ce514c,tron,USDT,372300.0,365000.0,USDT,372300.0,87,1,2,8,24,0.15436241610738255,1.0,0.9803921568627451,False,0.6452086816907501,0.16986934971277567,False,False,,21.3,,0,[],[],0,False,False,,,44.1,False,,,0.0,,False,21.3,0,,False,[],,False,87.0,43.5,True
0xe3db7d312ae69862c11641dd996f3d107416bc78,tron,USDT,14018.650606000001,15549.150606,USDT,14018.650606000001,84,1,5,4,24,0.1553398058252427,0.24271844660194175,1.1091759858359649,False,0.548232685734801,0.15628524103352276,False,False,,21.3,,0,[],[],0,False,False,,,73.4,False,,,0.0,,False,21.3,0,,False,[],,False,84.0,16.8,True
0x7f43bafd4a536ba33c4864d8d030a13b0ccf72d9,tron,USDT,14765.213099,15188.213099,USDT,14765.213099,70,1,4,8,23,0.1958762886597938,0.3711340206185567,1.028648418222196,False,0.5567650130038425,0.1572885486060438,False,False,,21.3,,0,[],[],0,False,False,,,67.3,False,,,0.0,,False,21.3,0,,False,[],,False,70.0,17.5,True
0x49d636be2be6c2ad0910605b438d695e503862b2,tron,USDT,11824.045715,12729.723642,USDT,11824.045715,67,1,5,8,24,0.2702702702702703,0.05405405405405406,1.0765962809033338,False,0.4304380624447045,0.1394103881273458,False,False,,21.3,,0,[],[],0,False,False,,,67.1,False,,,0.0,,False,21.3,0,,False,[],,False,67.0,13.4,True
0x543b82c9bd467a024b82fbcaf147fd9d3c167d19,tron,USDT,10657.015586,2862.118236,USDT,10657.015586,64,1,2,8,19,0.09375,0.015625,0.26856658066259487,True,0.1682020730268762,0.10236093048104594,False,False,,21.3,,0,[],[],0,False,False,,,60.4,False,,,0.0,,False,21.3,0,,False,[],,False,64.0,32.0,True
0xbbe11f4d53bd344d7cb0144c6affaa87d611b755,tron,USDT,30766.250280000004,30766.0,USDT,30766.250280000004,55,1,1,1,1,1.0,0.0,0.9999918651120067,False,0.34609510615774286,0.12748472658721294,False,False,,21.3,,0,[],[],0,False,False,,,54.4,False,,,0.0,,False,21.3,0,,False,[],,False,55.0,55.0,True
0x583388455806b4824652ef04ae742b6f58560a2e,tron,USDT,18271.0,19621.0,USDT,18271.0,53,1,5,2,24,0.1694915254237288,0.3728813559322034,1.0738875814131683,False,0.46536673488410374,0.14430986761362435,False,False,,21.3,,0,[],[],0,False,False,,,57.8,False,,,0.0,,False,21.3,0,,False,[],,False,53.0,10.6,True
0x5abea7c982a2b227e4aaa9550fd89c4bb49f0e60,tron,USDT,18547.95,14000.0,USDT,18547.95,53,1,2,8,16,0.27692307692307694,0.16923076923076924,0.7548003957310646,False,0.37777382543386673,0.13207619978541246,False,False,,21.3,,0,[],[],0,False,False,,,51.6,False,,,0.0,,False,21.3,0,,False,[],,False,53.0,26.5,True
0x9d4d55339f9af4c2eafb2780f08aa49246669b2f,tron,USDT,111416.07567499999,120000.0,USDT,111416.07567499999,52,1,1,8,17,0.18421052631578946,0.039473684210526314,1.0770438581057125,False,0.4958343340216237,0.14856000663893265,False,False,,21.3,,0,[],[],0,False,False,,,30.2,False,,,0.0,,False,21.3,0,,False,[],,False,52.0,52.0,True
0x9b0560107863a174efcf0edc4b70385db5b8f009,tron,USDT,78982.8,183026.0,USDT,78982.8,130,3,5,8,24,0.1065989847715736,0.07106598984771574,2.3172893338802876,False,0.4442299533305048,0.1415035220063433,False,False,,21.3,,0,[],[],0,False,False,,,61.9,False,,,0.0,,False,21.3,0,,False,[],,False,43.33,26.0,False
0x08ee92306145c69508f715da864fc13de7ce5911,tron,USDT,35036.74,36036.74,USDT,35036.74,64,2,10,8,23,0.17567567567567569,0.5135135135135135,1.02854146818454,False,0.6046438489171863,0.16435653172030373,False,False,,21.3,,0,[],[],0,False,False,,,37.8,False,,,0.0,,False,21.3,0,,False,[],,False,32.0,6.4,False
0x9ff077483dcebc642aca13568f3aebe1098b7d52,tron,USDT,264443.54,352116.0,USDT,264443.54,63,2,2,8,16,0.052083333333333336,0.0625,1.3315356465126735,False,0.564176536374173,0.15840250793606403,False,False,,21.3,,0,[],[],0,False,False,,,10.8,False,,,0.0,,False,21.3,0,,False,[],,False,31.5,31.5,False
0xa23720cb8a1adda9dd7008c10d0ff9f860b224bf,tron,USDT,272696.29718899995,340000.0,USDT,272696.29718899995,84,3,4,8,24,0.19285714285714287,0.11428571428571428,1.2468082753773269,False,0.51720601569246,0.1518600905982359,False,False,,21.3,,0,[],[],0,False,False,,,32.9,False,,,0.0,,False,21.3,0,,False,[],,False,28.0,21.0,False
0x2128d52c6c930c4f7ef85c433be503c8f2681934,tron,USDT,16267.477295000006,31424.0,USDT,16267.477295000006,101,4,6,8,24,0.21804511278195488,0.007518796992481203,1.931707014563255,False,0.3697680582668144,0.13110564046575668,False,False,,21.3,,0,[],[],0,False,False,,,55.2,False,,,0.0,,False,21.3,0,,False,[],,False,25.25,16.83,False
0x12a36214d803b2def5fb3225972f27b557811860,tron,USDT,104387.931,103990.417,USDT,104387.931,60,5,7,8,22,0.24770642201834864,0.0,0.9961919544128143,False,0.42270041888425997,0.13841090766710146,False,False,,21.3,,0,[],[],0,False,False,,,9.0,False,,,0.0,,False,21.3,0,,False,[],,False,12.0,8.57,False
0x3331feb5e5d3be39200c455736d810ce3d1d0c86,tron,USDT,199962.75800000003,200425.918,USDT,199962.75800000003,80,1,1,3,23,0.1504424778761062,0.25663716814159293,1.0023162313054312,False,0.5643861385501144,0.15935992528205556,False,False,,21.2,,0,[],[],0,False,False,,,58.1,False,,,0.0,,False,21.2,0,,False,[],,False,80.0,80.0,True
0x17d67817d12a776774b3d806222e543459ce6693,tron,USDT,481117.752,555687.892,USDT,481117.752,80,1,1,3,15,0.32558139534883723,0.004651162790697674,1.154993532643543,False,0.4223954385709944,0.13891480472962886,False,False,,21.2,,0,[],[],0,False,False,,,42.0,False,,,0.0,,False,21.2,0,,False,[],,False,80.0,80.0,True
0xd1199c3f43973b9bbefa82cc61506589c98c9f99,tron,USDT,207436.18,205476.08,USDT,207436.18,78,1,1,4,22,0.06923076923076923,0.3076923076923077,0.9905508286934324,False,0.5722085959465778,0.16049250368174062,False,False,,21.2,,0,[],[],0,False,False,,,63.7,False,,,0.0,,False,21.2,0,,False,[],,False,78.0,78.0,True
0x36c25c9aa0cf452236a8dfd26c4ac569a3560e07,tron,USDT,17186.58,17286.58,USDT,17186.58,72,1,6,3,24,0.2261904761904762,0.40476190476190477,1.0058184932662577,False,0.5745681638838719,0.16076394776246067,False,False,,21.2,,0,[],[],0,False,False,,,69.9,False,,,0.0,,False,21.2,0,,False,[],,False,72.0,12.0,True
0x9e20a1bd5c14fa8c5d5508f40200027f1e826a84,tron,USDT,36015.999,28946.0,USDT,36015.999,66,2,4,5,13,0.1813953488372093,0.004651162790697674,0.8036983786011321,False,0.5711766719018132,0.1603408360421632,False,False,,21.2,,0,[],[],0,False,False,,,42.7,False,,,0.0,,False,21.2,0,,False,[],,False,33.0,16.5,False
0x7da2d0c89dc3f1df14d66fb867b4cd62b237c470,tron,USDT,165498.647255,197455.49,USDT,165498.647255,54,4,17,8,19,0.15286624203821655,0.21656050955414013,1.19309428369986,False,0.4622508929418269,0.14437759826973845,False,False,,21.2,,0,[],[],0,False,False,,,4.3,False,,,0.0,,False,21.2,0,,False,[],,False,13.5,3.18,False
0x0ccecdc547ce083738462430196b070cf311e723,tron,USDT,20052.11,19786.97,USDT,20052.11,69,1,16,8,24,0.175,0.2375,0.9867774513505063,False,0.5267148453825323,0.1545225393071044,False,False,,21.1,,0,[],[],0,False,False,,,68.7,False,,,0.0,,False,21.1,0,,False,[],,False,69.0,4.31,True
0x5ee79da5de09374d4afdc8e5cc043d4ef592a807,tron,USDT,15514.9201,15372.9201,USDT,15514.9201,63,1,3,8,24,0.17777777777777778,0.37777777777777777,0.9908475197368242,False,0.5335746800186418,0.15531578503979349,False,False,,21.1,,0,[],[],0,False,False,,,61.7,False,,,0.0,,False,21.1,0,,False,[],,False,63.0,21.0,True
0x85f6522702478e5b93a3b9fd52a0496db4269c68,tron,USDT,65950.46,66326.46,USDT,65950.46,54,1,1,2,15,0.08247422680412371,0.1134020618556701,1.005701249089089,False,0.5529327243018258,0.15836716607358758,False,False,,21.1,,0,[],[],0,False,False,,,35.9,False,,,0.0,,False,21.1,0,,False,[],,False,54.0,54.0,True
0xc6c3f47775a2ef566c0f8a7ea738411ce13a26da,tron,USDT,471847.64952399995,487000.0,USDT,471847.64952399995,69,2,6,8,20,0.023255813953488372,0.8790697674418605,1.032112802705038,False,0.6418379400953947,0.17088763218324626,False,False,,21.1,,0,[],[],0,False,False,,,14.3,False,,,0.0,,False,21.1,2,141334.0,True,[],,False,34.5,11.5,False
0x05ffa1b8aa0b91f06f2106eb97d278b3ebfcedbe,tron,USDT,154997.181848,162226.13,USDT,154997.181848,57,3,7,8,24,0.11564625850340136,0.2925170068027211,1.0466392231510968,False,0.528474446417723,0.15471013209475143,False,False,,21.1,,0,[],[],0,False,False,,,10.3,False,,,0.0,,False,21.1,0,,False,[],,False,19.0,8.14,False
0xd56cd36ab25c343b2f11e09a9089612a511e4ee4,tron,USDT,85632.587836,40000.0,USDT,85632.587836,160,1,1,8,23,0.07103825136612021,0.07650273224043716,0.4671118905878022,True,0.40742322665383535,0.13775111393208433,False,False,,21.0,,0,[],[],0,False,False,,,70.4,False,,,0.0,,False,21.0,0,,False,[],,False,160.0,160.0,True
0x254aeb76afd430b1ac6faab91ae05cda99913239,tron,USDT,230638.94409299997,5800.0,USDT,230638.94409299997,138,1,1,8,23,0.06896551724137931,0.027586206896551724,0.025147531015669584,True,0.28776179300839483,0.12061299461962599,False,False,,21.0,,0,[],[],0,False,False,,,56.9,False,,,0.0,,False,21.0,0,,False,[],,False,138.0,138.0,True
0x83bdea7a141d1010a0bf8880422acf24cfe7dfd8,tron,USDT,238298.845108,60000.0,USDT,238298.845108,129,1,1,8,24,0.21052631578947367,0.2819548872180451,0.2517846864629463,True,0.42358561781868176,0.14049030879707514,False,False,,21.0,,0,[],[],0,False,False,,,72.4,False,,,0.0,,False,21.0,0,,False,[],,False,129.0,129.0,True
0x6c41959a09ec9e4ebd70a689a0318fb79a8cdad3,tron,USDT,190121.524019,191648.524019,USDT,190121.524019,112,1,20,4,24,0.192,0.608,1.0080317050259253,False,0.6955934892875599,0.17894805852974388,False,False,,21.0,,0,[],[],0,False,False,,,70.2,False,,,0.0,,False,21.0,0,,False,[],,False,112.0,5.6,True
0xb19432644b1496c12c4a929f53ecc1f0ba8c41b1,tron,USDT,271517.83,325620.6348,USDT,271517.83,107,1,4,7,21,0.21495327102803738,0.5700934579439252,1.1992605966245384,False,0.6439832646377567,0.17185248523668484,False,False,,21.0,,0,[],[],0,False,False,,,51.1,False,,,0.0,,False,21.0,0,,False,[],,False,107.0,26.75,True
0x03df4edd4cb6cf63c8c4d562f8f79df54ebe0448,tron,USDT,84024.694978,84024.69497799998,USDT,84024.694978,85,1,4,1,7,0.0,0.16470588235294117,0.9999999999999998,False,0.6948239287229528,0.17917529337482152,False,False,,21.0,,0,[],[],0,False,False,,,61.1,False,,,0.0,,False,21.0,0,,False,[],,False,85.0,21.25,True
0x952f7332f812bcba0d656269332c3c616b0ed165,tron,USDT,13832.62942,16270.629419999997,USDT,13832.62942,80,1,5,4,23,0.16326530612244897,0.30612244897959184,1.1762499323863185,False,0.5421577352028382,0.1569383272426772,False,False,,21.0,,0,[],[],0,False,False,,,72.9,False,,,0.0,,False,21.0,0,,False,[],,False,80.0,16.0,True
0xb6b9aa04cc1aa0d09fca6d2f02e3619c018b099d,tron,USDT,51634.500000000015,51810.5,USDT,51634.500000000015,60,1,1,3,16,0.19,0.12,1.0034085737249316,False,0.5904086543682933,0.16392629116838697,False,False,,21.0,,0,[],[],0,False,False,,,40.5,False,,,0.0,,False,21.0,0,,False,[],,False,60.0,60.0,True
0xfb69631dd6f20c3315dc520d6df6e182160943be,tron,USDT,570141.62,571648.0,USDT,570141.62,59,2,7,8,22,0.23529411764705882,0.9084967320261438,1.00264211548001,False,0.6047961420291571,0.1661985572648686,False,False,,21.0,,0,[],[],0,False,False,,,8.2,False,,,0.0,,False,21.0,0,,False,[],,False,29.5,8.43,False
0xc064c507302c571efd854eebefd78ec5e21a88d3,tron,USDT,139897.805838,137258.76583800002,USDT,139897.805838,75,3,9,7,12,0.26605504587155965,0.1834862385321101,0.981135944311693,False,0.578132152799547,0.161992475601134,False,False,,21.0,,0,[],[],0,False,False,,,21.3,False,,,0.0,,False,21.0,0,,False,[],,False,25.0,8.33,False
0x7bef96cc1b4bcab0f5b02e6033ee1f6e6bbf8a48,tron,USDT,107542.92499999999,106734.90100700001,USDT,107542.92499999999,66,5,9,8,22,0.2524271844660194,0.0,0.9924864978983975,False,0.44811545825596294,0.14393197753725484,False,False,,21.0,,0,[],[],0,False,False,,,12.5,False,,,0.0,,False,21.0,0,,False,[],,False,13.2,7.33,False
0xe0e0621ffc5b912e027e75dd6901b7b549a241fc,tron,USDT,611607.014,611607.0,USDT,611607.014,139,1,7,2,20,0.24087591240875914,0.06934306569343066,0.9999999771094843,False,0.5990666055194785,0.16578490012869362,False,False,,20.9,,0,[],[],0,False,False,,,57.1,False,,,0.0,,False,20.9,0,,False,[],,False,139.0,19.86,True
0xbcccf776a7268f28214df6f8c7087e4d0e484e86,tron,USDT,22385.530000000002,23700.0,USDT,22385.530000000002,121,1,3,8,24,0.19135802469135801,0.018518518518518517,1.0587196282598623,False,0.5505386369275779,0.1589433651676928,False,False,,20.9,,0,[],[],0,False,False,,,85.6,False,,,0.0,,False,20.9,0,,False,[],,False,121.0,40.33,True
0x6efbd4795b8b44981a1452224fcbc8646a36637e,tron,USDT,16523.0,14627.0,USDT,16523.0,72,1,4,8,23,0.20212765957446807,0.3191489361702128,0.8852508624341826,False,0.5362780044766541,0.1570119211676465,False,False,,20.9,,0,[],[],0,False,False,,,70.0,False,,,0.0,,False,20.9,0,,False,[],,False,72.0,18.0,True
0xf2f2e1256fde00176f1be658e7da347d59a2b9c6,tron,USDT,54806.2,54806.2,USDT,54806.2,60,1,1,2,14,0.15053763440860216,0.08602150537634409,1.0,False,0.5756470089096308,0.16275226536402182,False,False,,20.9,,0,[],[],0,False,False,,,39.5,False,,,0.0,,False,20.9,0,,False,[],,False,60.0,60.0,True
0x6538db8aabe8bfe84308941155b1201d509640ee,tron,USDT,163222.40032000002,158622.40032000002,USDT,163222.40032000002,99,2,17,5,24,0.22556390977443608,0.5413533834586466,0.9718175937188669,False,0.7006851139919702,0.18009976857186982,False,False,,20.9,,0,[],[],0,False,False,,,42.5,False,,,0.0,,False,20.9,0,,False,[],,False,49.5,5.82,False
0x3b88635850ef1396aa31f7f979475dd508bde889,tron,USDT,217671.926198,282022.357477,USDT,217671.926198,84,3,6,7,19,0.24817518248175183,0.19708029197080293,1.295630366317727,False,0.5477894973770995,0.15835394587585444,False,False,,20.9,,0,[],[],0,False,False,,,19.7,False,,,0.0,,False,20.9,0,,False,[],,False,28.0,14.0,False
0x8038187027f93f2fcff6d46131f76690cb9b399c,tron,USDT,49764.52999999999,50830.630000000005,USDT,49764.52999999999,59,3,8,8,21,0.14917127071823205,0.20994475138121546,1.0214228889532366,False,0.5228049427863574,0.15505111414114708,False,False,,20.9,,0,[],[],0,False,False,,,29.4,False,,,0.0,,False,20.9,0,,False,[],,False,19.67,7.38,False
0xeb60989cb4616c29566dc01280bde3b45f040d7b,tron,USDT,94932.49731199999,40200.399999999994,USDT,94932.49731199999,52,3,4,8,13,0.039603960396039604,0.32673267326732675,0.4234629988493776,True,0.4483964606099265,0.14424905445282044,False,False,,20.9,,0,[],[],0,False,False,,,12.9,False,,,0.0,,False,20.9,0,,False,[],,False,17.33,13.0,False
0x0fb717afe45cecc73b58459fad48c457d067d353,tron,USDT,28119.83682299999,37900.0,USDT,28119.83682299999,152,1,7,8,21,0.05263157894736842,0.029239766081871343,1.3478029847243118,False,0.5232692715320151,0.15539168749475923,False,False,,20.8,,0,[],[],0,False,False,,,88.9,False,,,0.0,,False,20.8,0,,False,[],,False,152.0,21.71,True
0xde46e971371cdbb405f4f4d601812f98439eadc7,tron,USDT,663284.5710000001,663284.0,USDT,663284.5710000001,130,1,7,3,18,0.44537815126050423,0.05042016806722689,0.9999991391326964,False,0.5870172228201753,0.16443857623217772,False,False,,20.8,,0,[],[],0,False,False,,,56.3,False,,,0.0,,False,20.8,0,,False,[],,False,130.0,18.57,True
0x81fd05cc2c882d3f59251bd58b0a5be1ebc3ef19,tron,USDT,22578.057925,21835.057925,USDT,22578.057925,99,1,5,8,24,0.19875776397515527,0.35403726708074534,0.9670919437593745,False,0.6226716768299402,0.16953989428384092,False,False,,20.8,,0,[],[],0,False,False,,,77.8,False,,,0.0,,False,20.8,0,,False,[],,False,99.0,19.8,True
0x9f00f5555a9eb4bdc6a1702834ce481db5d8ee9d,tron,USDT,200671.33,200671.33,USDT,200671.33,86,1,1,3,23,0.267515923566879,0.19745222929936307,1.0,False,0.5611794654221468,0.16097733524703017,False,False,,20.8,,0,[],[],0,False,False,,,66.1,False,,,0.0,,False,20.8,0,,False,[],,False,86.0,86.0,True
0xe39a52f506db76c22b91ae34ebabb5ce65799a4a,tron,USDT,102182.23297699999,89300.0,USDT,102182.23297699999,77,1,1,8,22,0.12931034482758622,0.5086206896551724,0.873928836729379,False,0.5796436375198257,0.16378996729089712,False,False,,20.8,,0,[],[],0,False,False,,,41.1,False,,,0.0,,False,20.8,0,,False,[],,False,77.0,77.0,True
0x235e5426358ad509c68a6b909f161a5387bcbf6b,tron,USDT,57779.008348999996,60000.0,USDT,57779.008348999996,70,1,2,8,17,0.19166666666666668,0.30833333333333335,1.0384394214172843,False,0.6932667190258346,0.1800741808653467,False,False,,20.8,,0,[],[],0,False,False,,,64.7,False,,,0.0,,False,20.8,0,,False,[],,False,70.0,35.0,True
0x3c484b37ae57d8285d55c9963228fe22af00bd4e,tron,USDT,1001334.93,28467.300000000003,USDT,1001334.93,78,2,2,2,11,0.7169811320754716,0.8490566037735849,0.02842934880939388,True,0.37933881842543415,0.13527843101421583,False,False,,20.8,,0,[],[],0,False,False,,,17.9,False,,,0.0,,False,20.8,0,,False,[],,False,39.0,39.0,False
0x8e3820c7a21b0839c87713ea27f5a87fff0c09e0,tron,USDT,147423.5,160236.0,USDT,147423.5,55,2,3,8,17,0.09090909090909091,0.06818181818181818,1.0869094818668665,False,0.5746206492354515,0.16290137065099186,False,False,,20.8,,0,[],[],0,False,False,,,5.2,False,,,0.0,,False,20.8,0,,False,[],,False,27.5,18.33,False
0x6f0a1415ae3e9b1498f2dda3eb18c0fa3919fefe,tron,USDT,760055.0,810000.0,USDT,760055.0,51,2,11,8,16,0.14414414414414414,0.11711711711711711,1.0657123497641618,False,0.5721354256772059,0.16263408311676253,False,False,,20.8,,0,[],[],0,False,False,,,1.4,False,,,0.0,,False,20.8,0,,False,[],,False,25.5,4.64,False
0x62be153da125a1676d7d1c5d844197815a1027e5,tron,USDT,35068.060000000005,32289.06,USDT,35068.060000000005,123,1,8,7,24,0.25153374233128833,0.36809815950920244,0.9207540993143047,False,0.6694499288997723,0.17697727587091372,False,False,,20.7,,0,[],[],0,False,False,,,86.1,False,,,0.0,,False,20.7,0,,False,[],,False,123.0,15.38,True
0x23a0f8b5c861f9f733836559421eb2a24e708906,tron,USDT,16212.56,14753.56,USDT,16212.56,68,1,4,8,24,0.2247191011235955,0.3595505617977528,0.9100080431467948,False,0.5354169671359351,0.15776040680974807,False,False,,20.7,,0,[],[],0,False,False,,,67.7,False,,,0.0,,False,20.7,0,,False,[],,False,68.0,17.0,True
0xeda7b9d8ae0bcbfd6b887c6a3fce3e5842af2f91,tron,USDT,36395.299999999996,37501.3,USDT,36395.299999999996,60,2,7,8,22,0.14285714285714285,0.45714285714285713,1.0303885391795096,False,0.580048724069062,0.1640249534581809,False,False,,20.7,,0,[],[],0,False,False,,,35.4,False,,,0.0,,False,20.7,0,,False,[],,False,30.0,8.57,False
0xaf6aaf6e71d936799a74afcfee0165a973cf5846,tron,USDT,465561.755,464507.342,USDT,465561.755,60,4,14,7,8,0.6845637583892618,0.006711409395973154,0.9977351812328313,False,0.4359068156271348,0.14351669385397725,False,False,,20.7,,0,[],[],0,False,False,,,9.0,False,,,0.0,,False,20.7,0,,False,[],,False,15.0,4.29,False
0xbb96874cf65b349a02426f8fab1e7bacde63008c,tron,USDT,40505.242018000004,65207.5,USDT,40505.242018000004,56,6,9,8,24,0.17123287671232876,0.17123287671232876,1.609853360980355,False,0.3758443468959952,0.1349992495632299,False,False,,20.7,,0,[],[],0,False,False,,,33.4,False,,,0.0,,False,20.7,0,,False,[],,False,9.33,6.22,False
0x423f3d5de8b19571d5d256842523a7add7f11af5,tron,USDT,319203.386044,309140.242236,USDT,319203.386044,141,1,7,8,24,0.17613636363636365,0.125,0.9684741946734461,False,0.6183448177212824,0.1703268580230728,False,False,,20.6,,0,[],[],0,False,False,,,68.0,False,,,0.0,,False,20.6,0,,False,[],,False,141.0,20.14,True
0x826a9c28ce54cc02268c80b678283800626f0c87,tron,USDT,349221.756,349421.756,USDT,349221.756,95,1,2,4,23,0.22994652406417113,0.27807486631016043,1.0005727020054271,False,0.6008188495013329,0.1680608228862191,False,False,,20.6,,0,[],[],0,False,False,,,64.6,False,,,0.0,,False,20.6,0,,False,[],,False,95.0,47.5,True
0x7642f3b32ae23e67c3ea8dc158ba5fda4d6e8fdf,tron,USDT,16832.449999999997,19086.45,USDT,16832.449999999997,95,1,6,6,24,0.183206106870229,0.31297709923664124,1.1339080169553455,False,0.5842493681829657,0.1656021749929943,False,False,,20.6,,0,[],[],0,False,False,,,77.3,False,,,0.0,,False,20.6,0,,False,[],,False,95.0,15.83,True
0x9ac70aa2b385e8ceec184b959d1806d4361c5ac4,tron,USDT,226118.8,226118.8,USDT,226118.8,81,1,1,3,24,0.15037593984962405,0.19548872180451127,1.0,False,0.5495333050487908,0.16027177218444466,False,False,,20.6,,0,[],[],0,False,False,,,67.7,False,,,0.0,,False,20.6,0,,False,[],,False,81.0,81.0,True
0x65d4602f8ea628bb7b22d7071c4319b54ed01d3c,tron,USDT,204075.58000000002,204075.58,USDT,204075.58000000002,78,1,1,3,23,0.19205298013245034,0.2119205298013245,0.9999999999999999,False,0.5487271955876114,0.16014112244139073,False,False,,20.6,,0,[],[],0,False,False,,,67.9,False,,,0.0,,False,20.6,0,,False,[],,False,78.0,78.0,True
0xdaa831dee1beb34865c89ded9ffc9bd4945a7fda,tron,USDT,12150.0,15513.0,USDT,12150.0,72,1,5,4,24,0.16483516483516483,0.2087912087912088,1.2767901234567902,False,0.4754438420884468,0.14970407862812268,False,False,,20.6,,0,[],[],0,False,False,,,69.3,False,,,0.0,,False,20.6,0,,False,[],,False,72.0,14.4,True
0x9f8ea41ea762d069555baa8013c60255529606e3,tron,USDT,28951.967183,46943.467183,USDT,28951.967183,56,1,2,8,22,0.19696969696969696,0.4696969696969697,1.62142582181995,False,0.3918794516733456,0.13790355429336748,False,False,,20.6,,0,[],[],0,False,False,,,47.3,False,,,0.0,,False,20.6,0,,False,[],,False,56.0,28.0,True
0x66ce6529e14bd133fc34a7c5f109d9080a80c5ce,tron,USDT,74474.03,73866.03,USDT,74474.03,99,2,14,4,24,0.21311475409836064,0.48360655737704916,0.9918360803088002,False,0.6993430327779248,0.18174089552313866,False,False,,20.6,,0,[],[],0,False,False,,,50.8,False,,,0.0,,False,20.6,0,,False,[],,False,49.5,7.07,False
0x478d3e23ee63675450be50cbac2c1c9e6f5ff94a,tron,USDT,45928.399944000004,45928.399944,USDT,45928.399944000004,98,2,5,8,22,0.10204081632653061,0.09183673469387756,0.9999999999999999,False,0.5859142978362325,0.1655611113820742,False,False,,20.6,,0,[],[],0,False,False,,,37.1,False,,,0.0,,False,20.6,0,,False,[],,False,49.0,19.6,False
0x76c83f4d5336444d6df1dfaa625c3e2be920e3c6,tron,USDT,32525.109999999997,34831.11,USDT,32525.109999999997,59,2,8,8,23,0.2112676056338028,0.4507042253521127,1.0708990684428124,False,0.5656038095613315,0.16284008277375484,False,False,,20.6,,0,[],[],0,False,False,,,34.7,False,,,0.0,,False,20.6,0,,False,[],,False,29.5,7.38,False
0x434b019d08b083a78cadd3c1c8ab33a8c50aa682,tron,USDT,58298.60090399999,57493.40090400001,USDT,58298.60090399999,131,1,13,8,24,0.20952380952380953,0.38571428571428573,0.9861883477902685,False,0.6947557009538959,0.18150709275192572,False,False,,20.5,,0,[],[],0,False,False,,,83.8,False,,,0.0,,False,20.5,0,,False,[],,False,131.0,10.08,True
0x4af44114163759ac7c532c2ba0bbb1ebe063f2a7,tron,USDT,207637.01475600002,200804.774756,USDT,207637.01475600002,76,1,1,4,23,0.16666666666666666,0.23333333333333334,0.9670952695595784,False,0.5437372550150128,0.1599420458313061,False,False,,20.5,,0,[],[],0,False,False,,,55.1,False,,,0.0,,False,20.5,0,,False,[],,False,76.0,76.0,True
0x5b81b3eebc1d892719e485c8ec2481cccef14d65,tron,USDT,70775.37385499998,70795.373855,USDT,70775.37385499998,51,1,12,7,15,0.0,0.3333333333333333,1.0002825841660827,False,0.6082379252541826,0.1693191388399774,False,False,,20.5,,0,[],[],0,False,False,,,24.9,False,,,0.0,,False,20.5,0,,False,[],,False,51.0,4.25,True
0xaacd1740c49cdeb591d5ab756ff03cbf24448bad,tron,USDT,66486.72,67576.72,USDT,66486.72,50,1,3,2,22,0.16363636363636364,0.45454545454545453,1.0163942513632798,False,0.47088322015585493,0.14985783729560104,False,False,,20.5,,0,[],[],0,False,False,,,50.5,False,,,0.0,,False,20.5,0,,False,[],,False,50.0,16.67,True
0x1a49b49caf5e46e2a11ee702b981e0a4b6bf2d7b,tron,USDT,139565.05,138249.05,USDT,139565.05,98,2,14,4,24,0.24806201550387597,0.5581395348837209,0.9905707052016246,False,0.7033326391311183,0.183166064263464,False,False,,20.5,,0,[],[],0,False,False,,,41.5,False,,,0.0,,False,20.5,0,,False,[],,False,49.0,7.0,False
0xe6cb79e8ffb4187372ce7c23ff2056e2a6f29a45,tron,USDT,63493.650980000006,55000.0,USDT,63493.650980000006,94,2,2,8,21,0.07766990291262135,0.07766990291262135,0.866228341749076,False,0.5457530930422209,0.16055675593767182,False,False,,20.5,,0,[],[],0,False,False,,,22.6,False,,,0.0,,False,20.5,0,,False,[],,False,47.0,47.0,False
0xdb63374b3daa0264a69dee39b24e0c938e48f51a,tron,USDT,223974.0,219880.0,USDT,223974.0,71,2,18,8,17,0.2,0.09230769230769231,0.9817210926268227,False,0.6693183381689793,0.17824123714018997,False,False,,20.5,,0,[],[],0,False,False,,,15.1,False,,,0.0,,False,20.5,0,,False,[],,False,35.5,3.94,False
0x4ef82f7ffd1ae4881b2aef7da77da97fd8e3d2e8,tron,USDT,122799.095545,128608.0,USDT,122799.095545,50,2,11,8,15,0.21,0.53,1.0473041306144744,False,0.672804765731157,0.17879128366026847,False,False,,20.5,,0,[],[],0,False,False,,,0.5,False,,,0.0,,False,20.5,0,,False,[],,False,25.0,4.55,False
0x198f6611cbb756ecffcd56e462aca3f24a3a094b,tron,USDT,61265.525114000004,60847.725114,USDT,61265.525114000004,123,1,14,8,24,0.23383084577114427,0.43781094527363185,0.9931805040563583,False,0.6975966438744876,0.18275437190882737,False,False,,20.4,,0,[],[],0,False,False,,,81.7,False,,,0.0,,False,20.4,0,,False,[],,False,123.0,8.79,True
0x27c1038b9f3e036f7b1141d469f99687e3f3b388,tron,USDT,50077.251535999996,51585.371536,USDT,50077.251535999996,122,1,12,8,24,0.20918367346938777,0.42346938775510207,1.0301158700556046,False,0.6894795837317725,0.18166345770722536,False,False,,20.4,,0,[],[],0,False,False,,,81.5,False,,,0.0,,False,20.4,0,,False,[],,False,122.0,10.17,True
0x24c8ee5b0eba803ff0671b56a66b4288a85f46c5,tron,USDT,18515.9,18635.9,USDT,18515.9,95,1,5,5,24,0.16806722689075632,0.24369747899159663,1.006480916401579,False,0.5920852337752633,0.1677668186987361,False,False,,20.4,,0,[],[],0,False,False,,,76.0,False,,,0.0,,False,20.4,0,,False,[],,False,95.0,19.0,True
0xcd1533444ad5e6105d6469d3e64e872052f9c7ff,tron,USDT,51015.621705000005,51170.62,USDT,51015.621705000005,54,1,1,3,16,0.08823529411764706,0.09803921568627451,1.0030382516143053,False,0.5464224727148989,0.1613320581979686,False,False,,20.4,,0,[],[],0,False,False,,,47.7,False,,,0.0,,False,20.4,0,,False,[],,False,54.0,54.0,True
0xc057a370063c7ceadc176d4b54d025d58e3d234e,tron,USDT,96620.2,95591.2,USDT,96620.2,97,2,16,4,24,0.21212121212121213,0.5454545454545454,0.9893500530944875,False,0.699418589320637,0.18302378357968563,False,False,,20.4,,0,[],[],0,False,False,,,41.2,False,,,0.0,,False,20.4,0,,False,[],,False,48.5,6.06,False
0xae096cb4c02d978450b481594d116e72b49f0142,tron,USDT,33919.206,44375.0,USDT,33919.206,69,3,6,8,21,0.13821138211382114,0.0975609756097561,1.3082558595269005,False,0.4575045345010688,0.1487437003848986,False,False,,20.4,,0,[],[],0,False,False,,,38.8,False,,,0.0,,False,20.4,0,,False,[],,False,23.0,11.5,False
0x647fa76a477f113d860b67dabca6e616b7a3fb9c,tron,USDT,43444.049098999996,30332.27,USDT,43444.049098999996,66,3,10,3,13,0.26337448559670784,0.0,0.6981915965263513,False,0.38925647798155366,0.13862460715707653,False,False,,20.4,,0,[],[],0,False,False,,,41.3,False,,,0.0,,False,20.4,0,,False,[],,False,22.0,6.6,False
0x239b7cb9f4c0bcb3c84a3c4cb30c70f8bb70052b,tron,USDT,106953.488968,85100.0,USDT,106953.488968,167,1,10,8,20,0.2384937238493724,0.06276150627615062,0.795672967952093,False,0.570992888032506,0.165153678381379,False,False,,20.3,,0,[],[],0,False,False,,,87.7,False,,,0.0,,False,20.3,0,,False,[],,False,167.0,16.7,True
0x65f4e651c8130d6ac17aa84d84d9730fd8ca750b,tron,USDT,73660.18990900001,73810.18990900001,USDT,73660.18990900001,144,1,12,8,24,0.2079207920792079,0.39603960396039606,1.002036378132955,False,0.7072295508477408,0.18467353860716118,False,False,,20.3,,0,[],[],0,False,False,,,86.9,False,,,0.0,,False,20.3,0,,False,[],,False,144.0,12.0,True
0x384ee39670c9016559be9272fbbf97ee60ef470c,tron,USDT,70497.20999999999,67623.21,USDT,70497.20999999999,140,1,10,8,24,0.23880597014925373,0.43781094527363185,0.9592324291982621,False,0.7053169992040987,0.1844208072641204,False,False,,20.3,,0,[],[],0,False,False,,,83.7,False,,,0.0,,False,20.3,0,,False,[],,False,140.0,14.0,True
0x5c8d365b768d2905bfad5e2657f859634bfb1da5,tron,USDT,288339.0028780001,289790.32287800004,USDT,288339.0028780001,127,1,6,8,24,0.34838709677419355,0.13870967741935483,1.0050333807966105,False,0.6212674010574789,0.17246458405104664,False,False,,20.3,,0,[],[],0,False,False,,,80.5,False,,,0.0,,False,20.3,0,,False,[],,False,127.0,21.17,True
0xc35aaae45c0cbd5c17bd7982d7d6421e311a9214,tron,USDT,564629.0860599999,400000.0,USDT,564629.0860599999,120,1,3,8,24,0.2,0.16666666666666666,0.708429675118604,False,0.5698573393512558,0.16496442577353998,False,False,,20.3,,0,[],[],0,False,False,,,64.7,False,,,0.0,,False,20.3,0,,False,[],,False,120.0,40.0,True
0x4fa0b1a21d89aae16619b61b6069cf89b2a57be6,tron,USDT,15399.1,16664.1,USDT,15399.1,67,1,4,8,24,0.20212765957446807,0.3829787234042553,1.0821476579800118,False,0.5378555765923727,0.16047940207741374,False,False,,20.3,,0,[],[],0,False,False,,,65.9,False,,,0.0,,False,20.3,0,,False,[],,False,67.0,16.75,True
0x5f45c922d6dc10d971c297cade5593ddf816776f,tron,USDT,189337.69889800003,198412.823821,USDT,189337.69889800003,107,2,9,8,22,0.27102803738317754,0.19626168224299065,1.0479308926633195,False,0.6545843772585962,0.17699965763341002,False,False,,20.3,,0,[],[],0,False,False,,,27.6,False,,,0.0,,False,20.3,0,,False,[],,False,53.5,11.89,False
0xea9a5e0be95ae5bbf398414d92777ac964c48280,tron,USDT,41114.731074,401659.02,USDT,41114.731074,86,2,2,8,24,0.1552346570397112,0.2851985559566787,9.769224059305591,False,0.43353839626644036,0.14551011451653267,False,False,,20.3,,0,[],[],0,False,False,,,51.1,False,,,0.0,,False,20.3,0,,False,[],,False,43.0,43.0,False
0x894782d25a946975e81f13297240503dfbe32a8e,tron,USDT,39051.270000000004,41221.270000000004,USDT,39051.270000000004,54,2,10,8,23,0.20588235294117646,0.47058823529411764,1.055567975126033,False,0.5427896718394519,0.16126369908753618,False,False,,20.3,,0,[],[],0,False,False,,,30.8,False,,,0.0,,False,20.3,0,,False,[],,False,27.0,5.4,False
0x720b0bc1d864c2819c81d59c5cc59d206be8493a,tron,USDT,17696.9,19000.0,USDT,17696.9,51,2,10,8,20,0.12,0.17333333333333334,1.0736343653408222,False,0.4503346458117677,0.14804709843878888,False,False,,20.3,,0,[],[],0,False,False,,,27.9,False,,,0.0,,False,20.3,0,,False,[],,False,25.5,5.1,False
0x0a7ef9ff2e91e734492d0fba27a636aa8a7e49c7,tron,USDT,39259.937204,34817.937204,USDT,39259.937204,122,1,8,6,24,0.2331288343558282,0.3803680981595092,0.8868566707858252,False,0.6638796073858456,0.17887225815873686,False,False,,20.2,,0,[],[],0,False,False,,,84.0,False,,,0.0,,False,20.2,0,,False,[],,False,122.0,15.25,True
0x31935f822bb98584868debd024de25a3b46daf2b,tron,USDT,44663.879378000005,52000.0,USDT,44663.879378000005,120,1,2,8,24,0.07853403141361257,0.09424083769633508,1.164251756098319,False,0.5579854570111381,0.164088926927907,False,False,,20.2,,0,[],[],0,False,False,,,81.2,False,,,0.0,,False,20.2,0,,False,[],,False,120.0,60.0,True
0x5e1253b6e2f2f92c6bdb731018d2f5220974abe6,tron,USDT,45325.610370999995,42074.110371,USDT,45325.610370999995,115,1,11,8,24,0.22,0.42,0.9282635143049204,False,0.6692123125342976,0.17968753776885676,False,False,,20.2,,0,[],[],0,False,False,,,80.0,False,,,0.0,,False,20.2,0,,False,[],,False,115.0,10.45,True
0x93f62fb7a02064304a405cb2f1104f3297a0a44e,tron,USDT,200143.78,200143.78,USDT,200143.78,66,1,1,4,21,0.1588785046728972,0.2616822429906542,1.0,False,0.5229529062367416,0.15888976803309707,False,False,,20.2,,0,[],[],0,False,False,,,54.2,False,,,0.0,,False,20.2,0,,False,[],,False,66.0,66.0,True
0xbd94790e3f7f5014b9fa478b06b746e3360329f3,tron,USDT,58471.323905,55000.0,USDT,58471.323905,83,2,2,8,21,0.11827956989247312,0.10752688172043011,0.940632028263291,False,0.5492634442610588,0.16276587556354327,False,False,,20.2,,0,[],[],0,False,False,,,19.5,False,,,0.0,,False,20.2,0,,False,[],,False,41.5,41.5,False
0xfb95655d85efdbac6749c746b54338404541aa0a,tron,USDT,37795.8,37925.8,USDT,37795.8,55,2,8,8,23,0.17391304347826086,0.43478260869565216,1.0034395356097767,False,0.5548487920719353,0.16370731547857692,False,False,,20.2,,0,[],[],0,False,False,,,27.3,False,,,0.0,,False,20.2,0,,False,[],,False,27.5,6.88,False
0xe91d79fd2a1996551f55a6ddad1134908218651b,tron,USDT,63831.831000000006,25920.0,USDT,63831.831000000006,70,6,9,8,24,0.19230769230769232,0.019230769230769232,0.4060669981407865,True,0.2727492502857729,0.12347447876783146,False,False,,20.2,,0,[],[],0,False,False,,,31.4,False,,,0.0,,False,20.2,0,,False,[],,False,11.67,7.78,False
0xb2fd9a781703f71bb982fcd167e9bd70c2ad0940,tron,USDT,89188.19440800001,30000.0,USDT,89188.19440800001,149,1,1,8,21,0.1111111111111111,0.07017543859649122,0.33636738807338223,True,0.3724919757054698,0.13822927946765579,False,False,,20.1,,0,[],[],0,False,False,,,61.2,False,,,0.0,,False,20.1,0,,False,[],,False,149.0,149.0,True
0xda3176779dbd430cc310cb3e0c0f166215761de1,tron,USDT,190610.775311,189848.105311,USDT,190610.775311,139,1,14,6,23,0.22274881516587677,0.3175355450236967,0.9959988096226163,False,0.6887203389291902,0.18296974137890987,False,False,,20.1,,0,[],[],0,False,False,,,74.7,False,,,0.0,,False,20.1,0,,False,[],,False,139.0,9.93,True
0x047fbbdc4e0adb70f0c58cb43d8d59a40c806193,tron,USDT,36077.287478,39711.0,USDT,36077.287478,101,1,3,8,24,0.16326530612244897,0.1326530612244898,1.1007202252723642,False,0.5462963452722136,0.1628865963255866,False,False,,20.1,,0,[],[],0,False,False,,,78.1,False,,,0.0,,False,20.1,0,,False,[],,False,101.0,33.67,True
0x247b71dde8b3d4294082f41deb6290aa86d23e5a,tron,USDT,15552.609999999999,18047.61,USDT,15552.609999999999,66,1,6,3,24,0.1875,0.4125,1.1604232344281764,False,0.5226459428470758,0.15923226755848097,False,False,,20.1,,0,[],[],0,False,False,,,67.0,False,,,0.0,,False,20.1,0,,False,[],,False,66.0,11.0,True
0x1fcfdc393e0338d2cdd488eaf5610ca89b746e76,tron,USDT,16044.0,15565.0,USDT,16044.0,60,1,5,8,24,0.2159090909090909,0.42045454545454547,0.9701446023435553,False,0.5247247202141502,0.1600446321018305,False,False,,20.1,,0,[],[],0,False,False,,,59.4,False,,,0.0,,False,20.1,0,,False,[],,False,60.0,12.0,True
0x60ff6250bcc90362e456fa859b66ecde2faf1052,tron,USDT,134927.20032,133239.20032,USDT,134927.20032,94,2,13,4,24,0.24,0.56,0.9874895499499237,False,0.6939764844490429,0.18373139871252087,False,False,,20.1,,0,[],[],0,False,False,,,40.2,False,,,0.0,,False,20.1,0,,False,[],,False,47.0,7.23,False
0x8bbf6c0757332b2f3af439538394bd69b6f8914a,tron,USDT,132063.569499,131377.569499,USDT,132063.569499,92,2,14,5,24,0.2230769230769231,0.5769230769230769,0.9948055318919333,False,0.693254699929511,0.18386210473058612,False,False,,20.1,,0,[],[],0,False,False,,,41.8,False,,,0.0,,False,20.1,0,,False,[],,False,46.0,6.57,False
0x8cc545d80b4b9035aac68db2ec069f3938017d9d,tron,USDT,78628.00499999998,78837.059,USDT,78628.00499999998,55,4,6,8,23,0.1875,0.0,1.0026587727871261,False,0.39556497857791634,0.1414980563649954,False,False,,20.1,,0,[],[],0,False,False,,,5.2,False,,,0.0,,False,20.1,0,,False,[],,False,13.75,9.17,False
0x087c31872b823d626ae8fe627c8aa58da0b50843,tron,USDT,164018.980245,164135.980245,USDT,164018.980245,112,1,20,4,24,0.16793893129770993,0.5725190839694656,1.0007133320779413,False,0.6948085427486035,0.1847664448560864,False,False,,20.0,,0,[],[],0,False,False,,,70.2,False,,,0.0,,False,20.0,0,,False,[],,False,112.0,5.6,True
0xfb34885668ee25099f7bed1e70bc8dbe9e5bd37d,tron,USDT,15833.859999999999,17947.16,USDT,15833.859999999999,88,1,6,7,24,0.18840579710144928,0.2463768115942029,1.1334671394088365,False,0.5527932076719027,0.1644829830560285,False,False,,20.0,,0,[],[],0,False,False,,,75.3,False,,,0.0,,False,20.0,0,,False,[],,False,88.0,14.67,True
0xb2b9a6611a2d0430e30d183c3fea9bd67b199689,tron,USDT,13308.53,14907.330000000002,USDT,13308.53,62,1,5,4,24,0.1797752808988764,0.2696629213483146,1.1201334783030132,False,0.4832282894900125,0.1541771834093189,False,False,,20.0,,0,[],[],0,False,False,,,62.9,False,,,0.0,,False,20.0,0,,False,[],,False,62.0,12.4,True
0x5e48868d38cb787a1b247e54cd683ef20eba037c,tron,USDT,84125.45082499999,82525.450825,USDT,84125.45082499999,91,2,14,4,24,0.25833333333333336,0.5333333333333333,0.9809807854304597,False,0.6839772347271611,0.18320269798665056,False,False,,20.0,,0,[],[],0,False,False,,,40.5,False,,,0.0,,False,20.0,0,,False,[],,False,45.5,6.5,False
0xecb656d01ca53b1a7415e1d9c2a28ddf810496a7,tron,USDT,360448.90465,330000.0,USDT,360448.90465,68,2,6,7,1,0.0,0.10526315789473684,0.9155250459713112,False,0.6526849837381741,0.17851218618370024,False,False,,20.0,,0,[],[],0,False,False,,,13.8,False,,,0.0,,False,20.0,0,,False,[],,False,34.0,11.33,False
0x6256a3ec2aadaa53a6e8bb20a5b612795cb2f5b3,tron,USDT,105028.04662700002,88000.0,USDT,105028.04662700002,61,2,10,8,15,0.015706806282722512,0.2931937172774869,0.8378714336421588,False,0.6767172650907568,0.1820754380315186,False,False,,20.0,,0,[],[],0,False,False,,,9.6,False,,,0.0,,False,20.0,0,,False,[],,False,30.5,6.1,False
0x3005f65b442c422d63acef8c3aab6e36e75c0873,tron,USDT,613352.85201,770120.0,USDT,613352.85201,59,2,6,8,16,0.29411764705882354,0.4,1.2555904769599802,False,0.5195437629024461,0.1597822995111181,False,False,,20.0,,0,[],[],0,False,False,,,8.2,False,,,0.0,,False,20.0,0,,False,[],,False,29.5,9.83,False
0x2f124935d07ec978b0009ebd25bcda103721abf1,tron,USDT,36241.95,38141.95,USDT,36241.95,58,2,8,8,24,0.21428571428571427,0.4,1.0524254351656024,False,0.5543855111849534,0.16448893753807575,False,False,,20.0,,0,[],[],0,False,False,,,33.9,False,,,0.0,,False,20.0,0,,False,[],,False,29.0,7.25,False
0x5fddd981f73da50e683ad4a310b9d6d9f1c2bcc7,tron,USDT,39458.66,40502.66,USDT,39458.66,57,2,8,8,24,0.22058823529411764,0.36764705882352944,1.0264580702943282,False,0.5480388908202181,0.1636311174665218,False,False,,20.0,,0,[],[],0,False,False,,,32.9,False,,,0.0,,False,20.0,0,,False,[],,False,28.5,7.12,False
0xe790913cc5677dbf8862a7fa5b1da97e1104fb61,tron,USDT,34056.2,37035.2,USDT,34056.2,56,2,7,8,23,0.22388059701492538,0.34328358208955223,1.0874730592373782,False,0.5265656342280441,0.16043849816329414,False,False,,20.0,,0,[],[],0,False,False,,,33.0,False,,,0.0,,False,20.0,0,,False,[],,False,28.0,8.0,False
0xd8013a0d80b65685d0212018590af9d24dc7b4c7,tron,USDT,281971.98,332292.98,USDT,281971.98,162,1,5,8,21,0.16228070175438597,0.09210526315789473,1.1784609945995344,False,0.5843756839820872,0.16920579269174613,False,False,,19.9,,0,[],[],0,False,False,,,82.0,False,,,0.0,,False,19.9,0,,False,[],,False,162.0,32.4,True
0x6f666345b4631f0690311ae22ec55772266ab108,tron,USDT,116386.570131,112595.0,USDT,116386.570131,131,1,4,8,24,0.23469387755102042,0.1683673469387755,0.9674226147679035,False,0.634829452949338,0.1764294971019204,False,False,,19.9,,0,[],[],0,False,False,,,74.1,False,,,0.0,,False,19.9,0,,False,[],,False,131.0,32.75,True
0x81df2333ffffd689c10091f906233a5daff10af3,tron,USDT,110967.880326,108435.83528500002,USDT,110967.880326,128,1,13,8,24,0.22065727699530516,0.43661971830985913,0.9771821807034489,False,0.7003791599421322,0.18594635559717004,False,False,,19.9,,0,[],[],0,False,False,,,82.5,False,,,0.0,,False,19.9,0,,False,[],,False,128.0,9.85,True
0x4762a179fd50fac37ee801ecba3551482707c55c,tron,USDT,47396.345199999996,65000.0,USDT,47396.345199999996,126,1,2,8,23,0.19642857142857142,0.049107142857142856,1.371413760401087,False,0.5078979861463417,0.1585663111401004,False,False,,19.9,,0,[],[],0,False,False,,,84.2,False,,,0.0,,False,19.9,0,,False,[],,False,126.0,63.0,True
0x13ceb425d67f39503d9131b543d84adb49cb44e8,tron,USDT,65791.584063,64676.584063,USDT,65791.584063,125,1,13,8,24,0.2233502538071066,0.4720812182741117,0.9830525436363972,False,0.7027836101273643,0.18603922503866455,False,False,,19.9,,0,[],[],0,False,False,,,82.0,False,,,0.0,,False,19.9,0,,False,[],,False,125.0,9.62,True
0xff07a7230972ab480e7b7f3c9253a3a4852133cc,tron,USDT,641582.033,641582.0,USDT,641582.033,121,1,7,3,20,0.5188679245283019,0.09905660377358491,0.9999999485646444,False,0.5944845039259115,0.17113904295065385,False,False,,19.9,,0,[],[],0,False,False,,,54.9,False,,,0.0,,False,19.9,0,,False,[],,False,121.0,17.29,True
0x458731bd26107b81f11608214a95c8895424369c,tron,USDT,24856.457,23852.0,USDT,24856.457,117,1,3,8,24,0.18666666666666668,0.013333333333333334,0.9595896953455596,False,0.5433392373296125,0.16365492487201033,False,False,,19.9,,0,[],[],0,False,False,,,84.3,False,,,0.0,,False,19.9,0,,False,[],,False,117.0,39.0,True
0x115574bc75b2bc741739557fdee510f63f458cf2,tron,USDT,23794.957008999998,27871.0,USDT,23794.957008999998,102,1,3,8,24,0.19186046511627908,0.12790697674418605,1.171298607072848,False,0.5325200834220871,0.16196583507656703,False,False,,19.9,,0,[],[],0,False,False,,,79.1,False,,,0.0,,False,19.9,0,,False,[],,False,102.0,34.0,True
0x199befb74795ababcb88e4bd10c032aa261c2c27,tron,USDT,235372.39018799993,200000.0,USDT,235372.39018799993,91,1,1,7,24,0.16312056737588654,0.1347517730496454,0.8497173344768824,False,0.5127733353722539,0.15947289873432785,False,False,,19.9,,0,[],[],0,False,False,,,69.3,False,,,0.0,,False,19.9,2,141324.0,True,[],,False,91.0,91.0,True
0xe184af096d90ee7ef17ff364f5b4c55c8a36e9f5,tron,USDT,20830.09,21427.09,USDT,20830.09,61,1,5,8,23,0.1791044776119403,0.373134328358209,1.0286604618607025,False,0.5201270506062218,0.16017566852688392,False,False,,19.9,,0,[],[],0,False,False,,,59.6,False,,,0.0,,False,19.9,0,,False,[],,False,61.0,12.2,True
0x89e1a5e23c61861e2c67464b257cf19a040c1918,tron,USDT,21334.689999999995,10000.0,USDT,21334.689999999995,52,1,1,8,14,0.1038961038961039,0.025974025974025976,0.4687201923252694,True,0.29938680469331014,0.12865217066386947,False,False,,19.9,,0,[],[],0,False,False,,,55.1,False,,,0.0,,False,19.9,0,,False,[],,False,52.0,52.0,True
0x8ed7d1ad9225f4cacd013f1564d386a2cfe41419,tron,USDT,56835.88388000001,50000.0,USDT,56835.88388000001,94,2,2,7,21,0.05504587155963303,0.045871559633027525,0.8797259158591973,False,0.5371246485939863,0.16268215714042195,False,False,,19.9,,0,[],[],0,False,False,,,23.0,False,,,0.0,,False,19.9,0,,False,[],,False,47.0,47.0,False
0x27a6ce289bf7d51d071755896baac46481cfeca5,tron,USDT,582952.6699999999,650000.0,USDT,582952.6699999999,56,2,7,8,15,0.05925925925925926,0.07407407407407407,1.1150133337582966,False,0.5775064550132961,0.16843017827508194,False,False,,19.9,,0,[],[],0,False,False,,,6.0,False,,,0.0,,False,19.9,0,,False,[],,False,28.0,8.0,False
0x14df3cdc6510f49377f290b10a577846fc7a2e93,tron,USDT,202074.203912,202074.0,USDT,202074.203912,73,3,6,3,14,0.48214285714285715,0.017857142857142856,0.9999989909053405,False,0.500127078622307,0.15722239326075715,False,False,,19.9,,0,[],[],0,False,False,,,16.1,False,,,0.0,,False,19.9,0,,False,[],,False,24.33,12.17,False
0x79709eb5c75ab10c289ba4246c510053a073c704,tron,USDT,432236.197824,511687.0,USDT,432236.197824,90,4,8,8,18,0.47701149425287354,0.011494252873563218,1.1838133931771053,False,0.4966696505966535,0.15676150590403226,False,False,,19.9,,0,[],[],0,False,False,,,21.5,False,,,0.0,,False,19.9,0,,False,[],,False,22.5,11.25,False
0xe9526c4ef02f91b580e0d9f655493e2a9c5b0ea5,tron,USDT,82448.44477900001,151892.0,USDT,82448.44477900001,67,5,8,8,24,0.13658536585365855,0.2975609756097561,1.8422664054748499,False,0.4187762479673974,0.14573305713970314,False,False,,19.9,,0,[],[],0,False,False,,,32.7,False,,,0.0,,False,19.9,0,,False,[],,False,13.4,8.38,False
0xd22855d64b17d59a777214c09abc0c005517bf89,tron,USDT,119770.87199999997,123944.0,USDT,119770.87199999997,58,5,10,8,22,0.18487394957983194,0.0,1.0348425951177849,False,0.40529283014912015,0.14380516593671466,False,False,,19.9,,0,[],[],0,False,False,,,7.4,False,,,0.0,,False,19.9,0,,False,[],,False,11.6,5.8,False
0x15885b8e263c87ed342f2468cb412344ad97cc0c,tron,USDT,158968.858043,144831.548043,USDT,158968.858043,146,1,12,6,24,0.32894736842105265,0.2982456140350877,0.9110686824196979,False,0.6723495022879277,0.18226289367341253,False,False,,19.8,,0,[],[],0,False,False,,,75.4,False,,,0.0,,False,19.8,0,,False,[],,False,146.0,12.17,True
0xbe90259e4dcb606374bcf96f227daf781e4031f6,tron,USDT,23667.5,24267.5,USDT,23667.5,101,1,7,8,24,0.184,0.328,1.025351220027464,False,0.625434635078088,0.17593420831208784,False,False,,19.8,,0,[],[],0,False,False,,,75.2,False,,,0.0,,False,19.8,0,,False,[],,False,101.0,14.43,True
0xebc31a25afde07d467d82181b4eed92fb5a3d025,tron,USDT,447674.34668099997,518800.0,USDT,447674.34668099997,98,1,8,8,24,0.27823691460055094,0.2644628099173554,1.1588781082640014,False,0.5737610775410903,0.16822576430454572,False,False,,19.8,,0,[],[],0,False,False,,,47.4,False,,,0.0,,False,19.8,0,,False,[],,False,98.0,12.25,True
0xaa7aadd9ca372af02bed13272ddbc499a4bcd166,tron,USDT,522804.531261,524010.0,USDT,522804.531261,77,1,15,8,24,0.18404907975460122,0.588957055214724,1.0023057733185525,False,0.6122032492395564,0.17415366669770316,False,False,,19.8,,0,[],[],0,False,False,,,41.1,False,,,0.0,,False,19.8,0,,False,[],,False,77.0,5.13,True
0x288f7582075b3c3deca101dcbd69e7af1474baa5,tron,USDT,13626.470000000001,16679.47,USDT,13626.470000000001,68,1,5,4,24,0.14606741573033707,0.2808988764044944,1.2240492218454229,False,0.4910408132465285,0.1566228963838236,False,False,,19.8,,0,[],[],0,False,False,,,68.2,False,,,0.0,,False,19.8,0,,False,[],,False,68.0,13.6,True
0x28973165abc88ae486a42639a2d55f178bc8fd1e,tron,USDT,283996.312828,234330.487164,USDT,283996.312828,64,1,7,8,15,0.0,0.3670886075949367,0.8251180616768088,False,0.6522955682114755,0.17964198938221781,False,False,,19.8,,0,[],[],0,False,False,,,34.9,False,,,0.0,,False,19.8,0,,False,[],,False,64.0,9.14,True
0x99bcd2edd4b46696413fc48241951bd5d49c7c9c,tron,USDT,50517.00000000001,49379.0,USDT,50517.00000000001,130,1,9,7,24,0.2155688622754491,0.32934131736526945,0.9774729299047844,False,0.6815361642584282,0.18451426112114105,False,False,,19.7,,0,[],[],0,False,False,,,87.2,False,,,0.0,,False,19.7,0,,False,[],,False,130.0,14.44,True
0x160ac9e1739b9be6eac69cab8af6368aeb327879,tron,USDT,68611.11023600001,64945.040236,USDT,68611.11023600001,128,1,14,8,24,0.21890547263681592,0.39800995024875624,0.9465674001282021,False,0.6867890846077362,0.18517038911946293,False,False,,19.7,,0,[],[],0,False,False,,,83.3,False,,,0.0,,False,19.7,0,,False,[],,False,128.0,9.14,True
0x2edca8e193230e9bad8b27d78789b7863ffcca71,tron,USDT,127622.31007600001,300000.0,USDT,127622.31007600001,105,1,1,8,18,0.043209876543209874,0.037037037037037035,2.3506861756486606,False,0.48871446754348746,0.15677355561268225,False,False,,19.7,,0,[],[],0,False,False,,,59.1,False,,,0.0,,False,19.7,0,,False,[],,False,105.0,105.0,True
0xef1c64d3b3c3ac9788e11251de511499ae9a521b,tron,USDT,17251.087106000003,16898.0,USDT,17251.087106000003,87,1,3,8,23,0.14556962025316456,0.0759493670886076,0.979532472137527,False,0.5026947846269114,0.15891578658843675,False,False,,19.7,,0,[],[],0,False,False,,,75.0,False,,,0.0,,False,19.7,0,,False,[],,False,87.0,29.0,True
0x2e1c4d2f7278ce3407ac7340e6b129591596f0db,tron,USDT,14107.692079,15155.0,USDT,14107.692079,76,1,3,8,21,0.05172413793103448,0.07758620689655173,1.074236658635254,False,0.46881834498062847,0.15411985381127752,False,False,,19.7,,0,[],[],0,False,False,,,71.5,False,,,0.0,,False,19.7,0,,False,[],,False,76.0,25.33,True
0x2d723f503193533765fa25fb0b86e08963f31a98,tron,USDT,60785.445,56507.945,USDT,60785.445,52,1,6,8,17,0.24193548387096775,0.22580645161290322,0.9296295354915967,False,0.5750222159655234,0.16935930109134845,False,False,,19.7,,0,[],[],0,False,False,,,25.9,False,,,0.0,,False,19.7,0,,False,[],,False,52.0,8.67,True
0x5944f35672073bc777e38a34f925d4f7d49d60dd,tron,USDT,168314.9,167669.9,USDT,168314.9,92,2,12,4,24,0.224,0.504,0.9961678971974555,False,0.6861449073987614,0.18497087949992336,False,False,,19.7,,0,[],[],0,False,False,,,42.7,False,,,0.0,,False,19.7,0,,False,[],,False,46.0,7.67,False
0xb4b7a9155a4ec4aef7be1cfa96020e9334567268,tron,USDT,126894.74999999999,90675.0,USDT,126894.74999999999,72,2,3,8,22,0.13793103448275862,0.5977011494252874,0.7145685696216747,False,0.5915136290707075,0.17144373519251066,False,False,,19.7,,0,[],[],0,False,False,,,15.6,False,,,0.0,,False,19.7,0,,False,[],,False,36.0,24.0,False
0x62264071c4127a8747a2d6cc5dbe71bdd1d58e7d,tron,USDT,51139.8,53511.7,USDT,51139.8,56,2,11,8,23,0.15384615384615385,0.4153846153846154,1.0463807054388166,False,0.548869807151524,0.1655256656432153,False,False,,19.7,,0,[],[],0,False,False,,,32.5,False,,,0.0,,False,19.7,0,,False,[],,False,28.0,5.09,False
0x8683f65866290f02d8e6696b7f48c7f4983c662b,tron,USDT,120274.11191099999,126450.0,USDT,120274.11191099999,53,5,14,8,19,0.2803030303030303,0.015151515151515152,1.0513484405818772,False,0.39488516975379856,0.14330094889690764,False,False,,19.7,,0,[],[],0,False,False,,,20.9,False,,,0.0,,False,19.7,2,141341.0,True,[],,False,10.6,3.79,False
0xd2d624295da58f2e60e55072669faebd7f2cefe8,tron,USDT,35710.015818,65952.505577,USDT,35710.015818,64,8,11,4,21,0.24691358024691357,0.012345679012345678,1.8468909650764134,False,0.2412497238281624,0.12173729457359844,False,False,,19.7,,0,[],[],0,False,False,,,38.7,False,,,0.0,,False,19.7,0,,False,[],,False,8.0,5.82,False
0xc5f4c22297f4745b996b791ddf2698926b278007,tron,USDT,356642.97402400005,354128.18739599996,USDT,356642.97402400005,132,1,6,7,1,1.0,0.0966183574879227,0.9929487279684056,False,0.6038082436844745,0.1737477878943785,False,False,,19.6,,0,[],[],0,False,False,,,56.5,False,,,0.0,,False,19.6,0,,False,[],,False,132.0,22.0,True
0xdde5f0b954930fa449f8adc20f07c582fe8e3539,tron,USDT,59399.510524000005,57823.510524000005,USDT,59399.510524000005,119,1,12,8,24,0.22167487684729065,0.41379310344827586,0.9734677948337095,False,0.6844474834470134,0.18552581176734412,False,False,,19.6,,0,[],[],0,False,False,,,81.0,False,,,0.0,,False,19.6,0,,False,[],,False,119.0,9.92,True
0x9f24be23cb960a2c027c74ec8923b9ca467830a5,tron,USDT,54863.421667999995,54700.0,USDT,54863.421667999995,100,1,7,6,5,0.44660194174757284,0.5242718446601942,0.9970213001115948,False,0.657974476399069,0.1816515436101407,False,False,,19.6,,0,[],[],0,False,False,,,48.3,False,,,0.0,,False,19.6,0,,False,[],,False,100.0,14.29,True
0x6fee1392debb3074366bea7337e73534f2bcbf0c,tron,USDT,18790.95,18956.95,USDT,18790.95,66,1,5,5,24,0.16666666666666666,0.35714285714285715,1.008834039790431,False,0.5420600906418289,0.16517463433272334,False,False,,19.6,,0,[],[],0,False,False,,,62.5,False,,,0.0,,False,19.6,0,,False,[],,False,66.0,13.2,True
0xa10cd26b5f3f487c3d774d4c0bf1fe4ef307436d,tron,USDT,25726.0,26512.0,USDT,25726.0,52,1,6,8,22,0.16393442622950818,0.3442622950819672,1.03055274819249,False,0.4611147367424947,0.1535667853164916,False,False,,19.6,,0,[],[],0,False,False,,,52.3,False,,,0.0,,False,19.6,0,,False,[],,False,52.0,8.67,True
0x1bd06fde79c88b86eb8f375e87e7299be662cb83,tron,USDT,144951.176891,68312.0,USDT,144951.176891,55,2,2,8,22,0.21052631578947367,0.15789473684210525,0.47127592521286715,True,0.27859969077019325,0.12739144759737042,False,False,,19.6,,0,[],[],0,False,False,,,5.2,False,,,0.0,,False,19.6,2,141354.0,True,[],,False,27.5,27.5,False
0xa81e8205f00404ee928c6e634a25b635c379637f,tron,USDT,71805.32041700001,74375.330417,USDT,71805.32041700001,120,1,15,8,24,0.2205128205128205,0.46153846153846156,1.0357913589839165,False,0.6915264969770817,0.1869934684615096,False,False,,19.5,,0,[],[],0,False,False,,,81.2,False,,,0.0,,False,19.5,0,,False,[],,False,120.0,8.0,True
0x9b4fd9a5161cc4903b45d5d7cd0844dc2d587ff0,tron,USDT,23527.469999999998,25585.0,USDT,23527.469999999998,115,1,3,8,24,0.18543046357615894,0.026490066225165563,1.0874522419962709,False,0.5398493903788536,0.16538760228519667,False,False,,19.5,,0,[],[],0,False,False,,,83.8,False,,,0.0,,False,19.5,0,,False,[],,False,115.0,38.33,True
0xd77981eb280cf629ddd0d696a976ea25ab6793a9,tron,USDT,350313.39999999997,366127.0,USDT,350313.39999999997,108,1,13,8,23,0.16666666666666666,0.5689655172413793,1.0451412934817796,False,0.6775860815666902,0.1847248943765885,False,False,,19.5,,0,[],[],0,False,False,,,69.2,False,,,0.0,,False,19.5,0,,False,[],,False,108.0,8.31,True
0xadbed190691396e3eaa552854c44515586af605b,tron,USDT,17817.41,21227.41,USDT,17817.41,99,1,7,6,24,0.19696969696969696,0.32575757575757575,1.1913858411519969,False,0.5854606340606486,0.17183953079019104,False,False,,19.5,,0,[],[],0,False,False,,,78.7,False,,,0.0,,False,19.5,0,,False,[],,False,99.0,14.14,True
0x355e135f03f629a49d8e60124c02cc99abac4e04,tron,USDT,15584.019633999998,18457.269634,USDT,15584.019633999998,94,1,6,6,24,0.175,0.16666666666666666,1.184371559294713,False,0.5287387555996913,0.16405624639491767,False,False,,19.5,,0,[],[],0,False,False,,,76.3,False,,,0.0,,False,19.5,0,,False,[],,False,94.0,15.67,True
0x32a378d77271674a040ae7f97b89fcc07785335f,tron,USDT,18965.5,19713.43,USDT,18965.5,90,1,7,7,24,0.22033898305084745,0.2711864406779661,1.0394363449421318,False,0.5819090823055915,0.1715872944783326,False,False,,19.5,,0,[],[],0,False,False,,,71.5,False,,,0.0,,False,19.5,0,,False,[],,False,90.0,12.86,True
0x28d9e042e0f54ad95fcdf0d39c24b4758304180c,tron,USDT,17321.556044999998,18155.556044999998,USDT,17321.556044999998,51,1,5,8,24,0.15789473684210525,0.4342105263157895,1.04814809927199,False,0.46818115655629355,0.15493169740424845,False,False,,19.5,,0,[],[],0,False,False,,,51.4,False,,,0.0,,False,19.5,0,,False,[],,False,51.0,10.2,True
0x192e170bf92dba2f6ede08f38dda4957cc82bf3b,tron,USDT,11752.378875,14804.438875,USDT,11752.378875,51,1,5,7,23,0.2375,0.1875,1.2596972096000436,False,0.36914668451189625,0.1411159706900857,False,False,,19.5,,0,[],[],0,False,False,,,55.8,False,,,0.0,,False,19.5,0,,False,[],,False,51.0,10.2,True
0x4218ea5b4ce2fb3413693eac1363f39f1c99a617,tron,USDT,300260.549785,190000.0,USDT,300260.549785,69,2,4,8,24,0.13924050632911392,0.8037974683544303,0.6327837610903214,False,0.5717625222647339,0.17012155990879807,False,False,,19.5,,0,[],[],0,False,False,,,14.3,False,,,0.0,,False,19.5,0,,False,[],,False,34.5,17.25,False
0x4b54a239b656197a9ba0438a1b09a799c97b7ea2,tron,USDT,294283.43499999994,606500.0,USDT,294283.43499999994,83,5,17,8,20,0.1951219512195122,0.35365853658536583,2.0609382923642987,False,0.4430207891387357,0.15152435004183923,False,False,,19.5,,0,[],[],0,False,False,,,19.3,False,,,0.0,,False,19.5,0,,False,[],,False,16.6,4.88,False
0x1777f16fbbbe4f01ec0966bc56f1433138004374,tron,USDT,48841.491842999996,69018.21039699999,USDT,48841.491842999996,144,1,4,8,23,0.20134228187919462,0.053691275167785234,1.4131061069726873,False,0.514196767574491,0.16222545350281797,False,False,,19.4,,0,[],[],0,False,False,,,80.4,False,,,0.0,,False,19.4,0,,False,[],,False,144.0,36.0,True
0xfe339b86fbd46fe74bc3b1c5e6f3dbd4cf1007f6,tron,USDT,158111.48,160000.0,USDT,158111.48,116,1,4,8,24,0.1568627450980392,0.0,1.0119442307414996,False,0.5264189603854293,0.16381892902191897,False,False,,19.4,,0,[],[],0,False,False,,,76.2,False,,,0.0,,False,19.4,0,,False,[],,False,116.0,29.0,True
0x518960b7f5b82542b6b6bb184dcf1d4803724af2,tron,USDT,23217.940000000002,24653.0,USDT,23217.940000000002,114,1,3,8,24,0.17532467532467533,0.006493506493506494,1.0618082396629502,False,0.5246133202472997,0.16359012899904118,False,False,,19.4,,0,[],[],0,False,False,,,83.9,False,,,0.0,,False,19.4,0,,False,[],,False,114.0,38.0,True
0x6f193e22371a55d6de9b580ae09adacba4f48816,tron,USDT,349916.527,349916.0,USDT,349916.527,99,1,5,2,11,0.05844155844155844,0.032467532467532464,0.9999984939265244,False,0.668603856613052,0.18415886418091804,False,False,,19.4,,0,[],[],0,False,False,,,47.8,False,,,0.0,,False,19.4,0,,False,[],,False,99.0,19.8,True
0x6d891045da55a5e8c97d62ced8d058aa72f19c08,tron,USDT,21084.0,18814.0,USDT,21084.0,90,1,5,8,24,0.22807017543859648,0.2982456140350877,0.8923354202238665,False,0.576069969068108,0.17137835920657302,False,False,,19.4,,0,[],[],0,False,False,,,73.3,False,,,0.0,,False,19.4,0,,False,[],,False,90.0,18.0,True
0x6c4f02ffb50cb69f62a50ed457d98f4f0e1bfbdb,tron,USDT,26990.997881000007,6050.0,USDT,26990.997881000007,89,1,1,8,22,0.0990990990990991,0.11711711711711711,0.22414880793491618,True,0.27387091559631715,0.12804430795232835,False,False,,19.4,,0,[],[],0,False,False,,,71.2,False,,,0.0,,False,19.4,0,,False,[],,False,89.0,89.0,True
0xc179d45132c2503972527fb6c718774c2c1da542,tron,USDT,476915.55999999994,476113.56,USDT,476915.55999999994,85,1,15,5,24,0.1984126984126984,0.5793650793650794,0.9983183605919674,False,0.6286623993139812,0.17879223274107614,False,False,,19.4,,0,[],[],0,False,False,,,54.7,False,,,0.0,,False,19.4,0,,False,[],,False,85.0,5.67,True
0xad0707878d038e200555033afcf1d3c1f8283f30,tron,USDT,17999.0,21160.940000000002,USDT,17999.0,83,1,6,5,24,0.17142857142857143,0.37142857142857144,1.1756730929496084,False,0.5614075960897559,0.16902386591702706,False,False,,19.4,,0,[],[],0,False,False,,,70.5,False,,,0.0,,False,19.4,0,,False,[],,False,83.0,13.83,True
0x0c272c882204db03dc6f2fe0688596c23d0a3a68,tron,USDT,50000.087999999996,50000.0,USDT,50000.087999999996,75,1,1,3,22,0.1590909090909091,0.16666666666666666,0.9999982400030977,False,0.523801090512287,0.16354284798461632,False,False,,19.4,,0,[],[],0,False,False,,,61.9,False,,,0.0,,False,19.4,0,,False,[],,False,75.0,75.0,True
0x235972aa9d16152e48624737f6a7ef54e4a7297f,tron,USDT,83411.967696,54000.0,USDT,83411.967696,106,2,2,8,22,0.12643678160919541,0.06321839080459771,0.6473891156339374,False,0.5293929694992949,0.1643778151150987,False,False,,19.4,,0,[],[],0,False,False,,,37.9,False,,,0.0,,False,19.4,0,,False,[],,False,53.0,53.0,False
0x9719df745433534e01572de1452c030052c977bf,tron,USDT,54424.30678699999,65000.0,USDT,54424.30678699999,86,2,2,8,19,0.052083333333333336,0.052083333333333336,1.1943193002786425,False,0.5071055926383742,0.1613191917940457,False,False,,19.4,,0,[],[],0,False,False,,,20.2,False,,,0.0,,False,19.4,0,,False,[],,False,43.0,43.0,False
0xf939bc1e54ad937453cf7d101ac0202e8f31c1a9,tron,USDT,597655.328,500855.0,USDT,597655.328,54,2,3,8,20,0.37572254335260113,0.28901734104046245,0.8380331882526111,False,0.4867199172432248,0.15816107348750136,False,False,,19.4,,0,[],[],0,False,False,,,4.3,False,,,0.0,,False,19.4,0,,False,[],,False,27.0,18.0,False
0xce7d8edc94a31246ebf9a9bb1d84eb8a91083eaa,tron,USDT,258548.26,247190.0,USDT,258548.26,116,1,11,8,24,0.2131979695431472,0.5482233502538071,0.9560690913178066,False,0.6925290494896962,0.1882499425481713,False,False,,19.3,,0,[],[],0,False,False,,,71.5,False,,,0.0,,False,19.3,0,,False,[],,False,116.0,10.55,True
0x59e3ad48a31fac14cc393b77dc677f98e290c091,tron,USDT,64685.59,93000.0,USDT,64685.59,86,1,4,8,24,0.21797752808988763,0.30786516853932583,1.4377236104671844,False,0.5034607933923502,0.16150449076430218,False,False,,19.3,,0,[],[],0,False,False,,,72.0,False,,,0.0,,False,19.3,0,,False,[],,False,86.0,21.5,True
0xad59d763aec7b01698ee4b81618907667e25ac2d,tron,USDT,19483.96,22050.14,USDT,19483.96,65,1,5,3,24,0.16455696202531644,0.4050632911392405,1.1317073120659251,False,0.5227251476843967,0.16420296984196459,False,False,,19.3,,0,[],[],0,False,False,,,66.2,False,,,0.0,,False,19.3,0,,False,[],,False,65.0,13.0,True
0x4ff5215378ef2ca8068f62016b1cda8d09164143,tron,USDT,21647.74969999999,15001.0,USDT,21647.74969999999,63,1,1,8,21,0.17567567567567569,0.006756756756756757,0.6929588621398375,False,0.3387402662760795,0.13798433670688115,False,False,,19.3,,0,[],[],0,False,False,,,64.4,False,,,0.0,,False,19.3,0,,False,[],,False,63.0,63.0,True
0x7bb91f7cb0c194d10756b026e824abec73856122,tron,USDT,16836.0,15401.0,USDT,16836.0,58,1,4,8,24,0.2087912087912088,0.34065934065934067,0.9147659776669043,False,0.48641098085370327,0.15900438659221244,False,False,,19.3,,0,[],[],0,False,False,,,61.8,False,,,0.0,,False,19.3,0,,False,[],,False,58.0,14.5,True
0xdbf7c1b48d9d7118f435678a4b5c06cd3efb3063,tron,USDT,20994.421301000002,15052.0,USDT,20994.421301000002,64,2,3,8,18,0.4953271028037383,0.037383177570093455,0.7169523648305107,False,0.419928444964405,0.14946777900269947,False,False,,19.3,,0,[],[],0,False,False,,,38.3,False,,,0.0,,False,19.3,0,,False,[],,False,32.0,21.33,False
0xfc8c62a3ebbec70f604472b4022b0ea53b1387a0,tron,USDT,54505.880000000005,48626.0,USDT,54505.880000000005,61,2,3,8,21,0.28421052631578947,0.10526315789473684,0.892123932317027,False,0.46739381488937065,0.15634654048361935,False,False,,19.3,,0,[],[],0,False,False,,,32.6,False,,,0.0,,False,19.3,0,,False,[],,False,30.5,20.33,False
0x0216ece6ee85787bda418472aca64e19adebb100,tron,USDT,148252.450405,146130.450405,USDT,148252.450405,123,1,12,8,24,0.19704433497536947,0.458128078817734,0.9856865772255159,False,0.6990253086568129,0.18976583126622082,False,False,,19.2,,0,[],[],0,False,False,,,81.7,False,,,0.0,,False,19.2,0,,False,[],,False,123.0,10.25,True
0x13b90d8014fbb5bee07efd296243b04b32519055,tron,USDT,203859.0,200182.0,USDT,203859.0,113,1,12,8,24,0.2,0.45,0.981963023462295,False,0.6803552690963622,0.18718653032941895,False,False,,19.2,,0,[],[],0,False,False,,,70.6,False,,,0.0,,False,19.2,0,,False,[],,False,113.0,9.42,True
0xb3f5f1d7a369d05aa6fce99ebbde8d482fea6634,tron,USDT,34560.71000000001,32503.710000000003,USDT,34560.71000000001,112,1,7,6,24,0.2582781456953642,0.3576158940397351,0.9404815468200739,False,0.6524577858171331,0.1832641878212714,False,False,,19.2,,0,[],[],0,False,False,,,83.5,False,,,0.0,,False,19.2,0,,False,[],,False,112.0,16.0,True
0xde0639f26d314dcb93b71d41370fe3caa1fb521f,tron,USDT,67825.11,68667.11,USDT,67825.11,110,1,14,8,24,0.21717171717171718,0.47474747474747475,1.0124142813775017,False,0.6785947847936554,0.18702845086204067,False,False,,19.2,,0,[],[],0,False,False,,,78.5,False,,,0.0,,False,19.2,0,,False,[],,False,110.0,7.86,True
0xb24c5391681a87861fd69ad1269130f6b3a3eb69,tron,USDT,342734.06,340293.69,USDT,342734.06,104,1,13,5,24,0.23484848484848486,0.5,0.992879698037598,False,0.666925536552789,0.18507504023348764,False,False,,19.2,,0,[],[],0,False,False,,,76.4,False,,,0.0,,False,19.2,0,,False,[],,False,104.0,8.0,True
0xc66199fc4ea01fe76c2a53b336f408a04839bc36,tron,USDT,119946.46032,120502.46032,USDT,119946.46032,103,1,20,4,24,0.176,0.544,1.0046354014826004,False,0.6681649858893094,0.18545756728623214,False,False,,19.2,,0,[],[],0,False,False,,,67.1,False,,,0.0,,False,19.2,0,,False,[],,False,103.0,5.15,True
0x1ab17cc90ffdd4b7eda0d74e63d149072e55b36c,tron,USDT,17237.763076,21686.0,USDT,17237.763076,83,1,3,8,24,0.11029411764705882,0.0661764705882353,1.2580518658011517,False,0.4426407935771477,0.15350629594700177,False,False,,19.2,,0,[],[],0,False,False,,,73.6,False,,,0.0,,False,19.2,0,,False,[],,False,83.0,27.67,True
0x73a2cb4256f50f65ec8e2ff9278ff5ad98231017,tron,USDT,88884.810542,88884.81054199999,USDT,88884.810542,78,1,7,4,17,0.0761904761904762,0.29523809523809524,0.9999999999999999,False,0.7204072974119643,0.1928316742384279,False,False,,19.2,,0,[],[],0,False,False,,,63.5,False,,,0.0,,False,19.2,0,,False,[],,False,78.0,11.14,True
0x1b1bac58da488adc7d44c5f907fd0fcb172a2bb0,tron,USDT,26282.320036,25009.320035999997,USDT,26282.320036,69,1,5,8,23,0.1797752808988764,0.48314606741573035,0.9515643977298686,False,0.5679539487016801,0.17112134793971145,False,False,,19.2,,0,[],[],0,False,False,,,64.3,False,,,0.0,,False,19.2,0,,False,[],,False,69.0,13.8,True
0xc0de7a6d3d133ecfa57e86655b83b96ddfa729f0,tron,USDT,153634.56999999998,30000.0,USDT,153634.56999999998,66,1,1,8,24,0.2549019607843137,0.0,0.1952685518630345,True,0.1386718690488903,0.10967917684864859,False,False,,19.2,,0,[],[],0,False,False,,,36.1,False,,,0.0,,False,19.2,2,141330.0,True,[],,False,66.0,66.0,True
0xa8513a56bd169d5d4a2b481e362eddefc9591171,tron,USDT,70242.48732100001,18000.0,USDT,70242.48732100001,64,1,1,8,24,0.3582474226804124,0.15463917525773196,0.25625516245946833,True,0.22925272956444354,0.12264836858385719,False,False,,19.2,,0,[],[],0,False,False,,,61.4,False,,,0.0,,False,19.2,0,,False,[],,False,64.0,64.0,True
0xc8e642a8c84d75590bf9475780d2857daabdfc34,tron,USDT,31853.42000000001,55200.0,USDT,31853.42000000001,117,2,2,8,23,0.24113475177304963,0.0,1.7329379388461266,False,0.43463854714804234,0.152320371889611,False,False,,19.2,,0,[],[],0,False,False,,,56.8,False,,,0.0,,False,19.2,0,,False,[],,False,58.5,58.5,False
0xdea42d2a0856bcc401a89b0e73fce1853d45a399,tron,USDT,219394.81475500003,247000.0,USDT,219394.81475500003,106,2,4,8,24,0.2155688622754491,0.11377245508982035,1.1258242373495786,False,0.5956667180795115,0.1748596668526181,False,False,,19.2,,0,[],[],0,False,False,,,36.1,False,,,0.0,,False,19.2,2,141345.0,True,[],,False,53.0,26.5,False
0x2e3f179a80b47670d280a825064a26ea0743567c,tron,USDT,24185.406437999998,50000.0,USDT,24185.406437999998,86,2,2,8,19,0.20588235294117646,0.058823529411764705,2.0673624041909933,False,0.34800593975392446,0.13957647600888778,False,False,,19.2,,0,[],[],0,False,False,,,45.4,False,,,0.0,,False,19.2,2,141316.0,True,[],,False,43.0,43.0,False
0xd9d2912cad3f9aa0756875645322df93ee8c5e40,tron,USDT,248948.401351,230000.0,USDT,248948.401351,56,2,3,8,19,0.4,0.3176470588235294,0.9238862300453817,False,0.5239159816900267,0.16464396128265657,False,False,,19.2,,0,[],[],0,False,False,,,6.0,False,,,0.0,,False,19.2,0,,False,[],,False,28.0,18.67,False
0xde117e81ded08837a6911f71121d33a705f1bb25,tron,USDT,86390.26,155395.8,USDT,86390.26,81,5,5,8,21,0.2765957446808511,0.010638297872340425,1.798765277474567,False,0.35280528137398776,0.14030616716592692,False,False,,19.2,,0,[],[],0,False,False,,,27.4,False,,,0.0,,False,19.2,0,,False,[],,False,16.2,16.2,False
0x1f30065318edd7525a7986d32662615a7ae6d276,tron,USDT,492022.42399999994,492022.0,USDT,492022.42399999994,129,1,7,2,15,0.29777777777777775,0.07111111111111111,0.9999991382506583,False,0.5932963910782182,0.17524199789842138,False,False,,19.1,,0,[],[],0,False,False,,,56.2,False,,,0.0,,False,19.1,0,,False,[],,False,129.0,18.43,True
0x035595c2a021b04330230402309dc7506b702694,tron,USDT,64342.9,66966.9,USDT,64342.9,127,1,10,7,24,0.2011173184357542,0.4022346368715084,1.0407815003675618,False,0.6887041157092624,0.1886834269631389,False,False,,19.1,,0,[],[],0,False,False,,,82.4,False,,,0.0,,False,19.1,0,,False,[],,False,127.0,12.7,True
0xe88a00c919462d17b9c2efc24fd581b9e474197f,tron,USDT,56291.72132900001,100000.0,USDT,56291.72132900001,121,1,1,5,23,0.19014084507042253,0.09154929577464789,1.776460155047393,False,0.43516193589760666,0.1529374825316701,False,False,,19.1,,0,[],[],0,False,False,,,81.4,False,,,0.0,,False,19.1,0,,False,[],,False,121.0,121.0,True
0x530cf0c25bb39761d2148f3ae07d87f803f76a96,tron,USDT,24074.979999999996,22682.0,USDT,24074.979999999996,110,1,3,8,24,0.17333333333333334,0.006666666666666667,0.942139931165052,False,0.5174479268354711,0.16461948669813237,False,False,,19.1,,0,[],[],0,False,False,,,82.4,False,,,0.0,,False,19.1,0,,False,[],,False,110.0,36.67,True
0x2b23eb947d22832fa7c700bc755a32aaf0167c15,tron,USDT,25534.4117,23896.4117,USDT,25534.4117,96,1,6,8,24,0.20454545454545456,0.3484848484848485,0.935851273205562,False,0.6074078447980916,0.17750770099009633,False,False,,19.1,,0,[],[],0,False,False,,,73.2,False,,,0.0,,False,19.1,0,,False,[],,False,96.0,16.0,True
0x4704a263d0e9e41b70233b7ca7d4a644a7b42648,tron,USDT,57332.14,82933.0,USDT,57332.14,90,1,2,8,24,0.12598425196850394,0.3346456692913386,1.44653592208489,False,0.5156355393844645,0.16394575894856944,False,False,,19.1,,0,[],[],0,False,False,,,67.5,False,,,0.0,,False,19.1,0,,False,[],,False,90.0,45.0,True
0x688e1f86bcb625a49ef09ab1caca6368162265f8,tron,USDT,15046.460000000005,12750.01,USDT,15046.460000000005,90,1,4,8,24,0.2361111111111111,0.0,0.847376060548461,False,0.43432459692089287,0.15254583968717572,False,False,,19.1,,0,[],[],0,False,False,,,75.7,False,,,0.0,,False,19.1,0,,False,[],,False,90.0,22.5,True
0xc18585b2609f549021e8e1c74002ba0786716673,tron,USDT,32040.6,41000.0,USDT,32040.6,73,1,2,8,17,0.10588235294117647,0.047058823529411764,1.279626473911225,False,0.5581179805677762,0.1702149526739945,False,False,,19.1,,0,[],[],0,False,False,,,67.6,False,,,0.0,,False,19.1,0,,False,[],,False,73.0,36.5,True
0x072eff6a3aa05da12822349d08d44f99f3221aab,tron,USDT,22954.5,22631.5,USDT,22954.5,66,1,5,8,24,0.21649484536082475,0.422680412371134,0.985928685007297,False,0.5545467891864403,0.16976299916661625,False,False,,19.1,,0,[],[],0,False,False,,,62.5,False,,,0.0,,False,19.1,0,,False,[],,False,66.0,13.2,True
0x4b7b5b7e16155b430f341c27db966c3bc0749d39,tron,USDT,21261.35,21177.0,USDT,21261.35,57,1,5,8,24,0.20833333333333334,0.3194444444444444,0.9960327072363703,False,0.4938395495083687,0.1613523000423568,False,False,,19.1,,0,[],[],0,False,False,,,58.5,False,,,0.0,,False,19.1,0,,False,[],,False,57.0,11.4,True
0x3521a05a40664c549bff71efb7f377a8ad71a6bb,tron,USDT,35611.810000000005,36200.0,USDT,35611.810000000005,53,1,5,8,19,0.14285714285714285,0.5079365079365079,1.0165167117313048,False,0.4975451939286648,0.16188652358123573,False,False,,19.1,,0,[],[],0,False,False,,,45.6,False,,,0.0,,False,19.1,0,,False,[],,False,53.0,10.6,True
0xd9acf9ae7096e11389868d5ed38d7df0e870cb44,tron,USDT,24337.45,25386.45,USDT,24337.45,52,1,5,8,23,0.1791044776119403,0.43283582089552236,1.0431022970771384,False,0.4755755524640801,0.1582983971075646,False,False,,19.1,,0,[],[],0,False,False,,,52.3,False,,,0.0,,False,19.1,0,,False,[],,False,52.0,10.4,True
0xb0f57ecae4ef119ee0768c0f570747b4858feb7b,tron,USDT,57378.0,60601.0,USDT,57378.0,69,2,13,8,24,0.21495327102803738,0.5607476635514018,1.0561713548746907,False,0.6245527464200555,0.17976177044012648,False,False,,19.1,,0,[],[],0,False,False,,,40.7,False,,,0.0,,False,19.1,0,,False,[],,False,34.5,5.31,False
0x31631ff5ce613d2e7cbf6c9e12fd2dfb7b5a89d9,tron,USDT,143279.68554400007,142783.0,USDT,143279.68554400007,60,2,13,8,24,0.14790996784565916,0.0,0.9965334545360407,False,0.42276871890890516,0.15113282593641825,False,False,,19.1,,0,[],[],0,False,False,,,33.8,False,,,0.0,,False,19.1,0,,False,[],,False,30.0,4.62,False
0x4ad5b2bcc0a0983d435886d0f5fe84cca967dfab,tron,USDT,120570.67992999998,124200.0,USDT,120570.67992999998,51,3,10,6,12,0.46987951807228917,0.07228915662650602,1.0301011827428286,False,0.4100383124544042,0.1491521475526692,False,False,,19.1,,0,[],[],0,False,False,,,1.4,False,,,0.0,,False,19.1,0,,False,[],,False,17.0,5.1,False
0x136015e8f7469caf02d2258d506b997f0519f909,tron,USDT,49830.149999999994,52463.15,USDT,49830.149999999994,118,1,12,7,24,0.18128654970760233,0.3684210526315789,1.052839495767121,False,0.6686217487040217,0.18675609920309655,False,False,,19.0,,0,[],[],0,False,False,,,81.2,False,,,0.0,,False,19.0,0,,False,[],,False,118.0,9.83,True
0xb19cf15a9fb98b4823bc49215bb82a59d834a6a1,tron,USDT,23511.98,26818.0,USDT,23511.98,114,1,3,8,24,0.21568627450980393,0.0196078431372549,1.1406100209340089,False,0.5231932270393331,0.16586415757580641,False,False,,19.0,,0,[],[],0,False,False,,,83.6,False,,,0.0,,False,19.0,0,,False,[],,False,114.0,38.0,True
0x2e3ae13e01ffd24c86b004d249f0ca4846b8b7ab,tron,USDT,78798.99902900003,81100.86402799998,USDT,78798.99902900003,113,1,13,8,24,0.2357142857142857,0.20714285714285716,1.0292118558276713,False,0.624874641986778,0.1802538799550697,False,False,,19.0,,0,[],[],0,False,False,,,78.2,False,,,0.0,,False,19.0,0,,False,[],,False,113.0,8.69,True
0xf999d357db17ec3a841980aaceb69604095e5b96,tron,USDT,23838.539999999997,26636.0,USDT,23838.539999999997,113,1,3,8,24,0.1987179487179487,0.019230769230769232,1.1173503075272229,False,0.5252359206752937,0.16609566541945775,False,False,,19.0,,0,[],[],0,False,False,,,83.6,False,,,0.0,,False,19.0,0,,False,[],,False,113.0,37.67,True
0x9b832b87b4069cfbb1b5e033b2a18364c9558258,tron,USDT,18344.2,21141.2,USDT,18344.2,91,1,7,8,24,0.20833333333333334,0.31666666666666665,1.1524732613033002,False,0.5732601207558864,0.17271979487331884,False,False,,19.0,,0,[],[],0,False,False,,,71.8,False,,,0.0,,False,19.0,0,,False,[],,False,91.0,13.0,True
0xc416710fdfa73c40d5f7920f17bb619c55558ee2,tron,USDT,49184.147000000004,49115.547,USDT,49184.147000000004,91,1,11,8,24,0.199438202247191,0.05898876404494382,0.9986052416442232,False,0.5095428557111102,0.16394127870468145,False,False,,19.0,,0,[],[],0,False,False,,,74.5,False,,,0.0,,False,19.0,0,,False,[],,False,91.0,8.27,True
0xb7a2a6a7aca902feff642102e16693ed7d27c7b5,tron,USDT,16900.11,19054.73,USDT,16900.11,88,1,6,8,24,0.19708029197080293,0.18248175182481752,1.1274914778661203,False,0.5348114201671238,0.16722770379444124,False,False,,19.0,,0,[],[],0,False,False,,,75.3,False,,,0.0,,False,19.0,0,,False,[],,False,88.0,14.67,True
0x23c3282d59a6a593779a0a3b5f4671362ab0243c,tron,USDT,62419.5972,70000.0,USDT,62419.5972,86,1,1,8,16,0.4069767441860465,0.011627906976744186,1.1214426740965897,False,0.4499583892366854,0.15516030896708338,False,False,,19.0,,0,[],[],0,False,False,,,43.7,False,,,0.0,,False,19.0,0,,False,[],,False,86.0,86.0,True
0xc51823fdb8646ffcf6111db1011c571153e79236,tron,USDT,457462.62464699993,300000.0,USDT,457462.62464699993,81,1,1,8,24,0.11904761904761904,0.07142857142857142,0.6557912796296623,False,0.42337293560348865,0.1513734219632698,False,False,,19.0,,0,[],[],0,False,False,,,67.5,False,,,0.0,,False,19.0,0,,False,[],,False,81.0,81.0,True
0x9bda182b04c9a981e26e63e1118655df7af75a6e,tron,USDT,87252.5,88442.5,USDT,87252.5,66,1,7,7,10,0.0,0.23333333333333334,1.0136385776911836,False,0.6630974859891285,0.18562777890164117,False,False,,19.0,,0,[],[],0,False,False,,,43.1,False,,,0.0,,False,19.0,0,,False,[],,False,66.0,9.43,True
0xecca8a35a6efd8fbcaeaa5783f5f483c93f5400c,tron,USDT,1076494.629479,969210.3044009998,USDT,1076494.629479,56,1,9,8,22,0.05555555555555555,0.23737373737373738,0.9003391915388156,False,0.449520532410436,0.15551639399763856,False,False,,19.0,,0,[],[],0,False,False,,,29.6,False,,,0.0,,False,19.0,0,,False,[],,False,56.0,6.22,True
0xa8b1b95b68ef980292aec6f28e86b4b743ba8030,tron,USDT,272642.3062379999,538256.7948479999,USDT,272642.3062379999,52,7,13,8,24,0.18716577540106952,0.0,1.9742233047945796,False,0.13037807981325208,0.11010221334746823,False,False,,19.0,,0,[],[],0,False,False,,,11.6,False,,,0.0,,False,19.0,0,,False,[],,False,7.43,4.0,False
0xe5a11ea15468091a77cea772e65a3715428d7618,tron,USDT,86387.4,75359.4,USDT,86387.4,119,1,16,8,24,0.205,0.42,0.8723424943915432,False,0.6656649350259539,0.18644301280693037,False,False,,18.9,,0,[],[],0,False,False,,,81.0,False,,,0.0,,False,18.9,0,,False,[],,False,119.0,7.44,True
0x42911b5133939727b80dc391aab9444189143ef3,tron,USDT,162150.6,164817.27000000002,USDT,162150.6,116,1,22,4,18,0.4557823129251701,0.006802721088435374,1.016445637573959,False,0.5387558449077793,0.1686828651210665,False,False,,18.9,,0,[],[],0,False,False,,,53.8,False,,,0.0,,False,18.9,0,,False,[],,False,116.0,5.27,True
0x3a56337549584450c0bb5b8c9568f275cef9551c,tron,USDT,281087.758768,271773.131822,USDT,281087.758768,109,1,8,8,23,0.09202453987730061,0.36809815950920244,0.9668622106248037,False,0.6538518651202938,0.18509856987392553,False,False,,18.9,,0,[],[],0,False,False,,,56.7,False,,,0.0,,False,18.9,0,,False,[],,False,109.0,13.62,True
0x0c24d11a2ede38733ed5736c90496924c601bf63,tron,USDT,21133.309999999998,23210.81,USDT,21133.309999999998,81,1,6,5,24,0.1826086956521739,0.33043478260869563,1.0983045249419048,False,0.5642805460086492,0.17219340935395344,False,False,,18.9,,0,[],[],0,False,False,,,70.8,False,,,0.0,,False,18.9,0,,False,[],,False,81.0,13.5,True
0x25d4e03a5df2501ee29c6326fd44df89531bfd21,tron,USDT,21375.0,22655.0,USDT,21375.0,66,1,7,5,24,0.19753086419753085,0.38271604938271603,1.0598830409356725,False,0.537068788503574,0.16826098983212928,False,False,,18.9,,0,[],[],0,False,False,,,62.5,False,,,0.0,,False,18.9,0,,False,[],,False,66.0,9.43,True
0x46cb2f44df682bd93ca478974fc9a2e8d66137bc,tron,USDT,16585.0,19700.8,USDT,16585.0,65,1,6,8,24,0.21348314606741572,0.42696629213483145,1.1878685559240276,False,0.516032567983629,0.1656338995135267,False,False,,18.9,,0,[],[],0,False,False,,,65.5,False,,,0.0,,False,18.9,0,,False,[],,False,65.0,10.83,True
0xaf1eb003ca05e76a464897c66ead4aa179dc690b,tron,USDT,21867.199999999997,23017.199999999997,USDT,21867.199999999997,63,1,7,6,23,0.18181818181818182,0.45454545454545453,1.0525901807272993,False,0.5389304152758384,0.1685677798762692,False,False,,18.9,,0,[],[],0,False,False,,,60.8,False,,,0.0,,False,18.9,0,,False,[],,False,63.0,9.0,True
0x752bbef823bd4e7ff1954a4b0e27c8a82fb5e0a5,tron,USDT,20094.1152,21657.1152,USDT,20094.1152,63,1,6,5,24,0.20987654320987653,0.37037037037037035,1.077783967317954,False,0.5185755781952976,0.1658189675806261,False,False,,18.9,,0,[],[],0,False,False,,,60.8,False,,,0.0,,False,18.9,0,,False,[],,False,63.0,10.5,True
0x5da0216e8ec929cc395a46bbf698e43d66d2f909,tron,USDT,34830.76440000001,26639.630721,USDT,34830.76440000001,62,1,1,8,24,0.05434782608695652,0.0,0.7648304933841761,False,0.33565595866834985,0.13977414839288305,False,False,,18.9,,0,[],[],0,False,False,,,63.9,False,,,0.0,,False,18.9,0,,False,[],,False,62.0,62.0,True
0x418fa7ae3763bc61f97e7517969720c9144bf9d7,tron,USDT,76534.25061799999,44509.0,USDT,76534.25061799999,116,2,5,8,22,0.1130952380952381,0.08928571428571429,0.5815566186458744,False,0.5487041960244655,0.1699300740937506,False,False,,18.9,,0,[],[],0,False,False,,,58.2,False,,,0.0,,False,18.9,0,,False,[],,False,58.0,23.2,False
0xe334856b5976ca2ab80774d1da2ab6b4e994142a,tron,USDT,142363.975449,130000.0,USDT,142363.975449,82,2,2,8,24,0.25165562913907286,0.0728476821192053,0.9131523588744597,False,0.5272634798359865,0.16702665218995721,False,False,,18.9,,0,[],[],0,False,False,,,27.8,False,,,0.0,,False,18.9,0,,False,[],,False,41.0,41.0,False
0x97765f6fd2b5a7a54307f20ab9e042ba76bc5f77,tron,USDT,101102.0,80948.0,USDT,101102.0,51,3,6,8,19,0.05063291139240506,0.08860759493670886,0.800656762477498,False,0.381875094540472,0.14644021111454647,False,False,,18.9,,0,[],[],0,False,False,,,1.4,False,,,0.0,,False,18.9,0,,False,[],,False,17.0,8.5,False
0x9e1f80ab074bae3079c4d3b41609d56dba9c0b2d,tron,USDT,153406.93,153406.93,USDT,153406.93,119,1,12,4,24,0.16541353383458646,0.46616541353383456,1.0,False,0.6978574459058124,0.192048847821697,False,False,,18.8,,0,[],[],0,False,False,,,79.1,False,,,0.0,,False,18.8,0,,False,[],,False,119.0,9.92,True
0x749a7f38127bca1f9393b7c73c4c294ef63e2ad3,tron,USDT,239995.324019,241106.324019,USDT,239995.324019,103,1,14,4,24,0.17054263565891473,0.5581395348837209,1.0046292568596547,False,0.6699481409912426,0.1880620362108617,False,False,,18.8,,0,[],[],0,False,False,,,67.2,False,,,0.0,,False,18.8,0,,False,[],,False,103.0,7.36,True
0xe898ad0061a780ba7e48fc0ebc7f3a8f265bbf7b,tron,USDT,146244.84999999998,146069.0,USDT,146244.84999999998,95,1,17,8,24,0.23766816143497757,0.006726457399103139,0.9987975644954337,False,0.4875830173539022,0.16173166114195586,False,False,,18.8,,0,[],[],0,False,False,,,71.4,False,,,0.0,,False,18.8,0,,False,[],,False,95.0,5.59,True
0x5eeeee7155c005c249552a5e409f8270a6294277,tron,USDT,21281.9,23900.1,USDT,21281.9,92,1,7,7,24,0.17647058823529413,0.35294117647058826,1.123024729934827,False,0.5880382445094283,0.1763843243590873,False,False,,18.8,,0,[],[],0,False,False,,,76.1,False,,,0.0,,False,18.8,0,,False,[],,False,92.0,13.14,True
0x009842aff77b0c3d3453527ad5397032fc35da16,tron,USDT,43107.176141,50000.0,USDT,43107.176141,91,2,3,8,23,0.1452991452991453,0.09401709401709402,1.1598996843693528,False,0.5402305001223111,0.1695317728408648,False,False,,18.8,,0,[],[],0,False,False,,,32.0,False,,,0.0,,False,18.8,0,,False,[],,False,45.5,30.33,False
0x6fd30ea6f35dd738e0a9d055c516b9efb22ba1d0,tron,USDT,61321.95133,70500.0,USDT,61321.95133,76,2,2,8,23,0.19736842105263158,0.0,1.1496698730379427,False,0.45417718364442666,0.1573650583746969,False,False,,18.8,,0,[],[],0,False,False,,,41.2,False,,,0.0,,False,18.8,0,,False,[],,False,38.0,38.0,False
0xf31ea9e373510bcf56560306d874a3806268b49a,tron,USDT,165441.47456699997,164100.0,USDT,165441.47456699997,75,2,13,8,24,0.24193548387096775,0.0,0.9918915461161663,False,0.4794347368855158,0.16102066262073267,False,False,,18.8,,0,[],[],0,False,False,,,45.7,False,,,0.0,,False,18.8,0,,False,[],,False,37.5,5.77,False
0x7cdc6523e52231b7c6b33dabc15107b0fc4dff3b,tron,USDT,36384.0,39278.0,USDT,36384.0,59,2,9,8,23,0.19230769230769232,0.3974358974358974,1.0795404573438874,False,0.5541173646194704,0.17122759438955348,False,False,,18.8,,0,[],[],0,False,False,,,34.7,False,,,0.0,,False,18.8,0,,False,[],,False,29.5,6.56,False
0x228e3af5b0a510da0d5ac1302fc064a023f8cbe7,tron,USDT,17517.262801999997,108213.0,USDT,17517.262801999997,74,3,3,8,24,0.18235294117647058,0.0058823529411764705,6.1775062247536185,False,0.28947815019092066,0.13372252849205463,False,False,,18.8,,0,[],[],0,False,False,,,43.9,False,,,0.0,,False,18.8,0,,False,[],,False,24.67,24.67,False
0x77ce8b356234f11631552e1072f6c5f86a803c70,tron,USDT,61683.00980399998,35127.0,USDT,61683.00980399998,65,3,5,8,23,0.2696629213483146,0.07865168539325842,0.5694761022786878,False,0.4090161368749145,0.15082277186326382,False,False,,18.8,,0,[],[],0,False,False,,,11.9,False,,,0.0,,False,18.8,0,,False,[],,False,21.67,13.0,False
0xaca01075a69d673b5868ad33b2a4f8f524f79354,tron,USDT,134856.454,122030.23999999999,USDT,134856.454,55,5,13,2,13,0.25471698113207547,0.0,0.9048898764607884,False,0.37707470842749924,0.14600600214925463,False,False,,18.8,,0,[],[],0,False,False,,,8.1,False,,,0.0,,False,18.8,0,,False,[],,False,11.0,4.23,False
0x15b16c076ae5ac9d661c14bdd64be5a47135c366,tron,USDT,27417.549999999992,27336.0,USDT,27417.549999999992,111,1,3,8,24,0.18620689655172415,0.027586206896551724,0.9970256277457324,False,0.548599016087967,0.17105241456745052,False,False,,18.7,,0,[],[],0,False,False,,,82.6,False,,,0.0,,False,18.7,0,,False,[],,False,111.0,37.0,True
0x4be17157a28fd83cc06a33f5dfd2027516bf964b,tron,USDT,363721.022369,350000.0,USDT,363721.022369,97,1,7,8,21,0.3231707317073171,0.23170731707317074,0.9622759710735668,False,0.5876609642613828,0.17650363896979415,False,False,,18.7,,0,[],[],0,False,False,,,47.0,False,,,0.0,,False,18.7,0,,False,[],,False,97.0,13.86,True
0x4d6e0df0cdd612e7df4a08e2a9afdb3fcac8c285,tron,USDT,20885.85,22337.85,USDT,20885.85,80,1,7,4,24,0.17,0.22,1.0695207520881362,False,0.5410173599769421,0.16985958583021749,False,False,,18.7,,0,[],[],0,False,False,,,72.1,False,,,0.0,,False,18.7,0,,False,[],,False,80.0,11.43,True
0x98b0d514727bb69e2e5311e560fdcf23c33c4064,tron,USDT,50224.66,50224.66,USDT,50224.66,53,1,1,2,17,0.4567901234567901,0.16049382716049382,1.0,False,0.4219346627068308,0.15327438039173058,False,False,,18.7,,0,[],[],0,False,False,,,33.1,False,,,0.0,,False,18.7,0,,False,[],,False,53.0,53.0,True
0x4d45548bd76a704ae43d3ac127b62fa2c0520d71,tron,USDT,249961.36,235282.63999999998,USDT,249961.36,59,3,12,5,6,0.4,0.06315789473684211,0.9412760436253027,False,0.44992258250528966,0.15713357223740754,False,False,,18.7,,0,[],[],0,False,False,,,8.2,False,,,0.0,,False,18.7,0,,False,[],,False,19.67,4.92,False
0x81edb6a80cd48c0ddeb7a5d4fcdfb2643ae16744,tron,USDT,237276.04586599997,225058.01909299998,USDT,237276.04586599997,132,1,7,8,24,0.22556390977443608,0.15413533834586465,0.9485071207740033,False,0.6246186918679953,0.18273171612641298,False,False,,18.6,,0,[],[],0,False,False,,,74.2,False,,,0.0,,False,18.6,0,,False,[],,False,132.0,18.86,True
0xc4542ef4d8ab2a271a102d165728fb93ced98cfe,tron,USDT,85143.82,81695.82,USDT,85143.82,127,1,7,6,24,0.24203821656050956,0.3885350318471338,0.959503813664926,False,0.6863004233184752,0.19118043024980486,False,False,,18.6,,0,[],[],0,False,False,,,86.3,False,,,0.0,,False,18.6,0,,False,[],,False,127.0,18.14,True
0x8ab5d1af04e55679fff4a0b1cd546d2fde283031,tron,USDT,25846.966703000002,3441.0,USDT,25846.966703000002,94,1,2,8,23,0.17699115044247787,0.1415929203539823,0.13312974166522257,True,0.27938369122655327,0.1335041405771577,False,False,,18.6,,0,[],[],0,False,False,,,71.9,False,,,0.0,,False,18.6,0,,False,[],,False,94.0,47.0,True
0x0ee950b25471bd8760844515c28a3670cd10cf1e,tron,USDT,23877.28198,28523.0,USDT,23877.28198,88,1,3,8,23,0.12574850299401197,0.11377245508982035,1.1945664512355858,False,0.4858427555738417,0.16262355812629614,False,False,,18.6,,0,[],[],0,False,False,,,75.3,False,,,0.0,,False,18.6,0,,False,[],,False,88.0,29.33,True
0x45f485ab4ee97feb230ef9ea7a0236675ea6b561,tron,USDT,133302.80192199998,131281.0,USDT,133302.80192199998,86,1,17,8,24,0.23094170403587444,0.002242152466367713,0.9848330125635093,False,0.4616250666620443,0.15908322181371165,False,False,,18.6,,0,[],[],0,False,False,,,68.7,False,,,0.0,,False,18.6,0,,False,[],,False,86.0,5.06,True
0xdbe35e9c8d1a712aa77a26564d10b9bf9e6b8ec3,tron,USDT,967701.6726820001,1436814.109625,USDT,967701.6726820001,65,1,12,4,24,0.14953271028037382,0.24766355140186916,1.484769686966488,False,0.41817122170725396,0.15302769405815636,False,False,,18.6,,0,[],[],0,False,False,,,35.5,False,,,0.0,,False,18.6,0,,False,[],,False,65.0,5.42,True
0x9eb75a55dbf7184f87c584cd6b00e1bb6ba77f83,tron,USDT,16277.7,18911.7,USDT,16277.7,63,1,6,5,23,0.14285714285714285,0.34065934065934067,1.161816472843215,False,0.49591417679325767,0.16410395886155815,False,False,,18.6,,0,[],[],0,False,False,,,61.9,False,,,0.0,,False,18.6,0,,False,[],,False,63.0,10.5,True
0xaeae8a2ecaadf86fc5aaccaff47e075b2fc5b17d,tron,USDT,156248.5,147138.0,USDT,156248.5,53,1,9,8,14,0.14130434782608695,0.391304347826087,0.9416922402455064,False,0.621791990688049,0.18234593266922589,False,False,,18.6,,0,[],[],0,False,False,,,26.9,False,,,0.0,,False,18.6,0,,False,[],,False,53.0,5.89,True
0x71afb7c0913f3acb3ab81e86c8abedc91bb1dcdd,tron,USDT,254492.00358699993,280000.0,USDT,254492.00358699993,106,2,5,8,24,0.24175824175824176,0.10989010989010989,1.100231033012713,False,0.5992579936520184,0.17903874368513728,False,False,,18.6,,0,[],[],0,False,False,,,35.7,False,,,0.0,,False,18.6,0,,False,[],,False,53.0,21.2,False
0x81c9714e45edd86a5573ae5eee239c10226fd080,tron,USDT,128208.63832900001,128208.63832900001,USDT,128208.63832900001,123,1,9,5,21,0.23618090452261306,0.2964824120603015,1.0,False,0.6712134068731438,0.18987999827908775,False,False,,18.5,,0,[],[],0,False,False,,,72.9,False,,,0.0,,False,18.5,0,,False,[],,False,123.0,13.67,True
0xb91aaf6626ee22262c9ac37ddae4ecb9b7b734ba,tron,USDT,114180.606,114712.475999,USDT,114180.606,118,1,18,7,24,0.19745222929936307,0.19745222929936307,1.0046581465770115,False,0.6375707041593538,0.18506660251114382,False,False,,18.5,,0,[],[],0,False,False,,,80.8,False,,,0.0,,False,18.5,0,,False,[],,False,118.0,6.56,True
0xf34c9701abd6c818c0d9c4bd10bae6c249c514ec,tron,USDT,239712.790479,272060.0,USDT,239712.790479,110,1,11,8,24,0.21978021978021978,0.5824175824175825,1.1349415250490515,False,0.6648657467509024,0.189156681121311,False,False,,18.5,,0,[],[],0,False,False,,,69.7,False,,,0.0,,False,18.5,0,,False,[],,False,110.0,10.0,True
0x93524a58bfce48693cf0815333b0ff5dffd16081,tron,USDT,23506.039999999997,24875.0,USDT,23506.039999999997,108,1,3,8,24,0.2119205298013245,0.0,1.058238648449505,False,0.5004226988209178,0.16546938949714818,False,False,,18.5,,0,[],[],0,False,False,,,81.7,False,,,0.0,,False,18.5,0,,False,[],,False,108.0,36.0,True
0x12141db7a37689be3c8e96a5bdd63b4181916eb5,tron,USDT,27455.813906000003,32447.0,USDT,27455.813906000003,98,1,3,8,24,0.1657754010695187,0.0962566844919786,1.1817897699586775,False,0.5018898186005428,0.1658329143256999,False,False,,18.5,,0,[],[],0,False,False,,,77.4,False,,,0.0,,False,18.5,0,,False,[],,False,98.0,32.67,True
0x35142abae3c33a2bf0620f85de755878d5720eba,tron,USDT,20960.37,22284.59,USDT,20960.37,84,1,5,7,24,0.18803418803418803,0.2222222222222222,1.063177319866014,False,0.5521714940242516,0.17282982036588118,False,False,,18.5,,0,[],[],0,False,False,,,74.1,False,,,0.0,,False,18.5,0,,False,[],,False,84.0,16.8,True
0x699a2195ba6856e73ea8d3819f53f415232c1b80,tron,USDT,96491.83838899998,71000.0,USDT,96491.83838899998,83,1,1,8,17,0.29207920792079206,0.11386138613861387,0.7358135277075823,False,0.4611847674846645,0.15957157328179633,False,False,,18.5,,0,[],[],0,False,False,,,71.6,False,,,0.0,,False,18.5,0,,False,[],,False,83.0,83.0,True
0x522b508b395d4d9b5eb38d980c7b1ed763085058,tron,USDT,25941.5,26541.5,USDT,25941.5,81,1,6,7,24,0.2,0.29523809523809524,1.0231289632442226,False,0.5718909659425853,0.17575598585571595,False,False,,18.5,,0,[],[],0,False,False,,,68.8,False,,,0.0,,False,18.5,0,,False,[],,False,81.0,13.5,True
0x1c657206bdd10fd0097f5c494e117a8f02ccd4fc,tron,USDT,28182.4,26693.0,USDT,28182.4,75,1,6,8,24,0.2222222222222222,0.4111111111111111,0.9471514136482343,False,0.5752597269383868,0.17614960401232943,False,False,,18.5,,0,[],[],0,False,False,,,71.3,False,,,0.0,,False,18.5,0,,False,[],,False,75.0,12.5,True
0x3fbda3e32edf01b5e8997390f137c98d9fce63a7,tron,USDT,362032.21966600005,450000.0,USDT,362032.21966600005,63,2,4,8,20,0.04065040650406504,0.4065040650406504,1.2429832914185273,False,0.5426634180845593,0.17127444563031785,False,False,,18.5,,0,[],[],0,False,False,,,10.8,False,,,0.0,,False,18.5,0,,False,[],,False,31.5,15.75,False
0xec7b70384251fd345a69be26a956edac1e67f5b6,tron,USDT,27912.429395999996,29529.729396,USDT,27912.429395999996,61,2,7,8,24,0.1794871794871795,0.20512820512820512,1.0579419289182965,False,0.5243895522731926,0.16911751826262145,False,False,,18.5,,0,[],[],0,False,False,,,31.7,False,,,0.0,,False,18.5,0,,False,[],,False,30.5,8.71,False
0x842a51aac1caa9675c24dfe40984f074b6365424,tron,USDT,317099.38999999984,320743.27300000004,USDT,317099.38999999984,60,2,23,8,22,0.21904761904761905,0.01904761904761905,1.0114912961516584,False,0.44725625922533224,0.15806893157419222,False,False,,18.5,,0,[],[],0,False,False,,,9.0,False,,,0.0,,False,18.5,0,,False,[],,False,30.0,2.61,False
0x4357d2b80774c493dced9d37f5c0272d3f26a20b,tron,USDT,71011.7,71011.7,USDT,71011.7,113,1,15,4,24,0.1732283464566929,0.5590551181102362,1.0,False,0.6958845990666102,0.1938099362854417,False,False,,18.4,,0,[],[],0,False,False,,,70.6,False,,,0.0,,False,18.4,0,,False,[],,False,113.0,7.53,True
0xf89d7a738704eaff5715f21cf18e29bcd2a907fb,tron,USDT,201494.023493,232002.0,USDT,201494.023493,89,1,2,8,24,0.4449760765550239,0.21052631578947367,1.1514088407096594,False,0.54152561412366,0.17183492432835779,False,False,,18.4,,0,[],[],0,False,False,,,53.5,False,,,0.0,,False,18.4,0,,False,[],,False,89.0,44.5,True
0x9564a67bb0b566866ec8feba31919fae4d51ea40,tron,USDT,14996.380000000008,15636.0,USDT,14996.380000000008,71,1,2,8,24,0.16216216216216217,0.0,1.0426516265925505,False,0.409925338661125,0.1533756145762361,False,False,,18.4,,0,[],[],0,False,False,,,67.8,False,,,0.0,,False,18.4,0,,False,[],,False,71.0,35.5,True
0xbc66312240839fcf13a5ed55f256d8d74628b54b,tron,USDT,166347.722163,176077.0,USDT,166347.722163,62,1,12,8,10,0.0,0.40869565217391307,1.0584875927995367,False,0.6752562362131092,0.1908516209416269,False,False,,18.4,,0,[],[],0,False,False,,,33.7,False,,,0.0,,False,18.4,0,,False,[],,False,62.0,5.17,True
0xfd1b7a01d542a50f59de355cc8cf70e9326c434b,tron,USDT,80909.657227,81291.0,USDT,80909.657227,60,1,1,4,23,0.23809523809523808,0.18253968253968253,1.0047131922945873,False,0.47285880405274994,0.16230881726089447,False,False,,18.4,,0,[],[],0,False,False,,,50.0,False,,,0.0,,False,18.4,0,,False,[],,False,60.0,60.0,True
0xd4fd6584d97b555f8b21858c26ed43be49e7fe99,tron,USDT,694232.0,656000.0,USDT,694232.0,54,1,6,8,24,0.24293785310734464,0.7288135593220338,0.944929072701921,False,0.5096900996485726,0.16745334648167848,False,False,,18.4,,0,[],[],0,False,False,,,27.9,False,,,0.0,,False,18.4,0,,False,[],,False,54.0,9.0,True
0xb82f38a9dd79bc8dd0f72a1ac4995cca954e2df5,tron,USDT,131756.0,105406.0,USDT,131756.0,51,1,4,8,20,0.04838709677419355,0.14516129032258066,0.8000091077446189,False,0.36085035782384955,0.14612399511590352,False,False,,18.4,,0,[],[],0,False,False,,,24.9,False,,,0.0,,False,18.4,0,,False,[],,False,51.0,12.75,True
0x19ce8930dd7e387747721a28cfa50c6869a87259,tron,USDT,164064.77000000002,217056.57,USDT,164064.77000000002,89,2,8,7,22,0.18867924528301888,0.10377358490566038,1.322993169100228,False,0.5073572422936583,0.16692863958489113,False,False,,18.4,,0,[],[],0,False,False,,,21.1,False,,,0.0,,False,18.4,0,,False,[],,False,44.5,11.12,False
0xbd4958b299ef691f998b37f02a5b03659eb89fde,tron,USDT,174926.759335,202632.0,USDT,174926.759335,86,2,7,8,24,0.1337579617834395,0.37579617834394907,1.1583819466519816,False,0.6217177557693067,0.18340429591409346,False,False,,18.4,,0,[],[],0,False,False,,,20.2,False,,,0.0,,False,18.4,0,,False,[],,False,43.0,12.29,False
0x435894eac62d2b82ec3a2b2c7f24628708429aad,tron,USDT,96348.46064200003,37000.0,USDT,96348.46064200003,80,2,2,8,24,0.23218997361477572,0.06860158311345646,0.38402274155142063,True,0.3154553756331522,0.13941278895647347,False,False,,18.4,,0,[],[],0,False,False,,,49.3,False,,,0.0,,False,18.4,0,,False,[],,False,40.0,40.0,False
0x09839478157d7dc28ff147437da7bcf654ff3955,tron,USDT,98407.323487,193794.48,USDT,98407.323487,78,2,3,4,5,0.11494252873563218,0.09195402298850575,1.969309530358287,False,0.4990740294395856,0.16599330878442747,False,False,,18.4,,0,[],[],0,False,False,,,17.9,False,,,0.0,,False,18.4,0,,False,[],,False,39.0,26.0,False
0x47f9ec8cf2104ba07ccff7b4f05c562cb424c8e8,tron,USDT,400973.3,259786.0,USDT,400973.3,88,1,6,8,24,0.14838709677419354,0.4838709677419355,0.6478885252459453,False,0.5554368480275514,0.17469497519824456,False,False,,18.3,,0,[],[],0,False,False,,,48.8,False,,,0.0,,False,18.3,0,,False,[],,False,88.0,14.67,True
0xca14878fd852d768b91b5b0a909b4fca4cd1c819,tron,USDT,39078.080064,39668.080064,USDT,39078.080064,68,1,4,8,19,0.07228915662650602,0.7469879518072289,1.0150979781768636,False,0.5873070908304737,0.17920026921196702,False,False,,18.3,,0,[],[],0,False,False,,,55.0,False,,,0.0,,False,18.3,0,,False,[],,False,68.0,17.0,True
0x18bdfe76f46112ed7468f7a03c737966745f8829,tron,USDT,214625.53999999998,162925.0,USDT,214625.53999999998,89,2,6,7,5,0.0064516129032258064,0.0,0.759112825062665,False,0.6141263409989565,0.1829775873539347,False,False,,18.3,,0,[],[],0,False,False,,,21.1,False,,,0.0,,False,18.3,0,,False,[],,False,44.5,14.83,False
0xcbe778cb140dfea2f31d8037f991623db815da71,tron,USDT,86656.0,99747.0,USDT,86656.0,61,2,10,8,13,0.11827956989247312,0.0967741935483871,1.151068593057607,False,0.6048944697635317,0.18157689647841296,False,False,,18.3,,0,[],[],0,False,False,,,17.6,False,,,0.0,,False,18.3,0,,False,[],,False,30.5,6.1,False
0x0d24b0fb532ffc22e1605fc81e617544010f6c28,tron,USDT,362764.75499999995,365437.63899999997,USDT,362764.75499999995,55,2,23,8,23,0.22772277227722773,0.019801980198019802,1.0073680917541177,False,0.42143686107217176,0.15520161714794178,False,False,,18.3,,0,[],[],0,False,False,,,5.2,False,,,0.0,,False,18.3,0,,False,[],,False,27.5,2.39,False
0x56f568614dc07db7c6ba6ba13e085484557f8424,tron,USDT,133399.85107500004,193000.0,USDT,133399.85107500004,50,3,6,8,24,0.2857142857142857,0.25,1.4467782268474316,False,0.3929311598914386,0.15105343778158625,False,False,,18.3,,0,[],[],0,False,False,,,22.5,False,,,0.0,,False,18.3,0,,False,[],,False,16.67,8.33,False
0xfb6bd9350ae5d2aedbcfdb36d36364210c2cfea3,tron,USDT,154739.709052,147485.049052,USDT,154739.709052,124,1,10,5,23,0.20765027322404372,0.3333333333333333,0.9531170114998595,False,0.6708949339079481,0.19119184940295691,False,False,,18.2,,0,[],[],0,False,False,,,73.1,False,,,0.0,,False,18.2,0,,False,[],,False,124.0,12.4,True
0xbfbbf69d7a9a2d1f492ce2104103e039be6de1ef,tron,USDT,80649.76000000001,77880.76,USDT,80649.76000000001,119,1,10,6,24,0.2565789473684211,0.42105263157894735,0.9656663578416103,False,0.6846691222259377,0.19334999208521259,False,False,,18.2,,0,[],[],0,False,False,,,83.6,False,,,0.0,,False,18.2,0,,False,[],,False,119.0,11.9,True
0x5d7814c9e6256fb1fdbfa029d11831cd8e560d43,tron,USDT,114856.72173099997,115403.88173,USDT,114856.72173099997,118,1,18,8,24,0.20689655172413793,0.20689655172413793,1.0047638483038155,False,0.639925465383785,0.1871512238242608,False,False,,18.2,,0,[],[],0,False,False,,,79.6,False,,,0.0,,False,18.2,0,,False,[],,False,118.0,6.56,True
0x6592d8ac3cfaeaaab020e62a540a3a810fd07f3e,tron,USDT,158726.06063999998,159521.06064,USDT,158726.06063999998,112,1,16,4,24,0.17424242424242425,0.45454545454545453,1.0050086293126315,False,0.6813911464327643,0.19317329780961356,False,False,,18.2,,0,[],[],0,False,False,,,70.3,False,,,0.0,,False,18.2,0,,False,[],,False,112.0,7.0,True
0xf537656ee81f79ffc6055e33309f20b2de9f91e7,tron,USDT,81897.01000000001,81897.01,USDT,81897.01000000001,109,1,15,4,24,0.16793893129770993,0.5725190839694656,0.9999999999999998,False,0.6891599490878234,0.19385340305787307,False,False,,18.2,,0,[],[],0,False,False,,,73.9,False,,,0.0,,False,18.2,0,,False,[],,False,109.0,7.27,True
0xa388830c2c8dd1616e008d72f7b16888f46eee1b,tron,USDT,68894.395498,69171.395498,USDT,68894.395498,108,1,15,4,24,0.168,0.528,1.004020646352983,False,0.6813553955490894,0.19303177851845443,False,False,,18.2,,0,[],[],0,False,False,,,70.2,False,,,0.0,,False,18.2,0,,False,[],,False,108.0,7.2,True
0x09318cb01272bfab58783e62a9ea8d1a0a382fc6,tron,USDT,140732.0,140732.0,USDT,140732.0,105,1,16,4,24,0.168,0.544,1.0,False,0.6752015273652948,0.1923132761237193,False,False,,18.2,,0,[],[],0,False,False,,,73.3,False,,,0.0,,False,18.2,0,,False,[],,False,105.0,6.56,True
0x13723ec391627d6c8b421c45a55b6bc839f0ffab,tron,USDT,28281.589631,17600.0,USDT,28281.589631,103,1,9,8,24,0.12834224598930483,0.0427807486631016,0.6223129686001914,False,0.4590192335163896,0.16119269618215443,False,False,,18.2,,0,[],[],0,False,False,,,76.1,False,,,0.0,,False,18.2,0,,False,[],,False,103.0,11.44,True
0xa9065274c3283996f8af578cd77506aaf335cf8b,tron,USDT,173044.0,176234.01081,USDT,173044.0,101,1,16,4,24,0.176,0.496,1.018434680254733,False,0.6553711886838859,0.18949541421343968,False,False,,18.2,,0,[],[],0,False,False,,,75.2,False,,,0.0,,False,18.2,0,,False,[],,False,101.0,6.31,True
0x172324df1130b9fb3dfcc264767ff908abcd2cec,tron,USDT,244567.5,244567.5,USDT,244567.5,94,1,14,5,24,0.184,0.528,1.0,False,0.6429571489181162,0.1875711911471008,False,False,,18.2,,0,[],[],0,False,False,,,63.8,False,,,0.0,,False,18.2,0,,False,[],,False,94.0,6.71,True
0xda330829d1fb6e98d36d0b046fa9e137618d406e,tron,USDT,21605.5,24474.5,USDT,21605.5,94,1,7,6,24,0.1951219512195122,0.2032520325203252,1.1327902617389092,False,0.5533104245296047,0.1746690866763405,False,False,,18.2,,0,[],[],0,False,False,,,76.1,False,,,0.0,,False,18.2,0,,False,[],,False,94.0,13.43,True
0xd482f219a85151b1295d69e57feb07cad2579769,tron,USDT,118121.98999999999,117135.45999999999,USDT,118121.98999999999,86,1,20,5,24,0.2248062015503876,0.6046511627906976,0.991648210464453,False,0.6308285814225469,0.1859745780559398,False,False,,18.2,,0,[],[],0,False,False,,,61.4,False,,,0.0,,False,18.2,0,,False,[],,False,86.0,4.3,True
0x956741c7d359f9d73fbf7f3412ce5be2e98f769c,tron,USDT,73310.60062000001,73310.60062,USDT,73310.60062000001,81,1,6,4,18,0.13793103448275862,0.1724137931034483,0.9999999999999998,False,0.6907933814170555,0.19453649310268506,False,False,,18.2,,0,[],[],0,False,False,,,64.4,False,,,0.0,,False,18.2,0,,False,[],,False,81.0,13.5,True
0x34f8a76f4895b1d80c8080c1ea13504819eeffce,tron,USDT,289698.3,286116.3,USDT,289698.3,81,1,14,4,24,0.2396694214876033,0.5454545454545454,0.9876354124273425,False,0.6143917409496179,0.1836517344566294,False,False,,18.2,,0,[],[],0,False,False,,,59.9,False,,,0.0,,False,18.2,0,,False,[],,False,81.0,5.79,True
0xf7794d565c7b647298b884b08ba57710bc072894,tron,USDT,26768.710080999997,23756.62,USDT,26768.710080999997,76,1,5,8,24,0.1941747572815534,0.36893203883495146,0.8874772048452969,False,0.5581488139007522,0.17562925327950896,False,False,,18.2,,0,[],[],0,False,False,,,70.8,False,,,0.0,,False,18.2,0,,False,[],,False,76.0,15.2,True
0x51a7cd6d391689318f82115906e3e5b2d86697b7,tron,USDT,28923.331496000003,23054.731496,USDT,28923.331496000003,60,1,3,8,21,0.036585365853658534,0.6707317073170732,0.7970980624824768,False,0.5117530872525412,0.1685599068027691,False,False,,18.2,,0,[],[],0,False,False,,,53.2,False,,,0.0,,False,18.2,0,,False,[],,False,60.0,20.0,True
0xfe2ea8df994018a914644a55359734ba5eaa0ba6,tron,USDT,25012.0,22846.0,USDT,25012.0,55,1,6,8,24,0.18518518518518517,0.48148148148148145,0.9134015672477211,False,0.4941567665679151,0.16600146079946704,False,False,,18.2,,0,[],[],0,False,False,,,55.2,False,,,0.0,,False,18.2,0,,False,[],,False,55.0,9.17,True
0x86d0760e82b05d8f627f46723e599621b7c58f70,tron,USDT,150698.80099900003,904989.01,USDT,150698.80099900003,70,2,3,8,17,0.3125,0.275,6.005283413011395,False,0.390857021637675,0.15158433681204053,False,False,,18.2,,0,[],[],0,False,False,,,15.8,False,,,0.0,,False,18.2,0,,False,[],,False,35.0,23.33,False
0xc507801ef3e88ebe5620c918ff2fdf1b286b3a07,tron,USDT,74970.25503799999,200000.0,USDT,74970.25503799999,129,1,1,5,24,0.15436241610738255,0.06711409395973154,2.6677246849250613,False,0.39168434450572753,0.15221640679735976,False,False,,18.1,,0,[],[],0,False,False,,,83.2,False,,,0.0,,False,18.1,0,,False,[],,False,129.0,129.0,True
0xed4ce39deca38b9a7a3d3a21f3891ca676e9bb40,tron,USDT,120594.67200000002,123058.21199900002,USDT,120594.67200000002,122,1,17,7,24,0.18787878787878787,0.15757575757575756,1.0204282656782715,False,0.6214977155533571,0.18476533410452467,False,False,,18.1,,0,[],[],0,False,False,,,80.3,False,,,0.0,,False,18.1,0,,False,[],,False,122.0,7.18,True
0x2e90a289df880fa35616e4a65ac9eda24e6c10fe,tron,USDT,110484.3357,112916.53769900002,USDT,110484.3357,121,1,17,8,24,0.24025974025974026,0.16883116883116883,1.0220139984875705,False,0.6258050916898428,0.18583017269489166,False,False,,18.1,,0,[],[],0,False,False,,,77.3,False,,,0.0,,False,18.1,0,,False,[],,False,121.0,7.12,True
0xf677932471b511b45d43d6279c248588fcdca5c6,tron,USDT,52607.670320000005,52807.67032,USDT,52607.670320000005,103,1,14,4,24,0.16535433070866143,0.5118110236220472,1.003801726987404,False,0.6654042706398549,0.1911990616415592,False,False,,18.1,,0,[],[],0,False,False,,,69.7,False,,,0.0,,False,18.1,0,,False,[],,False,103.0,7.36,True
0x164c78ed23a6665868af9055afdd919d50632c61,tron,USDT,72129.82087099999,70000.0,USDT,72129.82087099999,102,1,2,8,20,0.049019607843137254,0.049019607843137254,0.970472394839174,False,0.5279935031511186,0.1715374078886714,False,False,,18.1,,0,[],[],0,False,False,,,66.9,False,,,0.0,,False,18.1,0,,False,[],,False,102.0,51.0,True
0xba34614a1712fc41c360a9b183b151593e42d143,tron,USDT,735341.7,642584.84,USDT,735341.7,62,1,6,8,24,0.22040816326530613,0.2938775510204082,0.8738588332471829,False,0.48856048111698014,0.16585903524093137,False,False,,18.1,,0,[],[],0,False,False,,,33.7,False,,,0.0,,False,18.1,0,,False,[],,False,62.0,10.33,True
0xa49058586735fe70e8874b86f4c9869f72e156f0,tron,USDT,77643.81000000001,77704.30999999998,USDT,77643.81000000001,56,1,25,8,23,0.14285714285714285,0.11764705882352941,1.000779199269072,False,0.4190635067732539,0.15615014121193105,False,False,,18.1,,0,[],[],0,False,False,,,51.8,False,,,0.0,,False,18.1,0,,False,[],,False,56.0,2.24,True
0xbbf7e38990319322243664a812394735be85df61,tron,USDT,261087.68699999998,250581.0,USDT,261087.68699999998,50,1,3,1,5,0.8225806451612904,0.14516129032258066,0.959758014172457,False,0.3860542757237574,0.15117349569055605,False,False,,18.1,,0,[],[],0,False,False,,,24.0,False,,,0.0,,False,18.1,0,,False,[],,False,50.0,16.67,True
0xa497c6088c29475a5254cb07e4acd25bb3f7ff8b,tron,USDT,295564.4761010001,319020.0,USDT,295564.4761010001,81,2,4,8,22,0.18181818181818182,0.12121212121212122,1.0793583999282266,False,0.5475564065650548,0.17417265464868142,False,False,,18.1,,0,[],[],0,False,False,,,24.4,False,,,0.0,,False,18.1,0,,False,[],,False,40.5,20.25,False
0x495fd1805f37b411a9a8eeb7f49bd920e9eb958c,tron,USDT,482730.8,430438.0,USDT,482730.8,51,2,13,8,24,0.2222222222222222,0.9829059829059829,0.8916729572672802,False,0.5366926737614748,0.17265261382184321,False,False,,18.1,,0,[],[],0,False,False,,,1.4,False,,,0.0,,False,18.1,0,,False,[],,False,25.5,3.92,False
0x82d9252ef42286cbbf3192c2e22407b44c2153a8,tron,USDT,141437.50187599997,122306.39,USDT,141437.50187599997,127,1,9,6,24,0.24210526315789474,0.2789473684210526,0.8647380530464088,False,0.643333694614373,0.18884451957102427,False,False,,18.0,,0,[],[],0,False,False,,,77.8,False,,,0.0,,False,18.0,0,,False,[],,False,127.0,14.11,True
0x4cb3ed678b3b1265327c539935f255689afa9a76,tron,USDT,152014.526197,40000.0,USDT,152014.526197,87,1,1,2,2,1.0,0.5652173913043478,0.2631327479070181,True,0.3845739403323582,0.15160423159331382,False,False,,18.0,,0,[],[],0,False,False,,,44.1,False,,,0.0,,False,18.0,0,,False,[],,False,87.0,87.0,True
0x15ff023bea61786e16600bf32dd79483a840b00a,tron,USDT,14019.990000000005,14549.77,USDT,14019.990000000005,82,1,5,7,24,0.18604651162790697,0.0,1.0377874734575414,False,0.43947262834625156,0.1594242404474201,False,False,,18.0,,0,[],[],0,False,False,,,73.3,False,,,0.0,,False,18.0,0,,False,[],,False,82.0,16.4,True
0xf8267657808eae64866f733765827911c05a9876,tron,USDT,51484.98,51484.98,USDT,51484.98,64,1,1,3,23,0.5504587155963303,0.14678899082568808,1.0,False,0.4749893932965634,0.16448802467370566,False,False,,18.0,,0,[],[],0,False,False,,,43.4,False,,,0.0,,False,18.0,0,,False,[],,False,64.0,64.0,True
0xb4de62237c58283c655b4c81466b3a0501f668b8,tron,USDT,377849.19000000006,320000.0,USDT,377849.19000000006,60,1,4,8,24,0.21074380165289255,0.6487603305785123,0.8468987322693479,False,0.5212040994449599,0.17147329482711854,False,False,,18.0,,0,[],[],0,False,False,,,32.5,False,,,0.0,,False,18.0,0,,False,[],,False,60.0,15.0,True
0xd23edd14e3da88b210b8946f0a6bc86170f3d3f8,tron,USDT,62295.84,55000.0,USDT,62295.84,64,2,4,8,20,0.051094890510948905,0.41605839416058393,0.8828839935379313,False,0.5740311898828091,0.1787980922591249,False,False,,18.0,,0,[],[],0,False,False,,,33.0,False,,,0.0,,False,18.0,0,,False,[],,False,32.0,16.0,False
0xd2b80bb918bc81ae6216963d64133556246d8adb,tron,USDT,404543.77092499996,320000.0,USDT,404543.77092499996,57,2,3,8,20,0.24183006535947713,0.3006535947712418,0.7910145279664339,False,0.4991447808584543,0.16791567550473513,False,False,,18.0,,0,[],[],0,False,False,,,6.7,False,,,0.0,,False,18.0,0,,False,[],,False,28.5,19.0,False
0x3a710a9455435f1c36871e44a32cbb552778cc6c,tron,USDT,124341.75,122846.0,USDT,124341.75,52,3,13,8,22,0.14166666666666666,0.05,0.9879706534611263,False,0.41235866187593334,0.15573641117999987,False,False,,18.0,,0,[],[],0,False,False,,,2.3,False,,,0.0,,False,18.0,0,,False,[],,False,17.33,4.0,False
0x4b67e35707487c105a521172ff315cf2b44255cb,tron,USDT,121714.20000000001,116948.86,USDT,121714.20000000001,117,1,8,8,24,0.23391812865497075,0.023391812865497075,0.960848117968158,False,0.5523308454858675,0.17631490059404248,False,False,,17.9,,0,[],[],0,False,False,,,80.6,False,,,0.0,,False,17.9,0,,False,[],,False,117.0,14.62,True
0x174c679d1264b97d9256400a10d7d73141ed3b74,tron,USDT,18027.356105,22327.0,USDT,18027.356105,78,1,3,8,23,0.1111111111111111,0.09722222222222222,1.2385066268152027,False,0.44799235304171126,0.16166293858988906,False,False,,17.9,,0,[],[],0,False,False,,,72.2,False,,,0.0,,False,17.9,0,,False,[],,False,78.0,26.0,True
0xca02f63b60cb4e1b438f417d7ae11748f2058e6a,tron,USDT,21142.5,24097.5,USDT,21142.5,74,1,6,6,24,0.23,0.27,1.1397658744235544,False,0.5246772875675589,0.1721412541383885,False,False,,17.9,,0,[],[],0,False,False,,,67.5,False,,,0.0,,False,17.9,0,,False,[],,False,74.0,12.33,True
0x815aa3625e50fb63d57189cd6432431026e6de83,tron,USDT,51766.819334999986,49650.0,USDT,51766.819334999986,73,1,10,8,17,0.013333333333333334,0.0,0.9591085687281392,False,0.5670868813315421,0.1786211988934801,False,False,,17.9,,0,[],[],0,False,False,,,39.6,False,,,0.0,,False,17.9,0,,False,[],,False,73.0,7.3,True
0x94abe6e2b2864997d3d07c53bf16d15cb9388ba6,tron,USDT,23413.882000000005,25736.145999,USDT,23413.882000000005,58,1,6,4,24,0.20634920634920634,0.14285714285714285,1.0991832110113136,False,0.42316293352959977,0.15785475768928925,False,False,,17.9,,0,[],[],0,False,False,,,57.4,False,,,0.0,,False,17.9,0,,False,[],,False,58.0,9.67,True
0xec0685618ac7b5cafbb19b055729bc7f3c53ba4a,tron,USDT,54956.53521199997,100000.0,USDT,54956.53521199997,54,1,1,8,17,0.13333333333333333,0.06666666666666667,1.819619807075549,False,0.37118422695994324,0.1505503842620679,False,False,,17.9,,0,[],[],0,False,False,,,31.8,False,,,0.0,,False,17.9,0,,False,[],,False,54.0,54.0,True
0x0f4c13683cbdd443847302a8fad2babb13f34be8,tron,USDT,71034.98,177406.799,USDT,71034.98,58,3,5,8,18,0.13157894736842105,0.043859649122807015,2.4974568726562603,False,0.3994272380144251,0.1542301718905842,False,False,,17.9,,0,[],[],0,False,False,,,15.1,False,,,0.0,,False,17.9,0,,False,[],,False,19.33,11.6,False
0x10045f4a6fc16c23f4565ccc40b1440aebfce705,tron,USDT,186823.8,183233.79,USDT,186823.8,107,1,11,5,24,0.208955223880597,0.5298507462686567,0.980783979343103,False,0.6757494984566562,0.1942527583504275,False,False,,17.8,,0,[],[],0,False,False,,,68.8,False,,,0.0,,False,17.8,0,,False,[],,False,107.0,9.73,True
0xa849b2d9f5d2f3148b2404870a19afc0159b1ff6,tron,USDT,93377.2,95144.2,USDT,93377.2,98,1,17,4,24,0.15833333333333333,0.5166666666666667,1.0189232489301456,False,0.647573008253852,0.19065094010371075,False,False,,17.8,,0,[],[],0,False,False,,,57.2,False,,,0.0,,False,17.8,0,,False,[],,False,98.0,5.76,True
0x7bd2e03221e59ea254f60ce76b6c4b6ca1505644,tron,USDT,281281.170833,284775.170833,USDT,281281.170833,66,1,16,8,22,0.1038961038961039,0.2597402597402597,1.0124217344149014,False,0.5201715716575374,0.17236008081267856,False,False,,17.8,,0,[],[],0,False,False,,,36.1,False,,,0.0,,False,17.8,0,,False,[],,False,66.0,4.12,True
0xae55bdac879e4cc0d40a2872d727e0217b5d3284,tron,USDT,133467.06999999998,208559.359999,USDT,133467.06999999998,64,1,1,4,21,0.17721518987341772,0.24050632911392406,1.5626278451980706,False,0.39691439701893483,0.15461572279409852,False,False,,17.8,,0,[],[],0,False,False,,,52.6,False,,,0.0,,False,17.8,0,,False,[],,False,64.0,64.0,True
0xf0bb0fcd9be84b9b31bcae7a96c5ea4610687c03,tron,USDT,31859.336000000003,32368.336000000003,USDT,31859.336000000003,63,1,5,8,23,0.19444444444444445,0.3194444444444444,1.0159764786058316,False,0.5212213355898222,0.1722060686080159,False,False,,17.8,,0,[],[],0,False,False,,,60.8,False,,,0.0,,False,17.8,0,,False,[],,False,63.0,12.6,True
0x65cf2c26521ad03860b35ef72d57a1b94a4f7b0d,tron,USDT,56442.35999999999,56442.36,USDT,56442.35999999999,59,1,1,2,15,0.25925925925925924,0.09876543209876543,1.0000000000000002,False,0.4257955027577428,0.15884877184933943,False,False,,17.8,,0,[],[],0,False,False,,,39.5,False,,,0.0,,False,17.8,0,,False,[],,False,59.0,59.0,True
0x3b55ef3b96ed1ac67715d8f0e21a01fda4e9600d,tron,USDT,191000.0,95322.43,USDT,191000.0,51,3,6,8,21,0.08602150537634409,1.0,0.4990703141361256,True,0.3595722299888713,0.14933125345352993,False,False,,17.8,,0,[],[],0,False,False,,,1.4,False,,,0.0,,False,17.8,0,,False,[],,False,17.0,8.5,False
0x5c9877ab321c08e24d2afbcef788b764e6f096d3,tron,USDT,39170.66,38480.0,USDT,39170.66,119,1,4,8,24,0.20253164556962025,0.0189873417721519,0.9823679253808845,False,0.5565287399340471,0.1782181740336387,False,False,,17.7,,0,[],[],0,False,False,,,85.4,False,,,0.0,,False,17.7,0,,False,[],,False,119.0,29.75,True
0x680e1ec6270950d85ec9d92996560dd145efdf3c,tron,USDT,114608.88540600002,114608.88540599999,USDT,114608.88540600002,116,1,8,4,24,0.12138728323699421,0.2947976878612717,0.9999999999999998,False,0.6601612218922358,0.192913430670193,False,False,,17.7,,0,[],[],0,False,False,,,71.5,False,,,0.0,,False,17.7,0,,False,[],,False,116.0,14.5,True
0xd2ada6f212cec94db6b2faa34623fb2edc36d3a8,tron,USDT,146229.353,147597.75599899996,USDT,146229.353,116,1,18,8,24,0.22875816993464052,0.16339869281045752,1.0093579228173153,False,0.6178144570148144,0.18680458368602104,False,False,,17.7,,0,[],[],0,False,False,,,80.3,False,,,0.0,,False,17.7,0,,False,[],,False,116.0,6.44,True
0x8947f551ac14608ee6353a96eb9086adfcbc723d,tron,USDT,26509.700206,26509.700206,USDT,26509.700206,74,1,7,6,24,0.21428571428571427,0.30612244897959184,1.0,False,0.5627704709376327,0.1786539225564302,False,False,,17.7,,0,[],[],0,False,False,,,66.4,False,,,0.0,,False,17.7,0,,False,[],,False,74.0,10.57,True
0x9cfcdf79fbfb662dc6e60cb52d9f0161ffb1e2f2,tron,USDT,64175.26000000001,64175.26,USDT,64175.26000000001,72,1,1,3,18,0.28695652173913044,0.06956521739130435,0.9999999999999999,False,0.468434450572762,0.16563575550857795,False,False,,17.7,,0,[],[],0,False,False,,,47.2,False,,,0.0,,False,17.7,0,,False,[],,False,72.0,72.0,True
0x627b2ef26b17c217b279843d578264fc9527ff36,tron,USDT,67863.279272,60900.0,USDT,67863.279272,66,2,9,2,12,0.18229166666666666,0.0,0.8973925317683107,False,0.5790966650299456,0.1814570785225229,False,False,,17.7,,0,[],[],0,False,False,,,37.3,False,,,0.0,,False,17.7,0,,False,[],,False,33.0,7.33,False
0x3549d7245f2617307224e0aa168ed5f1554cde19,tron,USDT,229205.59000000003,224563.02,USDT,229205.59000000003,116,1,12,5,23,0.37362637362637363,0.25824175824175827,0.9797449529917659,False,0.6473702888588538,0.19177972024034018,False,False,,17.6,,0,[],[],0,False,False,,,70.7,False,,,0.0,,False,17.6,0,,False,[],,False,116.0,9.67,True
0x8cf8f36ea63f3f8e60cb72f6053a2c83294f43e2,tron,USDT,28195.620000000003,30820.62,USDT,28195.620000000003,86,1,9,8,24,0.22131147540983606,0.3114754098360656,1.093099566528418,False,0.5729795775725514,0.18090422282194057,False,False,,17.6,,0,[],[],0,False,False,,,70.2,False,,,0.0,,False,17.6,0,,False,[],,False,86.0,9.56,True
0xe20b2ca9f34c3c090d9b61046483533bfc8154cc,tron,USDT,193360.54589700003,182277.0,USDT,193360.54589700003,85,1,3,8,24,0.17266187050359713,0.011990407673860911,0.9426793824687273,False,0.4610645145930242,0.16520788323668417,False,False,,17.6,,0,[],[],0,False,False,,,65.7,False,,,0.0,,False,17.6,0,,False,[],,False,85.0,28.33,True
0xe1d159b7ec9de27fffee8d45078cf8ee7aebdcdd,tron,USDT,64037.2411,56484.133053,USDT,64037.2411,77,1,5,8,11,0.0,0.10179640718562874,0.8820513201809377,False,0.6218069547447153,0.18767778958890508,False,False,,17.6,,0,[],[],0,False,False,,,65.8,False,,,0.0,,False,17.6,0,,False,[],,False,77.0,15.4,True
0xc3b41d11380c863a817815a63b613a0c120f2d14,tron,USDT,36955.6,37347.6,USDT,36955.6,76,1,9,8,24,0.21296296296296297,0.5740740740740741,1.0106073233826538,False,0.6070851539064136,0.1855179787010398,False,False,,17.6,,0,[],[],0,False,False,,,67.3,False,,,0.0,,False,17.6,0,,False,[],,False,76.0,8.44,True
0x75d442680f4b6fddbfabb5d7bae401f1c9235206,tron,USDT,58141.299999999996,58967.58,USDT,58141.299999999996,72,1,1,2,20,0.09917355371900827,0.0743801652892562,1.0142115845362936,False,0.4677134743528176,0.16563893757746856,False,False,,17.6,,0,[],[],0,False,False,,,48.1,False,,,0.0,,False,17.6,0,,False,[],,False,72.0,72.0,True
0xf91bd886236aa550e038ecd6b81fc2bbcb8b407f,tron,USDT,24889.29,27322.49,USDT,24889.29,65,1,6,5,24,0.20930232558139536,0.3023255813953488,1.0977609244779583,False,0.50974352999622,0.17192070679441296,False,False,,17.6,,0,[],[],0,False,False,,,62.3,False,,,0.0,,False,17.6,0,,False,[],,False,65.0,10.83,True
0x5f49ecd5ce9c00070a35af0422644a1f0721b164,tron,USDT,132586.55600000004,136393.99199900002,USDT,132586.55600000004,118,1,16,8,24,0.21014492753623187,0.2028985507246377,1.0287166068255063,False,0.6339045360808045,0.19016814785181502,False,False,,17.5,,0,[],[],0,False,False,,,80.8,False,,,0.0,,False,17.5,0,,False,[],,False,118.0,7.38,True
0x0086870f3042ecf812109be4ba10c159d785d02b,tron,USDT,134795.551,136735.340999,USDT,134795.551,117,1,14,8,24,0.175,0.2,1.0143906084778718,False,0.6347120352836365,0.1904992796022557,False,False,,17.5,,0,[],[],0,False,False,,,77.3,False,,,0.0,,False,17.5,0,,False,[],,False,117.0,8.36,True
0x2b60472a3a9d95f790c5af496182d9bcc9914572,tron,USDT,182581.58999999997,191940.0,USDT,182581.58999999997,115,1,18,8,24,0.19543973941368079,0.0,1.05125604394178,False,0.5162019095824544,0.17347240891631516,False,False,,17.5,,0,[],[],0,False,False,,,53.5,False,,,0.0,,False,17.5,0,,False,[],,False,115.0,6.39,True
0x0e93203816bd5ed094a7ef781e34cfb61a4c1caa,tron,USDT,50025.775022,48511.525022,USDT,50025.775022,107,1,7,6,24,0.2446043165467626,0.38848920863309355,0.9697306038870148,False,0.6535133672771908,0.19274388529646885,False,False,,17.5,,0,[],[],0,False,False,,,82.0,False,,,0.0,,False,17.5,0,,False,[],,False,107.0,15.29,True
0xcba2b01d3551bf0a1f191b88e380ea8e24ab4682,tron,USDT,40766.1,40546.1,USDT,40766.1,81,1,9,8,24,0.2222222222222222,0.5462962962962963,0.9946033591636187,False,0.6161247448068434,0.1874993891850404,False,False,,17.5,,0,[],[],0,False,False,,,68.8,False,,,0.0,,False,17.5,0,,False,[],,False,81.0,9.0,True
0x2a23fcab91528e622bc8a3d5ee514670a57c6e47,tron,USDT,784189.2820239998,487900.0,USDT,784189.2820239998,77,1,13,8,22,0.36,0.3,0.6221712170570931,False,0.49437484587217384,0.17005575291181024,False,False,,17.5,,0,[],[],0,False,False,,,41.1,False,,,0.0,,False,17.5,0,,False,[],,False,77.0,5.92,True
0xa356bfcdc49c859f0f296558bb82f05fba10de0c,tron,USDT,74811.22000000002,81085.0,USDT,74811.22000000002,70,1,1,7,24,0.17751479289940827,0.0650887573964497,1.0838614849483805,False,0.44287980313760433,0.1630379078252076,False,False,,17.5,,0,[],[],0,False,False,,,60.6,False,,,0.0,,False,17.5,0,,False,[],,False,70.0,70.0,True
0xe76ccf9b4145c08e123839c61a5147d5eb3fdc61,tron,USDT,56295.57,56295.57,USDT,56295.57,59,1,1,2,21,0.5048543689320388,0.14563106796116504,1.0,False,0.45061518879932116,0.163895979113645,False,False,,17.5,,0,[],[],0,False,False,,,39.7,False,,,0.0,,False,17.5,0,,False,[],,False,59.0,59.0,True
0x522c0afe58bd34380c90c34eee7382e9dd59f92e,tron,USDT,35071.0,33663.0,USDT,35071.0,57,1,7,8,23,0.1780821917808219,0.4931506849315068,0.9598528698925037,False,0.5161750712207579,0.17355745184177335,False,False,,17.5,,0,[],[],0,False,False,,,56.7,False,,,0.0,,False,17.5,0,,False,[],,False,57.0,8.14,True
0xb07afe88731720273d457120393d7ec663d65407,tron,USDT,76005.449,78669.352999,USDT,76005.449,124,1,15,8,24,0.2,0.19333333333333333,1.0350488554971895,False,0.6373686760791789,0.19134114111186773,False,False,,17.4,,0,[],[],0,False,False,,,81.6,False,,,0.0,,False,17.4,0,,False,[],,False,124.0,8.27,True
0xb0db1158875cfcc15c17f592713115246df54614,tron,USDT,24307.439999999995,32057.0,USDT,24307.439999999995,117,1,4,8,24,0.19078947368421054,0.006578947368421052,1.3188143218701767,False,0.4799791805983873,0.16867546333325018,False,False,,17.4,,0,[],[],0,False,False,,,84.5,False,,,0.0,,False,17.4,0,,False,[],,False,117.0,29.25,True
0x24fbeae02d08559d398c53907105e4d91d9401fe,tron,USDT,45567.452999999994,47374.12499900001,USDT,45567.452999999994,114,1,10,8,24,0.20610687022900764,0.1984732824427481,1.039648298951447,False,0.6226812863276571,0.18914926955091882,False,False,,17.4,,0,[],[],0,False,False,,,81.8,False,,,0.0,,False,17.4,0,,False,[],,False,114.0,11.4,True
0x1f3f988472ef64b969dbdaad7126bf9d67cf3825,tron,USDT,39245.6,38854.6,USDT,39245.6,80,1,9,8,24,0.20535714285714285,0.5535714285714286,0.9900370997003486,False,0.6133447131093527,0.18786279341309148,False,False,,17.4,,0,[],[],0,False,False,,,68.4,False,,,0.0,,False,17.4,0,,False,[],,False,80.0,8.89,True
0x8e7e51a83338011350b7d36f3a1b67034bd99dcd,tron,USDT,250722.74963900002,253222.74963899996,USDT,250722.74963900002,70,1,15,8,21,0.17073170731707318,0.23170731707317074,1.0099711733522367,False,0.5289349125505963,0.175808971877773,False,False,,17.4,,0,[],[],0,False,False,,,38.2,False,,,0.0,,False,17.4,0,,False,[],,False,70.0,4.67,True
0x7b20e2eb86c6dffdd679f721b63c5d3c4e535572,tron,USDT,33250.8,33334.8,USDT,33250.8,67,1,9,8,24,0.21359223300970873,0.5436893203883495,1.0025262550073983,False,0.5756720930799798,0.1822026613044061,False,False,,17.4,,0,[],[],0,False,False,,,63.3,False,,,0.0,,False,17.4,0,,False,[],,False,67.0,7.44,True
0x3ccc26157f25c7c833418513121466bdd784155a,tron,USDT,50983.300911000006,50983.3,USDT,50983.300911000006,54,1,1,2,17,0.29411764705882354,0.10588235294117647,0.9999999821314041,False,0.40097581314244546,0.15767184009207896,False,False,,17.4,,0,[],[],0,False,False,,,34.7,False,,,0.0,,False,17.4,0,,False,[],,False,54.0,54.0,True
0x57bf4ccb8a54afb231849918901ced12c52ec18b,tron,USDT,90514.1052,91148.60519999999,USDT,90514.1052,51,2,3,8,20,0.032,0.352,1.0070099571619031,False,0.5105411566371995,0.17324830227475746,False,False,,17.4,,0,[],[],0,False,False,,,30.5,False,,,0.0,,False,17.4,0,,False,[],,False,25.5,17.0,False
0x562f721bcc38735dd19d9fb556e20cbd314797ae,tron,USDT,75413.988,76383.93774599998,USDT,75413.988,120,1,15,8,24,0.20945945945945946,0.19594594594594594,1.0128616689253986,False,0.6377331392738935,0.1918195454477748,False,False,,17.3,,0,[],[],0,False,False,,,81.2,False,,,0.0,,False,17.3,0,,False,[],,False,120.0,8.0,True
0x070b78d56ebc94da129b4401fa4fa07efc046862,tron,USDT,59928.31500000001,63469.094999,USDT,59928.31500000001,119,1,15,8,24,0.16560509554140126,0.14012738853503184,1.0590835901026083,False,0.6013568076477006,0.18662847897207074,False,False,,17.3,,0,[],[],0,False,False,,,81.0,False,,,0.0,,False,17.3,0,,False,[],,False,119.0,7.93,True
0x24a73e967792159f4c2de7a604c3ab299fa4fbfa,tron,USDT,119133.73732699998,127919.02,USDT,119133.73732699998,118,1,14,8,23,0.19491525423728814,0.03389830508474576,1.0737430292217398,False,0.5519251319579431,0.17983868127851915,False,False,,17.3,,0,[],[],0,False,False,,,79.1,False,,,0.0,,False,17.3,0,,False,[],,False,118.0,8.43,True
0x1f84348158c0f71fc0fe9a4bbb559c2450a9b389,tron,USDT,45769.15093800001,46791.990936999995,USDT,45769.15093800001,114,1,13,7,24,0.2028985507246377,0.16666666666666666,1.0223478036633353,False,0.6129466463101839,0.18812123084165244,False,False,,17.3,,0,[],[],0,False,False,,,79.7,False,,,0.0,,False,17.3,0,,False,[],,False,114.0,8.77,True
0xa9f0408c9fd82ec73c12d6b695e7c908904d99ec,tron,USDT,134976.83800000002,138493.807999,USDT,134976.83800000002,114,1,19,7,24,0.19727891156462585,0.1360544217687075,1.0260561000769628,False,0.5960827978038692,0.18619964712652654,False,False,,17.3,,0,[],[],0,False,False,,,76.9,False,,,0.0,,False,17.3,0,,False,[],,False,114.0,6.0,True
0x84f2f789eb24c07814a8b9a19e779f278fd9e734,tron,USDT,200099.167678,195825.77767799998,USDT,200099.167678,111,1,10,8,24,0.235,0.0075,0.978643639303504,False,0.5279518929010063,0.1762142900823459,False,False,,17.3,,0,[],[],0,False,False,,,74.5,False,,,0.0,,False,17.3,0,,False,[],,False,111.0,11.1,True
0x85560456a6fb6e196c2259be9be378212a9828a6,tron,USDT,69039.59087400002,69067.59087399999,USDT,69039.59087400002,106,1,13,4,24,0.15748031496062992,0.48031496062992124,1.000405564396392,False,0.6714292816900894,0.19673916856866663,False,False,,17.3,,0,[],[],0,False,False,,,69.7,False,,,0.0,,False,17.3,0,,False,[],,False,106.0,8.15,True
0x5533fc96b047142c31ae8c8434522b16e3cb9996,tron,USDT,28196.5,26625.5,USDT,28196.5,76,1,7,8,24,0.20175438596491227,0.35964912280701755,0.944283865018708,False,0.5676009393168514,0.18184320818167016,False,False,,17.3,,0,[],[],0,False,False,,,67.3,False,,,0.0,,False,17.3,0,,False,[],,False,76.0,10.86,True
0x46e5ccb9d4ac110169d17057bc574a2184208d52,tron,USDT,65136.413709,69880.89037000001,USDT,65136.413709,70,1,5,8,18,0.12844036697247707,0.1834862385321101,1.0728390832537416,False,0.651554372572841,0.19408488665731222,False,False,,17.3,,0,[],[],0,False,False,,,59.8,False,,,0.0,,False,17.3,0,,False,[],,False,70.0,14.0,True
0x4d759694efca12f601b39d6570690e6575e593aa,tron,USDT,58791.928275999984,57900.0,USDT,58791.928275999984,70,1,7,2,14,0.1652892561983471,0.0,0.9848290691910494,False,0.5622394667868734,0.18099158866556814,False,False,,17.3,,0,[],[],0,False,False,,,66.9,False,,,0.0,,False,17.3,0,,False,[],,False,70.0,10.0,True
0x6a974e09acd9091e2267866c79a5ee6c6e893f59,tron,USDT,21059.017430000004,31058.0,USDT,21059.017430000004,69,1,3,2,2,0.6521739130434783,0.10144927536231885,1.4748076496558555,False,0.37567911495639783,0.1543159707851517,False,False,,17.3,,0,[],[],0,False,False,,,64.4,False,,,0.0,,False,17.3,0,,False,[],,False,69.0,23.0,True
0xe3fc3529dd5d3e3a62d473dc0f454ecc656c8858,tron,USDT,34774.250409,31577.250409,USDT,34774.250409,68,1,6,5,24,0.25274725274725274,0.4175824175824176,0.9080641577489597,False,0.5467379906503435,0.17868660249520124,False,False,,17.3,,0,[],[],0,False,False,,,63.8,False,,,0.0,,False,17.3,0,,False,[],,False,68.0,11.33,True
0xec5d313ab21d92f6b6f7e5d88f11c43843e545ba,tron,USDT,73747.57,87622.47,USDT,73747.57,65,1,8,8,19,0.2153846153846154,0.4,1.1881404363560724,False,0.5102081452277248,0.17346805633158502,False,False,,17.3,,0,[],[],0,False,False,,,35.5,False,,,0.0,,False,17.3,0,,False,[],,False,65.0,8.12,True
0x4c36b765e05e77443483d3bf4cc6ab574e572a3f,tron,USDT,83382.49649800001,100000.0,USDT,83382.49649800001,60,1,6,7,18,0.2676056338028169,0.7464788732394366,1.1992924678430392,False,0.5149357363847227,0.17406901723258028,False,False,,17.3,,0,[],[],0,False,False,,,32.5,False,,,0.0,,False,17.3,0,,False,[],,False,60.0,10.0,True
0x6912102dc869f67258406b554e4f41ef3fc9a316,tron,USDT,32001.0,32001.0,USDT,32001.0,56,1,8,6,24,0.20224719101123595,0.5056179775280899,1.0,False,0.5203648705982181,0.17512847862404557,False,False,,17.3,,0,[],[],0,False,False,,,56.0,False,,,0.0,,False,17.3,0,,False,[],,False,56.0,7.0,True
0xa72c83fde62019f51296d69e60c51b078a77dae8,tron,USDT,29924.479999999992,34075.0,USDT,29924.479999999992,117,1,4,8,24,0.20915032679738563,0.0196078431372549,1.1386998203477556,False,0.5301302098803853,0.17711385950394848,False,False,,17.2,,0,[],[],0,False,False,,,84.7,False,,,0.0,,False,17.2,0,,False,[],,False,117.0,29.25,True
0x21b89bc7e03469a0717833e2bc0227ff8f9316fe,tron,USDT,130674.56199999998,132900.511999,USDT,130674.56199999998,115,1,17,8,24,0.17088607594936708,0.13924050632911392,1.0170343023533535,False,0.6016631437720107,0.18732002376869977,False,False,,17.2,,0,[],[],0,False,False,,,79.9,False,,,0.0,,False,17.2,0,,False,[],,False,115.0,6.76,True
0x4beea824db0fef76f98ea5fe4b90b8da752e033e,tron,USDT,116060.47099999995,120837.3,USDT,116060.47099999995,110,1,8,8,24,0.19943019943019943,0.002849002849002849,1.041158104553962,False,0.5174790282194579,0.17526265517413198,False,False,,17.2,,0,[],[],0,False,False,,,78.5,False,,,0.0,,False,17.2,0,,False,[],,False,110.0,13.75,True
0x4820d4b65aaab81fdf95a7883eaebde3f1c66816,tron,USDT,101382.86999999997,105978.062999,USDT,101382.86999999997,107,1,19,8,24,0.20422535211267606,0.22535211267605634,1.045325142196113,False,0.6138454509837727,0.18925914725452353,False,False,,17.2,,0,[],[],0,False,False,,,76.4,False,,,0.0,,False,17.2,0,,False,[],,False,107.0,5.63,True
0x718f8cad2415b1f4afefbd897886bef34be6c553,tron,USDT,346140.23000000004,345401.03,USDT,346140.23000000004,100,1,9,6,23,0.17419354838709677,0.23870967741935484,0.9978644493302613,False,0.6060429789623611,0.18786986123773958,False,False,,17.2,,0,[],[],0,False,False,,,70.2,False,,,0.0,,False,17.2,0,,False,[],,False,100.0,11.11,True
0x920b00f339713ee43acb718363ed43db67dbfc3b,tron,USDT,130657.050735,129024.050735,USDT,130657.050735,93,1,15,4,24,0.2204724409448819,0.5669291338582677,0.9875016312490317,False,0.6426848828896027,0.1932368261795615,False,False,,17.2,,0,[],[],0,False,False,,,63.5,False,,,0.0,,False,17.2,0,,False,[],,False,93.0,6.2,True
0xa50fbc0614faf879a744ba55f8d79f93a4dafe95,tron,USDT,252741.470245,249023.470245,USDT,252741.470245,67,1,9,4,24,0.23076923076923078,0.43956043956043955,0.98528931561411,False,0.561949674747769,0.18144112726262818,False,False,,17.2,,0,[],[],0,False,False,,,59.7,False,,,0.0,,False,17.2,0,,False,[],,False,67.0,7.44,True
0x528b84999659e7f8f0089a26f1168ed6aa4190b8,tron,USDT,30447.0,30907.0,USDT,30447.0,61,1,8,6,24,0.17045454545454544,0.3977272727272727,1.015108220842776,False,0.5274195946944062,0.17660944511810345,False,False,,17.2,,0,[],[],0,False,False,,,59.6,False,,,0.0,,False,17.2,0,,False,[],,False,61.0,7.62,True
0x7eb18c764b3ae37f1742e2c09edfeb3bac55a09a,tron,USDT,159416.39813099994,161760.0,USDT,159416.39813099994,68,2,15,8,24,0.15300546448087432,0.0,1.0147011342401189,False,0.4559694040386966,0.16627102825843343,False,False,,17.2,,0,[],[],0,False,False,,,38.7,False,,,0.0,,False,17.2,0,,False,[],,False,34.0,4.53,False
0xe042b9004a2c49aa58d57cb0bd4418ff4996974e,tron,USDT,35946.559116,35697.674919000005,USDT,35946.559116,59,2,8,8,24,0.1417910447761194,0.1865671641791045,0.9930762720237885,False,0.5189164847823564,0.17560342534489404,False,False,,17.2,,0,[],[],0,False,False,,,29.6,False,,,0.0,,False,17.2,0,,False,[],,False,29.5,7.38,False
0xbc7721d8312cf2f9efcb7bd7e2d44d5761718966,tron,USDT,30165.23000000001,33502.0,USDT,30165.23000000001,116,1,4,8,24,0.20512820512820512,0.01282051282051282,1.110616428251997,False,0.5264554160891,0.1772347281573982,False,False,,17.1,,0,[],[],0,False,False,,,83.9,False,,,0.0,,False,17.1,0,,False,[],,False,116.0,29.0,True
0xa8efc8182e4789ad0ff8278bfc9726c67b82ed1a,tron,USDT,90242.36726199999,94375.67126100001,USDT,90242.36726199999,114,1,17,8,24,0.20134228187919462,0.174496644295302,1.0458022559071376,False,0.6129227053735151,0.1897130984817334,False,False,,17.1,,0,[],[],0,False,False,,,76.2,False,,,0.0,,False,17.1,0,,False,[],,False,114.0,6.71,True
0xde196b1114be511c1759cbc82a77477106c111c7,tron,USDT,99987.63399999999,102137.349999,USDT,99987.63399999999,110,1,18,7,24,0.1836734693877551,0.19727891156462585,1.0214998186575752,False,0.617380138092838,0.19013558867040425,False,False,,17.1,,0,[],[],0,False,False,,,77.3,False,,,0.0,,False,17.1,0,,False,[],,False,110.0,6.11,True
0xe24d1cf75d41ea99f7655a1ab9634928821e9e8a,tron,USDT,247365.32251800006,242832.50251799996,USDT,247365.32251800006,103,1,11,8,24,0.2192513368983957,0.0213903743315508,0.9816756045113387,False,0.5218124225569135,0.17632781066962938,False,False,,17.1,,0,[],[],0,False,False,,,69.1,False,,,0.0,,False,17.1,0,,False,[],,False,103.0,9.36,True
0x6fb39e2b91a7472e33e36c479ebeb368012b509e,tron,USDT,32348.9,35006.9,USDT,32348.9,90,1,8,7,24,0.20512820512820512,0.28205128205128205,1.0821666269950447,False,0.5756965006510547,0.1843421166216136,False,False,,17.1,,0,[],[],0,False,False,,,71.5,False,,,0.0,,False,17.1,0,,False,[],,False,90.0,11.25,True
0x92344f427840b4a3c5e5f5cc632101afe93465a3,tron,USDT,254027.54780200002,359240.117801,USDT,254027.54780200002,78,1,2,3,20,0.09923664122137404,0.3053435114503817,1.4141777965002724,False,0.49049918826040373,0.17200144822736196,False,False,,17.1,,0,[],[],0,False,False,,,67.9,False,,,0.0,,False,17.1,0,,False,[],,False,78.0,39.0,True
0x0d5278e6875b8e001aae7eae314fcd086a12aec4,tron,USDT,291400.6,280000.0,USDT,291400.6,75,1,5,8,17,0.03076923076923077,0.023076923076923078,0.9608765390325209,False,0.6019122615612772,0.18791330542301238,False,False,,17.1,,0,[],[],0,False,False,,,40.4,False,,,0.0,,False,17.1,0,,False,[],,False,75.0,15.0,True
0x554b0d41f8735964f1328e470b1f5c64b805a63f,tron,USDT,21611.814839000002,52510.0,USDT,21611.814839000002,59,1,1,8,22,0.17105263157894737,0.2894736842105263,2.4296895189589587,False,0.2977089520577005,0.1446572451673676,False,False,,17.1,,0,[],[],0,False,False,,,59.5,False,,,0.0,,False,17.1,0,,False,[],,False,59.0,59.0,True
0x2175363eec43963941f35326130f8a6e8f85ca86,tron,USDT,33936.933860000005,37168.286191,USDT,33936.933860000005,55,1,4,8,20,0.0641025641025641,0.6666666666666666,1.0952163900348302,False,0.5057551946277391,0.17400486049563324,False,False,,17.1,,0,[],[],0,False,False,,,42.0,False,,,0.0,,False,17.1,0,,False,[],,False,55.0,13.75,True
0x1738f4c7300c7de8a2765579ffa44e22fa896008,tron,USDT,76661.382292,80554.0,USDT,76661.382292,55,1,1,3,21,0.1782178217821782,0.1188118811881188,1.0507767743239118,False,0.4032303048721714,0.15969902467347974,False,False,,17.1,,0,[],[],0,False,False,,,51.0,False,,,0.0,,False,17.1,0,,False,[],,False,55.0,55.0,True
0x68e7a1d17fdccede2dcd146101e539c6266020a3,tron,USDT,50973.94,50973.94,USDT,50973.94,51,1,1,3,20,0.24175824175824176,0.08791208791208792,1.0,False,0.37136190072125586,0.15503596006220083,False,False,,17.1,,0,[],[],0,False,False,,,45.1,False,,,0.0,,False,17.1,0,,False,[],,False,51.0,51.0,True
0xdd345190ed97ada0783b5faa9b5cb51bdfc7abdd,tron,USDT,365468.52697199996,300000.0,USDT,365468.52697199996,50,1,2,8,19,0.23859649122807017,0.25263157894736843,0.8208641178642018,False,0.39735059192243727,0.1586227707167835,False,False,,17.1,,0,[],[],0,False,False,,,24.0,False,,,0.0,,False,17.1,0,,False,[],,False,50.0,25.0,True
0xfdbd3eaa4aa26cd0f64cb5aa3c6add5caf7e1b00,tron,USDT,41776.92859999998,36836.0,USDT,41776.92859999998,121,1,4,8,24,0.189873417721519,0.012658227848101266,0.8817306880716937,False,0.532434385386931,0.17842513812376898,False,False,,17.0,,0,[],[],0,False,False,,,85.0,False,,,0.0,,False,17.0,0,,False,[],,False,121.0,30.25,True
0x71a10625537b7c3b844a7c220ceb7c5a80998e97,tron,USDT,107793.14700000001,111245.65899899999,USDT,107793.14700000001,119,1,15,7,24,0.2013888888888889,0.19444444444444445,1.032029049110144,False,0.6320540968389808,0.19248469327688755,False,False,,17.0,,0,[],[],0,False,False,,,81.0,False,,,0.0,,False,17.0,0,,False,[],,False,119.0,7.93,True
0x37a9e1dcb3d6fec344819ef92e115b6467d104f4,tron,USDT,173125.845137,175984.797136,USDT,173125.845137,106,1,18,8,24,0.20714285714285716,0.17857142857142858,1.0165137215459519,False,0.6015126990510132,0.18841055393211714,False,False,,17.0,,0,[],[],0,False,False,,,73.5,False,,,0.0,,False,17.0,0,,False,[],,False,106.0,5.89,True
0xb1c2a3ae1f17f981ca25dbee6773c7504c8865ed,tron,USDT,96063.47999800001,96063.48,USDT,96063.47999800001,101,1,4,4,1,1.0,0.11486486486486487,1.0000000000208193,False,0.5568943572296079,0.18216873494824215,False,False,,17.0,,0,[],[],0,False,False,,,79.1,False,,,0.0,,False,17.0,0,,False,[],,False,101.0,25.25,True
0x85ea49ad944782711da98afbb128cbd679b4c78d,tron,USDT,33924.5,34539.5,USDT,33924.5,82,1,8,8,24,0.18518518518518517,0.26851851851851855,1.0181284912084188,False,0.5677998427001916,0.1838267901736863,False,False,,17.0,,0,[],[],0,False,False,,,69.1,False,,,0.0,,False,17.0,0,,False,[],,False,82.0,10.25,True
0x683edbfb4b88cc7ffcd6c9015c59da1cb3fec616,tron,USDT,55153.909999999996,53437.0,USDT,55153.909999999996,62,1,1,5,19,0.0392156862745098,0.10784313725490197,0.9688705660215206,False,0.4385344017066376,0.16518489657104263,False,False,,17.0,,0,[],[],0,False,False,,,51.4,False,,,0.0,,False,17.0,0,,False,[],,False,62.0,62.0,True
0xe515951609b296ef4bf97c16ef7f5f148ebf21b2,tron,USDT,37371.19,37169.14,USDT,37371.19,59,1,7,8,23,0.21621621621621623,0.3918918918918919,0.9945934287883259,False,0.5180107519434947,0.17624314671677316,False,False,,17.0,,0,[],[],0,False,False,,,58.2,False,,,0.0,,False,17.0,0,,False,[],,False,59.0,8.43,True
0x32abda311dd9a44fc3b2a5641ac5abf4a7941741,tron,USDT,85431.2,85645.88,USDT,85431.2,58,1,25,8,24,0.1826086956521739,0.11304347826086956,1.0025128992686514,False,0.42573840444834865,0.1631015317929267,False,False,,17.0,,0,[],[],0,False,False,,,55.8,False,,,0.0,,False,17.0,0,,False,[],,False,58.0,2.32,True
0xe57952f915d1dab17291cd32f02052bac382edd4,tron,USDT,36669.0,36729.0,USDT,36669.0,57,1,9,6,24,0.16483516483516483,0.6043956043956044,1.0016362595107584,False,0.5338899733842293,0.17865013800763174,False,False,,17.0,,0,[],[],0,False,False,,,56.7,False,,,0.0,,False,17.0,0,,False,[],,False,57.0,6.33,True
0xd318a0d4258d25880813d115f74b6f9669e614a7,tron,USDT,192265.540387,177941.5,USDT,192265.540387,69,2,7,7,16,0.29411764705882354,0.31092436974789917,0.925498660039818,False,0.5832117387962539,0.18575730291278658,False,False,,17.0,,0,[],[],0,False,False,,,14.3,False,,,0.0,,False,17.0,0,,False,[],,False,34.5,9.86,False
0xd8a3b6dc62321cf3dedec6ef6512c543dfd32476,tron,USDT,30894.232724000005,28695.232724,USDT,30894.232724000005,50,2,7,8,24,0.18518518518518517,0.23148148148148148,0.9288216665017959,False,0.46304477453922216,0.16895352155762433,False,False,,17.0,,0,[],[],0,False,False,,,23.4,False,,,0.0,,False,17.0,0,,False,[],,False,25.0,7.14,False
0x4fceaca050d59d3ef97d8f798612490b82e192ba,tron,USDT,114279.13617999997,116894.235179,USDT,114279.13617999997,118,1,15,8,24,0.20408163265306123,0.17006802721088435,1.0228834333756338,False,0.6228522484118483,0.19207173286350393,False,False,,16.9,,0,[],[],0,False,False,,,80.8,False,,,0.0,,False,16.9,0,,False,[],,False,118.0,7.87,True
0x75bea43edc70028c54a3600fe9605b202617e3fd,tron,USDT,58599.121,60431.68999900001,USDT,58599.121,116,1,15,8,24,0.2064516129032258,0.13548387096774195,1.0312729776100227,False,0.5989214757550426,0.18862302108665419,False,False,,16.9,,0,[],[],0,False,False,,,80.3,False,,,0.0,,False,16.9,0,,False,[],,False,116.0,7.73,True
0x3e3798c2992a50c1a0f6d62a3674f41d7611f088,tron,USDT,55978.45278700001,56221.66278600001,USDT,55978.45278700001,113,1,14,8,24,0.21212121212121213,0.1893939393939394,1.0043447074167167,False,0.6246295735781755,0.19201190042487937,False,False,,16.9,,0,[],[],0,False,False,,,75.1,False,,,0.0,,False,16.9,0,,False,[],,False,113.0,8.07,True
0x9342ca5838bd50d89abdcc7840288968958a88b1,tron,USDT,165974.63599999997,168137.55599899997,USDT,165974.63599999997,113,1,18,8,24,0.17123287671232876,0.14383561643835616,1.0130316297184108,False,0.6010423800384986,0.18879677112889348,False,False,,16.9,,0,[],[],0,False,False,,,78.2,False,,,0.0,,False,16.9,0,,False,[],,False,113.0,6.28,True
0xfe5f608135dcdfb29885e4825961acc76b91e14c,tron,USDT,148737.485,152308.996999,USDT,148737.485,107,1,18,8,24,0.20422535211267606,0.19014084507042253,1.0240121849512247,False,0.6078407535061487,0.19011607741524028,False,False,,16.9,,0,[],[],0,False,False,,,73.4,False,,,0.0,,False,16.9,0,,False,[],,False,107.0,5.94,True
0x9c7e6668ef7fcaa1c5eca50667447392cab5a7ad,tron,USDT,186817.42045100007,181031.606921,USDT,186817.42045100007,106,1,9,8,24,0.19,0.0125,0.9690295823803133,False,0.519368071758201,0.17699279741062868,False,False,,16.9,,0,[],[],0,False,False,,,72.9,False,,,0.0,,False,16.9,0,,False,[],,False,106.0,11.78,True
0x3f49ab1d47ad0649cf6c0dd6a8a4e5b024aec4a5,tron,USDT,183983.80365199997,196696.30065100003,USDT,183983.80365199997,105,1,18,8,23,0.2642857142857143,0.18571428571428572,1.0690957396611138,False,0.5915054171929364,0.18767048937418057,False,False,,16.9,,0,[],[],0,False,False,,,72.6,False,,,0.0,,False,16.9,0,,False,[],,False,105.0,5.83,True
0x58b505c349102a32ee29fba7d546a12537e3f5f1,tron,USDT,283823.47000000003,291593.7,USDT,283823.47000000003,95,1,10,8,24,0.216,0.024,1.0273769818965288,False,0.49855515092659153,0.17412444354853235,False,False,,16.9,,0,[],[],0,False,False,,,68.5,False,,,0.0,,False,16.9,0,,False,[],,False,95.0,9.5,True
0xc03baab5c588fb5735c1c407fdfa7c61a0c9b70d,tron,USDT,49121.273128999994,20000.0,USDT,49121.273128999994,94,1,1,8,20,0.029411764705882353,0.10784313725490197,0.4071555708150506,True,0.316369595283078,0.1485191340625731,False,False,,16.9,,0,[],[],0,False,False,,,62.6,False,,,0.0,,False,16.9,0,,False,[],,False,94.0,94.0,True
0x9d1773b3d9e3ecf778933b97fad9d5255421ae5d,tron,USDT,37103.0,37103.0,USDT,37103.0,88,1,8,7,24,0.17094017094017094,0.28205128205128205,1.0,False,0.5874204497242258,0.18688825787114033,False,False,,16.9,,0,[],[],0,False,False,,,73.5,False,,,0.0,,False,16.9,0,,False,[],,False,88.0,11.0,True
0xf30b749908dd60f9ef2a1538e454a8becfb0d681,tron,USDT,128297.69000000003,122679.0,USDT,128297.69000000003,79,1,17,8,24,0.20606060606060606,0.006060606060606061,0.9562058365976813,False,0.44387162977180605,0.166389402618439,False,False,,16.9,,0,[],[],0,False,False,,,64.3,False,,,0.0,,False,16.9,0,,False,[],,False,79.0,4.65,True
0x7ff9c1ec12bcb19131d6596f389142e857484f8f,tron,USDT,40790.8,41622.8,USDT,40790.8,75,1,10,8,24,0.20175438596491227,0.5526315789473685,1.0203967561312846,False,0.5996542083834164,0.18876885442623353,False,False,,16.9,,0,[],[],0,False,False,,,66.9,False,,,0.0,,False,16.9,0,,False,[],,False,75.0,7.5,True
0x0b82bd7efed76bbfef4fa28f6b09ce5657590fde,tron,USDT,560039.972369,26000.0,USDT,560039.972369,69,1,1,6,9,0.8780487804878049,0.36585365853658536,0.046425257629412714,True,0.2669006645933412,0.14120213833105427,False,False,,16.9,,0,[],[],0,False,False,,,37.8,False,,,0.0,,False,16.9,0,,False,[],,False,69.0,69.0,True
0x30dba8b1b348935c36e854762c39da34e3bbc7a3,tron,USDT,455058.82097600005,450126.0,USDT,455058.82097600005,66,1,8,8,20,0.045454545454545456,0.22727272727272727,0.9891600365741285,False,0.5117055754098617,0.17617553216425086,False,False,,16.9,,0,[],[],0,False,False,,,36.1,False,,,0.0,,False,16.9,0,,False,[],,False,66.0,8.25,True
0xde36bdd134470eb6c51ab1782cf17415efb8b030,tron,USDT,81547.75,81939.0,USDT,81547.75,60,1,1,2,23,0.1391304347826087,0.09565217391304348,1.0047978025144777,False,0.42867556889888636,0.16423981359591128,False,False,,16.9,,0,[],[],0,False,False,,,54.9,False,,,0.0,,False,16.9,0,,False,[],,False,60.0,60.0,True
0xbe221e929bdf8666bba1df86413ac0d1a60439c9,tron,USDT,106558.93750400002,140000.0,USDT,106558.93750400002,60,1,1,8,24,0.21379310344827587,0.15172413793103448,1.313826913812318,False,0.3961018213105105,0.15978524038295278,False,False,,16.9,,0,[],[],0,False,False,,,53.5,False,,,0.0,,False,16.9,0,,False,[],,False,60.0,60.0,True
0x30e507896b542b07bc430724e16883ca7f98907e,tron,USDT,33758.908246,31522.908246,USDT,33758.908246,59,1,5,5,24,0.24175824175824176,0.42857142857142855,0.9337656305794505,False,0.5133123115210662,0.17661200761596973,False,False,,16.9,,0,[],[],0,False,False,,,58.2,False,,,0.0,,False,16.9,0,,False,[],,False,59.0,11.8,True
0xa9263fca6333bcd4d1ad01315d184928b96f2052,tron,USDT,18984.42,65193.0,USDT,18984.42,68,2,2,8,19,0.14285714285714285,0.07142857142857142,3.4340264279867387,False,0.3062579550275774,0.1468500311477166,False,False,,16.9,,0,[],[],0,False,False,,,36.8,False,,,0.0,,False,16.9,0,,False,[],,False,34.0,34.0,False
0xea73db99ec76979bfa94ca0b397f2d8ab60c12f2,tron,USDT,54786.641954999985,72664.86,USDT,54786.641954999985,56,3,7,8,22,0.14492753623188406,0.06521739130434782,1.3263243996535619,False,0.3815106822245698,0.15779593622930377,False,False,,16.9,,0,[],[],0,False,False,,,10.2,False,,,0.0,,False,16.9,0,,False,[],,False,18.67,8.0,False
0xe9127dc075fd3d23dee4794fa01cbc36244ea21d,tron,USDT,77191.835,81163.926999,USDT,77191.835,120,1,15,8,24,0.2119205298013245,0.17218543046357615,1.0514574112534052,False,0.6209346526665867,0.19212905541811842,False,False,,16.8,,0,[],[],0,False,False,,,81.2,False,,,0.0,,False,16.8,0,,False,[],,False,120.0,8.0,True
0x2f3113dbfb6d1939d2c5d89993d3b207714f098b,tron,USDT,217483.89,215957.97,USDT,217483.89,109,1,9,8,24,0.1712707182320442,0.0055248618784530384,0.9929837561761471,False,0.524201333331114,0.17849773826926907,False,False,,16.8,,0,[],[],0,False,False,,,73.9,False,,,0.0,,False,16.8,0,,False,[],,False,109.0,12.11,True
0xe02a14345b236903c7161ace90f77e6d538698e3,tron,USDT,186957.02000000008,188035.78,USDT,186957.02000000008,106,1,10,8,24,0.20971867007672634,0.0076726342710997444,1.0057700962499292,False,0.5196563328925683,0.17768867341509909,False,False,,16.8,,0,[],[],0,False,False,,,72.9,False,,,0.0,,False,16.8,0,,False,[],,False,106.0,10.6,True
0x7b16956163b08a84939c18ddf8523dc51b2605c7,tron,USDT,197835.01917400002,194263.04917399999,USDT,197835.01917400002,101,1,9,8,24,0.23057644110275688,0.010025062656641603,0.9819447031424785,False,0.5055531323976938,0.17594862005595407,False,False,,16.8,,0,[],[],0,False,False,,,70.9,False,,,0.0,,False,16.8,0,,False,[],,False,101.0,11.22,True
0xa4d710b38bc74f3f3639e06cadf65e717ef9bf82,tron,USDT,81715.0,83945.0,USDT,81715.0,100,1,14,4,24,0.14173228346456693,0.49606299212598426,1.0272899712415102,False,0.650736320558656,0.19638055803782084,False,False,,16.8,,0,[],[],0,False,False,,,67.5,False,,,0.0,,False,16.8,0,,False,[],,False,100.0,7.14,True
0xd6109063cb30c2a4404edad573c4bc8d3ccb8335,tron,USDT,46468.600000000006,43907.6,USDT,46468.600000000006,100,1,9,6,24,0.22388059701492538,0.3208955223880597,0.9448875154405338,False,0.6153881946451708,0.1913608566305665,False,False,,16.8,,0,[],[],0,False,False,,,78.7,False,,,0.0,,False,16.8,0,,False,[],,False,100.0,11.11,True
0x8f1adc36e4b465593417ae2235dc5e90470e04eb,tron,USDT,237590.41299999997,240066.53399900004,USDT,237590.41299999997,100,1,16,7,24,0.17266187050359713,0.17985611510791366,1.0104218051887475,False,0.5859724908926706,0.1875598833937691,False,False,,16.8,,0,[],[],0,False,False,,,74.7,False,,,0.0,,False,16.8,0,,False,[],,False,100.0,6.25,True
0xd122acc7a7c57375f9580c773a370480c3df58b7,tron,USDT,248506.36883899997,243404.13883900002,USDT,248506.36883899997,98,1,10,8,24,0.2493573264781491,0.02056555269922879,0.9794684135306587,False,0.5049518074409641,0.17553333722561532,False,False,,16.8,,0,[],[],0,False,False,,,69.5,False,,,0.0,,False,16.8,0,,False,[],,False,98.0,9.8,True
0x5ec6c0d347e269e8e2ca47d94dbea16de75163c2,tron,USDT,32590.579999999998,50000.0,USDT,32590.579999999998,95,1,3,8,24,0.3504273504273504,0.07692307692307693,1.5341856450544913,False,0.41743100845197834,0.1630697833656427,False,False,,16.8,,0,[],[],0,False,False,,,72.9,False,,,0.0,,False,16.8,0,,False,[],,False,95.0,31.67,True
0x26810eff4066f95f90c497e5b82c75e38d3feb3b,tron,USDT,38356.5,39312.5,USDT,38356.5,75,1,8,8,24,0.21238938053097345,0.46017699115044247,1.024924067628694,False,0.5890754325497809,0.1879695475248785,False,False,,16.8,,0,[],[],0,False,False,,,66.9,False,,,0.0,,False,16.8,0,,False,[],,False,75.0,9.38,True
0xfde38535fb478beb0ffd4f1b65c2047e8f7ec3e5,tron,USDT,132023.79229800001,132023.0,USDT,132023.79229800001,57,1,2,5,24,0.2185430463576159,0.016556291390728478,0.9999939988241042,False,0.3814794955645663,0.15820061067198815,False,False,,16.8,,0,[],[],0,False,False,,,55.1,False,,,0.0,,False,16.8,0,,False,[],,False,57.0,28.5,True
0x0d32ac4d1a095c834802e82cf468873107b502cd,tron,USDT,25416.0,24007.307099999998,USDT,25416.0,53,1,5,8,24,0.17894736842105263,0.25263157894736843,0.9445745632672332,False,0.4429666733662171,0.16684533354748687,False,False,,16.8,,0,[],[],0,False,False,,,44.5,False,,,0.0,,False,16.8,0,,False,[],,False,53.0,10.6,True
0xb0e197d994279b033ddd15a4d2b9ecba7c86d6cb,tron,USDT,50548.48080800001,50855.48,USDT,50548.48080800001,51,1,1,3,21,0.4,0.05555555555555555,1.0060733613966775,False,0.35886169598540785,0.15472255425027132,False,False,,16.8,,0,[],[],0,False,False,,,33.0,False,,,0.0,,False,16.8,0,,False,[],,False,51.0,51.0,True
0x9b754649b5577f3c5007ac81ce9c665349445309,tron,USDT,42439.01999999999,45384.0,USDT,42439.01999999999,120,1,5,8,24,0.16883116883116883,0.025974025974025976,1.0693932140751603,False,0.5519677721192063,0.18312717754359586,False,False,,16.7,,0,[],[],0,False,False,,,85.0,False,,,0.0,,False,16.7,0,,False,[],,False,120.0,24.0,True
0xed21b5cb14b3b34eac13b7c8813d44613d92a4bd,tron,USDT,79333.45399999998,80236.563999,USDT,79333.45399999998,117,1,16,8,24,0.20689655172413793,0.15172413793103448,1.0113837221684565,False,0.6143545665548534,0.19202936806787202,False,False,,16.7,,0,[],[],0,False,False,,,76.4,False,,,0.0,,False,16.7,0,,False,[],,False,117.0,7.31,True
0x74a766bde2911becc16f58c48d8ce69b61d9c379,tron,USDT,38885.541000000005,43542.67099900001,USDT,38885.541000000005,113,1,11,8,24,0.21739130434782608,0.15217391304347827,1.119765081807657,False,0.5840656514365169,0.1873729857758985,False,False,,16.7,,0,[],[],0,False,False,,,81.7,False,,,0.0,,False,16.7,0,,False,[],,False,113.0,10.27,True
0x708625f5ffba2cf649d6ef7de517a59ee8598516,tron,USDT,273929.14714499994,274019.92214100005,USDT,273929.14714499994,110,1,8,8,20,0.3409090909090909,0.0,1.0003313812967558,False,0.5161407665917307,0.1781979556490812,False,False,,16.7,,0,[],[],0,False,False,,,60.9,False,,,0.0,,False,16.7,0,,False,[],,False,110.0,13.75,True
0x5d27a19d57aa5f459d9b778140c72b7256156fdb,tron,USDT,98651.26100000001,100506.792068,USDT,98651.26100000001,108,1,18,8,24,0.19745222929936307,0.1464968152866242,1.0188089949301304,False,0.5916348917225017,0.1885158340071254,False,False,,16.7,,0,[],[],0,False,False,,,76.3,False,,,0.0,,False,16.7,0,,False,[],,False,108.0,6.0,True
0x98f4070b173f6b163eb85b7d5233cd5cdb92f29d,tron,USDT,122136.48,124573.48000000001,USDT,122136.48,94,1,14,4,24,0.18548387096774194,0.45161290322580644,1.0199530885448804,False,0.6307357293423603,0.19439070420633098,False,False,,16.7,,0,[],[],0,False,False,,,68.2,False,,,0.0,,False,16.7,0,,False,[],,False,94.0,6.71,True
0x5e54539e1d88b050b4aa0ac36c156fd2648d1dfa,tron,USDT,264393.26000000007,429040.819999,USDT,264393.26000000007,93,1,2,3,22,0.08666666666666667,0.24,1.6227373572193176,False,0.46429427654086286,0.17080996482585198,False,False,,16.7,,0,[],[],0,False,False,,,68.3,False,,,0.0,,False,16.7,0,,False,[],,False,93.0,46.5,True
0x36662b520c4b138c01cdd8057e3f5f1c1efefa2e,tron,USDT,125988.6,124994.6,USDT,125988.6,86,1,14,4,24,0.2265625,0.5703125,0.9921103972899136,False,0.6286299708453396,0.19409692576615478,False,False,,16.7,,0,[],[],0,False,False,,,61.4,False,,,0.0,,False,16.7,0,,False,[],,False,86.0,6.14,True
0xf3059208da7b97b433fd3369139ae8ba2876cfc4,tron,USDT,70079.55035699999,70079.550357,USDT,70079.55035699999,83,1,19,2,7,0.39759036144578314,0.0,1.0000000000000002,False,0.4491938905388204,0.16854153968801788,False,False,,16.7,,0,[],[],0,False,False,,,42.9,False,,,0.0,,False,16.7,0,,False,[],,False,83.0,4.37,True
0xa84b8fabc793bc7b02d8307a2896aa10c47cfadb,tron,USDT,41033.0,42395.0,USDT,41033.0,69,1,10,8,24,0.22115384615384615,0.5865384615384616,1.03319279604221,False,0.5813546525013586,0.18729205723675413,False,False,,16.7,,0,[],[],0,False,False,,,64.3,False,,,0.0,,False,16.7,0,,False,[],,False,69.0,6.9,True
0xabd9e2d50df8bacb022b08b145bc42ab840d056b,tron,USDT,211445.66313599996,900000.0,USDT,211445.66313599996,81,2,2,6,23,0.1328125,0.078125,4.256412671945549,False,0.3445905812473483,0.15323725992779752,False,False,,16.7,,0,[],[],0,False,False,,,43.1,False,,,0.0,,False,16.7,0,,False,[],,False,40.5,40.5,False
0xf189fc862dfe16eb35bf49163b69d9345c0f8710,tron,USDT,156868.375917,141068.0,USDT,156868.375917,64,2,15,8,18,0.3619047619047619,0.23809523809523808,0.8992762191573904,False,0.5387436613113255,0.18098531511977756,False,False,,16.7,,0,[],[],0,False,False,,,11.4,False,,,0.0,,False,16.7,0,,False,[],,False,32.0,4.27,False
0x3db3ec9d7b2b8231e8a44d0a52c0bdae4ced055e,tron,USDT,90994.018846,91313.06884499999,USDT,90994.018846,116,1,15,8,24,0.22077922077922077,0.16233766233766234,1.0035062744018368,False,0.618390811305462,0.1928775015828455,False,False,,16.6,,0,[],[],0,False,False,,,80.3,False,,,0.0,,False,16.6,0,,False,[],,False,116.0,7.73,True
0x9cff8863491bf8ec189a5f134e4fde768e4ca486,tron,USDT,66513.53078100002,77151.09078,USDT,66513.53078100002,116,1,17,8,24,0.18120805369127516,0.14093959731543623,1.1599307670799317,False,0.5764992093332711,0.1868361462518796,False,False,,16.6,,0,[],[],0,False,False,,,77.7,False,,,0.0,,False,16.6,0,,False,[],,False,116.0,6.82,True
0x55efd673bee64ebae74f1e9d04fe059b8b952c78,tron,USDT,85425.24542800001,89522.09542700001,USDT,85425.24542800001,110,1,18,8,24,0.2152777777777778,0.16666666666666666,1.0479583052816979,False,0.5993603966441271,0.19011814537881927,False,False,,16.6,,0,[],[],0,False,False,,,74.4,False,,,0.0,,False,16.6,0,,False,[],,False,110.0,6.11,True
0x991dc7b546305f90171cd971aab55a36cda38f22,tron,USDT,75365.00064,75365.00064,USDT,75365.00064,100,1,14,4,24,0.16923076923076924,0.4461538461538462,1.0,False,0.6499151463725074,0.197818148222405,False,False,,16.6,,0,[],[],0,False,False,,,70.4,False,,,0.0,,False,16.6,0,,False,[],,False,100.0,7.14,True
0x3264e828e333f0956b5cb369884db67e29abd22b,tron,USDT,292771.484242,252502.1359,USDT,292771.484242,84,1,4,8,22,0.04201680672268908,0.226890756302521,0.8624546770794316,False,0.5382312833157591,0.18192011206311964,False,False,,16.6,,0,[],[],0,False,False,,,47.8,False,,,0.0,,False,16.6,0,,False,[],,False,84.0,21.0,True
0x135ca84fab106e647604ecb1a7c9d8b2f5c1ef6f,tron,USDT,326522.5934320001,95000.0,USDT,326522.5934320001,62,2,3,5,3,0.0916030534351145,0.25190839694656486,0.2909446449064304,True,0.46204976903219824,0.17066395599103729,False,False,,16.6,,0,[],[],0,False,False,,,10.2,False,,,0.0,,False,16.6,0,,False,[],,False,31.0,20.67,False
0x61106d46f7fab0a597a617624078d425bc0f6791,tron,USDT,79411.90699999999,82080.854999,USDT,79411.90699999999,117,1,14,8,24,0.17482517482517482,0.18181818181818182,1.0336089145800265,False,0.6243770715600235,0.19431742652835982,False,False,,16.5,,0,[],[],0,False,False,,,80.6,False,,,0.0,,False,16.5,0,,False,[],,False,117.0,8.36,True
0xd7c00b93d83edcd322bfc5e3ee5ba47c08be00d5,tron,USDT,80198.34558800001,82806.819587,USDT,80198.34558800001,117,1,15,8,24,0.2077922077922078,0.14285714285714285,1.0325252844042496,False,0.6054593045956032,0.1918651588905041,False,False,,16.5,,0,[],[],0,False,False,,,80.6,False,,,0.0,,False,16.5,0,,False,[],,False,117.0,7.8,True
0x910eee5723b397f8f57212cd15fc11d8eee61f99,tron,USDT,64763.29593400001,64893.295933,USDT,64763.29593400001,113,1,14,8,24,0.22448979591836735,0.16326530612244897,1.0020073098060431,False,0.6127508503001405,0.1931271248645393,False,False,,16.5,,0,[],[],0,False,False,,,79.4,False,,,0.0,,False,16.5,0,,False,[],,False,113.0,8.07,True
0x545b923493ca6795d00d4de25c6e0d13682ee8ca,tron,USDT,76551.739,78003.54599900001,USDT,76551.739,112,1,16,8,24,0.1780821917808219,0.19863013698630136,1.0189650427013814,False,0.6223843355411832,0.19448792512178398,False,False,,16.5,,0,[],[],0,False,False,,,78.8,False,,,0.0,,False,16.5,0,,False,[],,False,112.0,7.0,True
0xd5fe79278383f76494991a568952439e511a586e,tron,USDT,153202.304,160191.35299900002,USDT,153202.304,110,1,18,8,24,0.20689655172413793,0.14482758620689656,1.0456197381927104,False,0.5889244189291287,0.18948007718380977,False,False,,16.5,,0,[],[],0,False,False,,,78.3,False,,,0.0,,False,16.5,0,,False,[],,False,110.0,6.11,True
0xbc716756f4c4380b166614680902b546d33bfc95,tron,USDT,88597.14999999998,89086.11999899999,USDT,88597.14999999998,109,1,17,8,23,0.16666666666666666,0.15333333333333332,1.0055190262779334,False,0.5991719690337642,0.19065702981519073,False,False,,16.5,,0,[],[],0,False,False,,,74.0,False,,,0.0,,False,16.5,0,,False,[],,False,109.0,6.41,True
0x251967d134bddf5106ab21a51e41cd267691896b,tron,USDT,258933.58689000004,252104.05689,USDT,258933.58689000004,91,1,10,8,24,0.24797843665768193,0.016172506738544475,0.973624395034927,False,0.4855394738309141,0.1749736134034099,False,False,,16.5,,0,[],[],0,False,False,,,66.5,False,,,0.0,,False,16.5,0,,False,[],,False,91.0,9.1,True
0x7cb1a2a5e0f1e9eae590ad5f220ec957bee78e61,tron,USDT,50870.368131999996,60720.86,USDT,50870.368131999996,56,1,1,2,21,0.35514018691588783,0.14018691588785046,1.1936390914734418,False,0.39275287750505705,0.16138177034880957,False,False,,16.5,,0,[],[],0,False,False,,,51.2,False,,,0.0,,False,16.5,0,,False,[],,False,56.0,56.0,True
0x079a4c9ffad0bf51c338015d91cb87eb49ac2045,tron,USDT,49343.78,46094.0,USDT,49343.78,52,1,8,8,24,0.21428571428571427,0.4857142857142857,0.9341400273752842,False,0.47793958799520964,0.17351902556536092,False,False,,16.5,,0,[],[],0,False,False,,,51.2,False,,,0.0,,False,16.5,0,,False,[],,False,52.0,6.5,True
0xcb2fda6898875a921a9fb3ff6c9fc932bcb6ec5b,tron,USDT,75230.37734899997,80436.0,USDT,75230.37734899997,87,2,4,8,20,0.0728476821192053,0.046357615894039736,1.0691957535564485,False,0.5327667041890073,0.18122216525552243,False,False,,16.5,,0,[],[],0,False,False,,,40.9,False,,,0.0,,False,16.5,0,,False,[],,False,43.5,21.75,False
0xd3c369fad24c74bdf94a4686e7d19762ed3a7b7e,tron,USDT,116425.814804,148731.0,USDT,116425.814804,71,2,5,8,20,0.18128654970760233,0.21637426900584794,1.2774744179406001,False,0.5238220447105648,0.18020773250301275,False,False,,16.5,,0,[],[],0,False,False,,,33.6,False,,,0.0,,False,16.5,0,,False,[],,False,35.5,14.2,False
0x8588ea3dd85950d6f6dec554bca417c3f4e366ba,tron,USDT,294265.067776,329107.607776,USDT,294265.067776,67,2,8,8,24,0.1643192488262911,0.15023474178403756,1.1184052876657544,False,0.5162850010158522,0.17885243636157971,False,False,,16.5,,0,[],[],0,False,False,,,13.3,False,,,0.0,,False,16.5,0,,False,[],,False,33.5,8.38,False
0xb33e29e5ea9ff32ea6d34efa673e1515fc449fe9,tron,USDT,163383.18399999998,165235.10499899997,USDT,163383.18399999998,112,1,16,8,24,0.25874125874125875,0.16783216783216784,1.0113348323472506,False,0.6110126262331379,0.1931665675719284,False,False,,16.4,,0,[],[],0,False,False,,,79.1,False,,,0.0,,False,16.4,0,,False,[],,False,112.0,7.0,True
0x96f5508c73de382683331178e0914ca539750a72,tron,USDT,38606.29,39243.0,USDT,38606.29,112,1,4,8,24,0.2185430463576159,0.006622516556291391,1.016492390229675,False,0.5294550221661991,0.181749239288582,False,False,,16.4,,0,[],[],0,False,False,,,82.8,False,,,0.0,,False,16.4,0,,False,[],,False,112.0,28.0,True
0x8c25543a0fc60ee8521e89e50ab30c0ce08ee070,tron,USDT,66042.53399999997,70566.814999,USDT,66042.53399999997,104,1,15,8,24,0.22962962962962963,0.14814814814814814,1.068505563384349,False,0.5714919293256758,0.1877687965143432,False,False,,16.4,,0,[],[],0,False,False,,,76.4,False,,,0.0,,False,16.4,0,,False,[],,False,104.0,6.93,True
0x9571d0682df9223a4c0a6eb5646b99ddb910d9bc,tron,USDT,97404.84504,95312.84504,USDT,97404.84504,95,1,11,4,24,0.21138211382113822,0.5284552845528455,0.9785226289396497,False,0.6407618019864875,0.19725257251550904,False,False,,16.4,,0,[],[],0,False,False,,,67.3,False,,,0.0,,False,16.4,0,,False,[],,False,95.0,8.64,True
0x0d62c39c9402928884e473bc1b3ea7d18cd7727d,tron,USDT,128708.20999999999,125175.70999999999,USDT,128708.20999999999,84,1,14,5,24,0.23015873015873015,0.4444444444444444,0.9725541983685423,False,0.6069631095082438,0.19269063644432077,False,False,,16.4,,0,[],[],0,False,False,,,63.7,False,,,0.0,,False,16.4,0,,False,[],,False,84.0,6.0,True
0xfe74680395897f324bf43866a791034d06dbf4a7,tron,USDT,74865.0,75352.0,USDT,74865.0,70,1,15,8,24,0.24074074074074073,0.5740740740740741,1.0065050424096706,False,0.5890681047976586,0.18996312424419692,False,False,,16.4,,0,[],[],0,False,False,,,64.7,False,,,0.0,,False,16.4,0,,False,[],,False,70.0,4.67,True
0x26a63e27f12a7910379b9fba7f4bff13a0e80e2b,tron,USDT,23556.812504,22745.0,USDT,23556.812504,67,1,3,8,19,0.05084745762711865,0.09322033898305085,0.9655381005447086,False,0.45261122638811013,0.17037135720864627,False,False,,16.4,,0,[],[],0,False,False,,,67.6,False,,,0.0,,False,16.4,0,,False,[],,False,67.0,22.33,True
0xcbf2ceb3a7c79af716dff797fb1f44678c83fbde,tron,USDT,16049.226907,19540.766907,USDT,16049.226907,58,1,6,8,24,0.2111111111111111,0.18888888888888888,1.217551912016219,False,0.4216784169179272,0.16604330530438405,False,False,,16.4,,0,[],[],0,False,False,,,61.3,False,,,0.0,,False,16.4,0,,False,[],,False,58.0,9.67,True
0xdb1f297aa5195bbc53d98529bc7730fd954965a9,tron,USDT,24880.1,24880.100000000002,USDT,24880.1,55,1,6,7,24,0.21978021978021978,0.15384615384615385,1.0000000000000002,False,0.432308018667798,0.167868320007933,False,False,,16.4,,0,[],[],0,False,False,,,59.6,False,,,0.0,,False,16.4,0,,False,[],,False,55.0,9.17,True
0x2afb9cc763b6d3afbc328d6afba37168eb9f98e3,tron,USDT,25920.844000000005,25659.724000000002,USDT,25920.844000000005,54,1,12,8,23,0.12,0.21,0.9899262539445088,False,0.4469033670383714,0.16964051715587664,False,False,,16.4,,0,[],[],0,False,False,,,58.3,False,,,0.0,,False,16.4,0,,False,[],,False,54.0,4.5,True
0xef36cec735a67e7aa055fe26922fd22a06e7e219,tron,USDT,39440.608693,42427.788693,USDT,39440.608693,52,2,10,8,24,0.24778761061946902,0.2920353982300885,1.0757386891072545,False,0.49041017477931276,0.17590129028536533,False,False,,16.4,,0,[],[],0,False,False,,,20.0,False,,,0.0,,False,16.4,0,,False,[],,False,26.0,5.2,False
0x045ae1157df257353c19aaad9b5aac315ee03ba9,tron,USDT,55227.843771,58479.97877000001,USDT,55227.843771,120,1,12,8,24,0.176056338028169,0.11971830985915492,1.0588857861712808,False,0.591192719727984,0.19074893724451253,False,False,,16.3,,0,[],[],0,False,False,,,81.2,False,,,0.0,,False,16.3,0,,False,[],,False,120.0,10.0,True
0xf412f0ba0b765cc3e76f4794e9d39d5402bc0a32,tron,USDT,135608.212547,141268.43454600003,USDT,135608.212547,116,1,14,7,24,0.18439716312056736,0.16312056737588654,1.0417395222065793,False,0.6110835762544838,0.19362273648127265,False,False,,16.3,,0,[],[],0,False,False,,,79.6,False,,,0.0,,False,16.3,0,,False,[],,False,116.0,8.29,True
0xa9b3cd634af331a547e840f38b115859d7a62181,tron,USDT,29553.52999999999,36759.0,USDT,29553.52999999999,113,1,4,8,24,0.18,0.013333333333333334,1.243810807033881,False,0.49387678640824284,0.17726261447654784,False,False,,16.3,,0,[],[],0,False,False,,,83.2,False,,,0.0,,False,16.3,0,,False,[],,False,113.0,28.25,True
0x23949e1cf88a772cf3ca55ac6a669ca2998fd205,tron,USDT,47719.066999999995,47885.176999,USDT,47719.066999999995,109,1,11,8,24,0.26119402985074625,0.12686567164179105,1.0034809984654562,False,0.5848998970400441,0.1899614650743952,False,False,,16.3,,0,[],[],0,False,False,,,79.2,False,,,0.0,,False,16.3,0,,False,[],,False,109.0,9.91,True
0x15766e9ba5c7fb81427bc216e087a35e7f22179f,tron,USDT,39906.92800000001,41000.781999,USDT,39906.92800000001,107,1,12,8,24,0.2,0.1357142857142857,1.0274101278605057,False,0.5801777113816536,0.18954856383430202,False,False,,16.3,,0,[],[],0,False,False,,,76.4,False,,,0.0,,False,16.3,0,,False,[],,False,107.0,8.92,True
0x6d4b76311891920ff10fb769de108b1cb48bcf6e,tron,USDT,70140.524498,12000.0,USDT,70140.524498,91,1,1,8,23,0.102880658436214,0.00411522633744856,0.17108511927854447,True,0.21149746509457187,0.13698893249356697,False,False,,16.3,,0,[],[],0,False,False,,,65.5,False,,,0.0,,False,16.3,0,,False,[],,False,91.0,91.0,True
0xfa63bd6fd3c3767b32e5efd24f3e74eeb27bbd70,tron,USDT,41134.31,39872.31,USDT,41134.31,72,1,8,8,24,0.22608695652173913,0.48695652173913045,0.9693200153351302,False,0.5819420684043193,0.1895112915023473,False,False,,16.3,,0,[],[],0,False,False,,,65.6,False,,,0.0,,False,16.3,0,,False,[],,False,72.0,9.0,True
0xe9f50537a940ec20b106917e373c852d4cc3a72f,tron,USDT,110376.26999999999,110376.27,USDT,110376.26999999999,65,1,4,4,19,0.0963855421686747,0.2891566265060241,1.0000000000000002,False,0.5246711921934663,0.181290630373439,False,False,,16.3,,0,[],[],0,False,False,,,57.6,False,,,0.0,,False,16.3,0,,False,[],,False,65.0,16.25,True
0xbf21623046bdd7462f89b69d1116f0a9101206c7,tron,USDT,225586.22,219519.21999999997,USDT,225586.22,59,1,7,8,24,0.24307692307692308,0.08923076923076922,0.9731056267532652,False,0.41613151992002084,0.166090050231598,False,False,,16.3,,0,[],[],0,False,False,,,46.8,False,,,0.0,,False,16.3,0,,False,[],,False,59.0,8.43,True
0x3d9c136dc657eeea8c21bf8bdb7bc4341833a273,tron,USDT,52583.84000000002,52316.0,USDT,52583.84000000002,51,1,1,4,21,0.14285714285714285,0.011428571428571429,0.9949064199191231,False,0.33593503875684116,0.15473416014473057,False,False,,16.3,,0,[],[],0,False,False,,,50.2,False,,,0.0,,False,16.3,0,,False,[],,False,51.0,51.0,True
0x3ba560d1d3a4cc67577da86f03a63eff8f87a921,tron,USDT,17676.16,20096.0,USDT,17676.16,50,1,11,8,19,0.18446601941747573,0.1262135922330097,1.136898511893986,False,0.35535258442646367,0.15758547702510456,False,False,,16.3,,0,[],[],0,False,False,,,49.5,False,,,0.0,,False,16.3,0,,False,[],,False,50.0,4.55,True
0x13e0cb10149b73b9568fc1e75eb44424f8d745a7,tron,USDT,213413.22107200001,233259.044589,USDT,213413.22107200001,62,2,7,8,22,0.21774193548387097,0.23387096774193547,1.0929924744929675,False,0.5305105420127345,0.18220830586983394,False,False,,16.3,,0,[],[],0,False,False,,,10.2,False,,,0.0,,False,16.3,0,,False,[],,False,31.0,8.86,False
0x697d700871831e09ced0cff76ecec8bee091a9ce,tron,USDT,143811.06238199997,240000.0,USDT,143811.06238199997,56,2,3,8,24,0.13545816733067728,0.23904382470119523,1.6688563176210807,False,0.38627540597090476,0.16161225455064937,False,False,,16.3,,0,[],[],0,False,False,,,30.8,False,,,0.0,,False,16.3,0,,False,[],,False,28.0,18.67,False
0xa08f870a17b293478d8c84e514c0b25573b36d4a,tron,USDT,69505.566152,69847.27615100001,USDT,69505.566152,117,1,12,8,24,0.22972972972972974,0.12837837837837837,1.0049162968941614,False,0.6025381661621095,0.19315441293144664,False,False,,16.2,,0,[],[],0,False,False,,,80.6,False,,,0.0,,False,16.2,0,,False,[],,False,117.0,9.75,True
0x6bbef5395d5d14892d100bade72eb430f0a16f47,tron,USDT,57145.09247999997,59103.257479,USDT,57145.09247999997,114,1,13,8,24,0.2198581560283688,0.15602836879432624,1.0342665470300072,False,0.6050049850360859,0.19371087405031212,False,False,,16.2,,0,[],[],0,False,False,,,79.7,False,,,0.0,,False,16.2,0,,False,[],,False,114.0,8.77,True
0xa7c7114277ca89f81dc96e30248882be54598c7f,tron,USDT,133465.40800000002,138324.997999,USDT,133465.40800000002,106,1,15,8,24,0.19852941176470587,0.21323529411764705,1.0364108578531448,False,0.6091582187560575,0.1942520532319345,False,False,,16.2,,0,[],[],0,False,False,,,75.9,False,,,0.0,,False,16.2,0,,False,[],,False,106.0,7.07,True
0x08f724250e0b35278a946fe242221fe6302664e9,tron,USDT,233194.201578,225912.38,USDT,233194.201578,96,1,11,8,24,0.22459893048128343,0.0106951871657754,0.9687735735763381,False,0.48887563113444454,0.1768679241076327,False,False,,16.2,,0,[],[],0,False,False,,,68.9,False,,,0.0,,False,16.2,0,,False,[],,False,96.0,8.73,True
0x6e1996d753344b27e1049f35396c949c4d7f4d43,tron,USDT,41272.0,42187.0,USDT,41272.0,68,1,10,8,24,0.19444444444444445,0.49074074074074076,1.0221699941849196,False,0.5711281564451545,0.18890052246356626,False,False,,16.2,,0,[],[],0,False,False,,,63.8,False,,,0.0,,False,16.2,0,,False,[],,False,68.0,6.8,True
0x151b78d0369277aae62eb2ffd13e5433e7f6bd1e,tron,USDT,396847.70999999996,429462.21,USDT,396847.70999999996,54,1,6,8,18,0.11666666666666667,0.025,1.0821839188639895,False,0.5032280443986065,0.1791511424876449,False,False,,16.2,,0,[],[],0,False,False,,,27.9,False,,,0.0,,False,16.2,0,,False,[],,False,54.0,9.0,True
0xa63b2704df4482db73c5274742a9ad5c1987c921,tron,USDT,29910.6672,36017.0,USDT,29910.6672,110,1,4,8,24,0.1958041958041958,0.013986013986013986,1.2041523433485963,False,0.49642027379952125,0.17851741484936695,False,False,,16.1,,0,[],[],0,False,False,,,82.4,False,,,0.0,,False,16.1,0,,False,[],,False,110.0,27.5,True
0x1623d90a5225db66a3c8e44f0c730efc2a1259e8,tron,USDT,101413.12199999997,101761.32199899998,USDT,101413.12199999997,109,1,15,8,24,0.2112676056338028,0.18309859154929578,1.0034334807185998,False,0.6141839020743539,0.19512429823333155,False,False,,16.1,,0,[],[],0,False,False,,,77.0,False,,,0.0,,False,16.1,0,,False,[],,False,109.0,7.27,True
0x59269c48972eb0afb4a9ed5b997cb220a31111ed,tron,USDT,198187.243,204688.925999,USDT,198187.243,96,1,17,8,24,0.18115942028985507,0.15217391304347827,1.03280575934446,False,0.55627295928936,0.18724613764303194,False,False,,16.1,,0,[],[],0,False,False,,,69.0,False,,,0.0,,False,16.1,0,,False,[],,False,96.0,5.65,True
0x91a33725c3a047ddf032dc498f7899a50ccbfe8a,tron,USDT,164924.56285200003,164690.74289999998,USDT,164924.56285200003,89,1,7,8,19,0.016666666666666666,0.26666666666666666,0.9985822611989588,False,0.5860338048066139,0.1912474956464587,False,False,,16.1,,0,[],[],0,False,False,,,59.2,False,,,0.0,,False,16.1,0,,False,[],,False,89.0,12.71,True
0x14fe59da22ed8d566fe2bddefa8a4503fb8d8ce1,tron,USDT,126821.0,115000.0,USDT,126821.0,79,1,2,8,22,0.20666666666666667,0.11333333333333333,0.9067898849559616,False,0.486173420351396,0.1770680611675095,False,False,,16.1,,0,[],[],0,False,False,,,41.7,False,,,0.0,,False,16.1,0,,False,[],,False,79.0,39.5,True
0x798931691a7bb59111531cc7ea60a5b72d6084db,tron,USDT,284655.70999999996,449499.3,USDT,284655.70999999996,73,1,2,4,23,0.21311475409836064,0.26229508196721313,1.5790981322665196,False,0.4329075691343074,0.16975329294144736,False,False,,16.1,,0,[],[],0,False,False,,,57.7,False,,,0.0,,False,16.1,0,,False,[],,False,73.0,36.5,True
0xefb9e50dc466e3ebbdba793ab0b17897938bb5c6,tron,USDT,171492.77000000005,166700.09000000003,USDT,171492.77000000005,72,1,8,8,24,0.15384615384615385,0.34841628959276016,0.9720531658564964,False,0.5593236582031194,0.1872789397577439,False,False,,16.1,,0,[],[],0,False,False,,,58.1,False,,,0.0,,False,16.1,0,,False,[],,False,72.0,9.0,True
0xd370a980a6c4609776b3be5fa069f50639197008,tron,USDT,531019.0,240024.0,USDT,531019.0,63,2,3,8,21,0.125,0.8303571428571429,0.45200642538214264,True,0.41169954557706495,0.16622325634835827,False,False,,16.1,,0,[],[],0,False,False,,,10.8,False,,,0.0,,False,16.1,0,,False,[],,False,31.5,21.0,False
0x9f7e72c060ae3d3b6d14ffd5fc79a062d770322c,tron,USDT,89395.787,91863.48799899998,USDT,89395.787,115,1,15,8,24,0.19480519480519481,0.13636363636363635,1.0276042203085027,False,0.5978096608173831,0.19383888376005604,False,False,,16.0,,0,[],[],0,False,False,,,77.3,False,,,0.0,,False,16.0,0,,False,[],,False,115.0,7.67,True
0x8feb35cd9f6ce3a6c74413cd7229b3c7ab5db8bb,tron,USDT,58853.95258999999,63176.84258900001,USDT,58853.95258999999,113,1,15,8,24,0.17985611510791366,0.12949640287769784,1.0734511414911243,False,0.5806428221896835,0.19118388714077833,False,False,,16.0,,0,[],[],0,False,False,,,76.4,False,,,0.0,,False,16.0,0,,False,[],,False,113.0,7.53,True
0xb7fb8877e79d70ba25626cb664d230627afcbe10,tron,USDT,132786.94700000004,133236.946999,USDT,132786.94700000004,112,1,16,8,24,0.22818791946308725,0.1342281879194631,1.003388887305316,False,0.5946128462130988,0.19294329735466298,False,False,,16.0,,0,[],[],0,False,False,,,75.5,False,,,0.0,,False,16.0,0,,False,[],,False,112.0,7.0,True
0xd31b30126c03016ee0ec8c987cbf39413145c02e,tron,USDT,125655.35100000001,141532.35399899998,USDT,125655.35100000001,109,1,17,8,24,0.18620689655172415,0.16551724137931034,1.1263535764505561,False,0.5809448129237199,0.19116334049575817,False,False,,16.0,,0,[],[],0,False,False,,,78.3,False,,,0.0,,False,16.0,0,,False,[],,False,109.0,6.41,True
0xce738d3699045b8e2e2d64bd53a61e8cdf556983,tron,USDT,53662.31304500001,53757.313044,USDT,53662.31304500001,106,1,13,8,24,0.16911764705882354,0.16176470588235295,1.001770329931927,False,0.5957214537420831,0.19343760615837402,False,False,,16.0,,0,[],[],0,False,False,,,74.9,False,,,0.0,,False,16.0,0,,False,[],,False,106.0,8.15,True
0x500412c6c3e3332523ea85e3aa40e4658285bff1,tron,USDT,109616.64093699999,115599.115936,USDT,109616.64093699999,106,1,17,8,24,0.20408163265306123,0.14285714285714285,1.0545763393939276,False,0.576038486894231,0.190565608522841,False,False,,16.0,,0,[],[],0,False,False,,,75.9,False,,,0.0,,False,16.0,0,,False,[],,False,106.0,6.24,True
0x5872328485983b5d6173fa8488a3268c09f44218,tron,USDT,153395.50699999998,154857.006999,USDT,153395.50699999998,103,1,14,8,24,0.2426470588235294,0.19852941176470587,1.0095276584535167,False,0.6017219608846043,0.1943410337291046,False,False,,16.0,,0,[],[],0,False,False,,,71.7,False,,,0.0,,False,16.0,0,,False,[],,False,103.0,7.36,True
0xa442df56f3f310a7144c3b521233cf443c07e717,tron,USDT,136340.04020000002,137613.662199,USDT,136340.04020000002,99,1,15,8,24,0.2248062015503876,0.23255813953488372,1.0093415111007134,False,0.5993832887853728,0.1938115776049904,False,False,,16.0,,0,[],[],0,False,False,,,74.3,False,,,0.0,,False,16.0,0,,False,[],,False,99.0,6.6,True
0x4c3fa0b2447f39b705fd452d1f38a3a37389214b,tron,USDT,292584.36263999995,377000.0,USDT,292584.36263999995,72,1,5,8,21,0.050505050505050504,0.35353535353535354,1.288517255667099,False,0.5080581101733261,0.18104337853280505,False,False,,16.0,,0,[],[],0,False,False,,,39.1,False,,,0.0,,False,16.0,0,,False,[],,False,72.0,14.4,True
0xbcf6966b64fc0afe356f77580cbbb538f79f07b9,tron,USDT,388007.09079999995,329719.37440000003,USDT,388007.09079999995,67,2,4,8,23,0.044585987261146494,0.025477707006369428,0.8497766721741573,False,0.454851388741153,0.17334713584713934,False,False,,16.0,,0,[],[],0,False,False,,,13.3,False,,,0.0,,False,16.0,0,,False,[],,False,33.5,16.75,False
0x30229c179d2dfceaa90a5f339a5ae203cae80590,tron,USDT,205742.63400000005,206468.094,USDT,205742.63400000005,63,2,19,8,23,0.3120567375886525,0.028368794326241134,1.0035260557614907,False,0.46811108074418045,0.1751281630023846,False,False,,16.0,,0,[],[],0,False,False,,,13.5,False,,,0.0,,False,16.0,0,,False,[],,False,31.5,3.32,False
0x15838c5cad2aba1358c53500104922fc9a605a5f,tron,USDT,106843.56400000003,143308.42599900003,USDT,106843.56400000003,126,1,14,8,24,0.19310344827586207,0.2,1.3412920781920004,False,0.5809142614935473,0.19170411845220775,False,False,,15.9,,0,[],[],0,False,False,,,82.2,False,,,0.0,,False,15.9,0,,False,[],,False,126.0,9.0,True
0x5b9bff6f7dd59fa62aa6624cef33c3c13bed4c30,tron,USDT,42713.94999999999,46303.0,USDT,42713.94999999999,116,1,4,8,24,0.18421052631578946,0.006578947368421052,1.0840252423388614,False,0.5245186681211119,0.18371046688435172,False,False,,15.9,,0,[],[],0,False,False,,,84.0,False,,,0.0,,False,15.9,0,,False,[],,False,116.0,29.0,True
0x85ec7f1b8e18c54770a5e04e9e5fca4567d34b62,tron,USDT,117859.71399999999,122687.31599900001,USDT,117859.71399999999,114,1,14,8,24,0.22857142857142856,0.16428571428571428,1.0409605779206288,False,0.607696726163859,0.1954463904257147,False,False,,15.9,,0,[],[],0,False,False,,,80.9,False,,,0.0,,False,15.9,0,,False,[],,False,114.0,8.14,True
0x6a40dce6b01a0828e4e3fae70e8e43e93573afc2,tron,USDT,104477.30099999996,105621.572999,USDT,104477.30099999996,113,1,15,8,24,0.17880794701986755,0.1456953642384106,1.0109523503004738,False,0.6029856012169522,0.1946730997786214,False,False,,15.9,,0,[],[],0,False,False,,,78.2,False,,,0.0,,False,15.9,0,,False,[],,False,113.0,7.53,True
0xe39075f3315949fddcd07e161a02746e73fa701e,tron,USDT,73220.55500000001,73298.274999,USDT,73220.55500000001,111,1,14,8,24,0.23129251700680273,0.1564625850340136,1.0010614505585214,False,0.6052395554546937,0.19542212303607376,False,False,,15.9,,0,[],[],0,False,False,,,78.8,False,,,0.0,,False,15.9,0,,False,[],,False,111.0,7.93,True
0xc28800a3eb0d130da9cd1478627505477d9043f6,tron,USDT,83567.75499999999,84355.887999,USDT,83567.75499999999,110,1,14,8,24,0.21641791044776118,0.1865671641791045,1.0094310658339454,False,0.616569450812846,0.1967821226136957,False,False,,15.9,,0,[],[],0,False,False,,,78.5,False,,,0.0,,False,15.9,0,,False,[],,False,110.0,7.86,True
0x013772a659d99b06ce6eb6f459d09988f5c29125,tron,USDT,114490.36600000002,119700.31899900001,USDT,114490.36600000002,110,1,15,8,24,0.21379310344827587,0.16551724137931034,1.0455056017464386,False,0.5990872547037458,0.19443898374652024,False,False,,15.9,,0,[],[],0,False,False,,,78.5,False,,,0.0,,False,15.9,0,,False,[],,False,110.0,7.33,True
0x452fd8fcd05ba44d2d3001aa624602b6ccd0f67c,tron,USDT,59107.03499999999,59698.284999,USDT,59107.03499999999,108,1,13,8,24,0.23776223776223776,0.16083916083916083,1.0100030393843984,False,0.5995903976386061,0.19429690946271883,False,False,,15.9,,0,[],[],0,False,False,,,78.0,False,,,0.0,,False,15.9,0,,False,[],,False,108.0,8.31,True
0xe8d6e8d23543107d6ac750cf312cb37781be206a,tron,USDT,57995.384000000005,58974.503999,USDT,57995.384000000005,105,1,15,8,24,0.20149253731343283,0.14925373134328357,1.016882722924983,False,0.5851470022966325,0.1923345854672882,False,False,,15.9,,0,[],[],0,False,False,,,76.6,False,,,0.0,,False,15.9,0,,False,[],,False,105.0,7.0,True
0x95d9a802d6268ea8f1eb3659b33d7b5c7afa9894,tron,USDT,48892.583999999995,49580.010999,USDT,48892.583999999995,103,1,12,8,24,0.2748091603053435,0.16030534351145037,1.0140599441215872,False,0.5838447782524752,0.1919185129451641,False,False,,15.9,,0,[],[],0,False,False,,,76.4,False,,,0.0,,False,15.9,0,,False,[],,False,103.0,8.58,True
0x0aa13265a166e3488285d8e016ea7383e06a5232,tron,USDT,109817.862425,111444.662425,USDT,109817.862425,103,1,8,8,21,0.13592233009708737,0.04854368932038835,1.0148136192425985,False,0.5336304030076534,0.18474213151017654,False,False,,15.9,,0,[],[],0,False,False,,,71.4,False,,,0.0,,False,15.9,0,,False,[],,False,103.0,12.88,True
0x07b3191fea99be94d867cdad041da0d6c65f8d58,tron,USDT,143959.18400000004,147971.89699900002,USDT,143959.18400000004,101,1,17,8,24,0.2517985611510791,0.14388489208633093,1.027873963213073,False,0.5674841806284928,0.1898615327968659,False,False,,15.9,,0,[],[],0,False,False,,,75.3,False,,,0.0,,False,15.9,0,,False,[],,False,101.0,5.94,True
0xf6c2fed6d13e0af4418697e468a2df3cefa5390f,tron,USDT,83980.68799999997,86682.261999,USDT,83980.68799999997,100,1,14,8,24,0.211864406779661,0.2542372881355932,1.0321689910304144,False,0.6042789722648548,0.1952998729437459,False,False,,15.9,,0,[],[],0,False,False,,,70.7,False,,,0.0,,False,15.9,0,,False,[],,False,100.0,7.14,True
0x573e16a62cdc23a0d5359901a936b83197f58e27,tron,USDT,140215.64500000002,142672.64499899998,USDT,140215.64500000002,96,1,17,8,24,0.21705426356589147,0.1937984496124031,1.017523008926714,False,0.5779548806075295,0.1911048131757337,False,False,,15.9,,0,[],[],0,False,False,,,69.1,False,,,0.0,,False,15.9,0,,False,[],,False,96.0,5.65,True
0x80a9cde055c5169d6fdf04c9623ad53e6c76044c,tron,USDT,99678.021,102366.601999,USDT,99678.021,87,1,17,7,24,0.19827586206896552,0.20689655172413793,1.0269726562789605,False,0.5605791641196852,0.18909392906254607,False,False,,15.9,,0,[],[],0,False,False,,,66.6,False,,,0.0,,False,15.9,0,,False,[],,False,87.0,5.12,True
0x5bde78be0af3063503f2557d76d19aee05cef644,tron,USDT,29962.564075,175000.0,USDT,29962.564075,72,1,1,5,23,0.13580246913580246,0.09876543209876543,5.840621635783686,False,0.2797624098430208,0.14892495649566434,False,False,,15.9,,0,[],[],0,False,False,,,65.4,False,,,0.0,,False,15.9,0,,False,[],,False,72.0,72.0,True
0x5402d7f370e7b91b7ce40f2303a92ba8e5bb036f,tron,USDT,128830.07999999999,133669.0,USDT,128830.07999999999,61,1,2,5,24,0.1824561403508772,0.007017543859649123,1.0375604827692415,False,0.38419346135875243,0.16375457906236468,False,False,,15.9,,0,[],[],0,False,False,,,55.3,False,,,0.0,,False,15.9,0,,False,[],,False,61.0,30.5,True
0x13afd6a571ff7afb0dfc6d07049bf881d2289cff,tron,USDT,102724.95999999998,14000.0,USDT,102724.95999999998,61,1,1,8,24,0.21148036253776434,0.0,0.1362862540905346,True,0.1055559355868808,0.12382329540769793,False,False,,15.9,,0,[],[],0,False,False,,,55.4,False,,,0.0,,False,15.9,0,,False,[],,False,61.0,61.0,True
0x73bc0f4873306b92ef48c51c3db87385cb2c5a37,tron,USDT,197591.246214,493000.0,USDT,197591.246214,77,2,2,8,19,0.06521739130434782,0.07608695652173914,2.4950498032997843,False,0.3356385235468816,0.15693085880251256,False,False,,15.9,,0,[],[],0,False,False,,,17.6,False,,,0.0,,False,15.9,0,,False,[],,False,38.5,38.5,False
0x0f88fd5e674967c5827cc683ad8fc3cf17ed17ea,tron,USDT,190079.587608,119205.0,USDT,190079.587608,62,2,3,8,24,0.21673003802281368,0.04182509505703422,0.6271320424254905,False,0.3949427428083904,0.16513530658481773,False,False,,15.9,,0,[],[],0,False,False,,,35.1,False,,,0.0,,False,15.9,0,,False,[],,False,31.0,20.67,False
0xfff4beb2c9c090db099b728da321aaaba0c0089d,tron,USDT,50250.42560000001,51160.725600000005,USDT,50250.42560000001,55,2,11,8,24,0.25203252032520324,0.21138211382113822,1.0181152694555486,False,0.5023591268471169,0.1803687004278663,False,False,,15.9,,0,[],[],0,False,False,,,16.3,False,,,0.0,,False,15.9,0,,False,[],,False,27.5,5.0,False
0x696521cd5336669d0d67f4601175d948be5ac108,tron,USDT,403943.41699999996,390007.0,USDT,403943.41699999996,54,2,10,8,19,0.1388888888888889,0.17592592592592593,0.9654990862247423,False,0.4806475474104131,0.17726651027574547,False,False,,15.9,,0,[],[],0,False,False,,,4.3,False,,,0.0,,False,15.9,0,,False,[],,False,27.0,5.4,False
0x882d266ca08a1ba67ade0a1ae7c8671738c59e3a,tron,USDT,96025.5915,98522.486499,USDT,96025.5915,111,1,16,8,24,0.21014492753623187,0.16666666666666666,1.0260023912375484,False,0.6055971458509205,0.19570355529998157,False,False,,15.8,,0,[],[],0,False,False,,,79.6,False,,,0.0,,False,15.8,0,,False,[],,False,111.0,6.94,True
0x4dfcb93ed2cb52373079958cedcb27775de7bddc,tron,USDT,81730.45635299999,84309.65135200002,USDT,81730.45635299999,111,1,16,8,24,0.17482517482517482,0.13286713286713286,1.0315573302057717,False,0.58649718902885,0.1930874260452693,False,False,,15.8,,0,[],[],0,False,False,,,77.5,False,,,0.0,,False,15.8,0,,False,[],,False,111.0,6.94,True
0x69cd16dbe98fcee7c7fbf17528bc0c4221598885,tron,USDT,82726.85700000002,84734.75199900001,USDT,82726.85700000002,107,1,15,7,24,0.2013888888888889,0.1875,1.0242713802000238,False,0.606897951367717,0.19579527340144598,False,False,,15.8,,0,[],[],0,False,False,,,73.4,False,,,0.0,,False,15.8,0,,False,[],,False,107.0,7.13,True
0x6649763bd2f811040b7ecddddeefd21cbc56b2ef,tron,USDT,64076.164768,65229.72476700001,USDT,64076.164768,106,1,16,7,24,0.2152777777777778,0.13194444444444445,1.0180029501324976,False,0.5767770086158425,0.19176898574451223,False,False,,15.8,,0,[],[],0,False,False,,,76.0,False,,,0.0,,False,15.8,0,,False,[],,False,106.0,6.62,True
0x53c7200946851d1f33adba6222caa8f493dba278,tron,USDT,77536.09800000001,77697.617999,USDT,77536.09800000001,103,1,14,8,24,0.18253968253968253,0.2222222222222222,1.00208315872434,False,0.6103385655398159,0.19677284442500753,False,False,,15.8,,0,[],[],0,False,False,,,71.4,False,,,0.0,,False,15.8,0,,False,[],,False,103.0,7.36,True
0xcf1890550407dc1a3ccc0224c1caa46150111e55,tron,USDT,180551.42200000005,181273.037999,USDT,180551.42200000005,100,1,15,7,24,0.20863309352517986,0.16546762589928057,1.0039967339553821,False,0.579790385919997,0.19224743756846235,False,False,,15.8,,0,[],[],0,False,False,,,74.8,False,,,0.0,,False,15.8,0,,False,[],,False,100.0,6.67,True
0x32ae0990bd8fc19a42b98fcef159707f120dd358,tron,USDT,39522.34300000001,41611.531999,USDT,39522.34300000001,99,1,11,8,24,0.2,0.136,1.052860960166253,False,0.5513073158157099,0.1881729432073027,False,False,,15.8,,0,[],[],0,False,False,,,74.2,False,,,0.0,,False,15.8,0,,False,[],,False,99.0,9.0,True
0xccc7c91df3da0c7775aa04a02581338c3c81a116,tron,USDT,89497.711889,80000.0,USDT,89497.711889,57,1,3,8,22,0.40229885057471265,0.3448275862068966,0.8938776010186765,False,0.4783724654731456,0.17759889088434277,False,False,,15.8,,0,[],[],0,False,False,,,37.6,False,,,0.0,,False,15.8,0,,False,[],,False,57.0,19.0,True
0x95816805046d32888b2155ad07459138656cc842,tron,USDT,15143.86,50000.0,USDT,15143.86,52,1,2,8,20,0.21666666666666667,0.1,3.3016681348084305,False,0.18334747560458212,0.1355782984609541,False,False,,15.8,,0,[],[],0,False,False,,,46.2,False,,,0.0,,False,15.8,0,,False,[],,False,52.0,26.0,True
0x911f6bf290af0f9980a967ed7eca6f443fe7bdaa,tron,USDT,27760.825470999996,67742.0,USDT,27760.825470999996,86,2,2,8,23,0.24338624338624337,0.0,2.4402012134245017,False,0.3054942723801442,0.1530277309059278,False,False,,15.8,,0,[],[],0,False,False,,,51.1,False,,,0.0,,False,15.8,0,,False,[],,False,43.0,43.0,False
0x132f419bab0065e89264cf44f7e551c23a8c295d,tron,USDT,42573.10893999999,37750.0,USDT,42573.10893999999,66,2,6,8,15,0.6296296296296297,0.012345679012345678,0.8867099664532981,False,0.44617949859401135,0.17330880682627547,False,False,,15.8,,0,[],[],0,False,False,,,42.2,False,,,0.0,,False,15.8,0,,False,[],,False,33.0,11.0,False
0x56d1f1045f71b99a89b9740873e7eab8fefde8b7,tron,USDT,105592.327,106568.908999,USDT,105592.327,112,1,15,8,24,0.26277372262773724,0.145985401459854,1.0092486076095284,False,0.6011625822540807,0.1955223571268384,False,False,,15.7,,0,[],[],0,False,False,,,79.1,False,,,0.0,,False,15.7,0,,False,[],,False,112.0,7.47,True
0x0d8f0eccb5dc19cc36308a208546fed87e0fbb17,tron,USDT,76967.93000000002,78175.121999,USDT,76967.93000000002,111,1,13,7,24,0.1875,0.1736111111111111,1.015684350599009,False,0.6118185817257645,0.1973228947015196,False,False,,15.7,,0,[],[],0,False,False,,,78.9,False,,,0.0,,False,15.7,0,,False,[],,False,111.0,8.54,True
0x5ce633149baa343e6e153210b79b9f37a1a85dbd,tron,USDT,116495.46399999999,120656.363999,USDT,116495.46399999999,110,1,14,8,24,0.17777777777777778,0.17037037037037037,1.0357172704938966,False,0.6038026638477628,0.1962270275604191,False,False,,15.7,,0,[],[],0,False,False,,,74.3,False,,,0.0,,False,15.7,0,,False,[],,False,110.0,7.86,True
0x5d9fc7d75f6a2a41f992e8cdd5ac0e027d06ca2c,tron,USDT,75506.20847299999,80483.538472,USDT,75506.20847299999,104,1,18,8,24,0.17518248175182483,0.11678832116788321,1.0659194799958713,False,0.5538080429062139,0.18890044363945518,False,False,,15.7,,0,[],[],0,False,False,,,73.6,False,,,0.0,,False,15.7,0,,False,[],,False,104.0,5.78,True
0xa02f9c23d9f97ff15245d5b1a0ffd538763ff5bd,tron,USDT,114352.83900000002,117526.91899899997,USDT,114352.83900000002,102,1,16,8,24,0.17518248175182483,0.18248175182481752,1.02775689722054,False,0.5893149760925912,0.194183326973083,False,False,,15.7,,0,[],[],0,False,False,,,71.6,False,,,0.0,,False,15.7,0,,False,[],,False,102.0,6.38,True
0x8b6ed140d853fbc6163fb00348634e16ea614799,tron,USDT,62266.51558399999,62826.455583,USDT,62266.51558399999,101,1,14,8,24,0.19424460431654678,0.18705035971223022,1.0089926342231987,False,0.5923889996721189,0.19439440541937852,False,False,,15.7,,0,[],[],0,False,False,,,74.0,False,,,0.0,,False,15.7,0,,False,[],,False,101.0,7.21,True
0xfcb133cf49d31a499dce1b198f1a155511c4c9c6,tron,USDT,39467.753000000004,41593.15399900001,USDT,39467.753000000004,100,1,11,8,24,0.20588235294117646,0.13970588235294118,1.0538515835700097,False,0.5568792378044537,0.18934839383155955,False,False,,15.7,,0,[],[],0,False,False,,,75.7,False,,,0.0,,False,15.7,0,,False,[],,False,100.0,9.09,True
0xacd77efbd678e20df0864d827ff481a328eece4e,tron,USDT,75938.95723099998,75427.13999999998,USDT,75938.95723099998,79,1,7,8,24,0.15789473684210525,0.0,0.9932601493401721,False,0.4393181308438511,0.17276147748855664,False,False,,15.7,,0,[],[],0,False,False,,,68.2,False,,,0.0,,False,15.7,0,,False,[],,False,79.0,11.29,True
0x3188783b5c9e5c4ed00321504247f59642fd2df3,tron,USDT,113936.5,159446.715716,USDT,113936.5,74,1,4,8,24,0.21052631578947367,0.41626794258373206,1.3994349108143571,False,0.5041817492753976,0.18169934633118234,False,False,,15.7,,0,[],[],0,False,False,,,48.8,False,,,0.0,,False,15.7,0,,False,[],,False,74.0,18.5,True
0xc8954847f2793b7c591de3b6b9b1477fee8c782e,tron,USDT,65063.64,68263.64,USDT,65063.64,61,1,7,3,23,0.18181818181818182,0.37662337662337664,1.0491826156667534,False,0.5164893147962208,0.18379629228961664,False,False,,15.7,,0,[],[],0,False,False,,,63.1,False,,,0.0,,False,15.7,0,,False,[],,False,61.0,8.71,True
0xb737f61a9203d8f6bad338475395a04f3fb5b55c,tron,USDT,322166.985347,240292.0,USDT,322166.985347,58,1,8,8,24,0.1858108108108108,0.4594594594594595,0.7458616522769582,False,0.4743526444138134,0.1778175487580384,False,False,,15.7,,0,[],[],0,False,False,,,30.9,False,,,0.0,,False,15.7,0,,False,[],,False,58.0,7.25,True
0xa52564cf6668dbd7bf08aac7493bbe4b70ddb29e,tron,USDT,30815.460270000003,19164.46027,USDT,30815.460270000003,56,1,4,5,24,0.2222222222222222,0.34444444444444444,0.6219105637911667,False,0.4188242001574697,0.16952144648388512,False,False,,15.7,,0,[],[],0,False,False,,,57.8,False,,,0.0,,False,15.7,0,,False,[],,False,56.0,14.0,True
0x014760625e1ed522ffa91b2970dce77d47a6770a,tron,USDT,63774.5,53145.51,USDT,63774.5,83,2,7,8,24,0.19230769230769232,0.038461538461538464,0.8333347968231817,False,0.5014993734503386,0.1815556188245011,False,False,,15.7,,0,[],[],0,False,False,,,25.3,False,,,0.0,,False,15.7,0,,False,[],,False,41.5,11.86,False
0x993ec3fff3052564dcd0088ecbd34e98c8d947a5,tron,USDT,262094.53848899994,345000.0,USDT,262094.53848899994,71,2,5,8,21,0.18548387096774194,0.1532258064516129,1.3163189206038324,False,0.4911061776951012,0.17988804953376558,False,False,,15.7,,0,[],[],0,False,False,,,15.1,False,,,0.0,,False,15.7,0,,False,[],,False,35.5,14.2,False
0x1ed405addf38838c87cfed72b0c28d7887bb2a09,tron,USDT,104183.130224,109320.86022299998,USDT,104183.130224,117,1,14,8,24,0.22297297297297297,0.10135135135135136,1.0493144138398756,False,0.579827401491677,0.19324320264511619,False,False,,15.6,,0,[],[],0,False,False,,,81.0,False,,,0.0,,False,15.6,0,,False,[],,False,117.0,8.36,True
0xc583073125d790c1de771d423be564ba49f588c7,tron,USDT,150315.202,152653.134999,USDT,150315.202,113,1,13,8,24,0.19463087248322147,0.12080536912751678,1.015553536621,False,0.5873856863966316,0.19462684030951222,False,False,,15.6,,0,[],[],0,False,False,,,79.4,False,,,0.0,,False,15.6,0,,False,[],,False,113.0,8.69,True
0x8b79a2c558a17b4255f6c73fbca33167b0c6eb29,tron,USDT,63203.11412499998,63729.814124000004,USDT,63203.11412499998,112,1,13,8,24,0.21768707482993196,0.12244897959183673,1.0083334501201688,False,0.5877690333531406,0.19442341849701478,False,False,,15.6,,0,[],[],0,False,False,,,79.1,False,,,0.0,,False,15.6,0,,False,[],,False,112.0,8.62,True
0x5fc9a64a43b42ed626b54b4a839875a70f2b89a9,tron,USDT,90454.75300000001,95852.25699899999,USDT,90454.75300000001,111,1,15,8,24,0.2348993288590604,0.15436241610738255,1.0596707615684935,False,0.5925843033502809,0.1949900602293141,False,False,,15.6,,0,[],[],0,False,False,,,77.5,False,,,0.0,,False,15.6,0,,False,[],,False,111.0,7.4,True
0x4dc2e84284bf220d8c2ac87ea0c52cf29fa6d21f,tron,USDT,154014.487512,158879.711511,USDT,154014.487512,103,1,15,7,24,0.15789473684210525,0.17293233082706766,1.0315893918656251,False,0.5873817397855513,0.19462660836611057,False,False,,15.6,,0,[],[],0,False,False,,,74.2,False,,,0.0,,False,15.6,0,,False,[],,False,103.0,6.87,True
0xee79364bab2d10851a9a428f2fc9ea9822281d73,tron,USDT,63637.164000000004,64201.67199899999,USDT,63637.164000000004,101,1,13,8,24,0.24193548387096775,0.1774193548387097,1.008870728415867,False,0.5881706994589564,0.19473909863661876,False,False,,15.6,,0,[],[],0,False,False,,,71.1,False,,,0.0,,False,15.6,0,,False,[],,False,101.0,7.77,True
0xe5b8652f039454badb0e6905837dc99223b69d8f,tron,USDT,42114.663,43135.25599899999,USDT,42114.663,100,1,11,7,24,0.19852941176470587,0.13970588235294118,1.024233673649484,False,0.562802819788559,0.19108544566136837,False,False,,15.6,,0,[],[],0,False,False,,,74.8,False,,,0.0,,False,15.6,0,,False,[],,False,100.0,9.09,True
0x85da1ca9e525cff81d7e101616c044dab2e26b4b,tron,USDT,358547.191114,257409.09633600002,USDT,358547.191114,90,1,3,4,14,0.7528735632183908,0.10919540229885058,0.7179225014599455,False,0.4711407158202029,0.1779956986201544,False,False,,15.6,,0,[],[],0,False,False,,,45.0,False,,,0.0,,False,15.6,0,,False,[],,False,90.0,30.0,True
0xe65324c78165f9b03b02c7c6a0cf7648d828f100,tron,USDT,50905.97599999999,51128.975999,USDT,50905.97599999999,75,1,10,5,24,0.2727272727272727,0.17045454545454544,1.0043806251548937,False,0.5250890849817493,0.18559746171952957,False,False,,15.6,,0,[],[],0,False,False,,,62.6,False,,,0.0,,False,15.6,0,,False,[],,False,75.0,7.5,True
0x11420e7469e8640721cacefeac1d5c505ac9b8b0,tron,USDT,48989.68899999999,49019.688999000005,USDT,48989.68899999999,72,1,10,5,24,0.1797752808988764,0.12359550561797752,1.0006123737384822,False,0.4917315770130163,0.18051028225145183,False,False,,15.6,,0,[],[],0,False,False,,,65.6,False,,,0.0,,False,15.6,0,,False,[],,False,72.0,7.2,True
0xcedd98d01866e02e5da5efa254bac89a3ebc89ea,tron,USDT,51545.680005,100000.0,USDT,51545.680005,72,1,1,5,23,0.28,0.09333333333333334,1.940026787701702,False,0.28887202896793285,0.15197087221912814,False,False,,15.6,,0,[],[],0,False,False,,,57.7,False,,,0.0,,False,15.6,0,,False,[],,False,72.0,72.0,True
0xd2d11a44c25c244719f088f1b41979a5cd3a3d4d,tron,USDT,54798.889336,20000.0,USDT,54798.889336,66,1,1,8,19,0.08823529411764706,0.04411764705882353,0.36497090073066585,True,0.20999036173289598,0.14076094415700469,False,False,,15.6,,0,[],[],0,False,False,,,36.1,False,,,0.0,,False,15.6,0,,False,[],,False,66.0,66.0,True
0x8dcbef69324af776d9ac29198a7de7851cedde20,tron,USDT,131826.908,148606.243999,USDT,131826.908,113,1,15,8,24,0.20422535211267606,0.13380281690140844,1.127283088510276,False,0.5721674807281527,0.1928750662158743,False,False,,15.5,,0,[],[],0,False,False,,,79.4,False,,,0.0,,False,15.5,0,,False,[],,False,113.0,7.53,True
0x9e289e4ba4c960331bcc8f7c284ed75c70298dcf,tron,USDT,123718.15099999998,129793.319999,USDT,123718.15099999998,108,1,14,8,23,0.15328467153284672,0.17518248175182483,1.0491049126574807,False,0.5998311175957842,0.1964702411904613,False,False,,15.5,,0,[],[],0,False,False,,,76.8,False,,,0.0,,False,15.5,0,,False,[],,False,108.0,7.71,True
0x64b96ab98495f9c2e88888bff1d4d73e62c93852,tron,USDT,118721.062305,119443.002304,USDT,118721.062305,107,1,15,8,24,0.2206896551724138,0.15862068965517243,1.006080976576383,False,0.5964927567424239,0.19628129852581105,False,False,,15.5,,0,[],[],0,False,False,,,77.6,False,,,0.0,,False,15.5,0,,False,[],,False,107.0,7.13,True
0x2b6b644bf0021a7011e0f51cf81bc333ac95ca33,tron,USDT,52237.14399999998,52768.833998999995,USDT,52237.14399999998,107,1,13,8,24,0.19594594594594594,0.11486486486486487,1.0101783895191516,False,0.5722960997796657,0.19257108664630174,False,False,,15.5,,0,[],[],0,False,False,,,79.9,False,,,0.0,,False,15.5,0,,False,[],,False,107.0,8.23,True
0xce31b914b792fa7dcc1a5343a383cc46514aafa0,tron,USDT,90255.57499999997,91241.421999,USDT,90255.57499999997,104,1,16,8,24,0.15862068965517243,0.16551724137931034,1.0109228377194432,False,0.5904755936780035,0.19546073011276588,False,False,,15.5,,0,[],[],0,False,False,,,72.1,False,,,0.0,,False,15.5,0,,False,[],,False,104.0,6.5,True
0xf9167963bbc7e26d81093b06a6c607e2d42d1603,tron,USDT,55478.06500000001,56552.43499899999,USDT,55478.06500000001,104,1,13,8,24,0.19117647058823528,0.16176470588235295,1.0193656718019992,False,0.586665686174178,0.19463203169189863,False,False,,15.5,,0,[],[],0,False,False,,,76.4,False,,,0.0,,False,15.5,0,,False,[],,False,104.0,8.0,True
0x19d80671f3c7522f4ffcd1ce2781ed2b32e1efcf,tron,USDT,118474.34500000002,120964.831999,USDT,118474.34500000002,104,1,17,8,24,0.2222222222222222,0.11805555555555555,1.0210213189952642,False,0.5635937845675149,0.19182616662428953,False,False,,15.5,,0,[],[],0,False,False,,,76.4,False,,,0.0,,False,15.5,0,,False,[],,False,104.0,6.12,True
0x19c247efd9325c03769078d8291cfe5554ad70b6,tron,USDT,44796.129,49193.08899899999,USDT,44796.129,100,1,12,8,24,0.2878787878787879,0.18181818181818182,1.0981549097467773,False,0.5690198453735126,0.19216794044144375,False,False,,15.5,,0,[],[],0,False,False,,,74.8,False,,,0.0,,False,15.5,0,,False,[],,False,100.0,8.33,True
0x1b04d34f8565ae05a101fd9df68945dff8b9ac8f,tron,USDT,80632.628,81840.995999,USDT,80632.628,99,1,17,8,24,0.2230769230769231,0.13846153846153847,1.0149860922181528,False,0.56036722788645,0.1909710254748873,False,False,,15.5,,0,[],[],0,False,False,,,74.3,False,,,0.0,,False,15.5,0,,False,[],,False,99.0,5.82,True
0x4dbd54c325f3d337ab1f0e17aaae04c7738bfd30,tron,USDT,47682.363,47074.0,USDT,47682.363,77,1,20,8,24,0.20833333333333334,0.0,0.9872413412061815,False,0.43404139509740935,0.17327208954053291,False,False,,15.5,,0,[],[],0,False,False,,,57.2,False,,,0.0,,False,15.5,0,,False,[],,False,77.0,3.85,True
0xe3fe32360a56ae3dc675f75a5cd4485810406a3e,tron,USDT,160444.94,163901.982,USDT,160444.94,61,2,18,8,24,0.29411764705882354,0.0196078431372549,1.02154659411509,False,0.45063340497842447,0.17567854322989795,False,False,,15.5,,0,[],[],0,False,False,,,9.6,False,,,0.0,,False,15.5,0,,False,[],,False,30.5,3.39,False
0x307552a0111550f71635bb824375f93c6bfa9d21,tron,USDT,93460.572,97049.62199900001,USDT,93460.572,116,1,15,8,24,0.2517482517482518,0.1048951048951049,1.0384017551165856,False,0.5814583846576332,0.19467801168156396,False,False,,15.4,,0,[],[],0,False,False,,,78.4,False,,,0.0,,False,15.4,0,,False,[],,False,116.0,7.73,True
0xb6a379fd92bf95c1b9695780459fd22086a7725a,tron,USDT,108695.23900000006,110164.20899900002,USDT,108695.23900000006,112,1,13,8,24,0.176056338028169,0.14788732394366197,1.0135145753624035,False,0.6014973394884018,0.19728579355871856,False,False,,15.4,,0,[],[],0,False,False,,,79.5,False,,,0.0,,False,15.4,0,,False,[],,False,112.0,8.62,True
0xac1023e32b760fadd1932867701292d056423fb9,tron,USDT,106396.421,107938.342999,USDT,106396.421,107,1,14,8,24,0.16666666666666666,0.16666666666666666,1.0144922355893906,False,0.5990531863144511,0.19719060296969282,False,False,,15.4,,0,[],[],0,False,False,,,73.4,False,,,0.0,,False,15.4,0,,False,[],,False,107.0,7.64,True
0xf8a1e35f79c2dfffc5a10031b96c63ab80eeb7ce,tron,USDT,52222.196445,54834.765444000004,USDT,52222.196445,107,1,13,7,24,0.21739130434782608,0.13768115942028986,1.050027941696239,False,0.576842099399403,0.19380908410600617,False,False,,15.4,,0,[],[],0,False,False,,,77.6,False,,,0.0,,False,15.4,0,,False,[],,False,107.0,8.23,True
0x3d7c64c91b3460dbc0e953b6397d953b0021b274,tron,USDT,151186.254,151519.583999,USDT,151186.254,106,1,14,8,24,0.19696969696969696,0.13636363636363635,1.0022047639264877,False,0.5826519619368068,0.1948324482948427,False,False,,15.4,,0,[],[],0,False,False,,,77.2,False,,,0.0,,False,15.4,0,,False,[],,False,106.0,7.57,True
0xff30e0da56dd519591ae1f313dd5a153d6c7af26,tron,USDT,59663.707200000004,61694.031199,USDT,59663.707200000004,102,1,11,8,24,0.20634920634920634,0.18253968253968253,1.0340294643809862,False,0.588230169915487,0.1957691519779502,False,False,,15.4,,0,[],[],0,False,False,,,76.5,False,,,0.0,,False,15.4,0,,False,[],,False,102.0,9.27,True
0x1d99f355322e9f423399f64838a5140d41aad185,tron,USDT,104306.27500000004,108088.17599899998,USDT,104306.27500000004,101,1,16,8,24,0.216,0.16,1.0362576556300178,False,0.5734442686194355,0.19373460092886946,False,False,,15.4,,0,[],[],0,False,False,,,75.2,False,,,0.0,,False,15.4,0,,False,[],,False,101.0,6.31,True
0x7386043bf5e19505e7e2dc4a587fcafa574ecb62,tron,USDT,155308.32700000002,155986.426999,USDT,155308.32700000002,96,1,17,7,24,0.20610687022900764,0.13740458015267176,1.00436615352247,False,0.5538149322144708,0.19062772574453968,False,False,,15.4,,0,[],[],0,False,False,,,73.2,False,,,0.0,,False,15.4,0,,False,[],,False,96.0,5.65,True
0x7360893f03c1c88ea7e9b3521c108eea53a0cedc,tron,USDT,132051.57299999997,132245.572999,USDT,132051.57299999997,94,1,17,8,24,0.21739130434782608,0.14492753623188406,1.0014691229690995,False,0.5545428321732568,0.19075291303949882,False,False,,15.4,,0,[],[],0,False,False,,,72.6,False,,,0.0,,False,15.4,0,,False,[],,False,94.0,5.53,True
0x987ae0cff0bc9aa30a7733a654f336f69cf9fa14,tron,USDT,141320.173,144737.983,USDT,141320.173,67,2,17,8,23,0.3717948717948718,0.01282051282051282,1.0241848699123797,False,0.4697069377697514,0.17889012111592067,False,False,,15.4,,0,[],[],0,False,False,,,15.9,False,,,0.0,,False,15.4,0,,False,[],,False,33.5,3.94,False
0x117176730222abd0341d2f5387cc7744a70bff53,tron,USDT,95051.33505300002,96068.0,USDT,95051.33505300002,56,2,5,8,22,0.19480519480519481,0.012987012987012988,1.0106959565211062,False,0.42007124569196036,0.171948140874844,False,False,,15.4,,0,[],[],0,False,False,,,15.4,False,,,0.0,,False,15.4,0,,False,[],,False,28.0,11.2,False
0xd467b3abfb112487bfe3444585c1cb2200d01fd3,tron,USDT,32708.651832999996,17000.0,USDT,32708.651832999996,51,2,2,2,11,0.2535211267605634,0.0,0.5197401619240257,False,0.27248854999193284,0.15059902326574898,False,False,,15.4,,0,[],[],0,False,False,,,30.2,False,,,0.0,,False,15.4,0,,False,[],,False,25.5,25.5,False
0x60de10d585dc782f4367b4af539424594ea95465,tron,USDT,106800.30199999998,112289.618999,USDT,106800.30199999998,114,1,16,8,24,0.2191780821917808,0.10273972602739725,1.0513979539027898,False,0.5734497261477407,0.19426496995905107,False,False,,15.3,,0,[],[],0,False,False,,,79.7,False,,,0.0,,False,15.3,0,,False,[],,False,114.0,7.12,True
0x3f5d83f4142afe1589fe6cba7acd122be6df112a,tron,USDT,87374.89000000001,89092.208999,USDT,87374.89000000001,108,1,13,8,24,0.2,0.16923076923076924,1.0196546055623072,False,0.6022846071013697,0.1980676515437545,False,False,,15.3,,0,[],[],0,False,False,,,76.7,False,,,0.0,,False,15.3,0,,False,[],,False,108.0,8.31,True
0x0e690cca9f1c872dee0324b136085eaf5cd3f476,tron,USDT,186408.32799999995,186418.32799900003,USDT,186408.32799999995,107,1,11,8,24,0.16901408450704225,0.1267605633802817,1.000053645666518,False,0.5804305097296577,0.1951413683173956,False,False,,15.3,,0,[],[],0,False,False,,,78.9,False,,,0.0,,False,15.3,0,,False,[],,False,107.0,9.73,True
0xb5b2dcedc09f447c1f8e90a70d0c13227fd058a9,tron,USDT,94513.90500000001,97142.116999,USDT,94513.90500000001,104,1,14,7,24,0.19727891156462585,0.1836734693877551,1.027807675484364,False,0.5960931106392324,0.19756200120152217,False,False,,15.3,,0,[],[],0,False,False,,,76.4,False,,,0.0,,False,15.3,0,,False,[],,False,104.0,7.43,True
0xf429d4cc049cae9ccc75c1025bae2301ec5cea40,tron,USDT,92895.22699999998,93509.72799900001,USDT,92895.22699999998,103,1,15,8,24,0.16666666666666666,0.16666666666666666,1.0066149900145034,False,0.5889824750560726,0.19610713747049652,False,False,,15.3,,0,[],[],0,False,False,,,76.0,False,,,0.0,,False,15.3,0,,False,[],,False,103.0,6.87,True
0xcddebfd6cb3ca78a413e2278e7e7254c08622396,tron,USDT,83446.842,84414.171999,USDT,83446.842,102,1,15,7,24,0.18181818181818182,0.17424242424242425,1.0115921702465385,False,0.5896204713388976,0.19625619650246706,False,False,,15.3,,0,[],[],0,False,False,,,75.6,False,,,0.0,,False,15.3,0,,False,[],,False,102.0,6.8,True
0xe1758f99aa096e4a83f655a33407527e3e103f85,tron,USDT,63149.05385400001,63989.553853000005,USDT,63149.05385400001,96,1,14,8,24,0.23622047244094488,0.1968503937007874,1.0133097797623891,False,0.5798157699703054,0.19520477001670655,False,False,,15.3,,0,[],[],0,False,False,,,72.0,False,,,0.0,,False,15.3,0,,False,[],,False,96.0,6.86,True
0x9b9869a60dbae0b6d785cb49967c99be99db5040,tron,USDT,439742.02939000004,380000.0,USDT,439742.02939000004,57,1,8,8,24,0.2490118577075099,0.28063241106719367,0.8641430079520195,False,0.4569821866561655,0.1772753944153962,False,False,,15.3,,0,[],[],0,False,False,,,30.3,False,,,0.0,,False,15.3,0,,False,[],,False,57.0,7.12,True
0x81e0fb0fe9425cae08f4a193032921a85eaca233,tron,USDT,135971.62000000002,135428.86380999998,USDT,135971.62000000002,68,2,16,8,24,0.3237410071942446,0.03597122302158273,0.9960083126905449,False,0.492561866186815,0.18235096915739596,False,False,,15.3,,0,[],[],0,False,False,,,21.0,False,,,0.0,,False,15.3,0,,False,[],,False,34.0,4.25,False
0xff9c2c4044f5dcb71de5c435cc589024def22181,tron,USDT,79510.54900000001,90422.823999,USDT,79510.54900000001,116,1,12,8,24,0.2108843537414966,0.14965986394557823,1.137243109703594,False,0.5862976657130784,0.196245225156653,False,False,,15.2,,0,[],[],0,False,False,,,80.3,False,,,0.0,,False,15.2,0,,False,[],,False,116.0,9.67,True
0xe27ab57efcf0a46092494510136406bf3f46410e,tron,USDT,57089.593,57797.592999,USDT,57089.593,105,1,11,7,24,0.15037593984962405,0.14285714285714285,1.012401559755383,False,0.5819278339971626,0.19597424815967457,False,False,,15.2,,0,[],[],0,False,False,,,76.8,False,,,0.0,,False,15.2,0,,False,[],,False,105.0,9.55,True
0x27caddf6b827dc06ec44afb1a1a558c352701734,tron,USDT,136414.29499999998,137931.423999,USDT,136414.29499999998,105,1,14,8,24,0.21212121212121213,0.13636363636363635,1.0111214810661888,False,0.5783230096840893,0.19561857570377367,False,False,,15.2,,0,[],[],0,False,False,,,76.8,False,,,0.0,,False,15.2,0,,False,[],,False,105.0,7.5,True
0xabc8f7202f549fd51eff5e86e3cdb194a6d10ee4,tron,USDT,43100.613000000005,51324.612999,USDT,43100.613000000005,105,1,11,7,24,0.23622047244094488,0.16535433070866143,1.1908093511106208,False,0.557149966858911,0.19225008120817827,False,False,,15.2,,0,[],[],0,False,False,,,76.8,False,,,0.0,,False,15.2,0,,False,[],,False,105.0,9.55,True
0x0009c8c9f1f82698fb249de02253b8e078610046,tron,USDT,62407.992,64035.933999,USDT,62407.992,103,1,14,8,24,0.2,0.14814814814814814,1.0260854731394018,False,0.5768575765643131,0.19509797144202007,False,False,,15.2,,0,[],[],0,False,False,,,76.0,False,,,0.0,,False,15.2,0,,False,[],,False,103.0,7.36,True
0x1976b455c6ef4144f04765445438f746b7f78ed7,tron,USDT,65566.94699999999,65915.856999,USDT,65566.94699999999,103,1,15,8,24,0.23255813953488372,0.12403100775193798,1.0053214312235708,False,0.5665004146462489,0.19343852942982098,False,False,,15.2,,0,[],[],0,False,False,,,74.7,False,,,0.0,,False,15.2,0,,False,[],,False,103.0,6.87,True
0xc4bdf8e8554ee7c8865d0791ee1bedfde2a12eb7,tron,USDT,84923.50600000001,85520.295999,USDT,84923.50600000001,102,1,15,8,24,0.25547445255474455,0.1678832116788321,1.0070273829603784,False,0.5866301619314712,0.19672094126171508,False,False,,15.2,,0,[],[],0,False,False,,,74.4,False,,,0.0,,False,15.2,0,,False,[],,False,102.0,6.8,True
0x3baefac6b6982fc532142685d1f7ca19bf2634ce,tron,USDT,97506.39700000001,99550.84699900002,USDT,97506.39700000001,102,1,15,8,24,0.17037037037037037,0.17037037037037037,1.0209673422657592,False,0.5852422549240225,0.1966204253386289,False,False,,15.2,,0,[],[],0,False,False,,,71.2,False,,,0.0,,False,15.2,0,,False,[],,False,102.0,6.8,True
0x6566c9578ec5d490d6cb7fb88e0e4124b4319143,tron,USDT,80686.81000000001,81779.129999,USDT,80686.81000000001,100,1,11,8,24,0.16806722689075632,0.18487394957983194,1.0135377764841613,False,0.5873857836934097,0.19666691155861826,False,False,,15.2,,0,[],[],0,False,False,,,75.7,False,,,0.0,,False,15.2,0,,False,[],,False,100.0,9.09,True
0xcd94aaff866b9dfc0686574ffeebd77cbea2ed9b,tron,USDT,67664.35699999999,68189.170999,USDT,67664.35699999999,100,1,16,8,24,0.19083969465648856,0.13740458015267176,1.0077561366466543,False,0.564655815521751,0.1933123930181352,False,False,,15.2,,0,[],[],0,False,False,,,76.6,False,,,0.0,,False,15.2,0,,False,[],,False,100.0,6.25,True
0xf24ba2e072aa26e49c532d6460173742b8176da3,tron,USDT,174607.266,176959.49199899996,USDT,174607.266,100,1,15,8,24,0.22058823529411764,0.1323529411764706,1.0134715241403525,False,0.5604580074332787,0.19256305000692314,False,False,,15.2,,0,[],[],0,False,False,,,73.6,False,,,0.0,,False,15.2,0,,False,[],,False,100.0,6.67,True
0xbb2bfe8e718c0e61d29bfbe0f593dcec927ef699,tron,USDT,65884.60401600001,67703.205015,USDT,65884.60401600001,99,1,13,7,24,0.2204724409448819,0.2047244094488189,1.0276028220274094,False,0.5871608102232836,0.1963801301044017,False,False,,15.2,,0,[],[],0,False,False,,,74.3,False,,,0.0,,False,15.2,0,,False,[],,False,99.0,7.62,True
0x2cda9415bd05a8dc78abc182e63b1b3bbb69498a,tron,USDT,137687.726,140304.72599900002,USDT,137687.726,99,1,14,8,24,0.23484848484848486,0.1893939393939394,1.0190067776920073,False,0.5845949109019888,0.19630739187774005,False,False,,15.2,,0,[],[],0,False,False,,,71.2,False,,,0.0,,False,15.2,0,,False,[],,False,99.0,7.07,True
0x1cd3f59bcae6faa20c5d8a5f3264589a9034c572,tron,USDT,108531.91199999998,109621.812999,USDT,108531.91199999998,99,1,16,8,24,0.2248062015503876,0.17054263565891473,1.0100422168827177,False,0.5784115820795447,0.19519891641017306,False,False,,15.2,,0,[],[],0,False,False,,,74.2,False,,,0.0,,False,15.2,0,,False,[],,False,99.0,6.19,True
0x109eb93acde4109d8217bfccea8552d45f103649,tron,USDT,64861.975000000006,70812.133999,USDT,64861.975000000006,93,1,15,7,24,0.211864406779661,0.22033898305084745,1.09173570491802,False,0.5650215480278512,0.19339590810799234,False,False,,15.2,,0,[],[],0,False,False,,,71.1,False,,,0.0,,False,15.2,0,,False,[],,False,93.0,6.2,True
0x9977c995d3d162c87533ee0ef4431c801ae8cfe8,tron,USDT,185512.396367,139509.0,USDT,185512.396367,56,1,3,8,19,0.19101123595505617,0.29213483146067415,0.7520198258018764,False,0.4330938251518899,0.17450061313052045,False,False,,15.2,,0,[],[],0,False,False,,,29.6,False,,,0.0,,False,15.2,0,,False,[],,False,56.0,18.67,True
0x78087a34378b90f16b07a1c070f9d52b43a87888,tron,USDT,77630.5,165000.0,USDT,77630.5,50,2,8,8,15,0.109375,0.015625,2.1254532690115355,False,0.33487484089944847,0.1607595671966044,False,False,,15.2,,0,[],[],0,False,False,,,0.5,False,,,0.0,,False,15.2,0,,False,[],,False,25.0,6.25,False
0xac204e9cdc4b24f24247c0f270c2da9dc08c7fef,tron,USDT,116328.94425200002,116690.086251,USDT,116328.94425200002,114,1,13,8,24,0.18181818181818182,0.1048951048951049,1.0031044896119548,False,0.5843812234182963,0.19686454187171892,False,False,,15.1,,0,[],[],0,False,False,,,78.6,False,,,0.0,,False,15.1,0,,False,[],,False,114.0,8.77,True
0x515234e40aa38693b3ec98fcbfa071af98eed5a2,tron,USDT,88412.77569499996,93453.96469399998,USDT,88412.77569499996,111,1,14,8,24,0.24113475177304963,0.14184397163120568,1.0570187844389227,False,0.5866658230867594,0.19699460859950702,False,False,,15.1,,0,[],[],0,False,False,,,78.8,False,,,0.0,,False,15.1,0,,False,[],,False,111.0,7.93,True
0xa0e207d8b452a5193760202fc80a6f9962e57595,tron,USDT,72544.75499999998,74998.78699900002,USDT,72544.75499999998,109,1,14,8,24,0.15942028985507245,0.13043478260869565,1.033827834955126,False,0.580867016801932,0.19638322026435756,False,False,,15.1,,0,[],[],0,False,False,,,76.1,False,,,0.0,,False,15.1,0,,False,[],,False,109.0,7.79,True
0xe2061172e97ec8f29123780d4b8f612028717289,tron,USDT,96638.66399999999,97324.003999,USDT,96638.66399999999,106,1,14,8,24,0.17518248175182483,0.16058394160583941,1.0070917784935438,False,0.5942328958922968,0.1981537868153742,False,False,,15.1,,0,[],[],0,False,False,,,78.6,False,,,0.0,,False,15.1,0,,False,[],,False,106.0,7.57,True
0xe200202831cc9103dfda86642326787ee5cf9bfd,tron,USDT,154587.34699999995,156899.932999,USDT,154587.34699999995,106,1,13,8,24,0.1956521739130435,0.13043478260869565,1.0149597366400245,False,0.576621968666904,0.19593840289983755,False,False,,15.1,,0,[],[],0,False,False,,,74.1,False,,,0.0,,False,15.1,0,,False,[],,False,106.0,8.15,True
0x7409bfdfa81b2740d8b90d29ca9232f473b99324,tron,USDT,79772.80052999995,81977.89852899998,USDT,79772.80052999995,106,1,15,8,24,0.16417910447761194,0.13432835820895522,1.0276422287339753,False,0.5760795304941893,0.19577060338372304,False,False,,15.1,,0,[],[],0,False,False,,,78.7,False,,,0.0,,False,15.1,0,,False,[],,False,106.0,7.07,True
0xf4d55f0a50a332934fff1cbaf6badb9f9d238ad6,tron,USDT,98752.58899999999,99495.558999,USDT,98752.58899999999,105,1,16,8,24,0.20155038759689922,0.13178294573643412,1.007523549574989,False,0.5761575726475817,0.19578919560773855,False,False,,15.1,,0,[],[],0,False,False,,,74.4,False,,,0.0,,False,15.1,0,,False,[],,False,105.0,6.56,True
0x7c858e33398d11a374bc3dc86da78b19ca753f97,tron,USDT,117215.85581900002,118026.317818,USDT,117215.85581900002,104,1,14,8,24,0.25547445255474455,0.1386861313868613,1.0069142693480946,False,0.5774885928847298,0.19608900956009784,False,False,,15.1,,0,[],[],0,False,False,,,76.5,False,,,0.0,,False,15.1,0,,False,[],,False,104.0,7.43,True
0xfa80103d3312e25ff9ef47bb83a0ef0bf18c39fa,tron,USDT,118458.49600000001,120406.974999,USDT,118458.49600000001,103,1,13,8,24,0.2153846153846154,0.16923076923076924,1.0164486217940838,False,0.588415833553784,0.1976367371785222,False,False,,15.1,,0,[],[],0,False,False,,,79.6,False,,,0.0,,False,15.1,0,,False,[],,False,103.0,7.92,True
0x1eeefaf38458f8d013e6fde1173dce29ddf46289,tron,USDT,58273.26099999999,58311.540999000004,USDT,58273.26099999999,103,1,13,8,24,0.21212121212121213,0.13636363636363635,1.0006569050426064,False,0.5743064637093405,0.19516465030967944,False,False,,15.1,,0,[],[],0,False,False,,,76.0,False,,,0.0,,False,15.1,0,,False,[],,False,103.0,7.92,True
0x4c6c09d559da8ba42a8296a2ea7ae16904bc0655,tron,USDT,81687.41399999998,81944.70799899999,USDT,81687.41399999998,100,1,16,8,23,0.26666666666666666,0.14074074074074075,1.0031497385753945,False,0.5676984358233174,0.19446710209644952,False,False,,15.1,,0,[],[],0,False,False,,,74.8,False,,,0.0,,False,15.1,0,,False,[],,False,100.0,6.25,True
0xe95b30b8d52ea67602b30b2a3a66faccd028e48b,tron,USDT,178242.09,169534.88,USDT,178242.09,99,1,7,8,24,0.22356495468277945,0.0,0.9511495292722387,False,0.47557144170510535,0.18115973455344042,False,False,,15.1,,0,[],[],0,False,False,,,70.0,False,,,0.0,,False,15.1,0,,False,[],,False,99.0,14.14,True
0xa89139fb2e56a23677db10ba45299b8feb09417b,tron,USDT,118869.38299999997,119698.81499900001,USDT,118869.38299999997,98,1,16,8,24,0.20634920634920634,0.16666666666666666,1.006977675647564,False,0.5732544436570803,0.1954023029909847,False,False,,15.1,,0,[],[],0,False,False,,,72.6,False,,,0.0,,False,15.1,0,,False,[],,False,98.0,6.12,True
0x76ed994a8ce8e57299bb62a1c68bc28ae25dd671,tron,USDT,65649.58481100001,66098.68581,USDT,65649.58481100001,97,1,14,8,24,0.21705426356589147,0.18604651162790697,1.0068408810245018,False,0.5800913061879719,0.19607730378213728,False,False,,15.1,,0,[],[],0,False,False,,,73.1,False,,,0.0,,False,15.1,0,,False,[],,False,97.0,6.93,True
0xf63dd3fd63e093094c171694f20ee350c73c0c93,tron,USDT,33046.486000000004,38853.621999,USDT,33046.486000000004,96,1,10,7,23,0.15833333333333333,0.11666666666666667,1.1757262784006746,False,0.5081300943410785,0.18596304532556923,False,False,,15.1,,0,[],[],0,False,False,,,74.6,False,,,0.0,,False,15.1,0,,False,[],,False,96.0,9.6,True
0x4206635b6d4c122b6d1874ae9c118a29802b2c01,tron,USDT,79424.06799999998,79826.895999,USDT,79424.06799999998,93,1,16,8,24,0.21476510067114093,0.18120805369127516,1.0050718630906694,False,0.5694989918281962,0.1946206530497992,False,False,,15.1,,0,[],[],0,False,False,,,72.3,False,,,0.0,,False,15.1,0,,False,[],,False,93.0,5.81,True
0xc00a9874ab1297df92be77aed90132c0b7514b85,tron,USDT,127302.61099999995,127971.810999,USDT,127302.61099999995,92,1,16,8,23,0.18548387096774194,0.1532258064516129,1.0052567656998022,False,0.5538489438477358,0.19222105247317267,False,False,,15.1,,0,[],[],0,False,False,,,67.8,False,,,0.0,,False,15.1,0,,False,[],,False,92.0,5.75,True
0xe8bb85dcab35aaeb2d91a82fec7d46113e678d32,tron,USDT,59075.977,60114.099999000005,USDT,59075.977,50,1,7,4,22,0.140625,0.140625,1.01757267592883,False,0.38766068755500616,0.169001446865167,False,False,,15.1,,0,[],[],0,False,False,,,42.6,False,,,0.0,,False,15.1,0,,False,[],,False,50.0,7.14,True
0x2d7dcd646e5bdcbcbac26c5f3494968b24071be7,tron,USDT,59971.792346,66081.192345,USDT,59971.792346,113,1,13,8,23,0.2517482517482518,0.1048951048951049,1.1018712257881598,False,0.5624004684613753,0.19438601811599887,False,False,,15.0,,0,[],[],0,False,False,,,79.5,False,,,0.0,,False,15.0,0,,False,[],,False,113.0,8.69,True
0x7550e7dabd8a18a1b91f0fcd5ac7c5a1714c1ba6,tron,USDT,97429.82304700001,105582.556046,USDT,97429.82304700001,112,1,13,8,23,0.24113475177304963,0.15602836879432624,1.0836780027309207,False,0.5904769577906848,0.19796120180647286,False,False,,15.0,,0,[],[],0,False,False,,,77.5,False,,,0.0,,False,15.0,0,,False,[],,False,112.0,8.62,True
0x2a5675690c4f75e1922739e4a39867926f03d9bf,tron,USDT,76281.18599999997,81260.364999,USDT,76281.18599999997,107,1,14,8,24,0.15827338129496402,0.1510791366906475,1.0652740113269874,False,0.5814297119475851,0.19702079791623683,False,False,,15.0,,0,[],[],0,False,False,,,77.6,False,,,0.0,,False,15.0,0,,False,[],,False,107.0,7.64,True
0xe9ac54e1aa91e4731f2b40b22a1c511e66a0e4d6,tron,USDT,71498.63699999997,73440.800999,USDT,71498.63699999997,105,1,13,7,24,0.2013888888888889,0.1736111111111111,1.0271636506721105,False,0.5951400318511528,0.19868875504946776,False,False,,15.0,,0,[],[],0,False,False,,,76.8,False,,,0.0,,False,15.0,0,,False,[],,False,105.0,8.08,True
0x05e971f76c8fd8baec2fe2abbc6f93428051b4bd,tron,USDT,83419.16600000001,87361.71399899999,USDT,83419.16600000001,104,1,15,8,24,0.2097902097902098,0.15384615384615385,1.047261896612584,False,0.5774377352298803,0.19651996809957178,False,False,,15.0,,0,[],[],0,False,False,,,76.4,False,,,0.0,,False,15.0,0,,False,[],,False,104.0,6.93,True
0x05a2efa42253aa27975d19939a81f36f93fbecb6,tron,USDT,163503.97299999994,167557.031999,USDT,163503.97299999994,104,1,15,8,24,0.20437956204379562,0.11678832116788321,1.0247887493168135,False,0.5620341890420255,0.19425562721316036,False,False,,15.0,,0,[],[],0,False,False,,,75.2,False,,,0.0,,False,15.0,0,,False,[],,False,104.0,6.93,True
0x97c26a8c9dd1ef51987aec7cb6482af1f3126f4b,tron,USDT,105119.71734999998,116183.503349,USDT,105119.71734999998,104,1,18,8,24,0.22142857142857142,0.11428571428571428,1.105249388772258,False,0.5445844031110554,0.19184962892301088,False,False,,15.0,,0,[],[],0,False,False,,,74.2,False,,,0.0,,False,15.0,0,,False,[],,False,104.0,5.78,True
0x51a464092aa9fc8b95fa1726264d14bd995c28b2,tron,USDT,101408.21473800001,101685.60973699999,USDT,101408.21473800001,103,1,16,8,24,0.24087591240875914,0.1386861313868613,1.0027354292718462,False,0.5752059900896274,0.19612736828131877,False,False,,15.0,,0,[],[],0,False,False,,,73.1,False,,,0.0,,False,15.0,0,,False,[],,False,103.0,6.44,True
0x55b7533f4c4726eca42920dd179a11c2d3791dc8,tron,USDT,52268.071,55717.880999,USDT,52268.071,100,1,11,8,24,0.2076923076923077,0.16923076923076924,1.0660022444486232,False,0.5697227585773946,0.19506812393329143,False,False,,15.0,,0,[],[],0,False,False,,,74.8,False,,,0.0,,False,15.0,0,,False,[],,False,100.0,9.09,True
0xac02ab2717b587330ad825d5a1cdb91ea3f962e2,tron,USDT,97311.42700000003,98422.118999,USDT,97311.42700000003,99,1,13,8,24,0.18796992481203006,0.18796992481203006,1.011413788012789,False,0.5858165211416085,0.19779901037193343,False,False,,15.0,,0,[],[],0,False,False,,,74.3,False,,,0.0,,False,15.0,0,,False,[],,False,99.0,7.62,True
0x8e90689dc677cefee426ff645731d2534d853dd4,tron,USDT,96980.68000000002,76135.0,USDT,96980.68000000002,77,1,12,8,24,0.2861356932153392,0.0058997050147492625,0.7850532704039607,False,0.4052287279034481,0.17163008388454337,False,False,,15.0,,0,[],[],0,False,False,,,66.1,False,,,0.0,,False,15.0,0,,False,[],,False,77.0,6.42,True
0x40deff90ea2a642e480cc3eca7e713d57d35c240,tron,USDT,54106.448447999996,57174.648447,USDT,54106.448447999996,57,1,9,4,23,0.2222222222222222,0.18055555555555555,1.0567067343543857,False,0.4453196628872901,0.17767778739508872,False,False,,15.0,,0,[],[],0,False,False,,,48.1,False,,,0.0,,False,15.0,0,,False,[],,False,57.0,6.33,True
0xaff1654a0cb26a2814e27edccc94ec0541f0a5c7,tron,USDT,127412.88599999998,129954.086,USDT,127412.88599999998,66,2,16,8,22,0.26573426573426573,0.02097902097902098,1.0199446074865615,False,0.47316423930031176,0.18158031567570088,False,False,,15.0,,0,[],[],0,False,False,,,14.4,False,,,0.0,,False,15.0,0,,False,[],,False,33.0,4.12,False
0xaa9b6e41f9c8e99d68c69e789a11f32006351a45,tron,USDT,95714.93000000002,98158.704,USDT,95714.93000000002,64,2,15,8,24,0.2727272727272727,0.024793388429752067,1.0255317953009,False,0.4660858344060907,0.18056238094649424,False,False,,15.0,,0,[],[],0,False,False,,,15.0,False,,,0.0,,False,15.0,0,,False,[],,False,32.0,4.27,False
0x2ce6ac77114563691fce89c2a76cfa531db53d4e,tron,USDT,138454.91899999994,140383.419,USDT,138454.91899999994,63,2,17,8,24,0.3007518796992481,0.015037593984962405,1.0139287214490376,False,0.4565693681412489,0.1793957087951526,False,False,,15.0,,0,[],[],0,False,False,,,19.7,False,,,0.0,,False,15.0,0,,False,[],,False,31.5,3.71,False
0xd3f8d0856503697d805c7efec6da77cd6757870f,tron,USDT,168424.68099999998,168869.44100000002,USDT,168424.68099999998,63,2,18,8,23,0.291970802919708,0.0072992700729927005,1.0026407056101239,False,0.45012947449104274,0.17843974085561554,False,False,,15.0,,0,[],[],0,False,False,,,12.6,False,,,0.0,,False,15.0,0,,False,[],,False,31.5,3.5,False
0xc05fae591bd6a6ba5fecd29d7487bba31a2711f3,tron,USDT,65816.42399999998,78176.56099900001,USDT,65816.42399999998,111,1,14,8,24,0.20422535211267606,0.15492957746478872,1.1877971522579232,False,0.5672984397223653,0.19535902252067217,False,False,,14.9,,0,[],[],0,False,False,,,78.8,False,,,0.0,,False,14.9,0,,False,[],,False,111.0,7.93,True
0x3a8532c7cb16a1bc7617ca040b7c07eaee04932a,tron,USDT,72943.46599999999,83595.79999900001,USDT,72943.46599999999,110,1,15,7,24,0.16312056737588654,0.1347517730496454,1.1460354790242628,False,0.5626893827696064,0.19471904454596034,False,False,,14.9,,0,[],[],0,False,False,,,78.5,False,,,0.0,,False,14.9,0,,False,[],,False,110.0,7.33,True
0x161022dfc6c82c98c52ec5ae05b0ba4214a04028,tron,USDT,44902.88700000001,54937.90199900001,USDT,44902.88700000001,107,1,12,7,24,0.17123287671232876,0.15753424657534246,1.223482623711923,False,0.5524184519228679,0.19361860609831155,False,False,,14.9,,0,[],[],0,False,False,,,77.6,False,,,0.0,,False,14.9,0,,False,[],,False,107.0,8.92,True
0xcaca160e14738edc22ae831a068d765a735b4db0,tron,USDT,61083.754999999976,66429.429999,USDT,61083.754999999976,104,1,13,8,24,0.19548872180451127,0.16541353383458646,1.0875138569821063,False,0.5749028289429933,0.19643753827367644,False,False,,14.9,,0,[],[],0,False,False,,,76.4,False,,,0.0,,False,14.9,0,,False,[],,False,104.0,8.0,True
0x3a6d825822c68c79a1d6c616eb61c085412cfe28,tron,USDT,60699.607,63280.84499900001,USDT,60699.607,103,1,14,7,24,0.19696969696969696,0.12121212121212122,1.0425247893120626,False,0.5576172313611768,0.19415067905428546,False,False,,14.9,,0,[],[],0,False,False,,,75.0,False,,,0.0,,False,14.9,0,,False,[],,False,103.0,7.36,True
0xe630ee219c9e93afbbb9f58edfe10e0bdb62c5cb,tron,USDT,90510.561,94519.510999,USDT,90510.561,102,1,14,8,24,0.18461538461538463,0.16923076923076924,1.0442926212665946,False,0.5799832237314074,0.19747534314048076,False,False,,14.9,,0,[],[],0,False,False,,,75.6,False,,,0.0,,False,14.9,0,,False,[],,False,102.0,7.29,True
0xdb23067c540008c1ab91d7941e7a29e1051ab705,tron,USDT,55757.599,56471.59899900001,USDT,55757.599,99,1,12,8,24,0.1875,0.1640625,1.0128054294267586,False,0.5739132458923318,0.196192969012141,False,False,,14.9,,0,[],[],0,False,False,,,74.3,False,,,0.0,,False,14.9,0,,False,[],,False,99.0,8.25,True
0x89c7fb3450bc355ba97604f5e5972efb78a901d1,tron,USDT,59566.24200000001,59596.241999,USDT,59566.24200000001,99,1,12,8,24,0.2540983606557377,0.13934426229508196,1.0005036409548882,False,0.5639849739727898,0.195212504026405,False,False,,14.9,,0,[],[],0,False,False,,,74.3,False,,,0.0,,False,14.9,0,,False,[],,False,99.0,8.25,True
0x1f95f74409fc127f0af9f03dbfc032548092a346,tron,USDT,141045.331361,98000.0,USDT,141045.331361,99,1,4,8,23,0.08670520231213873,0.05202312138728324,0.6948120795942749,False,0.46469427845597844,0.18111632639792646,False,False,,14.9,,0,[],[],0,False,False,,,72.2,False,,,0.0,,False,14.9,0,,False,[],,False,99.0,24.75,True
0xb0e29f28c597f161f43eeae44727a47ab9e798a2,tron,USDT,114604.67600000002,117076.603999,USDT,114604.67600000002,97,1,15,7,24,0.20610687022900764,0.17557251908396945,1.0215691722648383,False,0.5729029665652758,0.19655273298700338,False,False,,14.9,,0,[],[],0,False,False,,,73.5,False,,,0.0,,False,14.9,0,,False,[],,False,97.0,6.47,True
0x0faadec07d79a1d2a22f5189b52bbdf715957281,tron,USDT,51890.02386299999,55618.728862,USDT,51890.02386299999,96,1,12,8,24,0.22556390977443608,0.19548872180451127,1.0718578393574176,False,0.567554609472598,0.19536222173635392,False,False,,14.9,,0,[],[],0,False,False,,,73.2,False,,,0.0,,False,14.9,0,,False,[],,False,96.0,8.0,True
0x712767f925a75dd5975b913425022671f0ecef0b,tron,USDT,61571.789,64570.037998999986,USDT,61571.789,96,1,14,8,23,0.24806201550387597,0.17054263565891473,1.0486951743273205,False,0.5625986825719563,0.19506713830780015,False,False,,14.9,,0,[],[],0,False,False,,,73.2,False,,,0.0,,False,14.9,0,,False,[],,False,96.0,6.86,True
0xcadeb28ff7d02d35feccd9786a88963696df29b3,tron,USDT,86794.26999999999,78779.0,USDT,86794.26999999999,83,1,10,8,23,0.19269102990033224,0.009966777408637873,0.907652083484313,False,0.44794959361667597,0.17855717848975755,False,False,,14.9,,0,[],[],0,False,False,,,67.7,False,,,0.0,,False,14.9,0,,False,[],,False,83.0,8.3,True
0x6abb88ac1fbd933be40ec75ec3828b8715f2eb5c,tron,USDT,64583.539785999994,25000.0,USDT,64583.539785999994,80,1,1,8,20,0.06666666666666667,0.044444444444444446,0.3870955367704905,True,0.2576694255552012,0.15133657953477947,False,False,,14.9,,0,[],[],0,False,False,,,42.0,False,,,0.0,,False,14.9,0,,False,[],,False,80.0,80.0,True
0x66a2619bb2fac56282a99573bab283365da99775,tron,USDT,32841.768000000004,33641.768,USDT,32841.768000000004,59,1,8,7,24,0.2,0.20952380952380953,1.024359224509472,False,0.4720479684201251,0.18179809884302411,False,False,,14.9,,0,[],[],0,False,False,,,62.6,False,,,0.0,,False,14.9,0,,False,[],,False,59.0,7.38,True
0xfbd2ca0228f4ce4252b94a2cd4f63fdd7aefd41d,tron,USDT,101365.52900000002,100109.729,USDT,101365.52900000002,71,2,13,8,24,0.32608695652173914,0.028985507246376812,0.9876111730251019,False,0.49822227703183414,0.18579116312451893,False,False,,14.9,,0,[],[],0,False,False,,,30.3,False,,,0.0,,False,14.9,0,,False,[],,False,35.5,5.46,False
0x9dd854e5ec63984931bc47efb9e11e84648ca936,tron,USDT,106153.10300000003,104176.67300000001,USDT,106153.10300000003,68,2,14,8,24,0.2661290322580645,0.016129032258064516,0.9813813261775304,False,0.4786903509376698,0.18291369785482336,False,False,,14.9,,0,[],[],0,False,False,,,29.4,False,,,0.0,,False,14.9,0,,False,[],,False,34.0,4.86,False
0x0354c8f7cd6c359cde5ec86ea3c09ad229131cc2,tron,USDT,101074.30099999996,103225.944,USDT,101074.30099999996,66,2,16,8,23,0.36486486486486486,0.013513513513513514,1.0212877356431092,False,0.4659800430283573,0.18110552699915472,False,False,,14.9,,0,[],[],0,False,False,,,21.4,False,,,0.0,,False,14.9,0,,False,[],,False,33.0,4.12,False
0x0b916c54ad03fe8a06d06f2e8b3dc49fbfc89c73,tron,USDT,92897.977,94914.946999,USDT,92897.977,108,1,15,8,24,0.25735294117647056,0.11029411764705882,1.0217116676179074,False,0.5711986083516837,0.196839469281616,False,False,,14.8,,0,[],[],0,False,False,,,78.0,False,,,0.0,,False,14.8,0,,False,[],,False,108.0,7.2,True
0xcadfcb713a125d7b6f94cb3e0f3de8d86eb55479,tron,USDT,111454.135,116164.490999,USDT,111454.135,106,1,16,8,24,0.20588235294117646,0.125,1.0422627298574432,False,0.5682763466886726,0.19605240498075172,False,False,,14.8,,0,[],[],0,False,False,,,77.2,False,,,0.0,,False,14.8,0,,False,[],,False,106.0,6.62,True
0x709b768ee8ad1050f1ad5169fdc832085bbf8a22,tron,USDT,56586.87799999998,59847.08599899999,USDT,56586.87799999998,105,1,13,7,24,0.2196969696969697,0.12121212121212122,1.0576142051696156,False,0.5607088093691316,0.1953582625014545,False,False,,14.8,,0,[],[],0,False,False,,,76.9,False,,,0.0,,False,14.8,0,,False,[],,False,105.0,8.08,True
0x019a59a246ad5bc1b31c1f0bfbcb19b05d1bec09,tron,USDT,104892.279846,111091.04884499998,USDT,104892.279846,104,1,15,8,24,0.23484848484848486,0.14393939393939395,1.0590965227193159,False,0.5702341532414571,0.1962000703043263,False,False,,14.8,,0,[],[],0,False,False,,,72.2,False,,,0.0,,False,14.8,0,,False,[],,False,104.0,6.93,True
0x84d6af899e1cd814502e5252bdd74567b95bf376,tron,USDT,80178.36000000003,84263.218999,USDT,80178.36000000003,103,1,12,8,24,0.2125984251968504,0.1732283464566929,1.050947150814758,False,0.5837223220644561,0.1982429309374656,False,False,,14.8,,0,[],[],0,False,False,,,76.0,False,,,0.0,,False,14.8,0,,False,[],,False,103.0,8.58,True
0x4e4b0bd750525bf3a97787e1ff5fa4375bb1a7c8,tron,USDT,117700.56900000002,120257.475999,USDT,117700.56900000002,102,1,14,8,24,0.21052631578947367,0.13533834586466165,1.0217238287012869,False,0.5665928668435356,0.19623155470821185,False,False,,14.8,,0,[],[],0,False,False,,,75.6,False,,,0.0,,False,14.8,0,,False,[],,False,102.0,7.29,True
0x9768049a08877e82e8e77514b395d2a824002aa5,tron,USDT,54527.70599999999,57709.506999,USDT,54527.70599999999,102,1,15,8,24,0.23357664233576642,0.072992700729927,1.0583520054740614,False,0.5307139858377291,0.1907355546977264,False,False,,14.8,,0,[],[],0,False,False,,,74.9,False,,,0.0,,False,14.8,0,,False,[],,False,102.0,6.8,True
0x6f81d276f8ce4ceeafbd46210f1ecdb0e9b03c27,tron,USDT,55157.478,56794.334999000006,USDT,55157.478,101,1,12,8,24,0.2366412213740458,0.1450381679389313,1.0296760667520006,False,0.5679298693818867,0.19625649247627625,False,False,,14.8,,0,[],[],0,False,False,,,73.8,False,,,0.0,,False,14.8,0,,False,[],,False,101.0,8.42,True
0xabcdb67488b33f460d347d0585398931bef1c3f6,tron,USDT,99173.90988700002,103230.12988600001,USDT,99173.90988700002,101,1,15,8,23,0.18518518518518517,0.14074074074074075,1.0409000714363454,False,0.5631394596202405,0.19569889139304686,False,False,,14.8,,0,[],[],0,False,False,,,75.2,False,,,0.0,,False,14.8,0,,False,[],,False,101.0,6.73,True
0x4cee95f80c2a3824abdbc8cd612c301610e84a13,tron,USDT,85356.867,88562.201999,USDT,85356.867,101,1,16,8,24,0.24427480916030533,0.1297709923664122,1.0375521631903382,False,0.5573177387662599,0.19449522129816227,False,False,,14.8,,0,[],[],0,False,False,,,75.2,False,,,0.0,,False,14.8,0,,False,[],,False,101.0,6.31,True
0x7e82fd4867f82b1927f177fb229f2b4cd4b0f5a1,tron,USDT,139741.36200000005,141271.168999,USDT,139741.36200000005,98,1,14,7,24,0.23529411764705882,0.16911764705882354,1.0109474172650466,False,0.5734787388634947,0.1972003075103,False,False,,14.8,,0,[],[],0,False,False,,,72.6,False,,,0.0,,False,14.8,0,,False,[],,False,98.0,7.0,True
0x4eefcd77a9df38b5c577680f1eecd8be82b74ae4,tron,USDT,64624.40900000002,65050.695999,USDT,64624.40900000002,97,1,13,8,24,0.2283464566929134,0.1732283464566929,1.0065963775235451,False,0.5745822942873996,0.196868735876641,False,False,,14.8,,0,[],[],0,False,False,,,71.9,False,,,0.0,,False,14.8,0,,False,[],,False,97.0,7.46,True
0x0511b0753f263f34a5594ced6a870257b890e9d9,tron,USDT,127114.56700000001,128207.38199899999,USDT,127114.56700000001,94,1,13,7,24,0.21666666666666667,0.13333333333333333,1.0085970870592667,False,0.546116815087086,0.1932099553874091,False,False,,14.8,,0,[],[],0,False,False,,,72.6,False,,,0.0,,False,14.8,0,,False,[],,False,94.0,7.23,True
0x8e135ce774412d9254611be69f5feea50ce0c7a9,tron,USDT,69636.39847,55876.671039,USDT,69636.39847,63,1,2,8,22,0.19101123595505617,0.1348314606741573,0.8024061017898877,False,0.42342139855059524,0.17532066686781844,False,False,,14.8,,0,[],[],0,False,False,,,34.4,False,,,0.0,,False,14.8,0,,False,[],,False,63.0,31.5,True
0xa1d1842f6d99cf89f98873feefa5e1ce24cec8a2,tron,USDT,35002.384,35183.624,USDT,35002.384,53,1,8,7,24,0.22727272727272727,0.17045454545454544,1.0051779330230766,False,0.42654184233047165,0.1760608265028894,False,False,,14.8,,0,[],[],0,False,False,,,57.1,False,,,0.0,,False,14.8,0,,False,[],,False,53.0,6.62,True
0x9e8622b567386dffded39a0d9c160a3bada480dc,tron,USDT,158947.44900000002,159439.8,USDT,158947.44900000002,67,2,16,8,23,0.2647058823529412,0.007352941176470588,1.0030975709462313,False,0.4678997900110083,0.18216422527056952,False,False,,14.8,,0,[],[],0,False,False,,,26.8,False,,,0.0,,False,14.8,0,,False,[],,False,33.5,4.19,False
0x346f584d3cb0d2ce8dc9b82fe2f6358713df4996,tron,USDT,140856.79700000002,140829.597,USDT,140856.79700000002,66,2,15,8,24,0.3150684931506849,0.0136986301369863,0.9998068960775814,False,0.4704111034412269,0.1823311859561429,False,False,,14.8,,0,[],[],0,False,False,,,24.1,False,,,0.0,,False,14.8,0,,False,[],,False,33.0,4.4,False
0x71d36194ae162647d410f21c598b989f20e48a20,tron,USDT,94118.04100000001,94598.651,USDT,94118.04100000001,63,2,15,8,24,0.36428571428571427,0.02857142857142857,1.0051064598762738,False,0.4679222803624627,0.18168667508676395,False,False,,14.8,,0,[],[],0,False,False,,,16.1,False,,,0.0,,False,14.8,0,,False,[],,False,31.5,4.2,False
0x627a12270c98e9f006d1d89d6969cefecfa9abe7,tron,USDT,140768.79800000004,137118.168,USDT,140768.79800000004,61,2,18,8,24,0.25,0.014285714285714285,0.9740664831136795,False,0.444537522333385,0.17876093294959616,False,False,,14.8,,0,[],[],0,False,False,,,9.6,False,,,0.0,,False,14.8,0,,False,[],,False,30.5,3.39,False
0xdbd2b36b73357c0cb2d1d7f3e98194b19795a846,tron,USDT,148832.80099999998,152033.61100000003,USDT,148832.80099999998,54,2,18,8,23,0.30327868852459017,0.01639344262295082,1.0215060791606014,False,0.40959356566978894,0.1737930211181225,False,False,,14.8,,0,[],[],0,False,False,,,6.6,False,,,0.0,,False,14.8,0,,False,[],,False,27.0,3.0,False
0xde75aa6b644f2614b4640f2cfa42c4d6f9d17415,tron,USDT,39242.96200000001,35059.902,USDT,39242.96200000001,50,2,6,8,24,0.30337078651685395,0.0,0.8934061093553538,False,0.34047587609253877,0.1638760155893777,False,False,,14.8,,0,[],[],0,False,False,,,19.0,False,,,0.0,,False,14.8,0,,False,[],,False,25.0,8.33,False
0x4b255732e17c9ac925071d0722f7a22884d94d09,tron,USDT,65517.49599999999,67941.394999,USDT,65517.49599999999,111,1,13,8,24,0.1956521739130435,0.08695652173913043,1.036996209363679,False,0.5630504823529748,0.19596069175535424,False,False,,14.7,,0,[],[],0,False,False,,,79.6,False,,,0.0,,False,14.7,0,,False,[],,False,111.0,8.54,True
0x5fe2a4f5011a5444d499633e2b7d4508a3645916,tron,USDT,61434.658,77890.66999900002,USDT,61434.658,108,1,14,8,24,0.22916666666666666,0.1736111111111111,1.2678620266592844,False,0.555400865775483,0.1952046972495886,False,False,,14.7,,0,[],[],0,False,False,,,73.9,False,,,0.0,,False,14.7,0,,False,[],,False,108.0,7.71,True
0x326668785fc9c0c9cc77eecc867589426b3b8687,tron,USDT,96074.71487899998,98083.57387800001,USDT,96074.71487899998,103,1,14,8,24,0.21428571428571427,0.12698412698412698,1.020909341251026,False,0.5648253443081317,0.19656117850934773,False,False,,14.7,,0,[],[],0,False,False,,,78.2,False,,,0.0,,False,14.7,0,,False,[],,False,103.0,7.36,True
0xfc26e1086fbba05695fa08e0c5e3880821111f8d,tron,USDT,90469.60100000002,92075.500999,USDT,90469.60100000002,99,1,15,7,24,0.16923076923076924,0.14615384615384616,1.017750713844753,False,0.5650328016519234,0.19607770466406843,False,False,,14.7,,0,[],[],0,False,False,,,72.5,False,,,0.0,,False,14.7,0,,False,[],,False,99.0,6.6,True
0xbef18de42091086c376c104edde9b8154b6c2f21,tron,USDT,101300.255587,101450.73558600001,USDT,101300.255587,98,1,15,7,23,0.224,0.144,1.0014854848897272,False,0.5630673493521352,0.19586832336199855,False,False,,14.7,,0,[],[],0,False,False,,,73.8,False,,,0.0,,False,14.7,0,,False,[],,False,98.0,6.53,True
0x2ffc80d69de7f4d64556c389d4fbb4fab1a87732,tron,USDT,140005.712,140688.69199899997,USDT,140005.712,96,1,15,7,24,0.26956521739130435,0.10434782608695652,1.0048782295325207,False,0.5361053893077513,0.19222591028998098,False,False,,14.7,,0,[],[],0,False,False,,,73.2,False,,,0.0,,False,14.7,0,,False,[],,False,96.0,6.4,True
0x6a52aaa2e58b8e68613cb1db60bb07621246963d,tron,USDT,106447.47700000003,107494.57199899999,USDT,106447.47700000003,95,1,15,8,24,0.20161290322580644,0.13709677419354838,1.0098367291410764,False,0.5500903546384797,0.19394043393353871,False,False,,14.7,,0,[],[],0,False,False,,,72.9,False,,,0.0,,False,14.7,0,,False,[],,False,95.0,6.33,True
0xee2d65de94bf2cdf23bd913104770ddffcb74fff,tron,USDT,90579.59351299999,92621.375512,USDT,90579.59351299999,93,1,12,8,24,0.2231404958677686,0.21487603305785125,1.0225413022935124,False,0.5768663683066773,0.19791759630961803,False,False,,14.7,,0,[],[],0,False,False,,,69.2,False,,,0.0,,False,14.7,0,,False,[],,False,93.0,7.75,True
0x3a2f3694a580fcbaeccb8096586868fbfeb512e1,tron,USDT,68837.83749299998,71492.293492,USDT,68837.83749299998,90,1,14,8,24,0.232,0.184,1.0385610021417355,False,0.5582402815402571,0.19511567809475483,False,False,,14.7,,0,[],[],0,False,False,,,68.3,False,,,0.0,,False,14.7,0,,False,[],,False,90.0,6.43,True
0xf1967c23256a07558e5920995bd139a92299ca6f,tron,USDT,147091.40399999995,148264.98399900002,USDT,147091.40399999995,90,1,14,8,24,0.23008849557522124,0.11504424778761062,1.0079785763619475,False,0.5285061090806016,0.19113151685933677,False,False,,14.7,,0,[],[],0,False,False,,,67.2,False,,,0.0,,False,14.7,0,,False,[],,False,90.0,6.43,True
0xaad540c044f5e076a8a49b79e22869c007adad9b,tron,USDT,45942.329999999994,51203.279999,USDT,45942.329999999994,88,1,11,8,24,0.21621621621621623,0.17117117117117117,1.1145120414876653,False,0.5326130774894844,0.19194184689663363,False,False,,14.7,,0,[],[],0,False,False,,,70.9,False,,,0.0,,False,14.7,0,,False,[],,False,88.0,8.0,True
0x9f42f131f1ba46eea4d685946b4e07317ee83c9f,tron,USDT,196857.239296,233386.33929600002,USDT,196857.239296,71,1,9,8,23,0.08080808080808081,0.29292929292929293,1.1855613749874538,False,0.5120179753207104,0.18861868605091642,False,False,,14.7,,0,[],[],0,False,False,,,38.7,False,,,0.0,,False,14.7,0,,False,[],,False,71.0,7.89,True
0xd1a57e1320d598ea9d38be052f99813607d777a8,tron,USDT,252750.28,237464.0,USDT,252750.28,66,1,3,7,23,0.16230366492146597,0.08376963350785341,0.9395202252594933,False,0.4387737947336976,0.17813700009936284,False,False,,14.7,,0,[],[],0,False,False,,,49.7,False,,,0.0,,False,14.7,0,,False,[],,False,66.0,22.0,True
0xad867e62bba747463ef3611d47f47d8f36afda18,tron,USDT,322873.55035300006,257529.0,USDT,322873.55035300006,58,1,6,8,24,0.1695906432748538,0.4502923976608187,0.7976156601197021,False,0.4834306415699735,0.18483691310400036,False,False,,14.7,,0,[],[],0,False,False,,,30.9,False,,,0.0,,False,14.7,0,,False,[],,False,58.0,9.67,True
0xfb1ce7eee3a4b55dfddaa069f899efeee6182d87,tron,USDT,74124.313762,77605.80804199999,USDT,74124.313762,55,1,3,7,21,0.09876543209876543,0.14814814814814814,1.0469683171864288,False,0.42121728268066083,0.17602619022565086,False,False,,14.7,,0,[],[],0,False,False,,,44.5,False,,,0.0,,False,14.7,0,,False,[],,False,55.0,18.33,True
0xda16a8a93fbffa2a1127afeb17b40c88807957d2,tron,USDT,36047.18,32933.72,USDT,36047.18,52,1,7,7,22,0.13861386138613863,0.2871287128712871,0.9136281950488222,False,0.4367561863156618,0.178095647882411,False,False,,14.7,,0,[],[],0,False,False,,,43.5,False,,,0.0,,False,14.7,0,,False,[],,False,52.0,7.43,True
0xf924c018f6114ab78d83d01e75b51639977c64ce,tron,USDT,275025.18230000004,295152.24,USDT,275025.18230000004,50,1,8,8,23,0.2582781456953642,0.5562913907284768,1.073182599250294,False,0.47017468082877023,0.18266542248707618,False,False,,14.7,,0,[],[],0,False,False,,,24.0,False,,,0.0,,False,14.7,0,,False,[],,False,50.0,6.25,True
0x6a253ef6fa085c75a6b752bee34f793f19f9a9a3,tron,USDT,103319.318,104640.806,USDT,103319.318,67,2,14,8,24,0.2826086956521739,0.021739130434782608,1.0127903283295,False,0.4802166479531072,0.1840166765954272,False,False,,14.7,,0,[],[],0,False,False,,,21.8,False,,,0.0,,False,14.7,0,,False,[],,False,33.5,4.79,False
0x2722de9d92ce386feccef1859e5dff421c885d52,tron,USDT,141688.35499999998,137547.195,USDT,141688.35499999998,66,2,16,8,24,0.31297709923664124,0.015267175572519083,0.9707727568719393,False,0.46634377496369633,0.18248630099816876,False,False,,14.7,,0,[],[],0,False,False,,,21.1,False,,,0.0,,False,14.7,0,,False,[],,False,33.0,4.12,False
0x4cc2605031a1a1f979fe1631b30489be9585fbae,tron,USDT,67463.25100000002,70333.85999900001,USDT,67463.25100000002,108,1,13,8,24,0.19696969696969696,0.12121212121212122,1.0425507065913557,False,0.5721220182065485,0.19761366956246434,False,False,,14.6,,0,[],[],0,False,False,,,78.0,False,,,0.0,,False,14.6,0,,False,[],,False,108.0,8.31,True
0x7e1d8779f0e88a48c07ba9a553a22bb5ae00c11c,tron,USDT,90196.76499999998,92857.14999900002,USDT,90196.76499999998,103,1,14,8,24,0.19148936170212766,0.14893617021276595,1.0294953482976914,False,0.5764301624151329,0.1985242198732824,False,False,,14.6,,0,[],[],0,False,False,,,74.7,False,,,0.0,,False,14.6,0,,False,[],,False,103.0,7.36,True
0x93b34b59f2624c9cb0a9324c5f9e9870500995f4,tron,USDT,61798.90000000002,64652.089999,USDT,61798.90000000002,99,1,12,8,24,0.2283464566929134,0.15748031496062992,1.0461689447384983,False,0.5639312513577734,0.1968607774035418,False,False,,14.6,,0,[],[],0,False,False,,,74.3,False,,,0.0,,False,14.6,0,,False,[],,False,99.0,8.25,True
0xb2b514e803aa5c4f21af927322127cafe8c66378,tron,USDT,98856.99200000001,101037.004999,USDT,98856.99200000001,97,1,15,8,24,0.24242424242424243,0.16666666666666666,1.0220521882660558,False,0.567884852970463,0.19728444496274083,False,False,,14.6,,0,[],[],0,False,False,,,73.5,False,,,0.0,,False,14.6,0,,False,[],,False,97.0,6.47,True
0x6233492af1325bbcb1962e04b867ca1aa38715f0,tron,USDT,43798.321053000014,50488.328052000004,USDT,43798.321053000014,93,1,9,8,24,0.23387096774193547,0.14516129032258066,1.152745740890489,False,0.5226540762597469,0.19084108995788807,False,False,,14.6,,0,[],[],0,False,False,,,72.3,False,,,0.0,,False,14.6,0,,False,[],,False,93.0,10.33,True
0x7e4a055968ac3e449b9f0c5bfe5c98a3babd5608,tron,USDT,101347.90900000001,103462.632999,USDT,101347.90900000001,88,1,15,7,24,0.19834710743801653,0.1652892561983471,1.0208659854935929,False,0.5475238754511329,0.19455106693514645,False,False,,14.6,,0,[],[],0,False,False,,,70.5,False,,,0.0,,False,14.6,0,,False,[],,False,88.0,5.87,True
0x9157ac20e565d5789b977aaaaa6e5055d47ae7c0,tron,USDT,153984.0,149502.2,USDT,153984.0,67,1,8,8,19,0.3137254901960784,0.24509803921568626,0.9708943786367416,False,0.5180439584596351,0.19007004473510347,False,False,,14.6,,0,[],[],0,False,False,,,50.0,False,,,0.0,,False,14.6,0,,False,[],,False,67.0,8.38,True
0x00926f59e37d743f666410b7739174f4f9ca74ca,tron,USDT,116220.17999999998,166173.0,USDT,116220.17999999998,63,1,2,8,22,0.041811846689895474,0.024390243902439025,1.4298119311121358,False,0.3306052845454982,0.163687140526396,False,False,,14.6,,0,[],[],0,False,False,,,59.3,False,,,0.0,,False,14.6,0,,False,[],,False,63.0,31.5,True
0xad52251375de17c15e0a9b70b1b417792541336b,tron,USDT,34741.0,35651.0,USDT,34741.0,53,1,7,7,20,0.0958904109589041,0.0821917808219178,1.0261938343743704,False,0.3781723489503275,0.1699788555062321,False,False,,14.6,,0,[],[],0,False,False,,,27.8,False,,,0.0,,False,14.6,0,,False,[],,False,53.0,7.57,True
0xf0b83a3bde6a8fed927dd95cd90ea800a3077836,tron,USDT,100873.47300000003,95137.62299999999,USDT,100873.47300000003,68,2,14,8,24,0.29333333333333333,0.013333333333333334,0.9431381727086958,False,0.46773242877169247,0.1830660116243794,False,False,,14.6,,0,[],[],0,False,False,,,25.6,False,,,0.0,,False,14.6,0,,False,[],,False,34.0,4.86,False
0x49551a6028c5d500fde58d80dd3d625ca808bf41,tron,USDT,107683.08699999997,110773.09699999998,USDT,107683.08699999997,63,2,16,8,24,0.24161073825503357,0.013422818791946308,1.0286954069212375,False,0.451706824428226,0.1807075237763628,False,False,,14.6,,0,[],[],0,False,False,,,19.4,False,,,0.0,,False,14.6,0,,False,[],,False,31.5,3.94,False
0x9b106a009b418716aad6f88b818ba74152485d54,tron,USDT,89417.97139199999,90714.77139200001,USDT,89417.97139199999,61,2,15,8,24,0.2903225806451613,0.03225806451612903,1.0145026774798431,False,0.4584486371811633,0.18195213732231225,False,False,,14.6,,0,[],[],0,False,False,,,11.4,False,,,0.0,,False,14.6,0,,False,[],,False,30.5,4.07,False
0xfcd446578e1944b910b1bdbb1b8a53966ae41147,tron,USDT,144934.0629999999,140536.38299999997,USDT,144934.0629999999,60,2,14,8,24,0.23026315789473684,0.02631578947368421,0.9696573744710384,False,0.44815294286196333,0.17996067410554772,False,False,,14.6,,0,[],[],0,False,False,,,26.6,False,,,0.0,,False,14.6,0,,False,[],,False,30.0,4.29,False
0x68aa38e3ef5dd01bb2684d801ff70317c5959fee,tron,USDT,188726.06921599995,188016.0,USDT,188726.06921599995,54,2,13,8,24,0.1718213058419244,0.003436426116838488,0.9962375668663598,False,0.39888688545642853,0.17303186037558665,False,False,,14.6,,0,[],[],0,False,False,,,26.5,False,,,0.0,,False,14.6,0,,False,[],,False,27.0,4.15,False
0x7ca0ddb3a5b48a8dbffc593756b968838a00d0c2,tron,USDT,85139.38499999997,85339.38499900002,USDT,85139.38499999997,105,1,13,8,24,0.20588235294117646,0.11764705882352941,1.0023490890731717,False,0.5701496136660614,0.19827743660502872,False,False,,14.5,,0,[],[],0,False,False,,,76.8,False,,,0.0,,False,14.5,0,,False,[],,False,105.0,8.08,True
0xb9cb85d21b571fde396b34570ecbeb2ba9295314,tron,USDT,65202.944999999985,67355.54499899999,USDT,65202.944999999985,104,1,14,8,24,0.22058823529411764,0.09558823529411764,1.033013846215075,False,0.5501643075495178,0.19506086602925038,False,False,,14.5,,0,[],[],0,False,False,,,75.2,False,,,0.0,,False,14.5,0,,False,[],,False,104.0,7.43,True
0x16de4ddbb870c2ca3400fd96bb179b565ba2b0e2,tron,USDT,105206.29283199999,107903.218831,USDT,105206.29283199999,101,1,14,8,24,0.21804511278195488,0.13533834586466165,1.0256346452897702,False,0.5628832533773451,0.19732657337726495,False,False,,14.5,,0,[],[],0,False,False,,,75.2,False,,,0.0,,False,14.5,0,,False,[],,False,101.0,7.21,True
0x4617fbfa1ed80778a7026242c2c30b88ac65a0ab,tron,USDT,72001.98700000001,75807.46899899999,USDT,72001.98700000001,99,1,14,8,24,0.21428571428571427,0.17142857142857143,1.052852458071747,False,0.5704010824204406,0.19816963951322375,False,False,,14.5,,0,[],[],0,False,False,,,74.3,False,,,0.0,,False,14.5,0,,False,[],,False,99.0,7.07,True
0x6a67f9987016c55440ec43cd1b8afbed17ba4e96,tron,USDT,102308.942,103428.89099900001,USDT,102308.942,99,1,16,8,24,0.23308270676691728,0.12781954887218044,1.0109467362002436,False,0.5551080647243128,0.19598973549098048,False,False,,14.5,,0,[],[],0,False,False,,,73.1,False,,,0.0,,False,14.5,0,,False,[],,False,99.0,6.19,True
0xe9fa6e3e340c75932e315f1ded685ec6906346ab,tron,USDT,113435.70841799998,111395.10841800002,USDT,113435.70841799998,98,1,6,8,23,0.10179640718562874,0.11377245508982035,0.9820109555583632,False,0.5429231923844771,0.19412230289238036,False,False,,14.5,,0,[],[],0,False,False,,,69.3,False,,,0.0,,False,14.5,0,,False,[],,False,98.0,16.33,True
0x9ee5cc35a43edc5e4b431aed063191daf49a4cee,tron,USDT,67419.07431599998,70372.21931500001,USDT,67419.07431599998,91,1,14,8,24,0.1875,0.1953125,1.043802811429275,False,0.5629195395384979,0.19705126913960364,False,False,,14.5,,0,[],[],0,False,False,,,70.6,False,,,0.0,,False,14.5,0,,False,[],,False,91.0,6.5,True
0x40b6f381078a4f16806a7d1d0c25b94d15b0682a,tron,USDT,106408.37199999999,110764.053999,USDT,106408.37199999999,88,1,16,8,24,0.20634920634920634,0.15873015873015872,1.040933640061705,False,0.5405404675752704,0.1940372564917099,False,False,,14.5,,0,[],[],0,False,False,,,70.9,False,,,0.0,,False,14.5,0,,False,[],,False,88.0,5.5,True
0xbb795f3806927be3393605464fec3b480c1f407b,tron,USDT,63768.80959499999,51548.0,USDT,63768.80959499999,73,1,2,8,24,0.19158878504672897,0.0,0.8083575705330682,False,0.38693668169252793,0.17205683011245443,False,False,,14.5,,0,[],[],0,False,False,,,68.4,False,,,0.0,,False,14.5,0,,False,[],,False,73.0,36.5,True
0x8e0a58f654d4c902ce379b643a9ad96df722e6a8,tron,USDT,73089.59747000002,52905.0,USDT,73089.59747000002,69,1,2,8,24,0.2798165137614679,0.0045871559633027525,0.7238376161767085,False,0.3674658685896056,0.1694439519715139,False,False,,14.5,,0,[],[],0,False,False,,,66.5,False,,,0.0,,False,14.5,0,,False,[],,False,69.0,34.5,True
0x86fa4eea36f30fdddcb0b966e4cf98dc69009433,tron,USDT,105858.56,90000.0,USDT,105858.56,62,1,4,8,20,0.07086614173228346,0.3700787401574803,0.8501910473749124,False,0.49969455228363757,0.18801741263208321,False,False,,14.5,,0,[],[],0,False,False,,,33.7,False,,,0.0,,False,14.5,0,,False,[],,False,62.0,15.5,True
0x3937560262549f56cfe6220bcd64d35b64391a44,tron,USDT,624465.31803,644856.71843,USDT,624465.31803,57,1,7,8,24,0.20441988950276244,0.027624309392265192,1.0326541759986427,False,0.3820775653093932,0.17119210545814056,False,False,,14.5,,0,[],[],0,False,False,,,30.3,False,,,0.0,,False,14.5,0,,False,[],,False,57.0,8.14,True
0x7e21cb81222bcef71d507fb79bb31ad3178fdd38,tron,USDT,81641.79132899999,84749.75532899998,USDT,81641.79132899999,68,2,12,8,24,0.28289473684210525,0.006578947368421052,1.038068297490871,False,0.46381188144370106,0.182963786543062,False,False,,14.5,,0,[],[],0,False,False,,,32.4,False,,,0.0,,False,14.5,0,,False,[],,False,34.0,5.67,False
0x17bad9fe63b14f17a11ed41e498f51fc8f094282,tron,USDT,90836.00713999999,89425.38414000001,USDT,90836.00713999999,67,2,13,8,24,0.2676056338028169,0.02112676056338028,0.9844706626324309,False,0.4794142852630156,0.1851937015208952,False,False,,14.5,,0,[],[],0,False,False,,,26.8,False,,,0.0,,False,14.5,0,,False,[],,False,33.5,5.15,False
0x7fa106b3163e1575d1e3e5a187bd8a67f7cad205,tron,USDT,132176.67199999996,131054.642,USDT,132176.67199999996,65,2,16,8,21,0.3609022556390977,0.007518796992481203,0.9915111344307417,False,0.45786947338593614,0.18218977904735728,False,False,,14.5,,0,[],[],0,False,False,,,20.5,False,,,0.0,,False,14.5,0,,False,[],,False,32.5,4.06,False
0x968a9476a94fd52e27543f31aa44e914a05f6831,tron,USDT,68167.943744,72750.84474300001,USDT,68167.943744,107,1,13,8,24,0.18705035971223022,0.1223021582733813,1.0672295619801995,False,0.5650861198483386,0.19799496457347915,False,False,,14.4,,0,[],[],0,False,False,,,77.6,False,,,0.0,,False,14.4,0,,False,[],,False,107.0,8.23,True
0x580f5d4b8a9f2d03b181c1e751d2df8daafb4118,tron,USDT,82591.50200000001,111248.368999,USDT,82591.50200000001,106,1,18,8,24,0.20567375886524822,0.1347517730496454,1.3469711326838443,False,0.5125107374004395,0.19062946265815373,False,False,,14.4,,0,[],[],0,False,False,,,76.0,False,,,0.0,,False,14.4,0,,False,[],,False,106.0,5.89,True
0x263c3f170944d18fd0bd41f76fbc4c6da95a19ab,tron,USDT,98466.951,98840.12500000001,USDT,98466.951,104,1,13,7,24,0.16541353383458646,0.12030075187969924,1.0037898401058445,False,0.5676764825515931,0.19832697082961837,False,False,,14.4,,0,[],[],0,False,False,,,77.4,False,,,0.0,,False,14.4,0,,False,[],,False,104.0,8.0,True
0xeeaf82471e8be7a7a961fe96ba8967c51b4624a2,tron,USDT,66396.25099999997,67648.900999,USDT,66396.25099999997,102,1,10,7,24,0.17424242424242425,0.12121212121212122,1.01886627603417,False,0.5594851240888808,0.1972220657346081,False,False,,14.4,,0,[],[],0,False,False,,,76.4,False,,,0.0,,False,14.4,0,,False,[],,False,102.0,10.2,True
0xdc88c4911a4cea707be13bb34b3ac83b7b40f253,tron,USDT,123408.68699999998,162549.97699899998,USDT,123408.68699999998,102,1,18,8,24,0.25,0.1388888888888889,1.3171680288519723,False,0.5097526479419517,0.18989307984535825,False,False,,14.4,,0,[],[],0,False,False,,,75.4,False,,,0.0,,False,14.4,0,,False,[],,False,102.0,5.67,True
0x7b04bfe32a504b48ea6d0cf4183f5f33b8b084de,tron,USDT,69475.46699999999,72745.83199899999,USDT,69475.46699999999,101,1,13,8,24,0.20610687022900764,0.1450381679389313,1.0470722276541156,False,0.5644506372014637,0.19816193233692064,False,False,,14.4,,0,[],[],0,False,False,,,75.0,False,,,0.0,,False,14.4,0,,False,[],,False,101.0,7.77,True
0xc0eda573e6134dc0a7e17517a8480e86eb364858,tron,USDT,64586.791999999994,68323.757999,USDT,64586.791999999994,101,1,11,7,24,0.1951219512195122,0.13008130081300814,1.0578596007524264,False,0.5533411048813348,0.1961417013268899,False,False,,14.4,,0,[],[],0,False,False,,,75.2,False,,,0.0,,False,14.4,0,,False,[],,False,101.0,9.18,True
0x93d9eb91d690df2c068cc310d681e3b810894b99,tron,USDT,126685.02500000004,129146.27399900001,USDT,126685.02500000004,96,1,15,7,24,0.2153846153846154,0.13846153846153847,1.0194280973540477,False,0.5513965188406033,0.1960447011288068,False,False,,14.4,,0,[],[],0,False,False,,,69.5,False,,,0.0,,False,14.4,0,,False,[],,False,96.0,6.4,True
0xb6e8114cfa5769fecd1ddd49e94c5d0caf6da6dc,tron,USDT,206444.811212,130000.0,USDT,206444.811212,84,1,2,8,21,0.16379310344827586,0.0603448275862069,0.6297082461738496,False,0.42048980366837196,0.17728978894766928,False,False,,14.4,,0,[],[],0,False,False,,,51.7,False,,,0.0,,False,14.4,0,,False,[],,False,84.0,42.0,True
0xee30de4a43d4e169d47e6e1350ac02202ac7104d,tron,USDT,86524.49,86524.48999999999,USDT,86524.49,83,1,7,4,19,0.07079646017699115,0.17699115044247787,0.9999999999999998,False,0.5470725498515061,0.19573721426223323,False,False,,14.4,,0,[],[],0,False,False,,,65.0,False,,,0.0,,False,14.4,0,,False,[],,False,83.0,11.86,True
0x5659ed094a0560691f4efbcd53b5d4b10dead01f,tron,USDT,41697.869999999995,42604.0,USDT,41697.869999999995,58,1,20,8,24,0.25833333333333336,0.0,1.021730846203895,False,0.35791517993189814,0.16857421942565398,False,False,,14.4,,0,[],[],0,False,False,,,46.8,False,,,0.0,,False,14.4,0,,False,[],,False,58.0,2.9,True
0x5296d6e84e1b538561e88d1df7bff0d8052c0d83,tron,USDT,40418.051953,39648.0,USDT,40418.051953,52,2,9,5,14,0.27586206896551724,0.0,0.9809478211890208,False,0.3714123050099722,0.17043301852178366,False,False,,14.4,,0,[],[],0,False,False,,,31.1,False,,,0.0,,False,14.4,0,,False,[],,False,26.0,5.78,False
0x63de41feaf13f981fe1c0d52f58a536e1d446840,tron,USDT,87387.07299999997,96269.77299900001,USDT,87387.07299999997,102,1,11,7,24,0.20168067226890757,0.14285714285714285,1.1016477574320407,False,0.5551053233544914,0.19717746915354895,False,False,,14.3,,0,[],[],0,False,False,,,75.6,False,,,0.0,,False,14.3,0,,False,[],,False,102.0,9.27,True
0xace8e8983468f04e092707d9e07179cef4ab351b,tron,USDT,104445.17016,102100.0,USDT,104445.17016,99,1,11,8,20,0.22727272727272727,0.05844155844155844,0.9775463991641986,False,0.5231079221747998,0.19285011662761548,False,False,,14.3,,0,[],[],0,False,False,,,76.3,False,,,0.0,,False,14.3,0,,False,[],,False,99.0,9.0,True
0xa47e6ddf710505d50491d91d7bfc8a5c27e149ba,tron,USDT,83615.90184799998,85166.545847,USDT,83615.90184799998,96,1,13,8,24,0.16279069767441862,0.16279069767441862,1.018544845713903,False,0.5640890792237871,0.19872866513172216,False,False,,14.3,,0,[],[],0,False,False,,,70.9,False,,,0.0,,False,14.3,0,,False,[],,False,96.0,7.38,True
0x3dc2ec854220a0e7b1df10f42eb45871a828aab1,tron,USDT,151338.13152200004,161070.55152200002,USDT,151338.13152200004,92,1,8,8,24,0.19776119402985073,0.011194029850746268,1.064309106383973,False,0.4743677077855728,0.1857179062681415,False,False,,14.3,,0,[],[],0,False,False,,,67.8,False,,,0.0,,False,14.3,0,,False,[],,False,92.0,11.5,True
0x52784d79d8c9abb17429960a7303f447bd5a2367,tron,USDT,53299.113000000005,53616.725999,USDT,53299.113000000005,87,1,12,7,24,0.17073170731707318,0.12195121951219512,1.0059590672550216,False,0.5257492132778884,0.1927307829040511,False,False,,14.3,,0,[],[],0,False,False,,,70.5,False,,,0.0,,False,14.3,0,,False,[],,False,87.0,7.25,True
0x6f1f42f7d0e9299f3d070b20c541cf159d782bf9,tron,USDT,70048.53000000001,59467.2,USDT,70048.53000000001,82,1,6,5,19,0.05357142857142857,0.22321428571428573,0.8489428686083774,False,0.530183143089516,0.19348178240407665,False,False,,14.3,,0,[],[],0,False,False,,,66.1,False,,,0.0,,False,14.3,0,,False,[],,False,82.0,13.67,True
0x34a27ead2e82b057412b59896fc32df22059ee7c,tron,USDT,51285.05000000001,53141.975998999995,USDT,51285.05000000001,81,1,12,8,24,0.22123893805309736,0.1415929203539823,1.0362079397212245,False,0.5175144578767139,0.19203754898840691,False,False,,14.3,,0,[],[],0,False,False,,,68.8,False,,,0.0,,False,14.3,0,,False,[],,False,81.0,6.75,True
0x955042bd6e50e536c74836d45a2e16e4cb796ac5,tron,USDT,34799.12899999999,45623.848998999994,USDT,34799.12899999999,64,1,8,5,24,0.19230769230769232,0.21794871794871795,1.3110629578975956,False,0.4407784987895942,0.18086123622089195,False,False,,14.3,,0,[],[],0,False,False,,,61.4,False,,,0.0,,False,14.3,0,,False,[],,False,64.0,8.0,True
0xde6cf822bf40c700303a51dfdbe0bfc1d25cacdb,tron,USDT,37235.03,37837.67,USDT,37235.03,58,1,8,8,24,0.16393442622950818,0.20491803278688525,1.0161847593516105,False,0.4666187969629405,0.18434893722023893,False,False,,14.3,,0,[],[],0,False,False,,,49.5,False,,,0.0,,False,14.3,0,,False,[],,False,58.0,7.25,True
0x4bec15689617d8dfea947a10d401d0d674cfa683,tron,USDT,47966.48999999999,46547.22,USDT,47966.48999999999,58,1,7,8,24,0.1916376306620209,0.006968641114982578,0.9704112183317981,False,0.3696656123553711,0.17051058116973505,False,False,,14.3,,0,[],[],0,False,False,,,56.4,False,,,0.0,,False,14.3,0,,False,[],,False,58.0,8.29,True
0x2924c20258fd6c5f1682ab08641da23a0662a77e,tron,USDT,13710.79000000001,47000.0,USDT,13710.79000000001,58,1,1,8,21,0.14678899082568808,0.009174311926605505,3.4279571053163216,False,0.17901994060246076,0.14360191378766995,False,False,,14.3,,0,[],[],0,False,False,,,61.8,False,,,0.0,,False,14.3,0,,False,[],,False,58.0,58.0,True
0x43ce34d1da008aadee0029be2a3b30580dfeda6f,tron,USDT,25337.910000000003,26950.499999999996,USDT,25337.910000000003,57,1,5,8,24,0.14634146341463414,0.08130081300813008,1.0636433707436799,False,0.3951414998012004,0.17424215929716985,False,False,,14.3,,0,[],[],0,False,False,,,59.4,False,,,0.0,,False,14.3,0,,False,[],,False,57.0,11.4,True
0x2778b96d5061b7189c74c1c10bdafa142c53f8e4,tron,USDT,103068.63199999997,118659.041999,USDT,103068.63199999997,108,1,15,7,24,0.20149253731343283,0.1044776119402985,1.15126241317533,False,0.5418518873267498,0.19563953579904048,False,False,,14.2,,0,[],[],0,False,False,,,78.0,False,,,0.0,,False,14.2,0,,False,[],,False,108.0,7.2,True
0xc1450bac8bccee4a39e447cf2987401ca709e76c,tron,USDT,83057.875436,86258.01343499999,USDT,83057.875436,101,1,12,8,24,0.22058823529411764,0.1323529411764706,1.038529013440343,False,0.5584375999423938,0.19823821639376044,False,False,,14.2,,0,[],[],0,False,False,,,75.2,False,,,0.0,,False,14.2,0,,False,[],,False,101.0,8.42,True
0x303b5f3aa2c8067c39d29863317b10bd65bd5bf9,tron,USDT,95822.822,96749.761999,USDT,95822.822,100,1,14,8,24,0.1893939393939394,0.12121212121212122,1.0096734784016275,False,0.5554051430977823,0.1977433188139724,False,False,,14.2,,0,[],[],0,False,False,,,71.3,False,,,0.0,,False,14.2,0,,False,[],,False,100.0,7.14,True
0x03f6967a36e487f0cbb6105811b6cea7f32251ec,tron,USDT,59916.242999999995,67189.05499899999,USDT,59916.242999999995,99,1,13,8,24,0.21875,0.140625,1.1213829778846447,False,0.5404455087930329,0.19587438656354628,False,False,,14.2,,0,[],[],0,False,False,,,74.3,False,,,0.0,,False,14.2,0,,False,[],,False,99.0,7.62,True
0xdf87aff2f7fff6a4f25442e7e98d82a9a6a23ae1,tron,USDT,94256.10800000002,98997.85299900001,USDT,94256.10800000002,76,1,9,6,24,0.2127659574468085,0.1276595744680851,1.0503070315506766,False,0.4958359208005987,0.18931115499085904,False,False,,14.2,,0,[],[],0,False,False,,,66.3,False,,,0.0,,False,14.2,0,,False,[],,False,76.0,8.44,True
0xc9b03e140ba80baa8f978d67d9ab57d273612b0e,tron,USDT,110213.47300199998,108781.673002,USDT,110213.47300199998,58,2,15,8,23,0.3700787401574803,0.007874015748031496,0.9870088478205019,False,0.4244700767342319,0.1792232216066475,False,False,,14.2,,0,[],[],0,False,False,,,9.4,False,,,0.0,,False,14.2,0,,False,[],,False,29.0,3.87,False
0x0e3fff64954611e3e49d49bf561b57ae7a981683,tron,USDT,120176.084,122033.076754,USDT,120176.084,54,2,17,8,23,0.3488372093023256,0.015503875968992248,1.0154522654773805,False,0.4096163776215371,0.1772810835194788,False,False,,14.2,,0,[],[],0,False,False,,,4.3,False,,,0.0,,False,14.2,0,,False,[],,False,27.0,3.18,False
0x273c886d7694f2d4bafd47b9de004bf05035458d,tron,USDT,106636.01400000001,108685.353999,USDT,106636.01400000001,96,1,14,8,24,0.23703703703703705,0.13333333333333333,1.019218085167737,False,0.5483837906881327,0.19715993135204374,False,False,,14.1,,0,[],[],0,False,False,,,73.2,False,,,0.0,,False,14.1,0,,False,[],,False,96.0,6.86,True
0x2f6d0a2048581b29a3b7239ae4467b74a47012b3,tron,USDT,198989.85899999994,303509.879,USDT,198989.85899999994,73,1,9,8,24,0.24096385542168675,0.01606425702811245,1.525252997942976,False,0.3435493155577773,0.16798061322709773,False,False,,14.1,,0,[],[],0,False,False,,,66.1,False,,,0.0,,False,14.1,0,,False,[],,False,73.0,8.11,True
0xb933a7abb2cf4741e25ce6d68102b3a08f47e4ae,tron,USDT,98000.20999999996,77100.0,USDT,98000.20999999996,68,1,2,8,24,0.19909502262443438,0.0,0.7867330080211056,False,0.3662562324909415,0.17168549103567088,False,False,,14.1,,0,[],[],0,False,False,,,62.2,False,,,0.0,,False,14.1,0,,False,[],,False,68.0,34.0,True
0x1d3d748cabbfd552dc9c6c070775b372f688adbf,tron,USDT,90289.32513,89465.82513000001,USDT,90289.32513,64,2,12,8,24,0.3049645390070922,0.014184397163120567,0.9908793204643594,False,0.46088269480988503,0.18514111737854955,False,False,,14.1,,0,[],[],0,False,False,,,29.7,False,,,0.0,,False,14.1,0,,False,[],,False,32.0,5.33,False
0xe6d9dd7ce2d20e18509aaf66fe23a411f9df2f3a,tron,USDT,89235.55578500002,89633.50778500001,USDT,89235.55578500002,60,2,14,8,23,0.29411764705882354,0.014705882352941176,1.0044595676745578,False,0.4443774967323774,0.18229143132730746,False,False,,14.1,,0,[],[],0,False,False,,,16.6,False,,,0.0,,False,14.1,0,,False,[],,False,30.0,4.29,False
0xdb5faf7a86b2d44e68691b76651268f6ab2b9731,tron,USDT,112935.33299999998,112192.346,USDT,112935.33299999998,59,2,14,8,24,0.2903225806451613,0.03225806451612903,0.9934211288862098,False,0.44978732293464546,0.1830278302270935,False,False,,14.1,,0,[],[],0,False,False,,,16.8,False,,,0.0,,False,14.1,0,,False,[],,False,29.5,4.21,False
0xda35c19ccbc8c3dfda0eaa06bfac3fb8b710dc7c,tron,USDT,111310.61000000002,113147.350999,USDT,111310.61000000002,93,1,14,7,24,0.2066115702479339,0.11570247933884298,1.0165010415359326,False,0.5331019978871283,0.19559571359064265,False,False,,14.0,,0,[],[],0,False,False,,,72.3,False,,,0.0,,False,14.0,0,,False,[],,False,93.0,6.64,True
0x110e09d926727fe0d8dd3d08d5737c5ff1567cf6,tron,USDT,171056.17,168300.79,USDT,171056.17,74,1,8,8,23,0.18867924528301888,0.01509433962264151,0.9838919578288231,False,0.4471178060757349,0.18361871054919776,False,False,,14.0,,0,[],[],0,False,False,,,58.2,False,,,0.0,,False,14.0,0,,False,[],,False,74.0,9.25,True
0xaec5e35c7ed01dd7a281ff627080bf52818c0490,tron,USDT,64017.16699999999,64333.166999,USDT,64017.16699999999,71,1,10,5,24,0.27586206896551724,0.10344827586206896,1.0049361759323092,False,0.47682354122422976,0.18757717257051787,False,False,,14.0,,0,[],[],0,False,False,,,67.7,False,,,0.0,,False,14.0,0,,False,[],,False,71.0,7.1,True
0xa0cb9f2cc245c4cdb31a9f8c2fcb0d9f6f63ed79,tron,USDT,61792.493384,48299.0,USDT,61792.493384,62,1,2,8,24,0.2300469483568075,0.0,0.7816321587778187,False,0.33901629174707837,0.16820282795956304,False,False,,14.0,,0,[],[],0,False,False,,,62.5,False,,,0.0,,False,14.0,0,,False,[],,False,62.0,31.0,True
0xed5e1407d8ea36750b9e6471d51d6629330c1274,tron,USDT,112123.97000000002,105368.0,USDT,112123.97000000002,52,1,4,8,23,0.17567567567567569,0.06756756756756757,0.9397455334483785,False,0.3589079526803418,0.17116343120538485,False,False,,14.0,,0,[],[],0,False,False,,,25.9,False,,,0.0,,False,14.0,0,,False,[],,False,52.0,13.0,True
0xcf4990f08cdcbefbbca488f5b3ed868cfc2e439f,tron,USDT,120632.469,121076.50899999999,USDT,120632.469,63,2,15,8,23,0.2833333333333333,0.0,1.0036809327014602,False,0.43634484867396334,0.18194087798352399,False,False,,14.0,,0,[],[],0,False,False,,,19.6,False,,,0.0,,False,14.0,0,,False,[],,False,31.5,4.2,False
0x673e169fde0d1be3ef96c24709eab3e494b7c97d,tron,USDT,100642.24900000003,99455.15899999999,USDT,100642.24900000003,60,2,14,8,22,0.34285714285714286,0.014285714285714285,0.9882048542059106,False,0.4425285397847544,0.1829271507969108,False,False,,14.0,,0,[],[],0,False,False,,,14.1,False,,,0.0,,False,14.0,0,,False,[],,False,30.0,4.29,False
0x5bffc85618ea121b621f65e1e62a260271640329,tron,USDT,97746.69999999997,98039.12099999998,USDT,97746.69999999997,57,2,13,8,24,0.2818181818181818,0.01818181818181818,1.002991620177459,False,0.4320278957354034,0.1812356015061044,False,False,,14.0,,0,[],[],0,False,False,,,18.6,False,,,0.0,,False,14.0,0,,False,[],,False,28.5,4.38,False
0x313b58e3e37b86f35c97d003dbee42a28ac4f57a,tron,USDT,77564.12389699998,77457.899897,USDT,77564.12389699998,56,2,10,8,22,0.26262626262626265,0.020202020202020204,0.9986305008725291,False,0.4290642418800637,0.18113735290535077,False,False,,14.0,,0,[],[],0,False,False,,,23.2,False,,,0.0,,False,14.0,0,,False,[],,False,28.0,5.6,False
0x4af10ae78ef313dedfe0efb24c31a11224f6012a,tron,USDT,118235.40199999999,119416.112,USDT,118235.40199999999,54,2,15,8,21,0.3333333333333333,0.022222222222222223,1.009986095365921,False,0.4159281097346223,0.1792288535140783,False,False,,14.0,,0,[],[],0,False,False,,,6.2,False,,,0.0,,False,14.0,0,,False,[],,False,27.0,3.6,False
0x24d0ef29233daf89dedb6ec16d51dada02174dd9,tron,USDT,100065.85,99531.51999999999,USDT,100065.85,50,2,14,8,24,0.2903225806451613,0.03225806451612903,0.9946602162476008,False,0.3937771853793462,0.1757737706248027,False,False,,14.0,,0,[],[],0,False,False,,,2.5,False,,,0.0,,False,14.0,0,,False,[],,False,25.0,3.57,False
0x3cb606cca78c2b5c041f0e6365cdfa8f87fb2523,tron,USDT,63825.572,66452.749999,USDT,63825.572,95,1,13,7,23,0.21875,0.125,1.0411618402573817,False,0.5371218958433052,0.19676717586358955,False,False,,13.9,,0,[],[],0,False,False,,,72.9,False,,,0.0,,False,13.9,0,,False,[],,False,95.0,7.31,True
0x47bb616208d1cffe79f239148b9273ead6b3cf74,tron,USDT,119098.59799999997,136351.327999,USDT,119098.59799999997,92,1,16,7,24,0.22962962962962963,0.14814814814814814,1.1448608991937927,False,0.5245280322953102,0.19509706184721137,False,False,,13.9,,0,[],[],0,False,False,,,68.0,False,,,0.0,,False,13.9,0,,False,[],,False,92.0,5.75,True
0x32e4ffae886e414cbecccbdf6d0800be0bb6023e,tron,USDT,128310.148,129646.243999,USDT,128310.148,91,1,15,8,24,0.2222222222222222,0.1037037037037037,1.0104130189219327,False,0.5246250754689016,0.1952261291424804,False,False,,13.9,,0,[],[],0,False,False,,,70.6,False,,,0.0,,False,13.9,0,,False,[],,False,91.0,6.07,True
0x32440bba2df5f6c4f31d397a5e033b2f0df8260f,tron,USDT,52883.5,40000.0,USDT,52883.5,69,1,3,8,23,0.28448275862068967,0.13793103448275862,0.7563795890967883,False,0.4410934825202486,0.18294346406976808,False,False,,13.9,,0,[],[],0,False,False,,,50.0,False,,,0.0,,False,13.9,0,,False,[],,False,69.0,23.0,True
0x4376d0d8e278a03c96cff49f3c7927d7c860b8ab,tron,USDT,45774.27543600001,44245.275435999996,USDT,45774.27543600001,67,1,8,8,24,0.22429906542056074,0.14018691588785046,0.9665969589810808,False,0.47730326960699254,0.1883925709170629,False,False,,13.9,,0,[],[],0,False,False,,,67.7,False,,,0.0,,False,13.9,0,,False,[],,False,67.0,8.38,True
0x7d73842e93b7df764eedb838baf7f138e31db890,tron,USDT,73222.07224300002,70576.0,USDT,73222.07224300002,66,1,13,8,23,0.23140495867768596,0.004132231404958678,0.9638623687920417,False,0.4026579213612933,0.17784094808812828,False,False,,13.9,,0,[],[],0,False,False,,,62.5,False,,,0.0,,False,13.9,0,,False,[],,False,66.0,5.08,True
0x0135807548fa165a73eda5fa9c7ba6978f6d9042,tron,USDT,95993.004,93440.016,USDT,95993.004,64,2,13,8,23,0.3458646616541353,0.007518796992481203,0.9734044368483353,False,0.450429720632289,0.18454866743692616,False,False,,13.9,,0,[],[],0,False,False,,,25.0,False,,,0.0,,False,13.9,0,,False,[],,False,32.0,4.92,False
0x580750d6fe7c3b2567429c08fe8333fb1828f8b0,tron,USDT,93562.393,93373.363,USDT,93562.393,61,2,13,8,24,0.3357664233576642,0.014598540145985401,0.9979796369680284,False,0.4495747139867325,0.18425408770006374,False,False,,13.9,,0,[],[],0,False,False,,,16.6,False,,,0.0,,False,13.9,0,,False,[],,False,30.5,4.69,False
0x8295b2a537bc8d17ce7fd321df3a6a4bba0ea55e,tron,USDT,90316.201,94103.621,USDT,90316.201,61,2,14,8,23,0.376,0.008,1.0419351119518412,False,0.4348459008170989,0.18220299576762727,False,False,,13.9,,0,[],[],0,False,False,,,21.8,False,,,0.0,,False,13.9,0,,False,[],,False,30.5,4.36,False
0x28fca9445b4fd175fc9b5ff5fb572f404f7a9087,tron,USDT,128961.83200000001,125171.312,USDT,128961.83200000001,60,2,14,8,24,0.29310344827586204,0.008620689655172414,0.9706074274751307,False,0.43353599546532734,0.18218242019776004,False,False,,13.9,,0,[],[],0,False,False,,,17.4,False,,,0.0,,False,13.9,0,,False,[],,False,30.0,4.29,False
0xa7e4cd936eca283812083903f95f3f0b7594e73c,tron,USDT,97174.57999999997,101021.82,USDT,97174.57999999997,59,2,14,8,24,0.39823008849557523,0.017699115044247787,1.039591012382045,False,0.43482681237297577,0.1821814263031859,False,False,,13.9,,0,[],[],0,False,False,,,11.4,False,,,0.0,,False,13.9,0,,False,[],,False,29.5,4.21,False
0x355880fcafc540aec9c958d15086b91ab259104a,tron,USDT,90526.89699999998,92776.937,USDT,90526.89699999998,57,2,14,8,24,0.34959349593495936,0.016260162601626018,1.024854933445913,False,0.42629757504183147,0.18122131963896382,False,False,,13.9,,0,[],[],0,False,False,,,24.2,False,,,0.0,,False,13.9,0,,False,[],,False,28.5,4.07,False
0x0f850695d0c8cf794c676a27831e853f69565f39,tron,USDT,105297.66981400001,109194.029814,USDT,105297.66981400001,54,2,15,8,23,0.34959349593495936,0.016260162601626018,1.0370032879823703,False,0.4063668434641963,0.178220771241613,False,False,,13.9,,0,[],[],0,False,False,,,6.5,False,,,0.0,,False,13.9,0,,False,[],,False,27.0,3.6,False
0x61995d1d88efb9d456469710b7ed097c46daa1fb,tron,USDT,118066.54,132188.636999,USDT,118066.54,102,1,11,8,24,0.16535433070866143,0.11023622047244094,1.1196113394955083,False,0.5341600401195661,0.19677660208814474,False,False,,13.8,,0,[],[],0,False,False,,,78.2,False,,,0.0,,False,13.8,0,,False,[],,False,102.0,9.27,True
0x58ef62ce17532f9cf577fb0c2ba7fbfc42259701,tron,USDT,54627.53200000001,58856.108999,USDT,54627.53200000001,98,1,13,8,24,0.19402985074626866,0.1044776119402985,1.0774074325561696,False,0.5264574188769714,0.19573363208325462,False,False,,13.8,,0,[],[],0,False,False,,,73.8,False,,,0.0,,False,13.8,0,,False,[],,False,98.0,7.54,True
0x691acb7adabb018622443d4a5ec5d3238f725f6a,tron,USDT,44792.950000000004,49950.0,USDT,44792.950000000004,63,1,3,8,20,0.07563025210084033,0.08403361344537816,1.1151308409024188,False,0.4155610189217649,0.18042089175634773,False,False,,13.8,,0,[],[],0,False,False,,,54.1,False,,,0.0,,False,13.8,0,,False,[],,False,63.0,21.0,True
0xe1eea4ef15bab1a471795a0df06b782935907820,tron,USDT,41391.135738,38271.525738000004,USDT,41391.135738,58,1,9,8,23,0.2,0.24166666666666667,0.9246309639883602,False,0.46538864506750655,0.187109753534426,False,False,,13.8,,0,[],[],0,False,False,,,48.6,False,,,0.0,,False,13.8,0,,False,[],,False,58.0,6.44,True
0xcd3a79bd2703f2124e0b12a6fbf39c4b0e34b38c,tron,USDT,91602.31,91005.0,USDT,91602.31,52,1,19,5,22,0.2692307692307692,0.0,0.9934793129125238,False,0.3239186033546728,0.16679849249785345,False,False,,13.8,,0,[],[],0,False,False,,,31.4,False,,,0.0,,False,13.8,0,,False,[],,False,52.0,2.74,True
0xa2c108bf92ab8f5c2b1ea2e5a9618c20a3c40ffe,tron,USDT,59722.424200000016,100002.004746,USDT,59722.424200000016,60,2,2,8,24,0.16853932584269662,0.0,1.6744465095909482,False,0.2885727260835074,0.16212634706606216,False,False,,13.8,,0,[],[],0,False,False,,,35.1,False,,,0.0,,False,13.8,0,,False,[],,False,30.0,30.0,False
0x40ec92c6646c6c2168880e7867ebd48921781c33,tron,USDT,101682.66900000001,102427.249,USDT,101682.66900000001,56,2,14,8,21,0.3181818181818182,0.01818181818181818,1.0073225851300185,False,0.42613412531595646,0.181641691745068,False,False,,13.8,,0,[],[],0,False,False,,,7.9,False,,,0.0,,False,13.8,0,,False,[],,False,28.0,4.0,False
0xa81ca72786359920e4f7bb6a52857635ee855d94,tron,USDT,87103.104507,89093.434507,USDT,87103.104507,55,2,12,8,24,0.3047619047619048,0.02857142857142857,1.0228502762475022,False,0.4233892150093031,0.18128731968230521,False,False,,13.8,,0,[],[],0,False,False,,,7.1,False,,,0.0,,False,13.8,0,,False,[],,False,27.5,4.58,False
0x813e611cf5e9d35654c09210d192dcb20ea49d77,tron,USDT,101673.681,102625.00899999999,USDT,101673.681,55,2,15,8,24,0.2808219178082192,0.0136986301369863,1.0093566790406654,False,0.4150569628766357,0.18023738718917676,False,False,,13.8,,0,[],[],0,False,False,,,10.8,False,,,0.0,,False,13.8,0,,False,[],,False,27.5,3.67,False
0x8648f9cdaf790bace97cf56e97e942e4d1392da7,tron,USDT,91103.176,92497.376,USDT,91103.176,54,2,13,8,24,0.3382352941176471,0.04411764705882353,1.0153035279472584,False,0.42411366861504557,0.18152192815792095,False,False,,13.8,,0,[],[],0,False,False,,,9.5,False,,,0.0,,False,13.8,0,,False,[],,False,27.0,4.15,False
0xd7d9fa42df06a2a8a39191e4d96cd3d8f423b596,tron,USDT,108279.13900000002,109147.62899999999,USDT,108279.13900000002,54,2,15,8,22,0.3333333333333333,0.008547008547008548,1.00802084323925,False,0.40393253054604056,0.1785484493240424,False,False,,13.8,,0,[],[],0,False,False,,,9.8,False,,,0.0,,False,13.8,0,,False,[],,False,27.0,3.6,False
0x128793481a240b86e72585325ea3d534f0d1ad56,tron,USDT,67464.916,71722.197999,USDT,67464.916,99,1,14,7,24,0.20437956204379562,0.08759124087591241,1.0631036433662795,False,0.5254149098502909,0.19658534981774528,False,False,,13.7,,0,[],[],0,False,False,,,74.3,False,,,0.0,,False,13.7,0,,False,[],,False,99.0,7.07,True
0x2df7775eab67c704619d9d1c8e5a2beb005b7d19,tron,USDT,248495.22476399996,228736.88999999998,USDT,248495.22476399996,84,1,6,8,18,0.2803738317757009,0.028037383177570093,0.9204880706147782,False,0.4672753824725526,0.188086248428793,False,False,,13.7,,0,[],[],0,False,False,,,43.2,False,,,0.0,,False,13.7,0,,False,[],,False,84.0,14.0,True
0xb130c8eacd7bb7bb52ebdc5e05b05daf5b8ed4d8,tron,USDT,375309.0,320000.0,USDT,375309.0,50,1,4,8,23,0.1437125748502994,0.11377245508982035,0.8526307655824934,False,0.3469368446735628,0.1711616807842986,False,False,,13.7,,0,[],[],0,False,False,,,24.0,False,,,0.0,,False,13.7,0,,False,[],,False,50.0,12.5,True
0xf67a7670678cb046bf23091c8b67f7fd4dfce9c1,tron,USDT,66509.54100000001,63850.806,USDT,66509.54100000001,63,2,9,8,23,0.3252032520325203,0.008130081300813009,0.9600247579516447,False,0.4441899324982627,0.18501865093360115,False,False,,13.7,,0,[],[],0,False,False,,,28.5,False,,,0.0,,False,13.7,0,,False,[],,False,31.5,7.0,False
0xceb3faf5f260e3e715f9f1ccd05d7daf27d89aa0,tron,USDT,116622.27726000002,114836.82626,USDT,116622.27726000002,61,2,12,8,23,0.3103448275862069,0.017241379310344827,0.9846903092449525,False,0.4496745913356261,0.18550134883169012,False,False,,13.7,,0,[],[],0,False,False,,,25.2,False,,,0.0,,False,13.7,0,,False,[],,False,30.5,5.08,False
0xdcbfd8fec4c862ed21f4e1acdf724e99835c3132,tron,USDT,94464.10399999999,93547.084,USDT,94464.10399999999,60,2,11,8,23,0.18333333333333332,0.016666666666666666,0.9902923972051861,False,0.4458734985331034,0.18489856570221103,False,False,,13.7,,0,[],[],0,False,False,,,20.8,False,,,0.0,,False,13.7,0,,False,[],,False,30.0,5.45,False
0xc7bfa3a897024b315db9494feb3ed811c854e6b4,tron,USDT,86596.52399999999,85336.154,USDT,86596.52399999999,58,2,11,8,24,0.3161764705882353,0.029411764705882353,0.9854454897057994,False,0.44176453281600075,0.1846441094497206,False,False,,13.7,,0,[],[],0,False,False,,,24.9,False,,,0.0,,False,13.7,0,,False,[],,False,29.0,5.27,False
0xba61f4e4e215af69856e178fc76852be70b00d4c,tron,USDT,106799.28739100002,103138.767391,USDT,106799.28739100002,56,2,14,8,24,0.29411764705882354,0.007352941176470588,0.9657252394709471,False,0.40916117008341296,0.1799886815505588,False,False,,13.7,,0,[],[],0,False,False,,,11.3,False,,,0.0,,False,13.7,0,,False,[],,False,28.0,4.0,False
0xb2e7eefcc292d442856fb781214ea8ba717452f5,tron,USDT,58459.112267000004,60470.060266,USDT,58459.112267000004,96,1,11,7,24,0.224,0.088,1.0343992223114065,False,0.5233280469250755,0.1964151779128953,False,False,,13.6,,0,[],[],0,False,False,,,70.7,False,,,0.0,,False,13.6,0,,False,[],,False,96.0,8.73,True
0xe8a2629e597677f7609443cd2e2c44edbfe9ce21,tron,USDT,94604.43000000001,90097.0,USDT,94604.43000000001,66,1,3,8,20,0.21495327102803738,0.102803738317757,0.9523549795712526,False,0.4492321329528589,0.1861289109182216,False,False,,13.6,,0,[],[],0,False,False,,,36.1,False,,,0.0,,False,13.6,0,,False,[],,False,66.0,22.0,True
0xad903ce2401953f088e2f6e97bc933d70e7a136b,tron,USDT,53731.189999999995,58618.0,USDT,53731.189999999995,56,1,6,8,22,0.08196721311475409,0.0,1.0909492233468123,False,0.3340799898660639,0.16943412177465683,False,False,,13.6,,0,[],[],0,False,False,,,29.6,False,,,0.0,,False,13.6,0,,False,[],,False,56.0,9.33,True
0xb74c100fe77ac8d05ea731a06623b8eccfd6cdd9,tron,USDT,29935.118047000004,60000.0,USDT,29935.118047000004,52,1,1,8,24,0.18115942028985507,0.15942028985507245,2.004334838626534,False,0.2139796351294018,0.15228598276388244,False,False,,13.6,,0,[],[],0,False,False,,,56.7,False,,,0.0,,False,13.6,0,,False,[],,False,52.0,52.0,True
0xcc1054f3acfcadb848278cb1d3913abb0c0e1bc9,tron,USDT,40029.25,38544.0,USDT,40029.25,51,1,18,8,24,0.28,0.0,0.9628958823860052,False,0.31111969408432877,0.1665808005001766,False,False,,13.6,,0,[],[],0,False,False,,,40.8,False,,,0.0,,False,13.6,0,,False,[],,False,51.0,2.83,True
0xd5f6e353311a6b5f6f3cf57fbbafcba8d33100da,tron,USDT,68479.31,65489.05500000001,USDT,68479.31,60,2,8,8,20,0.3055555555555556,0.009259259259259259,0.9563334531262072,False,0.4316570173117073,0.18363717610095226,False,False,,13.6,,0,[],[],0,False,False,,,27.5,False,,,0.0,,False,13.6,0,,False,[],,False,30.0,7.5,False
0xc9d4604928128998db77ac1abf985f3e6448a204,tron,USDT,91034.107692,91104.12769200001,USDT,91034.107692,59,2,14,8,23,0.36764705882352944,0.007352941176470588,1.0007691622598962,False,0.4316450644508633,0.18361307337613875,False,False,,13.6,,0,[],[],0,False,False,,,16.8,False,,,0.0,,False,13.6,0,,False,[],,False,29.5,4.21,False
0xd878017ef59c57e653b1b646085836f12882f279,tron,USDT,114946.106,113366.37599999999,USDT,114946.106,54,2,14,8,22,0.3076923076923077,0.015384615384615385,0.9862567767193435,False,0.409830905619643,0.1806954376705101,False,False,,13.6,,0,[],[],0,False,False,,,14.6,False,,,0.0,,False,13.6,0,,False,[],,False,27.0,3.86,False
0x70eba6c7b06e349363a4e631b8c5bbb302cba7ff,tron,USDT,81091.32272600003,125670.0,USDT,81091.32272600003,107,1,5,8,23,0.32710280373831774,0.0,1.5497342474561322,False,0.399259769091718,0.17956216873205827,False,False,,13.5,,0,[],[],0,False,False,,,51.1,False,,,0.0,,False,13.5,0,,False,[],,False,107.0,21.4,True
0x41d0a145460c2ea127f587438c184a8a4e0fa179,tron,USDT,141553.06299999994,315811.822,USDT,141553.06299999994,65,1,2,2,11,0.05263157894736842,0.0,2.231049016579741,False,0.34522698345354264,0.17158089335110688,False,False,,13.5,,0,[],[],0,False,False,,,35.5,False,,,0.0,,False,13.5,0,,False,[],,False,65.0,32.5,True
0xdaec95680a75bc2085ae812ca150d2bbcab8d474,tron,USDT,120228.78000000006,117550.0,USDT,120228.78000000006,51,1,4,8,21,0.21621621621621623,0.013513513513513514,0.9777193114660229,False,0.3347038113810281,0.17057642031734965,False,False,,13.5,,0,[],[],0,False,False,,,34.0,False,,,0.0,,False,13.5,0,,False,[],,False,51.0,12.75,True
0x3e84f1ea3a11b656e9ebc8c8efb8bc91218ff2f4,tron,USDT,67021.123,66227.681,USDT,67021.123,54,2,9,8,23,0.20175438596491227,0.05263157894736842,0.9881613144560408,False,0.427988648126677,0.1838466522630134,False,False,,13.5,,0,[],[],0,False,False,,,22.0,False,,,0.0,,False,13.5,0,,False,[],,False,27.0,6.0,False
0xd8c4136ac74feccd844e48e480f2112ddb1e39bb,tron,USDT,63784.59499999998,58998.74500000001,USDT,63784.59499999998,52,2,7,8,22,0.22105263157894736,0.021052631578947368,0.9249685601985876,False,0.3878787353744651,0.17776498992124146,False,False,,13.5,,0,[],[],0,False,False,,,20.9,False,,,0.0,,False,13.5,0,,False,[],,False,26.0,7.43,False
0x90103b42bf68ad0998c924846c3b014536e30c5b,tron,USDT,75419.573,77224.87299999999,USDT,75419.573,60,2,12,8,23,0.25196850393700787,0.007874015748031496,1.0239367571068054,False,0.4334816345777904,0.18489437023288768,False,False,,13.4,,0,[],[],0,False,False,,,26.6,False,,,0.0,,False,13.4,0,,False,[],,False,30.0,5.0,False
0x8f256d98e04008806975df29363f97ac95bb49b6,tron,USDT,80501.28999999995,80085.9,USDT,80501.28999999995,58,2,10,8,24,0.31896551724137934,0.008620689655172414,0.9948399584652624,False,0.42718182283433376,0.18388426557094556,False,False,,13.4,,0,[],[],0,False,False,,,24.3,False,,,0.0,,False,13.4,0,,False,[],,False,29.0,5.8,False
0x8f94188a94f7311209390ec5709b14b4104c7f0d,tron,USDT,75744.76003400004,76656.389034,USDT,75744.76003400004,56,2,12,8,20,0.3620689655172414,0.008620689655172414,1.0120355388226296,False,0.41581520873950456,0.1824958810029359,False,False,,13.4,,0,[],[],0,False,False,,,17.9,False,,,0.0,,False,13.4,0,,False,[],,False,28.0,4.67,False
0x679be607a6152c19a81a390d982624b9df415e94,tron,USDT,90610.734,91472.33400000002,USDT,90610.734,55,2,14,8,24,0.3384615384615385,0.007692307692307693,1.009508807201584,False,0.40887464925124023,0.18138555698155379,False,False,,13.4,,0,[],[],0,False,False,,,13.7,False,,,0.0,,False,13.4,0,,False,[],,False,27.5,3.93,False
0xb1d399924d92da1ee57c0bcfd56150f6f19d4ad1,tron,USDT,83730.85999999999,83807.76000000001,USDT,83730.85999999999,53,2,13,8,23,0.2336448598130841,0.018691588785046728,1.0009184188482003,False,0.4083228923864906,0.18111003748269927,False,False,,13.4,,0,[],[],0,False,False,,,5.2,False,,,0.0,,False,13.4,0,,False,[],,False,26.5,4.08,False
0x53f3de2f30266211940a4c03fad48ecf827f8b11,tron,USDT,137307.90399999998,137307.90399999998,USDT,137307.90399999998,53,2,14,8,23,0.25225225225225223,0.009009009009009009,1.0,False,0.39929995757318626,0.17986527071347325,False,False,,13.4,,0,[],[],0,False,False,,,11.9,False,,,0.0,,False,13.4,0,,False,[],,False,26.5,3.79,False
0x2ebdeccf2f1cf18beca7f3507f90f027b4ed86f9,tron,USDT,43227.261,42849.0,USDT,43227.261,72,1,6,2,14,0.40625,0.0,0.9912494802758842,False,0.4202694123895001,0.1836319055737523,False,False,,13.3,,0,[],[],0,False,False,,,67.1,False,,,0.0,,False,13.3,0,,False,[],,False,72.0,12.0,True
0xc4a1c3a4945269008d4f6b8915f01262051299b0,tron,USDT,45472.330336000006,74000.0,USDT,45472.330336000006,62,1,2,8,23,0.08571428571428572,0.24761904761904763,1.6273632658191461,False,0.3770305288472018,0.1776483150265244,False,False,,13.3,,0,[],[],0,False,False,,,51.2,False,,,0.0,,False,13.3,0,,False,[],,False,62.0,31.0,True
0xe64f8bb382ec09d6d10c55f9bac6c8b17a4d412b,tron,USDT,76132.59000000001,79494.26999999999,USDT,76132.59000000001,51,2,11,8,21,0.25,0.020833333333333332,1.044155597491166,False,0.38707469297525005,0.179214088586382,False,False,,13.3,,0,[],[],0,False,False,,,3.6,False,,,0.0,,False,13.3,0,,False,[],,False,25.5,4.64,False
0xc636e215c05e40fbfecf964e87e7a58f5855bf68,tron,USDT,42366.359856,42366.359855999995,USDT,42366.359856,50,1,9,5,8,0.3010752688172043,0.0967741935483871,0.9999999999999998,False,0.36860415782774714,0.17664888855480998,False,False,,13.2,,0,[],[],0,False,False,,,48.3,False,,,0.0,,False,13.2,0,,False,[],,False,50.0,5.56,True
0x52df6b45180e4292c06c5abd1f5203501387a7c8,tron,USDT,76996.52399999999,77120.964,USDT,76996.52399999999,53,2,11,8,23,0.2897196261682243,0.028037383177570093,1.001616176854945,False,0.41391096064089056,0.1830650115869797,False,False,,13.2,,0,[],[],0,False,False,,,20.9,False,,,0.0,,False,13.2,0,,False,[],,False,26.5,4.82,False
0x39a3ac0298860be6906957d8614b61aef7371921,tron,USDT,112390.47599999995,111297.136,USDT,112390.47599999995,52,2,15,8,24,0.2706766917293233,0.015037593984962405,0.990271951513045,False,0.395551208291578,0.1805869274151039,False,False,,13.2,,0,[],[],0,False,False,,,4.2,False,,,0.0,,False,13.2,0,,False,[],,False,26.0,3.47,False
0xa590f5642fe3ffdc2d1d69101cc377597faf94ae,tron,USDT,116010.89000000001,115417.63,USDT,116010.89000000001,70,1,6,8,24,0.2850877192982456,0.0043859649122807015,0.9948861697380306,False,0.42468788307785643,0.18514863538564824,False,False,,13.1,,0,[],[],0,False,False,,,60.4,False,,,0.0,,False,13.1,0,,False,[],,False,70.0,11.67,True
0x95704ab33bf2a604be76cf292cabc8bb32b1cde6,tron,USDT,65447.10372499998,69819.83372499999,USDT,65447.10372499998,58,2,11,8,22,0.3140495867768595,0.008264462809917356,1.0668131934206537,False,0.4142572170647025,0.18384249888609894,False,False,,13.1,,0,[],[],0,False,False,,,17.6,False,,,0.0,,False,13.1,0,,False,[],,False,29.0,5.27,False
0x3a224dc3e3a7bd6ad7d18405759582030ad18655,tron,USDT,78567.134,78891.224,USDT,78567.134,55,2,11,8,23,0.30434782608695654,0.017391304347826087,1.00412500728358,False,0.41983685683772615,0.18464618074205424,False,False,,13.1,,0,[],[],0,False,False,,,18.7,False,,,0.0,,False,13.1,0,,False,[],,False,27.5,5.0,False
0x52cecf7e74d62d37f93156c970dcf8d29db545a3,tron,USDT,55526.223,53740.933,USDT,55526.223,50,2,8,8,20,0.30526315789473685,0.0,0.9678478040906906,False,0.3553642150396061,0.17550057785956014,False,False,,13.1,,0,[],[],0,False,False,,,19.1,False,,,0.0,,False,13.1,0,,False,[],,False,25.0,6.25,False
0x62b5b83b6e773b59a74359784f7ad0cb8912dc2c,tron,USDT,109038.00299999998,161866.17499899998,USDT,109038.00299999998,101,1,16,8,24,0.2097902097902098,0.13986013986013987,1.4844932092070688,False,0.473869283487394,0.19305886282912466,False,False,,13.0,,0,[],[],0,False,False,,,70.9,False,,,0.0,,False,13.0,0,,False,[],,False,101.0,6.31,True
0xc4a22e365bfda43785f5381c26bc741a5fa8b803,tron,USDT,59539.904085999995,300000.0,USDT,59539.904085999995,50,1,1,8,24,0.2413793103448276,0.028735632183908046,5.038637609605101,False,0.14382689859991515,0.1461060496066336,False,False,,13.0,,0,[],[],0,False,False,,,50.5,False,,,0.0,,False,13.0,0,,False,[],,False,50.0,50.0,True
0x9fc25ff0a9f308784dbb114ee647b02048c447de,tron,USDT,86675.154,87681.36399999999,USDT,86675.154,50,2,13,8,23,0.3548387096774194,0.0,1.01160897850842,False,0.359472858519784,0.17693170131335428,False,False,,13.0,,0,[],[],0,False,False,,,9.3,False,,,0.0,,False,13.0,0,,False,[],,False,25.0,3.85,False
0x8184ac835394ef6115d83b646bb4a4b431f2e4fd,tron,USDT,122349.57999999997,129270.0,USDT,122349.57999999997,74,1,9,8,24,0.1836734693877551,0.0,1.0565626788420526,False,0.4166255210835199,0.18558010892225124,False,False,,12.9,,0,[],[],0,False,False,,,62.2,False,,,0.0,,False,12.9,0,,False,[],,False,74.0,8.22,True
0xae7d76e4b6f29f6f4b4dcf4831483398b3793678,tron,USDT,76251.31000000001,76280.0,USDT,76251.31000000001,52,1,18,8,22,0.2857142857142857,0.0,1.0003762558308833,False,0.3251474896059914,0.1721421911703218,False,False,,12.9,,0,[],[],0,False,False,,,35.3,False,,,0.0,,False,12.9,0,,False,[],,False,52.0,2.89,True
0xba2cc30465c4082349b92bced0cab39f348668fe,tron,USDT,77389.07699999999,76901.91700000002,USDT,77389.07699999999,54,2,12,8,24,0.30327868852459017,0.00819672131147541,0.9937050547844113,False,0.40372616157207103,0.18344280134809382,False,False,,12.9,,0,[],[],0,False,False,,,17.5,False,,,0.0,,False,12.9,0,,False,[],,False,27.0,4.5,False
0x729586bf887e3bb7d738a0b5a3ac1a2782d79368,tron,USDT,73366.82032,72708.32032,USDT,73366.82032,50,2,12,8,22,0.2767857142857143,0.008928571428571428,0.9910245531000546,False,0.3765035953887848,0.1795836430368265,False,False,,12.9,,0,[],[],0,False,False,,,14.0,False,,,0.0,,False,12.9,0,,False,[],,False,25.0,4.17,False
0x39f98fc91213b3cf3cc09d45cb9b46b56879e931,tron,USDT,89177.81085799997,93015.69085799999,USDT,89177.81085799997,54,2,11,8,22,0.22608695652173913,0.017391304347826087,1.0430362661190593,False,0.4057542232293065,0.1845815307042618,False,False,,12.8,,0,[],[],0,False,False,,,19.5,False,,,0.0,,False,12.8,0,,False,[],,False,27.0,4.91,False
0x40d95d6216ee675d4317be13e11616db12110796,tron,USDT,79420.72200000001,77184.732,USDT,79420.72200000001,53,2,11,8,24,0.32592592592592595,0.022222222222222223,0.9718462645051249,False,0.40516687699945525,0.1841639758566334,False,False,,12.8,,0,[],[],0,False,False,,,16.9,False,,,0.0,,False,12.8,0,,False,[],,False,26.5,4.82,False
0x24a0f080f5dcc6a3ef060375bb83c0f738678bd5,tron,USDT,84460.48000000001,84096.93,USDT,84460.48000000001,53,2,12,8,23,0.24786324786324787,0.008547008547008548,0.9956956200106841,False,0.39754811848665106,0.18314386631680402,False,False,,12.8,,0,[],[],0,False,False,,,5.4,False,,,0.0,,False,12.8,0,,False,[],,False,26.5,4.42,False
0xc5f93c817e9d1fa9c04252ee4d4eb5a3e9054bfd,tron,USDT,74587.34999999999,73257.01000000001,USDT,74587.34999999999,52,2,9,8,24,0.27884615384615385,0.009615384615384616,0.9821639996594599,False,0.3887959734575602,0.1821230631526919,False,False,,12.8,,0,[],[],0,False,False,,,20.0,False,,,0.0,,False,12.8,0,,False,[],,False,26.0,5.78,False
0xd1fdb75dffa462e4175b40c9f1f67fb032d27ff4,tron,USDT,59222.75351499999,40735.0,USDT,59222.75351499999,60,1,3,8,22,0.2019704433497537,0.0,0.687826850024503,False,0.3110273980065977,0.17158589733772422,False,False,,12.7,,0,[],[],0,False,False,,,56.2,False,,,0.0,,False,12.7,0,,False,[],,False,60.0,20.0,True
0xd7891d54b96bbf5c4bcafb81af489f138f63bb2a,tron,USDT,74314.86499999999,74314.86499999999,USDT,74314.86499999999,54,2,9,7,24,0.23214285714285715,0.008928571428571428,1.0,False,0.4063003818413237,0.18515778182427312,False,False,,12.7,,0,[],[],0,False,False,,,21.2,False,,,0.0,,False,12.7,0,,False,[],,False,27.0,6.0,False
0x89a731a52923885a5828c793791f09667fcf47ff,tron,USDT,80635.12899999996,80965.95899999999,USDT,80635.12899999996,52,2,12,8,24,0.2824427480916031,0.007633587786259542,1.004102802390259,False,0.3889121505953466,0.18259972940000863,False,False,,12.7,,0,[],[],0,False,False,,,10.9,False,,,0.0,,False,12.7,0,,False,[],,False,26.0,4.33,False
0x70cf0666b8979e70eccc98418db9646edcf94857,tron,USDT,96684.70100000002,98039.481,USDT,96684.70100000002,51,2,14,8,23,0.3148148148148148,0.0,1.0140123513439834,False,0.36573804733833104,0.17946820355691423,False,False,,12.7,,0,[],[],0,False,False,,,3.3,False,,,0.0,,False,12.7,0,,False,[],,False,25.5,3.64,False
0x0bae82f705d03644297712267859c8e61f96b595,tron,USDT,76629.78632700001,74864.78632700001,USDT,76629.78632700001,54,1,7,8,24,0.28187919463087246,0.22818791946308725,0.9769671809801443,False,0.4499118918600086,0.1919188617554476,False,False,,12.6,,0,[],[],0,False,False,,,47.3,False,,,0.0,,False,12.6,0,,False,[],,False,54.0,7.71,True
0x5a8fc380be65452d655b99085e217de2d44ed8f7,tron,USDT,75349.689908,75539.639908,USDT,75349.689908,52,1,7,8,24,0.27692307692307694,0.2692307692307692,1.0025209128296602,False,0.449198829737844,0.1917248495104829,False,False,,12.6,,0,[],[],0,False,False,,,41.8,False,,,0.0,,False,12.6,0,,False,[],,False,52.0,7.43,True
0xe15f4770d91a3277fc7fc15bc7d67552a82ba97e,tron,USDT,62181.975000000006,62143.19499999999,USDT,62181.975000000006,51,2,9,8,24,0.24528301886792453,0.0,0.9993763466020497,False,0.3684157869275377,0.1805449875990895,False,False,,12.6,,0,[],[],0,False,False,,,18.3,False,,,0.0,,False,12.6,0,,False,[],,False,25.5,5.67,False
0x30dfb00db8382296fb07e30aa2458669034ac8a6,tron,USDT,34181.8728,33967.0,USDT,34181.8728,50,1,7,8,21,0.39669421487603307,0.05785123966942149,0.9937138377040594,False,0.35262482099859715,0.1783266736116656,False,False,,12.5,,0,[],[],0,False,False,,,48.7,False,,,0.0,,False,12.5,0,,False,[],,False,50.0,7.14,True
0x4d5723be2088edff8bc0c3db51285564f26aaeff,tron,USDT,253558.339758,311348.0,USDT,253558.339758,50,1,4,5,20,0.11811023622047244,0.09448818897637795,1.2279146499269373,False,0.3217059966162248,0.1746534099800222,False,False,,12.4,,0,[],[],0,False,False,,,37.7,False,,,0.0,,False,12.4,0,,False,[],,False,50.0,12.5,True
0x2ef074f3fe1b22347b47b3ccbd7a313a6cdcc809,tron,USDT,65140.08899999999,64506.0,USDT,65140.08899999999,59,1,13,8,24,0.18592964824120603,0.0,0.9902657639905896,False,0.3661057620471634,0.181689573544091,False,False,,12.3,,0,[],[],0,False,False,,,54.9,False,,,0.0,,False,12.3,0,,False,[],,False,59.0,4.54,True
0x02ee756abf432e70bf8544cbd6e58a7066440551,tron,USDT,55717.119999999995,58601.259999999995,USDT,55717.119999999995,60,1,10,8,24,0.1981981981981982,0.13513513513513514,1.0517639820579383,False,0.4391380818234569,0.19238622122596782,False,False,,12.2,,0,[],[],0,False,False,,,63.4,False,,,0.0,,False,12.2,0,,False,[],,False,60.0,6.0,True
0xb28d9a2779745226a9e46022edca02b3175bf5c6,tron,USDT,171985.5,383276.0,USDT,171985.5,58,1,3,8,22,0.1267605633802817,0.04225352112676056,2.228536708036433,False,0.1991726771319474,0.16051564639199972,False,False,,11.8,,0,[],[],0,False,False,,,30.9,False,,,0.0,,False,11.8,0,,False,[],,False,58.0,19.33,True
0xd9a2b1fe32b5e402596855624ccaa6f1b319e76e,tron,USDT,57091.580329,49900.0,USDT,57091.580329,68,1,5,8,23,0.1797752808988764,0.0,0.8740343096555169,False,0.38371649281782383,0.1875822691526155,False,False,,11.7,,0,[],[],0,False,False,,,62.3,False,,,0.0,,False,11.7,0,,False,[],,False,68.0,13.6,True
0x8c57ccf3dbea294b195b16d9c4024424433fe531,tron,USDT,85514.77689700002,67205.0,USDT,85514.77689700002,50,1,2,8,21,0.25170068027210885,0.0,0.7858875674896095,False,0.2689721677193899,0.17321525516359376,False,False,,11.4,,0,[],[],0,False,False,,,45.6,False,,,0.0,,False,11.4,0,,False,[],,False,50.0,25.0,True
0xbee8a5a0bbcbc473b54d5be2937a927be2686aee,tron,USDT,118935.70349499998,106097.53349500001,USDT,118935.70349499998,62,1,5,8,21,0.23214285714285715,0.0,0.8920578966387526,False,0.3611014393192652,0.18798877599791514,False,False,,11.1,,0,[],[],0,False,False,,,55.9,False,,,0.0,,False,11.1,0,,False,[],,False,62.0,12.4,True
0xb2dcf42d172f59cb7c2262a4053041cd965465fc,tron,USDT,60460.19,60607.0,USDT,60460.19,59,1,10,8,21,0.18421052631578946,0.006578947368421052,1.0024282093721504,False,0.3800828774297702,0.1906835285684374,False,False,,11.1,,0,[],[],0,False,False,,,54.1,False,,,0.0,,False,11.1,0,,False,[],,False,59.0,5.9,True
0x212b24a463da2a15e9abff82562a6ab1f3ef26fe,tron,USDT,248939.99500000002,180000.0,USDT,248939.99500000002,56,1,6,8,24,0.225,0.0625,0.7230658135106012,False,0.3402856276999989,0.18667682800273055,False,False,,10.8,,0,[],[],0,False,False,,,43.7,False,,,0.0,,False,10.8,0,,False,[],,False,56.0,9.33,True
0x05f60972ff8aa08c963deb00e8c3bd6d0c8f3d25,tron,USDT,42553.22,48047.0,USDT,42553.22,56,1,9,8,22,0.1292517006802721,0.0,1.1291037435004918,False,0.32644908583532806,0.18666537331561284,False,False,,10.4,,0,[],[],0,False,False,,,55.8,False,,,0.0,,False,10.4,0,,False,[],,False,56.0,6.22,True
0x4758c8797ef8003ed659d52f51dd7e3d9fe0e6aa,tron,USDT,67390.456985,28000.0,USDT,67390.456985,58,1,2,6,5,0.6565656565656566,0.0,0.415489095232465,True,0.14535916821917014,0.17087613604613883,False,False,,8.7,,0,[],[],0,False,False,,,49.8,False,,,0.0,,False,8.7,0,,False,[],,False,58.0,29.0,True
